terminal_id,fdh_id,cable_id,has_fiber_cable,has_virtual_link,unnecessary_virtual
T1002750,FDH107002,48FOC/F1000703/T1002750,True,True,True
T1002751,FDH107002,48FOC/F1000703/T1002750,True,True,True
T1002752,FDH107002,48FOC/F1000703/T1002750,True,True,True
T1002753,FDH107002,48FOC/F1000703/T1002750,True,True,True
T1002754,FDH107002,48FOC/F1000702/F1000703,True,True,True
T1002755,FDH107002,96FOC/F1000747/F1000702,True,True,True
T1002756,FDH107002,96FOC/F1000747/F1000702,True,True,True
T1002757,FDH107002,96FOC/F1000747/F1000702,True,True,True
T1002759,FDH107002,48FOC/F1000747/F1000700,True,True,True
T1002760,FDH107002,96FOC/F1000706/F1000708,True,True,True
T1002761,FDH107002,96FOC/F1000709/F1000708,True,True,True
T1002762,FDH107002,96FOC/F1000709/F1000708,True,True,True
T1002763,FDH107002,96FOC/F1000709/F1000708,True,True,True
T1002764,FDH107002,48FOC/F1000710/F1000709,True,True,True
T1002765,FDH107002,48FOC/F1000710/F1000709,True,True,True
T1002766,FDH107002,48FOC/F1000710/F1000711,True,True,True
T1002767,FDH107002,48FOC/F1000710/F1000711,True,True,True
T1002768,FDH107002,48FOC/F1000710/F1000711,True,True,True
T1002769,FDH107002,48FOC/F1000711/T1002960,True,True,True
T1002770,FDH107002,48FOC/F1000711/T1002960,True,True,True
T1002771,FDH107002,48FOC/F1000700/F1000701,True,True,True
T1002772,FDH107003,48FOC/F1000700/F1000701,True,True,True
T1002773,FDH107003,48FOC/F1000700/F1000701,True,True,True
T1002774,FDH107003,96FOC/F1000701/F1000720,True,True,True
T1002775,FDH107003,96FOC/F1000701/F1000720,True,True,True
T1002776,FDH107003,48FOC/F1000701/F1000704,True,True,True
T1002777,FDH107003,48FOC/F1000701/F1000704,True,True,True
T1002779,FDH107003,48FOC/F1000704/F1000705,True,True,True
T1002780,FDH107003,48FOC/F1000704/F1000705,True,True,True
T1002783,FDH107002,48FOC/F1000747/F1000700,True,True,True
T1002784,FDH107004,144FOC/F1000724/F1000722,True,True,True
T1002785,FDH107001,144FOC/F1000722/F1000714,True,True,True
T1002786,FDH107001,144FOC/F1000722/F1000714,True,True,True
T1002789,FDH107001,144FOC/F1000712/F1000713,True,True,True
T1002791,FDH107001,144FOC/F1000715/F1000712,True,True,True
T1002795,FDH107001,144FOC/F1000714/F1000715,True,True,True
T1002797,FDH107001,144FOC/F1000714/F1000715,True,True,True
T1002798,FDH107001,144FOC/F1000714/F1000715,True,True,True
T1002799,FDH107001,144FOC/F1000714/F1000715,True,True,True
T1002800,FDH107001,96FOC/F1000748/T1002800,True,True,True
T1002801,FDH107001,96FOC/F1000748/T1002800,True,True,True
T1002802,FDH107001,96FOC/F1000714/F1000748,True,True,True
T1002805,FDH107001,144FOC/F1000715/F1000712,True,True,True
T1002810,FDH107001,144FOC/F1000714/F1000715,True,True,True
T1002811,FDH107001,96FOC/F1000714/F1000748,True,True,True
T1002812,FDH107001,96FOC/F1000748/T1002800,True,True,True
T1002813,FDH107001,144FOC/F1000715/F1000712,True,True,True
T1002814,FDH107001,144FOC/F1000712/F1000713,True,True,True
T1002815,FDH107003,48FOC/F1000720/T1002847,True,True,True
T1002816,FDH107003,48FOC/F1000720/T1002847,True,True,True
T1002817,FDH107003,144FOC/F1000720/F1000716,True,True,True
T1002818,FDH107003,144FOC/F1000720/F1000716,True,True,True
T1002822,FDH107004,96FOC/F1000716/F1000732,True,True,True
T1002823,FDH107003,96FOC/F1000716/F1000732,True,True,True
T1002824,FDH107003,144FOC/F1000716/F1000719,True,True,True
T1002825,FDH107003,144FOC/F1000716/F1000719,True,True,True
T1002826,FDH107003,144FOC/F1000716/F1000719,True,True,True
T1002827,FDH107003,96FOC/F1000719/F1000717,True,True,True
T1002832,FDH107003,144FOC/F1000716/F1000719,True,True,True
T1002841,FDH107001,48FOC/F1000718/T1002841,True,True,True
T1002842,FDH107001,48FOC/F1000718/T1002841,True,True,True
T1002844,FDH107003,48FOC/F1000752/F1000754,True,True,True
T1002845,FDH107003,48FOC/F1000752/F1000754,True,True,True
T1002847,FDH107003,48FOC/F1000720/T1002847,True,True,True
T1002848,FDH107003,96FOC/F1000719/F1000717,True,True,True
T1002854,FDH107005,48FOC/F1000740/T1002931,True,True,True
T1002856,FDH107006,144FOC/F1000739/T1002856,True,True,True
T1002860,FDH107005,48FOC/F1000734/T1002905,True,True,True
T1002861,FDH107005,144FOC/F1000733/F1000735,True,True,True
T1002864,FDH107006,144FOC/F1000743/F1000738,True,True,True
T1002865,FDH107005,96FOC/F1000733/F1000741,True,True,True
T1002866,FDH107005,96FOC/F1000733/F1000736,True,True,True
T1002868,FDH107005,48FOC/F1000734/T1002905,True,True,True
T1002869,FDH107005,144FOC/F1000733/F1000735,True,True,True
T1002873,FDH107006,288FOC/F1000738/F1000739,True,True,True
T1002874,FDH107006,288FOC/F1000738/F1000739,True,True,True
T1002875,FDH107005,48FOC/F1000740/T1002931,True,True,True
T1002876,FDH107005,48FOC/F1000734/T1002905,True,True,True
T1002877,FDH107006,48FOC/F1000730/F1000742,True,True,True
T1002878,FDH107006,48FOC/F1000730/F1000742,True,True,True
T1002879,FDH107006,48FOC/F1000729/F1000730,True,True,True
T1002880,FDH107004,48FOC/F1000731/F1000729,True,True,True
T1002881,FDH107004,96FOC/F1000716/F1000732,True,True,True
T1002882,FDH107004,96FOC/F1000716/F1000732,True,True,True
T1002883,FDH107004,96FOC/F1000716/F1000732,True,True,True
T1002884,FDH107004,144FOC/F1000732/F1000723,False,True,False
T1002885,FDH107004,144FOC/F1000732/F1000726,True,True,True
T1002886,FDH107004,144FOC/F1000732/F1000726,True,True,True
T1002887,FDH107004,144FOC/F1000732/F1000726,True,True,True
T1002888,FDH107004,144FOC/F1000726/F1000731,True,True,True
T1002889,FDH107004,144FOC/F1000731/F1000727,True,True,True
T1002890,FDH107004,144FOC/F1000727/F1000728,True,True,True
T1002891,FDH107004,144FOC/F1000731/F1000727,True,True,True
T1002892,FDH107004,144FOC/F1000727/F1000728,True,True,True
T1002895,FDH107004,144FOC/F1000728/F1000119,True,True,True
T1002896,FDH107004,144FOC/F1000728/F1000119,True,True,True
T1002897,FDH107005,96FOC/F1000733/F1000736,True,True,True
T1002898,FDH107005,96FOC/F1000733/F1000736,True,True,True
T1002899,FDH107005,96FOC/F1000737/F1000750,True,True,True
T1002900,FDH107005,144FOC/F1000733/F1000735,True,True,True
T1002901,FDH107005,144FOC/F1000733/F1000735,True,True,True
T1002902,FDH107005,48FOC/F1000734/T1002905,True,True,True
T1002903,FDH107005,48FOC/F1000734/T1002905,True,True,True
T1002904,FDH107005,48FOC/F1000734/T1002905,True,True,True
T1002905,FDH107005,48FOC/F1000734/T1002905,True,True,True
T1002906,FDH107005,96FOC/F1000735/F1000734,True,True,True
T1002907,FDH107005,96FOC/F1000737/F1000750,True,True,True
T1002908,FDH107005,96FOC/F1000736/F1000737,True,True,True
T1002910,FDH107006,48FOC/F1000738/T1002913,True,True,True
T1002911,FDH107006,48FOC/F1000738/T1002913,True,True,True
T1002912,FDH107006,48FOC/F1000738/T1002913,True,True,True
T1002913,FDH107006,48FOC/F1000738/T1002913,True,True,True
T1002914,FDH107006,288FOC/F1000738/F1000739,True,True,True
T1002915,FDH107006,288FOC/F1000738/F1000739,True,True,True
T1002916,FDH107006,144FOC/F1000739/T1002856,True,True,True
T1002917,FDH107006,144FOC/F1000739/T1002856,True,True,True
T1002918,FDH107006,144FOC/F1000739/T1002856,True,True,True
T1002919,FDH107006,144FOC/F1000739/T1002856,True,True,True
T1002920,FDH107006,144FOC/F1000739/T1002856,True,True,True
T1002926,FDH107006,144FOC/F1000739/T1002856,True,True,True
T1002927,FDH107005,96FOC/F1000733/F1000741,True,True,True
T1002930,FDH107005,48FOC/F1000740/T1002931,True,True,True
T1002931,FDH107005,48FOC/F1000740/T1002931,True,True,True
T1002932,FDH107005,48FOC/F1000740/F1000745,True,True,True
T1002933,FDH107005,48FOC/F1000740/F1000745,True,True,True
T1002934,FDH107005,48FOC/F1000740/F1000745,True,True,True
T1002935,FDH107005,96FOC/F1000741/F1000740,True,True,True
T1002936,FDH107005,96FOC/F1000741/F1000740,True,True,True
T1002937,FDH107005,96FOC/F1000741/F1000740,True,True,True
T1002938,FDH107006,48FOC/F1000742/T1002943,True,True,True
T1002939,FDH107006,96FOC/F1000742/F1000744,True,True,True
T1002940,FDH107006,96FOC/F1000742/F1000744,True,True,True
T1002941,FDH107006,96FOC/F1000744/F1000743,True,True,True
T1002942,FDH107006,96FOC/F1000744/F1000743,True,True,True
T1002943,FDH107006,48FOC/F1000742/T1002943,True,True,True
T1002944,FDH107006,48FOC/F1000742/T1002943,True,True,True
T1002947,FDH107006,48FOC/F1000730/F1000742,True,True,True
T1002948,FDH107006,96FOC/F1000744/F1000743,True,True,True
T1002951,FDH107004,96FOC/F1000716/F1000732,True,True,True
T1002952,FDH107005,96FOC/F1000736/F1000737,True,True,True
T1002953,FDH107001,48FOC/F1000746/F1000718,True,True,True
T1002954,FDH107001,48FOC/F1000746/F1000718,True,True,True
T1002959,FDH107006,96FOC/F1000744/F1000743,True,True,True
T1002960,FDH107002,48FOC/F1000711/T1002960,True,True,True
T1002961,FDH107002,48FOC/F1000711/T1002960,True,True,True
T1002500,FDH106001,48FOC/F1000651/F1000603,True,True,True
T1002502,FDH106001,48FOC/F1000604/F1000605,True,True,True
T1002503,FDH106001,48FOC/F1000610/T1002503,True,True,True
T1002504,FDH106001,48FOC/F1000610/T1002503,True,True,True
T1002505,FDH106001,48FOC/F1000610/T1002503,True,True,True
T1002506,FDH106001,48FOC/F1000610/T1002503,True,True,True
T1002507,FDH106001,48FOC/F1000610/T1002503,True,True,True
T1002508,FDH106001,48FOC/F1000610/T1002503,True,True,True
T1002509,FDH106001,48FOC/F1000604/F1000605,True,True,True
T1002510,FDH106001,96FOC/F1000605/F1000644,True,True,True
T1002511,FDH106001,48FOC/F1000610/T1002515,True,True,True
T1002512,FDH106001,48FOC/F1000610/T1002515,True,True,True
T1002513,FDH106001,48FOC/F1000610/T1002515,True,True,True
T1002514,FDH106001,48FOC/F1000610/T1002515,True,True,True
T1002515,FDH106001,48FOC/F1000610/T1002515,True,True,True
T1002516,FDH106001,96FOC/F1000605/F1000644,True,True,True
T1002517,FDH106001,96FOC/F1000605/F1000644,True,True,True
T1002518,FDH106001,96FOC/F1000605/F1000644,True,True,True
T1002519,FDH106001,96FOC/F1000644/F1000611,True,True,True
T1002520,FDH106001,48FOC/F1000602/T1002520,True,True,True
T1002521,FDH106001,48FOC/F1000602/T1002520,True,True,True
T1002522,FDH106001,48FOC/F1000602/T1002520,True,True,True
T1002523,FDH106001,96FOC/F1000612/F1000602,True,True,True
T1002524,FDH106001,96FOC/F1000612/F1000602,True,True,True
T1002525,FDH106001,48FOC/F1000609/F1000608,True,True,True
T1002526,FDH106001,48FOC/F1000608/F1000607,True,True,True
T1002527,FDH106001,48FOC/F1000606/T1002527,True,True,True
T1002528,FDH106001,96FOC/F1000612/F1000602,True,True,True
T1002529,FDH106001,96FOC/F1000612/F1000602,True,True,True
T1002530,FDH106001,96FOC/F1000612/F1000602,True,True,True
T1002531,FDH106001,48FOC/F1000602/T1002520,True,True,True
T1002532,FDH106001,48FOC/F1000602/F1000609,True,True,True
T1002533,FDH106001,48FOC/F1000602/F1000609,True,True,True
T1002534,FDH106001,48FOC/F1000604/F1000605,True,True,True
T1002535,FDH106001,144FOC/F1000637/F1000612,True,True,True
T1002536,FDH106001,144FOC/F1000637/F1000612,True,True,True
T1002537,FDH106001,288FOC/F1000612/F1000611,True,True,True
T1002538,FDH106001,288FOC/F1000612/F1000611,True,True,True
T1002539,FDH106001,288FOC/F1000612/F1000611,True,True,True
T1002540,FDH106001,288FOC/F1000611/F1000610,True,True,True
T1002541,FDH106001,288FOC/F1000611/F1000610,True,True,True
T1002542,FDH106001,288FOC/F1000611/F1000610,True,True,True
T1002543,FDH106005,144FOC/F1000616/F1000617,True,True,True
T1002544,FDH106005,144FOC/F1000616/F1000617,True,True,True
T1002545,FDH106005,144FOC/F1000616/F1000617,True,True,True
T1002546,FDH106005,144FOC/F1000616/F1000617,True,True,True
T1002547,FDH106005,144FOC/F1000616/F1000617,True,True,True
T1002548,FDH106005,144FOC/F1000616/F1000617,True,True,True
T1002549,FDH106005,48FOC/F1000616/T1002550,True,True,True
T1002550,FDH106005,48FOC/F1000616/T1002550,True,True,True
T1002551,FDH106005,48FOC/F1000616/T1002550,True,True,True
T1002552,FDH106005,144FOC/F1000613/F1000616,True,True,True
T1002553,FDH106005,144FOC/F1000613/F1000616,True,True,True
T1002554,FDH106005,144FOC/F1000613/F1000616,True,True,True
T1002555,FDH106005,288FOC/F1000635/F1000647,True,True,True
T1002559,FDH106005,48FOC/F1000613/F1000614,True,True,True
T1002560,FDH106005,48FOC/F1000613/F1000614,True,True,True
T1002561,FDH106005,48FOC/F1000613/F1000614,True,True,True
T1002562,FDH106005,48FOC/F1000614/F1000615,True,True,True
T1002563,FDH106005,48FOC/F1000615/T1002566,True,True,True
T1002564,FDH106005,48FOC/F1000614/F1000615,True,True,True
T1002565,FDH106005,48FOC/F1000614/F1000615,True,True,True
T1002566,FDH106005,48FOC/F1000615/T1002566,True,True,True
T1002568,FDH106005,48FOC/F1000615/T1002566,True,True,True
T1002571,FDH106005,48FOC/F1000616/T1002550,True,True,True
T1002572,FDH106005,144FOC/F1000616/F1000617,True,True,True
T1002573,FDH106005,144FOC/F1000616/F1000617,True,True,True
T1002575,FDH106005,48FOC/F1000614/F1000615,True,True,True
T1002576,FDH106004,48FOC/F1000648/F1000618,True,True,True
T1002578,FDH106004,144FOC/F1000618/F1000619,True,True,True
T1002580,FDH106004,144FOC/F1000618/F1000619,True,True,True
T1002583,FDH106004,144FOC/F1000618/F1000619,True,True,True
T1002585,FDH106004,144FOC/F1000618/F1000619,True,True,True
T1002586,FDH106004,144FOC/F1000618/F1000619,True,True,True
T1002587,FDH106004,48FOC/F1000618/T1002587,True,True,True
T1002588,FDH106004,48FOC/F1000618/T1002587,True,True,True
T1002589,FDH106004,48FOC/F1000618/T1002587,True,True,True
T1002590,FDH106004,48FOC/F1000618/T1002587,True,True,True
T1002591,FDH106004,48FOC/F1000618/T1002587,True,True,True
T1002592,FDH106004,96FOC/F1000620/T1002592,True,True,True
T1002593,FDH106004,96FOC/F1000620/T1002592,True,True,True
T1002594,FDH106004,96FOC/F1000620/T1002592,True,True,True
T1002597,FDH106004,48FOC/F1000648/F1000618,True,True,True
T1002598,FDH106004,144FOC/F1000618/F1000619,True,True,True
T1002599,FDH106004,96FOC/F1000619/F1000620,True,True,True
T1002601,FDH106004,96FOC/F1000620/T1002592,True,True,True
T1002602,FDH106004,96FOC/F1000620/T1002592,True,True,True
T1002603,FDH106004,96FOC/F1000620/T1002592,True,True,True
T1002604,FDH106002,48FOC/F1000621/F1000622,True,True,True
T1002605,FDH106002,48FOC/F1000621/F1000622,True,True,True
T1002607,FDH106002,48FOC/F1000621/F1000650,True,True,True
T1002610,FDH106002,48FOC/F1000621/F1000622,True,True,True
T1002611,FDH106002,48FOC/F1000621/F1000622,True,True,True
T1002613,FDH106002,48FOC/F1000622/T1002615,True,True,True
T1002614,FDH106002,48FOC/F1000622/T1002615,True,True,True
T1002615,FDH106002,48FOC/F1000622/T1002615,True,True,True
T1002622,FDH106002,288FOC/F1000649/F1000626,True,True,True
T1002623,FDH106002,288FOC/F1000649/F1000626,True,True,True
T1002624,FDH106002,288FOC/F1000649/F1000626,True,True,True
T1002626,FDH106002,288FOC/F1000649/F1000626,True,True,True
T1002627,FDH106002,288FOC/F1000626/F1000625,True,True,True
T1002628,FDH106002,288FOC/F1000626/F1000625,True,True,True
T1002630,FDH106002,48FOC/F1000627/T1002630,True,True,True
T1002631,FDH106002,48FOC/F1000627/T1002630,True,True,True
T1002632,FDH106002,48FOC/F1000627/T1002630,True,True,True
T1002633,FDH106002,48FOC/F1000625/F1000627,True,True,True
T1002634,FDH106002,48FOC/T1002634/F1000628,True,True,True
T1002635,FDH106002,48FOC/T1002634/F1000628,True,True,True
T1002636,FDH106002,48FOC/T1002634/F1000628,True,True,True
T1002637,FDH106002,48FOC/T1002634/F1000628,True,True,True
T1002638,FDH106002,48FOC/T1002634/F1000628,True,True,True
T1002639,FDH106002,96FOC/F1000628/F1000640,True,True,True
T1002640,FDH106002,48FOC/F1000627/T1002630,True,True,True
T1002641,FDH106002,96FOC/F1000628/F1000640,True,True,True
T1002642,FDH106002,96FOC/F1000628/F1000640,True,True,True
T1002643,FDH106002,96FOC/F1000628/F1000640,True,True,True
T1002645,FDH106002,48FOC/F1000645/F1000646,True,True,True
T1002646,FDH106002,48FOC/F1000638/F1000601,True,True,True
T1002647,FDH106002,48FOC/F1000638/F1000601,True,True,True
T1002648,FDH106001,48FOC/F1000651/F1000603,True,True,True
T1002649,FDH106005,48FOC/F1000630/F1000651,True,True,True
T1002650,FDH106005,48FOC/F1000632/F1000633,True,True,True
T1002651,FDH106005,48FOC/F1000633/F1000634,True,True,True
T1002652,FDH106005,48FOC/F1000633/F1000634,True,True,True
T1002653,FDH106005,48FOC/F1000633/F1000634,True,True,True
T1002654,FDH106005,96FOC/F1000634/F1000635,True,True,True
T1002655,FDH106005,96FOC/F1000634/F1000635,True,True,True
T1002656,FDH106005,96FOC/F1000634/F1000635,True,True,True
T1002657,FDH106005,288FOC/F1000635/F1000647,True,True,True
T1002658,FDH106005,288FOC/F1000635/F1000647,True,True,True
T1002659,FDH106005,288FOC/F1000635/F1000647,True,True,True
T1002660,FDH106005,48FOC/F1000632/F1000633,True,True,True
T1002663,FDH106001,144FOC/F1000637/F1000612,True,True,True
T1002664,FDH106002,288FOC/F1000625/F1000642,True,True,True
T1002665,FDH106002,288FOC/F1000625/F1000642,True,True,True
T1002666,FDH106002,288FOC/F1000625/F1000642,True,True,True
T1002667,FDH106002,288FOC/F1000625/F1000642,True,True,True
T1002668,FDH106002,144FOC/F1000640/F1000639,True,True,True
T1002669,FDH106002,144FOC/F1000639/F1000638,True,True,True
T1002670,FDH106002,144FOC/F1000639/F1000638,True,True,True
T1002671,FDH106002,144FOC/F1000639/F1000638,True,True,True
T1002672,FDH106002,144FOC/F1000638/F1000637,True,True,True
T1002673,FDH106002,144FOC/F1000638/F1000637,True,True,True
T1002674,FDH106002,144FOC/F1000638/F1000637,True,True,True
T1002675,FDH106001,144FOC/F1000637/F1000612,True,True,True
T1002676,FDH106001,144FOC/F1000637/F1000612,True,True,True
T1002677,FDH106001,144FOC/F1000637/F1000612,True,True,True
T1002678,FDH106001,48FOC/F1000606/T1002527,True,True,True
T1002679,FDH106001,48FOC/F1000606/T1002527,True,True,True
T1002680,FDH106001,48FOC/F1000608/F1000607,True,True,True
T1002681,FDH106005,288FOC/F1000635/F1000647,True,True,True
T1002682,FDH106005,48FOC/F1000633/F1000634,True,True,True
T1002683,FDH106001,288FOC/F1000611/F1000610,True,True,True
T1002684,FDH106004,48FOC/F1000618/T1002587,True,True,True
T1001001,FDH103015,288FOC/F1000256/F1000255,True,True,True
T1001002,FDH103015,288FOC/F1000256/F1000255,True,True,True
T1001003,FDH103015,48FOC/T1001007/F1000256,True,True,True
T1001004,FDH103015,48FOC/T1001007/F1000256,True,True,True
T1001005,FDH103015,48FOC/T1001007/F1000256,True,True,True
T1001006,FDH103015,48FOC/T1001007/F1000256,True,True,True
T1001007,FDH103015,48FOC/T1001007/F1000256,True,True,True
T1001008,FDH103015,48FOC/F1000255/T1001009,True,True,True
T1001009,FDH103015,48FOC/F1000255/T1001009,True,True,True
T1001018,FDH103006,288FOC/F1000260/F1000264,True,True,True
T1001020,FDH103006,288FOC/F1000252/F1000259,True,True,True
T1001098,FDH103006,288FOC/F1000252/F1000259,True,True,True
T1001022,FDH103006,288FOC/F1000252/F1000259,True,True,True
T1001023,FDH103006,288FOC/F1000252/F1000259,True,True,True
T1001024,FDH103006,288FOC/F1000252/F1000259,True,True,True
T1001025,FDH103006,288FOC/F1000252/F1000259,True,True,True
T1001026,FDH103006,144FOC/F1000251/F1000252,True,True,True
T1001027,FDH103006,144FOC/F1000251/F1000252,True,True,True
T1001028,FDH103006,144FOC/F1000251/F1000252,True,True,True
T1001029,FDH103006,144FOC/F1000251/F1000252,True,True,True
T1001030,FDH103006,144FOC/F1000251/F1000252,True,True,True
T1001031,FDH103006,144FOC/F1000251/F1000252,True,True,True
T1001032,FDH103006,144FOC/F1000251/F1000252,True,True,True
T1001033,FDH103006,144FOC/F1000251/F1000252,True,True,True
T1001034,FDH103006,96FOC/F1000251/F1000253,True,True,True
T1001035,FDH103006,96FOC/F1000251/F1000253,True,True,True
T1001036,FDH103006,96FOC/F1000251/F1000253,True,True,True
T1001040,FDH103006,96FOC/F1000251/F1000253,True,True,True
T1001042,FDH103006,96FOC/F1000251/F1000253,True,True,True
T1001044,FDH103006,96FOC/F1000251/F1000253,True,True,True
T1001045,FDH103006,96FOC/F1000251/F1000253,True,True,True
T1001047,FDH103004,144FOC/F1000261/F1000262,True,True,True
T1001048,FDH103004,144FOC/F1000261/F1000262,True,True,True
T1001049,FDH103004,144FOC/F1000272/F1000298,True,True,True
T1001050,FDH103004,144FOC/F1000272/F1000298,True,True,True
T1001051,FDH103004,144FOC/F1000274/F1000261,True,True,True
T1001052,FDH103004,144FOC/F1000274/F1000261,True,True,True
T1001053,FDH103004,144FOC/F1000274/F1000261,True,True,True
T1001059,FDH103004,144FOC/F1000274/F1000275,True,True,True
T1001060,FDH103004,144FOC/F1000274/F1000275,True,True,True
T1001061,FDH103004,144FOC/F1000274/F1000275,True,True,True
T1001062,FDH103005,144FOC/F1000275/F1000263,True,True,True
T1001063,FDH103005,144FOC/F1000275/F1000263,True,True,True
T1001064,FDH103006,288FOC/F1000263/F1000259,True,True,True
T1001065,FDH103006,144FOC/F1000275/F1000263,True,True,True
T1001066,FDH103006,288FOC/F1000263/F1000264,True,True,True
T1001067,FDH103006,288FOC/F1000263/F1000264,True,True,True
T1001068,FDH103006,288FOC/F1000263/F1000264,True,True,True
T1001073,FDH103006,288FOC/F1000260/F1000264,True,True,True
T1001076,FDH103004,48FOC/F1000266/T1001076,True,True,True
T1001077,FDH103004,48FOC/F1000266/T1001076,True,True,True
T1001078,FDH103004,48FOC/F1000266/T1001076,True,True,True
T1001079,FDH103004,96FOC/F1000267/F1000266,True,True,True
T1001080,FDH103004,96FOC/F1000267/F1000266,True,True,True
T1001081,FDH103004,96FOC/F1000268/F1000267,True,True,True
T1001082,FDH103004,96FOC/F1000268/F1000267,True,True,True
T1001083,FDH103004,48FOC/F1000268/T1001084,True,True,True
T1001084,FDH103004,48FOC/F1000268/T1001084,True,True,True
T1001088,FDH103004,48FOC/F1000268/T1001088,True,True,True
T1001089,FDH103004,48FOC/F1000268/T1001088,True,True,True
T1001092,FDH103004,48FOC/F1000268/T1001084,True,True,True
T1001093,FDH103004,48FOC/F1000268/T1001084,True,True,True
T1001094,FDH103006,288FOC/F1000263/F1000259,True,True,True
T1001095,FDH103006,288FOC/F1000263/F1000259,True,True,True
T1001096,FDH103006,288FOC/F1000263/F1000264,True,True,True
T1001100,FDH103005,144FOC/F1000275/F1000263,True,True,True
T1001101,FDH103003,48FOC/F1000300/T1001144,True,True,True
T1001103,FDH103003,144FOC/F1000279/F1000299,True,True,True
T1001105,FDH103003,144FOC/F1000279/F1000299,True,True,True
T1001107,FDH103003,144FOC/F1000279/F1000299,True,True,True
T1001109,FDH103003,144FOC/F1000279/F1000299,True,True,True
T1001110,FDH103003,144FOC/F1000279/F1000299,True,True,True
T1001111,FDH103003,144FOC/F1000279/F1000299,True,True,True
T1001112,FDH103003,144FOC/F1000279/F1000299,True,True,True
T1001113,FDH103003,144FOC/F1000282/F1000279,True,True,True
T1001114,FDH103003,144FOC/F1000282/F1000279,True,True,True
T1001115,FDH103003,144FOC/F1000300/F1000282,True,True,True
T1001116,FDH103003,144FOC/F1000278/F1000300,True,True,True
T1001117,FDH103003,144FOC/F1000278/F1000300,True,True,True
T1001118,FDH103005,144FOC/F1000275/F1000278,True,True,True
T1001119,FDH103005,144FOC/F1000278/F1000302,True,True,True
T1001120,FDH103005,144FOC/F1000278/F1000302,True,True,True
T1001121,FDH103005,144FOC/F1000275/F1000278,True,True,True
T1001122,FDH103005,144FOC/F1000278/F1000302,True,True,True
T1001124,FDH103005,144FOC/F1000278/F1000302,True,True,True
T1001126,FDH103005,96FOC/F1000281/T1001126,True,True,True
T1001127,FDH103005,96FOC/F1000281/T1001126,True,True,True
T1001128,FDH103005,96FOC/F1000281/T1001126,True,True,True
T1001129,FDH103005,96FOC/F1000281/T1001126,True,True,True
T1001130,FDH103005,96FOC/F1000276/F1000281,True,True,True
T1001131,FDH103005,96FOC/F1000276/F1000281,True,True,True
T1001132,FDH103005,96FOC/F1000276/F1000281,True,True,True
T1001133,FDH103005,96FOC/F1000276/F1000280,True,True,True
T1001134,FDH103005,48FOC/F1000280/T1001146,True,True,True
T1001135,FDH103005,48FOC/F1000280/T1001146,True,True,True
T1001138,FDH103005,96FOC/F1000276/F1000280,True,True,True
T1001139,FDH103005,96FOC/F1000276/F1000280,True,True,True
T1001140,FDH103005,144FOC/F1000275/F1000278,True,True,True
T1001141,FDH103005,144FOC/F1000275/F1000278,True,True,True
T1001142,FDH103003,96FOC/F1000279/F1000294,True,True,True
T1001143,FDH103003,96FOC/F1000279/F1000294,True,True,True
T1001144,FDH103003,48FOC/F1000300/T1001144,True,True,True
T1001145,FDH103005,144FOC/F1000275/F1000278,True,True,True
T1001146,FDH103005,48FOC/F1000280/T1001146,True,True,True
T1001147,FDH103005,96FOC/F1000276/F1000280,True,True,True
T1001148,FDH103005,96FOC/F1000276/F1000280,True,True,True
T1001149,FDH103003,48FOC/F1000300/T1001144,True,True,True
T1001151,FDH103003,48FOC/F1000300/T1001144,True,True,True
T1001152,FDH103003,96FOC/F1000279/F1000294,True,True,True
T1001158,FDH103014,48FOC/F1000288/T1001216,True,True,True
T1001164,FDH103014,144FOC/F1000285/T1001164,True,True,True
T1001165,FDH103014,144FOC/F1000285/T1001164,True,True,True
T1001166,FDH103001,144FOC/F1000284/F1000347,True,True,True
T1001167,FDH103014,48FOC/F1000291/T1001167,True,True,True
T1001168,FDH103014,48FOC/F1000291/T1001167,True,True,True
T1001169,FDH103014,48FOC/F1000291/T1001167,True,True,True
T1001171,FDH103001,144FOC/F1000284/F1000347,True,True,True
T1001172,FDH103001,144FOC/F1000284/F1000347,True,True,True
T1001176,FDH103001,144FOC/F1000285/F1000284,True,True,True
T1001180,FDH103014,48FOC/F1000291/T1001167,True,True,True
T1001181,FDH103001,144FOC/F1000285/F1000284,True,True,True
T1001182,FDH103015,288FOC/F1000284/F1000286,True,True,True
T1001183,FDH103015,288FOC/F1000286/F1000290,True,True,True
T1001184,FDH103015,288FOC/F1000290/F1000256,True,True,True
T1001185,FDH103015,288FOC/F1000284/F1000286,True,True,True
T1001186,FDH103015,288FOC/F1000286/F1000290,True,True,True
T1001188,FDH103015,288FOC/F1000284/F1000286,True,True,True
T1001189,FDH103014,48FOC/F1000288/T1001216,True,True,True
T1001206,FDH103014,48FOC/F1000291/T1001167,True,True,True
T1001207,FDH103015,288FOC/F1000290/F1000256,True,True,True
T1001209,FDH103014,144FOC/F1000285/T1001164,True,True,True
T1001211,FDH103001,144FOC/F1000284/F1000347,True,True,True
T1001216,FDH103014,48FOC/F1000288/T1001216,True,True,True
T1001217,FDH103003,144FOC/F1000279/F1000299,True,True,True
T1001220,FDH103002,96FOC/F1000295/T1001221,True,True,True
T1001221,FDH103002,96FOC/F1000295/T1001221,True,True,True
T1001223,FDH103003,144FOC/F1000279/F1000299,True,True,True
T1001224,FDH103003,48FOC/T1001227/F1000299,True,True,True
T1001225,FDH103003,48FOC/T1001227/F1000299,True,True,True
T1001226,FDH103003,48FOC/T1001227/F1000299,True,True,True
T1001227,FDH103003,48FOC/T1001227/F1000299,True,True,True
T1001234,FDH103002,96FOC/F1000295/T1001221,True,True,True
T1001235,FDH103002,96FOC/F1000295/T1001221,True,True,True
T1001236,FDH103002,96FOC/F1000295/T1001221,True,True,True
T1001239,FDH103002,96FOC/F1000295/T1001242,True,True,True
T1001240,FDH103002,96FOC/F1000295/T1001242,True,True,True
T1001241,FDH103002,96FOC/F1000295/T1001242,True,True,True
T1001242,FDH103002,96FOC/F1000295/T1001242,True,True,True
T1001249,FDH103002,96FOC/F1000295/T1001221,True,True,True
T1001250,FDH103002,96FOC/F1000295/T1001242,True,True,True
T1001251,FDH103006,288FOC/F1000255/F1000260,True,True,True
T1001252,FDH103007,48FOC/F1000317/T1001255,True,True,True
T1001253,FDH103007,48FOC/F1000317/T1001255,True,True,True
T1001254,FDH103007,48FOC/F1000317/T1001255,True,True,True
T1001255,FDH103007,48FOC/F1000317/T1001255,True,True,True
T1001258,FDH103007,48FOC/F1000303/F1000312,True,True,True
T1001259,FDH103007,48FOC/F1000303/F1000312,True,True,True
T1001260,FDH103007,96FOC/F1000312/F1000311,True,True,True
T1001261,FDH103007,96FOC/F1000312/F1000311,True,True,True
T1001262,FDH103007,144FOC/F1000311/F1000310,True,True,True
T1001263,FDH103007,96FOC/F1000312/F1000311,True,True,True
T1001264,FDH103007,144FOC/F1000311/F1000310,True,True,True
T1001265,FDH103007,144FOC/F1000311/F1000310,True,True,True
T1001268,FDH103007,48FOC/F1000313/T1001268,True,True,True
T1001269,FDH103007,48FOC/F1000313/T1001268,True,True,True
T1001270,FDH103007,48FOC/F1000313/T1001268,True,True,True
T1001271,FDH103007,96FOC/F1000313/F1000314,True,True,True
T1001272,FDH103007,96FOC/F1000313/F1000314,True,True,True
T1001273,FDH103007,96FOC/F1000313/F1000314,True,True,True
T1001274,FDH103007,96FOC/F1000313/F1000314,True,True,True
T1001275,FDH103007,96FOC/F1000313/F1000314,True,True,True
T1001277,FDH103007,48FOC/F1000348/T1001277,True,True,True
T1001278,FDH103007,48FOC/F1000348/T1001277,True,True,True
T1001279,FDH103007,48FOC/F1000348/T1001277,True,True,True
T1001280,FDH103007,48FOC/F1000348/T1001277,True,True,True
T1001281,FDH103007,48FOC/F1000314/F1000348,True,True,True
T1001282,FDH103007,48FOC/F1000314/T1001491,True,True,True
T1001283,FDH103007,48FOC/F1000314/T1001491,True,True,True
T1001285,FDH103007,48FOC/F1000314/T1001491,True,True,True
T1001286,FDH103007,96FOC/F1000313/F1000314,True,True,True
T1001287,FDH103007,48FOC/F1000313/T1001268,True,True,True
T1001293,FDH103001,144FOC/F1000303/F1000307,True,True,True
T1001294,FDH103001,144FOC/F1000303/F1000307,True,True,True
T1001295,FDH103001,144FOC/F1000303/F1000307,True,True,True
T1001296,FDH103001,144FOC/F1000303/F1000307,True,True,True
T1001297,FDH103001,144FOC/F1000303/F1000307,True,True,True
T1001298,FDH103008,144FOC/F1000305/F1000303,True,True,True
T1001299,FDH103008,144FOC/F1000304/F1000305,True,True,True
T1001300,FDH103008,144FOC/F1000304/F1000305,True,True,True
T1001301,FDH103008,144FOC/F1000304/F1000305,True,True,True
T1001302,FDH103008,144FOC/F1000304/F1000305,True,True,True
T1001303,FDH103008,144FOC/F1000001/F1000304,True,True,True
T1001304,FDH103008,96FOC/F1000306/T1001313,True,True,True
T1001305,FDH103008,96FOC/F1000306/T1001313,True,True,True
T1001306,FDH103008,96FOC/F1000306/T1001313,True,True,True
T1001307,FDH103008,96FOC/F1000306/T1001313,True,True,True
T1001308,FDH103008,96FOC/F1000306/T1001313,True,True,True
T1001309,FDH103008,96FOC/F1000306/T1001313,True,True,True
T1001310,FDH103008,96FOC/F1000306/T1001313,True,True,True
T1001311,FDH103008,96FOC/F1000306/T1001313,True,True,True
T1001312,FDH103008,96FOC/F1000306/T1001313,True,True,True
T1001313,FDH103008,96FOC/F1000306/T1001313,True,True,True
T1001314,FDH103008,96FOC/F1000306/T1001313,True,True,True
T1001316,FDH103008,144FOC/F1000306/T1001488,True,True,True
T1001317,FDH103008,144FOC/F1000306/T1001488,True,True,True
T1001318,FDH103008,144FOC/F1000306/T1001488,True,True,True
T1001320,FDH103008,144FOC/F1000306/T1001488,True,True,True
T1001321,FDH103001,144FOC/F1000307/F1000308,True,True,True
T1001322,FDH103001,144FOC/F1000347/F1000308,True,True,True
T1001323,FDH103001,144FOC/F1000347/F1000308,True,True,True
T1001325,FDH103008,144FOC/F1000304/F1000306,True,True,True
T1001327,FDH103013,96FOC/F1000320/F1000332,True,True,True
T1001328,FDH103013,96FOC/F1000320/F1000332,True,True,True
T1001330,FDH103013,96FOC/F1000320/F1000332,True,True,True
T1001331,FDH103013,96FOC/F1000320/F1000332,True,True,True
T1001332,FDH103013,96FOC/F1000320/F1000332,True,True,True
T1001334,FDH103013,96FOC/F1000320/F1000324,True,True,True
T1001336,FDH103013,144FOC/F1000321/F1000333,True,True,True
T1001337,FDH103013,144FOC/F1000321/F1000333,True,True,True
T1001339,FDH103013,144FOC/F1000321/F1000333,True,True,True
T1001340,FDH103013,48FOC/T1001340/F1000322,True,True,True
T1001341,FDH103013,48FOC/T1001340/F1000322,True,True,True
T1001342,FDH103013,48FOC/T1001340/F1000322,True,True,True
T1001343,FDH103013,48FOC/T1001340/F1000322,True,True,True
T1001344,FDH103013,48FOC/T1001340/F1000322,True,True,True
T1001345,FDH103013,48FOC/F1000322/F1000321,True,True,True
T1001346,FDH103013,48FOC/F1000322/F1000321,True,True,True
T1001347,FDH103010,48FOC/F1000323/F1000324,True,True,True
T1001348,FDH103010,48FOC/F1000323/F1000324,True,True,True
T1001349,FDH103010,48FOC/F1000323/F1000324,True,True,True
T1001350,FDH103010,96FOC/F1000320/F1000324,True,True,True
T1001351,FDH103013,96FOC/F1000320/F1000324,True,True,True
T1001353,FDH103010,144FOC/F1000329/F1000327,True,True,True
T1001354,FDH103010,96FOC/F1000329/F1000325,True,True,True
T1001355,FDH103010,96FOC/F1000329/F1000325,True,True,True
T1001359,FDH103010,144FOC/F1000329/F1000327,True,True,True
T1001365,FDH103010,144FOC/F1000327/F1000328,True,True,True
T1001366,FDH103010,144FOC/F1000327/F1000328,True,True,True
T1001367,FDH103009,48FOC/F1000346/T1001367,True,True,True
T1001368,FDH103009,48FOC/F1000346/T1001367,True,True,True
T1001369,FDH103009,48FOC/F1000346/T1001367,True,True,True
T1001370,FDH103009,48FOC/F1000346/T1001367,True,True,True
T1001375,FDH103010,144FOC/F1000328/T1001404,True,True,True
T1001376,FDH103010,144FOC/F1000328/T1001404,True,True,True
T1001377,FDH103010,144FOC/F1000328/T1001404,True,True,True
T1001379,FDH103009,96FOC/F1000326/F1000325,True,True,True
T1001380,FDH103009,96FOC/F1000326/F1000325,True,True,True
T1001381,FDH103009,96FOC/F1000326/F1000325,True,True,True
T1001382,FDH103009,96FOC/F1000326/F1000325,True,True,True
T1001393,FDH103010,48FOC/F1000328/T1001401,True,True,True
T1001401,FDH103010,48FOC/F1000328/T1001401,True,True,True
T1001404,FDH103010,144FOC/F1000328/T1001404,True,True,True
T1001421,FDH103012,144FOC/F1000335/F1000337,True,True,True
T1001422,FDH103012,144FOC/F1000335/F1000337,True,True,True
T1001423,FDH103012,144FOC/F1000337/F1000336,True,True,True
T1001424,FDH103012,144FOC/F1000337/F1000336,True,True,True
T1001425,FDH103012,48FOC/F1000336/T1001430,True,True,True
T1001426,FDH103012,48FOC/F1000336/T1001430,True,True,True
T1001427,FDH103012,48FOC/F1000336/T1001430,True,True,True
T1001428,FDH103012,48FOC/F1000336/T1001430,True,True,True
T1001429,FDH103012,48FOC/F1000336/T1001430,True,True,True
T1001430,FDH103012,48FOC/F1000336/T1001430,True,True,True
T1001431,FDH103012,48FOC/F1000336/T1001430,True,True,True
T1001435,FDH103012,96FOC/F1000336/T1001437,True,True,True
T1001436,FDH103012,96FOC/F1000336/T1001437,True,True,True
T1001437,FDH103012,96FOC/F1000336/T1001437,True,True,True
T1001438,FDH103012,96FOC/F1000336/T1001437,True,True,True
T1001439,FDH103012,144FOC/F1000335/F1000337,True,True,True
T1001444,FDH103011,48FOC/F1000342/T1001444,True,True,True
T1001445,FDH103011,48FOC/F1000342/T1001444,True,True,True
T1001446,FDH103011,48FOC/F1000342/T1001444,True,True,True
T1001447,FDH103011,48FOC/F1000342/T1001444,True,True,True
T1001448,FDH103011,48FOC/F1000342/T1001444,True,True,True
T1001449,FDH103011,96FOC/F1000343/F1000342,True,True,True
T1001450,FDH103011,48FOC/F1000342/T1001453,False,True,False
T1001451,FDH103011,48FOC/F1000342/T1001453,False,True,False
T1001452,FDH103011,48FOC/F1000342/T1001453,False,True,False
T1001454,FDH103011,288FOC/F1000343/F1000339,True,True,True
T1001457,FDH103011,48FOC/F1000349/F1000343,True,True,True
T1001458,FDH103011,48FOC/F1000349/F1000343,True,True,True
T1001459,FDH103011,288FOC/F1000343/F1000339,True,True,True
T1001460,FDH103011,288FOC/F1000343/F1000339,True,True,True
T1001461,FDH103011,288FOC/F1000339/F1000340,True,True,True
T1001463,FDH103011,48FOC/F1000344/T1001465,True,True,True
T1001464,FDH103011,48FOC/F1000344/T1001465,True,True,True
T1001465,FDH103011,48FOC/F1000344/T1001465,True,True,True
T1001466,FDH103011,48FOC/F1000344/T1001465,True,True,True
T1001467,FDH103011,96FOC/F1000344/T1001469,True,True,True
T1001468,FDH103011,96FOC/F1000344/T1001469,True,True,True
T1001469,FDH103011,96FOC/F1000344/T1001469,True,True,True
T1001470,FDH103011,96FOC/F1000340/F1000344,True,True,True
T1001471,FDH103011,288FOC/F1000339/F1000340,True,True,True
T1001472,FDH103011,288FOC/F1000339/F1000340,True,True,True
T1001473,FDH103011,48FOC/F1000344/T1001465,True,True,True
T1001474,FDH103011,96FOC/F1000345/F1000346,True,True,True
T1001475,FDH103011,96FOC/F1000345/F1000346,True,True,True
T1001476,FDH103011,96FOC/F1000345/F1000346,True,True,True
T1001488,FDH103008,144FOC/F1000306/T1001488,True,True,True
T1001489,FDH103007,144FOC/F1000310/F1000313,True,True,True
T1001490,FDH103006,288FOC/F1000252/F1000259,True,True,True
T1001491,FDH103007,48FOC/F1000314/T1001491,True,True,True
T1001493,FDH103015,48FOC/F1000255/T1001009,True,True,True
T1001012,FDH103008,144FOC/F1000305/F1000303,True,True,True
T1001021,FDH103002,96FOC/F1000295/T1001221,True,True,True
T1001494,FDH103014,144FOC/F1000285/T1001164,True,True,True
T1001495,FDH103014,144FOC/F1000285/T1001164,True,True,True
T1001496,FDH103014,48FOC/F1000288/T1001216,True,True,True
T1001497,FDH103011,96FOC/F1000340/F1000344,True,True,True
T1001499,FDH103015,288FOC/F1000284/F1000286,True,True,True
T1001456,FDH104002,48FOC/F1000353/T1001500,True,True,True
T1001722,FDH104002,96FOC/F1000353/T1001502,True,True,True
T1001502,FDH104002,96FOC/F1000353/T1001502,True,True,True
T1001503,FDH104001,144FOC/F1000440/F1000358,False,True,False
T1001504,FDH104001,144FOC/F1000440/F1000358,False,True,False
T1001508,FDH104004,288FOC/F1000360/F1000351,True,True,True
T1001509,FDH104005,144FOC/F1000442/F1000445,True,True,True
T1001510,FDH104005,144FOC/F1000445/F1000356,True,True,True
T1001513,FDH104001,96FOC/F1000358/T1001514,True,True,True
T1001514,FDH104001,96FOC/F1000358/T1001514,True,True,True
T1001517,FDH104002,48FOC/F100353/F1000357,False,True,False
T1001519,FDH104003,48FOC/F1000364/T1001544,True,True,True
T1001520,FDH104007,144FOC/F1000445/F1000356,True,True,True
T1001522,FDH104001,288FOC/F1000360/F1000351,True,True,True
T1001523,FDH104001,48FOC/F1000359/T1001523,True,True,True
T1001524,FDH104005,144FOC/F1000445/F1000356,True,True,True
T1001528,FDH104003,48FOC/F1000364/T1001544,True,True,True
T1001530,FDH104004,48FOC/F1000352/F1000353,True,True,True
T1001536,FDH104002,96FOC/F1000353/T1001502,True,True,True
T1001537,FDH104002,48FOC/F1000353/T1001500,True,True,True
T1001538,FDH104004,96FOC/F1000351/F1000352,True,True,True
T1001539,FDH104004,288FOC/F1000360/F1000351,True,True,True
T1001540,FDH104004,288FOC/F1000360/F1000351,True,True,True
T1001541,FDH104004,288FOC/F1000360/F1000351,True,True,True
T1001542,FDH104004,288FOC/F1000360/F1000351,True,True,True
T1001544,FDH104003,48FOC/F1000364/T1001544,True,True,True
T1001545,FDH104007,144FOC/F1000445/F1000356,True,True,True
T1001546,FDH104001,48FOC/F1000358/T1001546,True,True,True
T1001547,FDH104001,48FOC/F1000358/T1001546,True,True,True
T1001548,FDH104001,48FOC/F1000359/T1001523,True,True,True
T1001551,FDH104004,288FOC/F1000360/F1000351,True,True,True
T1001552,FDH104005,144FOC/F1000445/F1000356,True,True,True
T1001559,FDH104002,48FOC/F100353/F1000357,False,True,False
T1001560,FDH104002,48FOC/F1000352/F1000353,True,True,True
T1001562,FDH104004,48FOC/F1000352/F1000353,True,True,True
T1001563,FDH104001,96FOC/F1000358/T1001514,True,True,True
T1001564,FDH104002,96FOC/F1000353/T1001502,True,True,True
T1001565,FDH104002,96FOC/F1000353/T1001502,True,True,True
T1001567,FDH104004,288FOC/F1000360/F1000351,True,True,True
T1001568,FDH104004,96FOC/F1000351/F1000352,True,True,True
T1001570,FDH104005,144FOC/F1000445/F1000356,True,True,True
T1001571,FDH104001,96FOC/F1000358/T1001514,True,True,True
T1001572,FDH104001,144FOC/F1000440/F1000358,False,True,False
T1001574,FDH104004,288FOC/F1000360/F1000351,True,True,True
T1001578,FDH104004,288FOC/F1000351/F1000426,True,True,True
T1001579,FDH104017,288FOC/F1000351/F1000426,True,True,True
T1001591,FDH104005,144FOC/F1000442/F1000445,True,True,True
T1001593,FDH104007,144FOC/F1000445/F1000356,True,True,True
T1001594,FDH104001,96FOC/F1000358/T1001514,True,True,True
T1001914,FDH104001,288FOC/F1000360/F1000351,True,True,True
T1001598,FDH104004,48FOC/F1000352/F1000353,True,True,True
T1001599,FDH104002,48FOC/F1000353/T1001500,True,True,True
T1001600,FDH104004,96FOC/F1000351/F1000352,True,True,True
T1001601,FDH104017,288FOC/F1000351/F1000426,True,True,True
T1001607,FDH104008,48FOC/F1000380/T1001670,True,True,True
T1001608,FDH104008,48FOC/F1000380/T1001670,True,True,True
T1001609,FDH104009,96FOC/F1000378/F1000379,True,True,True
T1001610,FDH104009,48FOC/F1000379/F1000388,True,True,True
T1001611,FDH104009,48FOC/F1000388/T1001627,True,True,True
T1001612,FDH104009,48FOC/F1000379/F1000388,True,True,True
T1001616,FDH104008,48FOC/F1000376/F1000384,True,True,True
T1001617,FDH104006,144FOC/F1000385/F1000413,True,True,True
T1001618,FDH104008,48FOC/F1000380/T1001643,True,True,True
T1001619,FDH104007,144FOC/F1000369/F1000370,True,True,True
T1001620,FDH104006,144FOC/F1000372/F1000373,True,True,True
T1001621,FDH104006,144FOC/F1000372/F1000373,True,True,True
T1001622,FDH104006,48FOC/F1000374/T1001685,True,True,True
T1001623,FDH104008,144FOC/F1000376/F1000377,True,True,True
T1001624,FDH104008,144FOC/F1000376/F1000377,True,True,True
T1001625,FDH104009,48FOC/F1000381/F1000378,True,True,True
T1001626,FDH104009,48FOC/F1000381/F1000378,True,True,True
T1001627,FDH104009,48FOC/F1000388/T1001627,True,True,True
T1001632,FDH104007,144FOC/F1000356/F1000369,True,True,True
T1001634,FDH104007,48FOC/F1000370/T1001652,True,True,True
T1001635,FDH104007,48FOC/F1000370/T1001652,True,True,True
T1001636,FDH104006,144FOC/F1000372/F1000373,True,True,True
T1001637,FDH104006,48FOC/F1000374/T1001685,True,True,True
T1001638,FDH104006,48FOC/F1000374/T1001685,True,True,True
T1001639,FDH104006,144FOC/F1000374/F1000385,True,True,True
T1001640,FDH104008,48FOC/F1000373/F1000375,True,True,True
T1001641,FDH104008,144FOC/F1000376/F1000377,True,True,True
T1001642,FDH104008,48FOC/F1000380/T1001670,True,True,True
T1001643,FDH104008,48FOC/F1000380/T1001643,True,True,True
T1001644,FDH104009,48FOC/F1000377/F1000381,True,True,True
T1001647,FDH104009,96FOC/F1000378/F1000379,True,True,True
T1001648,FDH104009,48FOC/F1000388/T1001627,True,True,True
T1001649,FDH104009,48FOC/F1000378/T1001674,True,True,True
T1001650,FDH104007,144FOC/F1000356/F1000369,True,True,True
T1001651,FDH104007,144FOC/F1000369/F1000370,True,True,True
T1001652,FDH104007,48FOC/F1000370/T1001652,True,True,True
T1001653,FDH104007,144FOC/F1000370/F1000371,True,True,True
T1001654,FDH104007,144FOC/F1000370/F1000371,True,True,True
T1001655,FDH104007,144FOC/F1000370/F1000371,True,True,True
T1001656,FDH104006,144FOC/F1000382/F1000372,True,True,True
T1001657,FDH104006,144FOC/F1000373/F1000374,True,True,True
T1001658,FDH104006,48FOC/F1000374/T1001685,True,True,True
T1001659,FDH104006,144FOC/F1000374/F1000385,True,True,True
T1001660,FDH104008,48FOC/F1000380/T1001670,True,True,True
T1001662,FDH104009,48FOC/F1000378/T1001674,True,True,True
T1001664,FDH104007,144FOC/F1000370/F1000371,True,True,True
T1001665,FDH104007,48FOC/F1000370/T1001652,True,True,True
T1001666,FDH104007,48FOC/F1000370/T1001652,True,True,True
T1001667,FDH104007,144FOC/F1000370/F1000371,True,True,True
T1001668,FDH104006,48FOC/F1000372/T1001668,True,True,True
T1001670,FDH104008,48FOC/F1000380/T1001670,True,True,True
T1001671,FDH104008,48FOC/F1000380/T1001643,True,True,True
T1001672,FDH104009,96FOC/F1000378/F1000379,True,True,True
T1001673,FDH104009,96FOC/F1000378/F1000379,True,True,True
T1001674,FDH104009,48FOC/F1000378/T1001674,True,True,True
T1001675,FDH104007,144FOC/F1000356/F1000369,True,True,True
T1001676,FDH104007,48FOC/F1000370/T1001652,True,True,True
T1001677,FDH104007,48FOC/F1000370/T1001652,True,True,True
T1001678,FDH104006,48FOC/F1000372/T1001668,True,True,True
T1001679,FDH104006,144FOC/F1000372/F1000373,True,True,True
T1001680,FDH104008,48FOC/F1000380/T1001670,True,True,True
T1001681,FDH104008,48FOC/F1000380/T1001643,True,True,True
T1001682,FDH104009,48FOC/F1000378/T1001674,True,True,True
T1001684,FDH104006,48FOC/F1000372/T1001668,True,True,True
T1001685,FDH104006,48FOC/F1000374/T1001685,True,True,True
T1001686,FDH104008,48FOC/F1000380/T1001670,True,True,True
T1001687,FDH104009,96FOC/F1000378/F1000379,True,True,True
T1001688,FDH104009,96FOC/F1000378/F1000379,True,True,True
T1001690,FDH104014,144FOC/F1000427/F1000396,True,True,True
T1001692,FDH104013,48FOC/F1000400/T1001694,True,True,True
T1001693,FDH104013,48FOC/F1000400/T1001694,True,True,True
T1001694,FDH104013,48FOC/F1000400/T1001694,True,True,True
T1001697,FDH104011,96FOC/F1000411/F1000404,True,True,True
T1001699,FDH104010,144FOC/F1000392/F1000390,True,True,True
T1001700,FDH104010,48FOC/F1000392/T1001700,True,True,True
T1001701,FDH104010,48FOC/F1000398/T1001731,True,True,True
T1001702,FDH104010,48FOC/F1000391/F1000412,True,True,True
T1001703,FDH104010,144FOC/F1000391/F1000392,True,True,True
T1001704,FDH104012,144FOC/F1000396/F1000399,True,True,True
T1001705,FDH104013,48FOC/F1000400/T1001694,True,True,True
T1001706,FDH104013,48FOC/F1000400/T1001694,True,True,True
T1001707,FDH104013,48FOC/F1000400/T1001694,True,True,True
T1001708,FDH104012,96FOC/F1000396/F1000402,True,True,True
T1001709,FDH104011,96FOC/F1000405/F1000409,True,True,True
T1001711,FDH104011,96FOC/F1000411/F1000404,True,True,True
T1001712,FDH104011,48FOC/F1000404/F1000354,True,True,True
T1001714,FDH104011,96FOC/F1000405/F1000411,True,True,True
T1001715,FDH104011,96FOC/F1000411/F1000404,True,True,True
T1001719,FDH104010,12FOC/F1000397/T1001719,True,True,True
T1001723,FDH104010,144FOC/F1000390/F1000502,True,True,True
T1001724,FDH104010,144FOC/F1000392/F1000390,True,True,True
T1001729,FDH104010,48FOC/F1000392/T1001700,True,True,True
T1001730,FDH104010,48FOC/F1000392/T1001700,True,True,True
T1001731,FDH104010,48FOC/F1000398/T1001731,True,True,True
T1001732,FDH104010,48FOC/F1000398/T1001731,True,True,True
T1001734,FDH104010,48FOC/F1000391/F1000412,True,True,True
T1001735,FDH104010,48FOC/F1000391/F1000412,True,True,True
T1001736,FDH104010,96FOC/F1000391/F1000397,True,True,True
T1001737,FDH104010,96FOC/F1000391/F1000397,True,True,True
T1001738,FDH104010,96FOC/F1000391/F1000397,True,True,True
T1001739,FDH104012,144FOC/F1000393/F1000391,True,True,True
T1001740,FDH104012,144FOC/F1000393/F1000391,True,True,True
T1001742,FDH104012,144FOC/F1000399/F1000393,True,True,True
T1001743,FDH104012,144FOC/F1000399/F1000393,True,True,True
T1001744,FDH104012,144FOC/F1000399/F1000393,True,True,True
T1001745,FDH104012,144FOC/F1000396/F1000399,True,True,True
T1001746,FDH104012,144FOC/F1000396/F1000399,True,True,True
T1001749,FDH104013,96FOC/F1000395/F1000406,True,True,True
T1001750,FDH104013,96FOC/F1000395/F1000406,True,True,True
T1001751,FDH104013,96FOC/F1000395/F1000406,True,True,True
T1001752,FDH104013,48FOC/F1000406/F1000394,True,True,True
T1001753,FDH104013,48FOC/F1000406/F1000394,True,True,True
T1001754,FDH104013,48FOC/F1000406/F1000394,True,True,True
T1001755,FDH104013,96FOC/F1000395/F1000400,True,True,True
T1001758,FDH104013,96FOC/F1000395/F1000400,True,True,True
T1001759,FDH104012,96FOC/F1000396/F1000402,True,True,True
T1001760,FDH104011,96FOC/F1000405/F1000409,True,True,True
T1001761,FDH104011,96FOC/F1000405/F1000409,True,True,True
T1001763,FDH104011,96FOC/F1000411/F1000404,True,True,True
T1001764,FDH104011,96FOC/F1000405/F1000411,True,True,True
T1001765,FDH104012,48FOC/F1000402/F1000410,True,True,True
T1001767,FDH104012,48FOC/F1000403/F1000405,True,True,True
T1001769,FDH104011,96FOC/F1000405/F1000411,True,True,True
T1001772,FDH104012,144FOC/F1000396/F1000399,True,True,True
T1001773,FDH104012,144FOC/F1000396/F1000399,True,True,True
T1001774,FDH104014,144FOC/F1000427/F1000396,True,True,True
T1001775,FDH104014,144FOC/F1000427/F1000396,True,True,True
T1001776,FDH104012,96FOC/F1000396/F1000402,True,True,True
T1001778,FDH104011,96FOC/F1000405/F1000409,True,True,True
T1001779,FDH104011,96FOC/F1000405/F1000409,True,True,True
T1001780,FDH104011,96FOC/F1000405/F1000411,True,True,True
T1001781,FDH104013,96FOC/F1000395/F1000400,True,True,True
T1001782,FDH104008,48FOC/F1000380/T1001643,True,True,True
T1001784,FDH104015,96FOC/F1000424/F1000423,True,True,True
T1001785,FDH104014,144FOC/F1000428/F1000427,True,True,True
T1001786,FDH104014,144FOC/F1000428/F1000427,True,True,True
T1001788,FDH104016,48FOC/F1000416/T1001878,True,True,True
T1001789,FDH104014,48FOC/F1000430/F1000429,True,True,True
T1001790,FDH104014,48FOC/F1000430/F1000429,True,True,True
T1001791,FDH104017,144FOC/F1000431/F1000417,True,True,True
T1001792,FDH104017,144FOC/F1000417/F1000426,True,True,True
T1001793,FDH104017,48FOC/F1000433/T1001840,True,True,True
T1001794,FDH104017,48FOC/F1000433/T1001840,True,True,True
T1001795,FDH104017,144FOC/F1000432/F1000425,True,True,True
T1001796,FDH104017,144FOC/F1000432/F1000425,True,True,True
T1001797,FDH104017,96FOC/F1000432/F1000436,True,True,True
T1001798,FDH104017,96FOC/F1000432/F1000436,True,True,True
T1001800,FDH104017,96FOC/F1000432/F1000436,True,True,True
T1001801,FDH104017,48FOC/F1000433/T1001840,True,True,True
T1001804,FDH104017,96FOC/F1000432/F1000433,True,True,True
T1001806,FDH104015,96FOC/F1000424/T1001861,True,True,True
T1001807,FDH104015,96FOC/F1000424/T1001861,True,True,True
T1001808,FDH104014,144FOC/F1000428/F1000427,True,True,True
T1001809,FDH104014,144FOC/F1000428/F1000427,True,True,True
T1001810,FDH104016,48FOC/F1000435/T1001867,True,True,True
T1001811,FDH104015,48FOC/F1000434/T1001888,True,True,True
T1001813,FDH104016,144FOC/F1000435/F1000418,True,True,True
T1001814,FDH104016,144FOC/F1000435/F1000418,True,True,True
T1001815,FDH104016,144FOC/F1000435/F1000418,True,True,True
T1001816,FDH104016,144FOC/F1000435/F1000418,True,True,True
T1001817,FDH104015,144FOC/F1000422/F1000424,True,True,True
T1001818,FDH104015,144FOC/F1000422/F1000424,True,True,True
T1001819,FDH104016,48FOC/F1000435/T1001867,True,True,True
T1001820,FDH104017,48FOC/F1000433/T1001840,True,True,True
T1001821,FDH104016,144FOC/F1000418/F1000416,True,True,True
T1001823,FDH104014,144FOC/F1000427/F1000396,True,True,True
T1001824,FDH104014,48FOC/F1000428/F1000435,True,True,True
T1001825,FDH104014,48FOC/F1000428/F1000435,True,True,True
T1001826,FDH104016,48FOC/F1000435/T1001867,True,True,True
T1001827,FDH104016,48FOC/F1000416/T1001878,True,True,True
T1001828,FDH104014,48FOC/F1000430/F1000429,True,True,True
T1001829,FDH104014,48FOC/F1000430/F1000429,True,True,True
T1001831,FDH104017,144FOC/F1000431/F1000417,True,True,True
T1001832,FDH104017,48FOC/F1000433/T1001840,True,True,True
T1001833,FDH104017,48FOC/F1000433/T1001840,True,True,True
T1001834,FDH104017,96FOC/F1000432/F1000433,True,True,True
T1001835,FDH104017,144FOC/F1000432/F1000425,True,True,True
T1001837,FDH104014,48FOC/F1000429/F1000437,True,True,True
T1001839,FDH104016,144FOC/F1000435/F1000418,True,True,True
T1001840,FDH104017,48FOC/F1000433/T1001840,True,True,True
T1001841,FDH104017,144FOC/F1000432/F1000425,True,True,True
T1001842,FDH104015,96FOC/F1000424/T1001861,True,True,True
T1001843,FDH104017,144FOC/F1000432/F1000425,True,True,True
T1001844,FDH104015,96FOC/F1000434/F1000436,True,True,True
T1001845,FDH104014,144FOC/F1000427/F1000396,True,True,True
T1001846,FDH104016,48FOC/F1000416/T1001878,True,True,True
T1001847,FDH104014,144FOC/F1000431/F1000430,True,True,True
T1001848,FDH104017,144FOC/F1000431/F1000430,True,True,True
T1001850,FDH104017,144FOC/F1000431/F1000417,True,True,True
T1001851,FDH104017,96FOC/F1000432/F1000433,True,True,True
T1001853,FDH104017,96FOC/F1000434/F1000436,True,True,True
T1001854,FDH104017,96FOC/F1000432/F1000436,True,True,True
T1001855,FDH104015,96FOC/F1000424/T1001861,True,True,True
T1001858,FDH104016,48FOC/F1000435/T1001867,True,True,True
T1001859,FDH104016,144FOC/F1000418/F1000416,True,True,True
T1001860,FDH104016,144FOC/F1000435/F1000418,True,True,True
T1001861,FDH104015,96FOC/F1000424/T1001861,True,True,True
T1001862,FDH104017,144FOC/F1000431/F1000417,True,True,True
T1001863,FDH104016,48FOC/F1000416/T1001878,True,True,True
T1001864,FDH104017,96FOC/F1000434/F1000436,True,True,True
T1001867,FDH104016,48FOC/F1000435/T1001867,True,True,True
T1001868,FDH104017,144FOC/F1000417/F1000426,True,True,True
T1001870,FDH104017,96FOC/F1000432/F1000433,True,True,True
T1001873,FDH104015,96FOC/F1000424/F1000423,True,True,True
T1001874,FDH104017,96FOC/F1000434/F1000436,True,True,True
T1001877,FDH104016,48FOC/F1000435/T1001867,True,True,True
T1001878,FDH104016,48FOC/F1000416/T1001878,True,True,True
T1001879,FDH104016,48FOC/F1000416/T1001878,True,True,True
T1001882,FDH104017,96FOC/F1000434/F1000436,True,True,True
T1001883,FDH104016,144FOC/F1000418/F1000416,True,True,True
T1001884,FDH104017,144FOC/F1000415/F1000426,True,True,True
T1001886,FDH104015,144FOC/F1000434/F1000422,True,True,True
T1001887,FDH104017,144FOC/F1000417/F1000426,True,True,True
T1001888,FDH104015,48FOC/F1000434/T1001888,True,True,True
T1001890,FDH104017,96FOC/F1000434/F1000436,True,True,True
T1001891,FDH104016,144FOC/F1000435/F1000418,True,True,True
T1001893,FDH104015,96FOC/F1000424/T1001861,True,True,True
T1001894,FDH104015,144FOC/F1000434/F1000422,True,True,True
T1001897,FDH104015,96FOC/F1000424/F1000423,True,True,True
T1001899,FDH104017,96FOC/F1000434/F1000436,True,True,True
T1001900,FDH104015,96FOC/F1000424/F1000423,True,True,True
T1001901,FDH104015,48FOC/F1000434/T1001888,True,True,True
T1001902,FDH104015,96FOC/F1000424/F1000423,True,True,True
T1001904,FDH104015,96FOC/F1000424/T1001861,True,True,True
T1001909,FDH104015,96FOC/F1000424/T1001861,True,True,True
T1001910,FDH104015,48FOC/F1000434/T1001888,True,True,True
T1001604,FDH104007,144FOC/F1000356/F1000369,True,True,True
T1001912,FDH104002,48FOC/F1000353/T1001500,True,True,True
T1001595,FDH104001,288FOC/F1000360/F1000351,True,True,True
T1002002,FDH105003,288FOC/F1000490/F1000460,True,True,True
T1002003,FDH105001,144FOC/F1000463/F1000490,True,True,True
T1002004,FDH105001,144FOC/F1000490/F1000462,True,True,True
T1002007,FDH105001,288FOC/F1000462/F1000506,True,True,True
T1002008,FDH105001,288FOC/F1000462/F1000506,True,True,True
T1002009,FDH105001,288FOC/F1000462/F1000506,True,True,True
T1002010,FDH105001,288FOC/F1000462/F1000506,True,True,True
T1002012,FDH105001,288FOC/F1000462/F1000506,True,True,True
T1002013,FDH105001,288FOC/F1000462/F1000506,True,True,True
T1002014,FDH105001,288FOC/F1000462/F1000506,True,True,True
T1002020,FDH105001,48FOC/F1000464/F1000465,True,True,True
T1002021,FDH105001,48FOC/F1000464/F1000465,True,True,True
T1002022,FDH105001,48FOC/F1000464/F1000465,True,True,True
T1002023,FDH105001,144FOC/F1000462/F1000464,True,True,True
T1002024,FDH105001,144FOC/F1000462/F1000464,True,True,True
T1002025,FDH105001,144FOC/F1000462/F1000464,True,True,True
T1002026,FDH105001,144FOC/F1000462/F1000464,True,True,True
T1002027,FDH105001,144FOC/F1000462/F1000464,True,True,True
T1002028,FDH105001,144FOC/F1000462/F1000464,True,True,True
T1002029,FDH105001,144FOC/F1000490/F1000462,True,True,True
T1002030,FDH105001,144FOC/F1000462/F1000464,True,True,True
T1002031,FDH105003,288FOC/F1000460/F1000470,True,True,True
T1002032,FDH105003,288FOC/F1000460/F1000470,True,True,True
T1002034,FDH105001,144FOC/F1000463/F1000490,True,True,True
T1002038,FDH105002,288FOC/F1000469/F1000470,True,True,True
T1002039,FDH105002,288FOC/F1000469/F1000470,True,True,True
T1002040,FDH105002,288FOC/F1000469/F1000470,True,True,True
T1002041,FDH105002,288FOC/F1000469/F1000470,True,True,True
T1002042,FDH105002,288FOC/F1000469/F1000470,True,True,True
T1002043,FDH105002,48FOC/F1000469/T1002047,True,True,True
T1002044,FDH105002,96FOC/F1000469/F1000471,True,True,True
T1002045,FDH105002,96FOC/F1000469/F1000471,True,True,True
T1002046,FDH105002,48FOC/F1000469/T1002047,True,True,True
T1002047,FDH105002,48FOC/F1000469/T1002047,True,True,True
T1002048,FDH105002,96FOC/F1000469/F1000471,True,True,True
T1002049,FDH105002,96FOC/F1000469/F1000471,True,True,True
T1002050,FDH105002,96FOC/F1000469/F1000471,True,True,True
T1002051,FDH105002,96FOC/F1000469/F1000471,True,True,True
T1002052,FDH105002,48FOC/F1000471/T1002055,True,True,True
T1002053,FDH105002,48FOC/F1000471/T1002055,True,True,True
T1002054,FDH105002,48FOC/F1000471/T1002055,True,True,True
T1002055,FDH105002,48FOC/F1000471/T1002055,True,True,True
T1002056,FDH105003,48FOC/T1002056/F1000514,True,True,True
T1002057,FDH105003,48FOC/F1000473/T1002064,True,True,True
T1002058,FDH105003,48FOC/T1002056/F1000514,True,True,True
T1002059,FDH105003,48FOC/F1000473/T1002064,True,True,True
T1002060,FDH105003,288FOC/F1000472/F1000473,True,True,True
T1002061,FDH105003,48FOC/T1002056/F1000514,True,True,True
T1002062,FDH105003,48FOC/F1000473/T1002064,True,True,True
T1002063,FDH105003,48FOC/F1000473/T1002064,True,True,True
T1002064,FDH105003,48FOC/F1000473/T1002064,True,True,True
T1002065,FDH105003,48FOC/T1002056/F1000514,True,True,True
T1002066,FDH105003,48FOC/T1002056/F1000514,True,True,True
T1002067,FDH105003,288FOC/F1000460/F1000514,True,True,True
T1002068,FDH105003,288FOC/F1000473/F1000537,True,True,True
T1002069,FDH105003,288FOC/F1000473/F1000537,True,True,True
T1002070,FDH105003,288FOC/F1000514/F1000472,True,True,True
T1002072,FDH105004,144FOC/F1000480/F1000476,True,True,True
T1002073,FDH105004,144FOC/F1000480/F1000476,True,True,True
T1002074,FDH105004,288FOC/F1000476/F1000477,True,True,True
T1002075,FDH105004,144FOC/F1000477/F1000478,True,True,True
T1002076,FDH105004,144FOC/F1000477/F1000478,True,True,True
T1002077,FDH105004,144FOC/F1000477/F1000478,True,True,True
T1002078,FDH105004,96FOC/F1000481/F1000482,True,True,True
T1002079,FDH105004,96FOC/F1000481/F1000482,True,True,True
T1002080,FDH105004,96FOC/F1000481/F1000482,True,True,True
T1002081,FDH105004,96FOC/F1000481/F1000482,True,True,True
T1002082,FDH105004,96FOC/F1000481/F1000482,True,True,True
T1002083,FDH105004,96FOC/F1000481/F1000482,True,True,True
T1002084,FDH105004,96FOC/F1000481/F1000482,True,True,True
T1002085,FDH105004,96FOC/F1000481/F1000482,True,True,True
T1002086,FDH105004,144FOC/F1000476/F1000481,True,True,True
T1002087,FDH105004,288FOC/F1000476/F1000477,True,True,True
T1002088,FDH105004,144FOC/F1000477/F1000478,True,True,True
T1002089,FDH105005,144FOC/F1000489/F1000508,True,True,True
T1002090,FDH105005,144FOC/F1000489/F1000508,True,True,True
T1002091,FDH105005,144FOC/F1000489/F1000508,True,True,True
T1002096,FDH105005,144FOC/F1000488/F1000489,True,True,True
T1002097,FDH105005,144FOC/F1000488/F1000489,True,True,True
T1002098,FDH105005,144FOC/F1000487/F1000488,True,True,True
T1002099,FDH105005,144FOC/F1000487/F1000488,True,True,True
T1002100,FDH105005,144FOC/F1000487/F1000488,True,True,True
T1002101,FDH105005,48FOC/F1000487/T1002102,True,True,True
T1002102,FDH105005,48FOC/F1000487/T1002102,True,True,True
T1002103,FDH105005,48FOC/F1000487/T1002102,True,True,True
T1002104,FDH105005,144FOC/F1000487/F1000350,True,True,True
T1002105,FDH105005,144FOC/F1000487/F1000350,True,True,True
T1002106,FDH105005,144FOC/F1000487/F1000350,True,True,True
T1002107,FDH105005,144FOC/F1000486/F1000487,True,True,True
T1002108,FDH105005,144FOC/F1000486/F1000487,True,True,True
T1002109,FDH105005,144FOC/F1000486/F1000487,True,True,True
T1002110,FDH105005,144FOC/F1000486/F1000487,True,True,True
T1002111,FDH105005,48FOC/F1000486/T1002111,True,True,True
T1002112,FDH105005,48FOC/F1000486/T1002111,True,True,True
T1002113,FDH105005,48FOC/F1000486/T1002111,True,True,True
T1002114,FDH105005,48FOC/F1000486/T1002111,True,True,True
T1002115,FDH105005,48FOC/F1000486/T1002111,True,True,True
T1002116,FDH105005,48FOC/F1000486/T1002111,True,True,True
T1002117,FDH105005,96FOC/F1000486/F1000561,True,True,True
T1002118,FDH105005,96FOC/F1000486/F1000561,True,True,True
T1002119,FDH105005,96FOC/F1000491/F1000492,True,True,True
T1002120,FDH105005,96FOC/F1000491/F1000492,True,True,True
T1002121,FDH105005,96FOC/F1000491/F1000492,True,True,True
T1002131,FDH105005,96FOC/F1000561/F1000491,True,True,True
T1002132,FDH105006,144FOC/F1000504/F1000497,True,True,True
T1002133,FDH105006,144FOC/F1000504/F1000497,True,True,True
T1002134,FDH105006,144FOC/F1000497/F1000498,True,True,True
T1002135,FDH105006,144FOC/F1000497/F1000498,True,True,True
T1002136,FDH105006,144FOC/F1000498/F1000500,True,True,True
T1002137,FDH105006,144FOC/F1000500/F1000478,True,True,True
T1002138,FDH105006,144FOC/F1000500/F1000478,True,True,True
T1002139,FDH105006,144FOC/F1000505/F1000502,True,True,True
T1002140,FDH105006,144FOC/F1000505/F1000502,True,True,True
T1002141,FDH105006,144FOC/F1000505/F1000502,True,True,True
T1002142,FDH105006,144FOC/F1000505/F1000502,True,True,True
T1002143,FDH105006,288FOC/F1000505/F1000504,True,True,True
T1002144,FDH105006,144FOC/F1000505/F1000499,True,True,True
T1002145,FDH105006,144FOC/F1000505/F1000499,True,True,True
T1002146,FDH105006,144FOC/F1000505/F1000499,True,True,True
T1002147,FDH105006,144FOC/F1000505/F1000499,True,True,True
T1002148,FDH105006,144FOC/F1000505/F1000499,True,True,True
T1002149,FDH105006,144FOC/F1000505/F1000499,True,True,True
T1002150,FDH105006,144FOC/F1000499/F1000501,True,True,True
T1002151,FDH105006,144FOC/F1000499/F1000501,True,True,True
T1002152,FDH105006,48FOC/F1000496/T1002152,True,True,True
T1002153,FDH105006,48FOC/F1000496/T1002152,True,True,True
T1002154,FDH105006,48FOC/F1000496/T1002152,True,True,True
T1002155,FDH105006,48FOC/F1000496/T1002152,True,True,True
T1002156,FDH105006,48FOC/F1000496/T1002152,True,True,True
T1002157,FDH105006,48FOC/F1000501/F1000494,True,True,True
T1002158,FDH105006,48FOC/F1000501/F1000494,True,True,True
T1002159,FDH105006,48FOC/F1000494/T1002159,True,True,True
T1002160,FDH105006,48FOC/F1000494/T1002159,True,True,True
T1002161,FDH105006,48FOC/F1000494/T1002159,True,True,True
T1002162,FDH105006,48FOC/F1000501/F1000494,True,True,True
T1002163,FDH105004,144FOC/F1000506/F1000480,True,True,True
T1002164,FDH105005,144FOC/F1000506/F1000508,True,True,True
T1002165,FDH105005,144FOC/F1000506/F1000508,True,True,True
T1002166,FDH105004,288FOC/F1000462/F1000506,True,True,True
T1002167,FDH105004,144FOC/F1000506/F1000480,True,True,True
T1002168,FDH105004,288FOC/F1000462/F1000506,True,True,True
T1002169,FDH105007,96FOC/F1000518/F1000520,True,True,True
T1002170,FDH105007,96FOC/F1000518/F1000520,True,True,True
T1002171,FDH105007,96FOC/F1000518/F1000520,True,True,True
T1002172,FDH105007,96FOC/F1000518/F1000520,True,True,True
T1002173,FDH105007,96FOC/F1000518/F1000520,True,True,True
T1002174,FDH105007,96FOC/F1000520/F1000519,True,True,True
T1002175,FDH105007,96FOC/F1000520/F1000519,True,True,True
T1002176,FDH105007,96FOC/F1000520/F1000519,True,True,True
T1002177,FDH105007,96FOC/F1000520/F1000519,True,True,True
T1002178,FDH105007,48FOC/F1000519/T1002179,True,True,True
T1002179,FDH105007,48FOC/F1000519/T1002179,True,True,True
T1002180,FDH105007,48FOC/F1000521/F1000522,True,True,True
T1002181,FDH105007,48FOC/F1000521/F1000522,True,True,True
T1002182,FDH105007,48FOC/F1000521/F1000522,True,True,True
T1002183,FDH105007,48FOC/F1000521/F1000522,True,True,True
T1002184,FDH105007,48FOC/F1000521/F1000524,True,True,True
T1002185,FDH105007,48FOC/F1000521/F1000524,True,True,True
T1002186,FDH105007,48FOC/F1000521/F1000524,True,True,True
T1002187,FDH105007,48FOC/F1000524/F1000525,True,True,True
T1002188,FDH105008,48FOC/F1000530/T1002188,True,True,True
T1002189,FDH105008,48FOC/F1000529/T1002189,True,True,True
T1002190,FDH105008,48FOC/F1000529/T1002189,True,True,True
T1002191,FDH105008,96FOC/F1000528/F1000529,True,True,True
T1002192,FDH105008,96FOC/F1000528/F1000529,True,True,True
T1002193,FDH105008,96FOC/F1000528/F1000529,True,True,True
T1002194,FDH105008,96FOC/F1000527/F1000528,True,True,True
T1002195,FDH105008,96FOC/F1000527/F1000528,True,True,True
T1002196,FDH105008,144FOC/F1000526/F1000527,True,True,True
T1002197,FDH105008,288FOC/F1000526/F1000531,True,True,True
T1002198,FDH105008,144FOC/F1000526/F1000527,True,True,True
T1002199,FDH105008,96FOC/F1000526/F1000530,True,True,True
T1002200,FDH105008,48FOC/F1000530/T1002188,True,True,True
T1002201,FDH105008,48FOC/F1000530/T1002188,True,True,True
T1002202,FDH105008,48FOC/F1000530/T1002188,True,True,True
T1002203,FDH105008,96FOC/F1000526/F1000530,True,True,True
T1002204,FDH105008,96FOC/F1000530/F1000517,True,True,True
T1002205,FDH105008,96FOC/F1000530/F1000517,True,True,True
T1002206,FDH105008,96FOC/F1000528/F1000529,True,True,True
T1002207,FDH105008,288FOC/F1000526/F1000531,True,True,True
T1002208,FDH105008,144FOC/F1000526/F1000527,True,True,True
T1002209,FDH105008,288FOC/F1000526/F1000531,True,True,True
T1002210,FDH105008,144FOC/F1000526/F1000527,True,True,True
T1002214,FDH105010,144FOC/F1000552/F1000559,True,True,True
T1002215,FDH105010,144FOC/F1000552/F1000559,True,True,True
T1002217,FDH105010,288FOC/F1000549/F1000555,True,True,True
T1002218,FDH105010,288FOC/F1000549/F1000555,True,True,True
T1002219,FDH105010,144FOC/F1000555/F1000560,True,True,True
T1002223,FDH105010,48FOC/F1000549/T1002223,True,True,True
T1002224,FDH105010,48FOC/F1000555/F1000554,True,True,True
T1002225,FDH105010,48FOC/F1000554/F1000557,True,True,True
T1002226,FDH105010,48FOC/F1000549/T1002223,True,True,True
T1002227,FDH105010,48FOC/F1000555/F1000554,True,True,True
T1002011,FDH105008,96FOC/F1000537/F1000534,True,True,True
T1002229,FDH105008,96FOC/F1000534/F1000531,True,True,True
T1002230,FDH105008,96FOC/F1000534/F1000531,True,True,True
T1002231,FDH105008,96FOC/F1000534/F1000531,True,True,True
T1002232,FDH105008,48FOC/F1000531/T1002236,True,True,True
T1002233,FDH105008,48FOC/F1000531/T1002236,True,True,True
T1002234,FDH105008,48FOC/F1000531/T1002236,True,True,True
T1002235,FDH105008,48FOC/F1000531/T1002236,True,True,True
T1002236,FDH105008,48FOC/F1000531/T1002236,True,True,True
T1002237,FDH105009,48FOC/F1000533/T1002238,True,True,True
T1002238,FDH105009,48FOC/F1000533/T1002238,True,True,True
T1002239,FDH105009,96FOC/F1000538/F1000533,True,True,True
T1002240,FDH105009,96FOC/F1000538/F1000533,True,True,True
T1002241,FDH105009,96FOC/F1000538/F1000533,True,True,True
T1002242,FDH105009,96FOC/F1000538/F1000533,True,True,True
T1002243,FDH105009,96FOC/F1000536/F1000538,True,True,True
T1002244,FDH105009,96FOC/F1000536/F1000538,True,True,True
T1002245,FDH105009,48FOC/F1000533/T1002238,True,True,True
T1002246,FDH105008,288FOC/F1000473/F1000537,True,True,True
T1002247,FDH105008,144FOC/F1000537/F1000536,True,True,True
T1002248,FDH105008,144FOC/F1000537/F1000536,True,True,True
T1002249,FDH105008,144FOC/F1000537/F1000536,True,True,True
T1002250,FDH105008,144FOC/F1000537/F1000536,True,True,True
T1002251,FDH105009,288FOC/F1000536/F1000535,True,True,True
T1002252,FDH105009,288FOC/F1000536/F1000535,True,True,True
T1002253,FDH105009,288FOC/F1000536/F1000535,True,True,True
T1002254,FDH105009,288FOC/F1000536/F1000535,True,True,True
T1002256,FDH105008,48FOC/F1000531/T1002236,True,True,True
T1002257,FDH105010,144FOC/F1000543/F1000544,True,True,True
T1002258,FDH105009,48FOC/F1000539/T1002258,True,True,True
T1002259,FDH105009,144FOC/F1000512/F1000541,True,True,True
T1002260,FDH105009,144FOC/F1000512/F1000541,True,True,True
T1002261,FDH105009,144FOC/F1000541/F1000542,True,True,True
T1002262,FDH105009,144FOC/F1000540/F1000539,True,True,True
T1002263,FDH105009,144FOC/F1000540/F1000539,True,True,True
T1002264,FDH105009,48FOC/F1000539/F1000509,True,True,True
T1002265,FDH105010,144FOC/F1000539/F1000543,True,True,True
T1002266,FDH105010,144FOC/F1000539/F1000543,True,True,True
T1002267,FDH105010,144FOC/F1000539/F1000543,True,True,True
T1002268,FDH105010,144FOC/F1000539/F1000543,True,True,True
T1002269,FDH105010,144FOC/F1000543/F1000544,True,True,True
T1002270,FDH105010,144FOC/F1000543/F1000544,True,True,True
T1002271,FDH105010,144FOC/F1000543/F1000544,True,True,True
T1002272,FDH105010,144FOC/F1000544/F1000545,True,True,True
T1002273,FDH105010,144FOC/F1000544/F1000545,True,True,True
T1002274,FDH105010,144FOC/F1000544/F1000545,True,True,True
T1002279,FDH105009,48FOC/F1000539/F1000509,True,True,True
T1002280,FDH105009,48FOC/F1000539/F1000509,True,True,True
T1002281,FDH105009,48FOC/F1000539/F1000509,True,True,True
T1002282,FDH105009,48FOC/F1000539/F1000509,True,True,True
T1002285,FDH105007,144FOC/F1000519/F1000521,True,True,True
T1002286,FDH105002,288FOC/F1000469/F1000470,True,True,True
T1002349,FDH105007,96FOC/F1000521/F1000566,True,True,True
T1002397,FDH105009,48FOC/F1000509/T1002415,True,True,True
T1002398,FDH105009,48FOC/F1000509/T1002415,True,True,True
T1002222,FDH105007,96FOC/F1000521/F1000566,True,True,True
T1002275,FDH105007,96FOC/F1000566/F1000565,True,True,True
T1002277,FDH105007,96FOC/F1000565/F1000564,True,True,True
T1002386,FDH105007,96FOC/F1000565/F1000564,True,True,True
T1002391,FDH105007,96FOC/F1000565/F1000564,True,True,True
T1002392,FDH105007,96FOC/F1000564/F1000562,True,True,True
T1002396,FDH105007,96FOC/F1000564/F1000562,True,True,True
T1002405,FDH105007,48FOC/F1000562/F1000563,True,True,True
T1002406,FDH105007,48FOC/F1000562/F1000563,True,True,True
T1002407,FDH105007,48FOC/F1000562/F1000563,True,True,True
T1002408,FDH105007,48FOC/F1000562/F1000563,True,True,True
T1002409,FDH105007,48FOC/F1000563/T1002411,True,True,True
T1002410,FDH105007,48FOC/F1000563/T1002411,True,True,True
T1002411,FDH105007,48FOC/F1000563/T1002411,True,True,True
T1002364,FDH105010,48FOC/F1000550/T1002365,True,True,True
T1002365,FDH105010,48FOC/F1000550/T1002365,True,True,True
T1002228,FDH105008,96FOC/F1000537/F1000534,True,True,True
T1002415,FDH105009,48FOC/F1000509/T1002415,True,True,True
T1002416,FDH105005,144FOC/F1000506/F1000508,True,True,True
T1002417,FDH105005,144FOC/F1000488/F1000489,True,True,True
T1000491,FDH102002,144FOC/F1000128/F1000117,True,True,True
T1000492,FDH102002,144FOC/F1000130/F1000128,True,True,True
T1000493,FDH102002,144FOC/F1000130/F1000128,True,True,True
T1000494,FDH102002,144FOC/F1000130/F1000128,True,True,True
T1000500,FDH102001,144FOC/F1000129/T1000500,True,True,True
T1000501,FDH102001,144FOC/F1000129/T1000500,True,True,True
T1000502,FDH102001,144FOC/F1000129/T1000500,True,True,True
T1000503,FDH102001,144FOC/F1000129/T1000500,True,True,True
T1000504,FDH102001,144FOC/F1000129/T1000500,True,True,True
T1000505,FDH102001,144FOC/F1000129/T1000500,True,True,True
T1000506,FDH102001,48FOC/F1000129/T1000508,True,True,True
T1000507,FDH102001,48FOC/F1000129/T1000508,True,True,True
T1000508,FDH102001,48FOC/F1000129/T1000508,True,True,True
T1000509,FDH102001,48FOC/F1000129/T1000508,True,True,True
T1000510,FDH102001,48FOC/F1000129/T1000508,True,True,True
T1000512,FDH102001,48FOC/F1000129/T1000508,True,True,True
T1000513,FDH102001,144FOC/F1000129/T1000500,True,True,True
T1000514,FDH102002,144FOC/F1000128/F1000117,True,True,True
T1000517,FDH102002,144FOC/F1000130/F1000128,True,True,True
T1000518,FDH102002,288FOC/F1000120/F1000124,True,True,True
T1000519,FDH102002,288FOC/F1000120/F1000124,True,True,True
T1000520,FDH102002,288FOC/F1000126/F1000124,True,True,True
T1000521,FDH102002,288FOC/F1000126/F1000124,True,True,True
T1000522,FDH102002,288FOC/F1000126/F1000124,True,True,True
T1000523,FDH102002,288FOC/F1000126/F1000124,True,True,True
T1000524,FDH102002,288FOC/F1000126/F1000124,True,True,True
T1000525,FDH102002,288FOC/F1000126/F1000116,True,True,True
T1000526,FDH102002,288FOC/F1000126/F1000116,True,True,True
T1000527,FDH102002,288FOC/F1000116/F1000117,True,True,True
T1000528,FDH102002,288FOC/F1000116/F1000117,True,True,True
T1000529,FDH102002,288FOC/F1000117/F1000134,True,True,True
T1000530,FDH102002,288FOC/F1000117/F1000134,True,True,True
T1000531,FDH102002,288FOC/F1000117/F1000134,True,True,True
T1000537,FDH102002,288FOC/F1000120/F1000124,True,True,True
T1000538,FDH102002,144FOC/F1000120/F1000125,True,True,True
T1000543,FDH102002,144FOC/F1000125/F1000119,True,True,True
T1000545,FDH102002,48FOC/F1000123/T1000552,True,True,True
T1000546,FDH102002,48FOC/F1000123/T1000552,True,True,True
T1000550,FDH102002,48FOC/F1000123/T1000552,True,True,True
T1000551,FDH102002,48FOC/F1000123/T1000552,True,True,True
T1000552,FDH102002,48FOC/F1000123/T1000552,True,True,True
T1000557,FDH102002,288FOC/F1000152/F1000134,True,True,True
T1000561,FDH102009,144FOC/F1000135/F1000154,True,True,True
T1000562,FDH102009,144FOC/F1000135/F1000154,True,True,True
T1000563,FDH102004,144FOC/F1000135/F1000154,True,True,True
T1000564,FDH102004,144FOC/F1000135/F1000136,True,True,True
T1000565,FDH102004,144FOC/F1000135/F1000136,True,True,True
T1000566,FDH102004,144FOC/F1000135/F1000136,True,True,True
T1000567,FDH102004,144FOC/F1000136/F1000137,True,True,True
T1000568,FDH102004,144FOC/F1000136/F1000137,True,True,True
T1000569,FDH102004,144FOC/F1000136/F1000137,True,True,True
T1000570,FDH102004,144FOC/F1000136/F1000137,True,True,True
T1000571,FDH102004,96FOC/F1000135/F1000138,True,True,True
T1000572,FDH102004,96FOC/F1000135/F1000138,True,True,True
T1000573,FDH102004,96FOC/F1000135/F1000138,True,True,True
T1000574,FDH102004,48FOC/F1000138/F1000139,True,True,True
T1000575,FDH102004,48FOC/F1000138/F1000139,True,True,True
T1000576,FDH102004,48FOC/F1000138/F1000139,True,True,True
T1000581,FDH102004,96FOC/F1000137/F1000141,True,True,True
T1000582,FDH102004,96FOC/F1000137/F1000141,True,True,True
T1000583,FDH102004,96FOC/F1000137/F1000141,True,True,True
T1000584,FDH102004,96FOC/F1000137/F1000141,True,True,True
T1000585,FDH102004,96FOC/F1000137/F1000141,True,True,True
T1000586,FDH102004,48FOC/F1000141/T1000589,True,True,True
T1000587,FDH102004,48FOC/F1000141/T1000589,True,True,True
T1000588,FDH102004,48FOC/F1000141/T1000589,True,True,True
T1000589,FDH102004,48FOC/F1000141/T1000589,True,True,True
T1000590,FDH102004,96FOC/F1000219/F1000137,True,True,True
T1000591,FDH102003,96FOC/F1000219/F1000137,True,True,True
T1000592,FDH102003,96FOC/F1000219/F1000137,True,True,True
T1000593,FDH102003,96FOC/F1000219/F1000137,True,True,True
T1000594,FDH102003,96FOC/F1000219/F1000137,True,True,True
T1000596,FDH102003,144FOC/F1000219/F1000142,False,True,False
T1000597,FDH102003,144FOC/F1000219/F1000142,False,True,False
T1000598,FDH102003,144FOC/F1000219/F1000142,False,True,False
T1000599,FDH102003,144FOC/F1000219/F1000142,False,True,False
T1000600,FDH102003,96FOC/F1000142/F1000143,True,True,True
T1000601,FDH102003,96FOC/F1000142/F1000143,True,True,True
T1000602,FDH102003,96FOC/F1000143/F1000144,True,True,True
T1000603,FDH102003,48FOC/F1000144/F1000145,True,True,True
T1000605,FDH102003,96FOC/F1000143/F1000144,True,True,True
T1000606,FDH102003,96FOC/F1000143/F1000144,True,True,True
T1000607,FDH102003,48FOC/F1000144/F1000145,True,True,True
T1000608,FDH102003,48FOC/F1000145/F1000147,True,True,True
T1000609,FDH102003,48FOC/F1000145/F1000147,True,True,True
T1000610,FDH102003,48FOC/F1000145/F1000147,True,True,True
T1000613,FDH102003,288FOC/F1000150/F1000219,True,True,True
T1000614,FDH102003,48FOC/F1000145/F1000147,True,True,True
T1000615,FDH102003,288FOC/F1000151/F1000152,True,True,True
T1000616,FDH102002,288FOC/F1000152/F1000134,True,True,True
T1000617,FDH102003,48FOC/F1000152/T1000619,True,True,True
T1000618,FDH102003,48FOC/F1000152/T1000619,True,True,True
T1000619,FDH102003,48FOC/F1000152/T1000619,True,True,True
T1000620,FDH102003,48FOC/F1000152/T1000619,True,True,True
T1000621,FDH102003,288FOC/F1000151/F1000152,True,True,True
T1000622,FDH102003,288FOC/F1000151/F1000152,True,True,True
T1000623,FDH102003,288FOC/F1000151/F1000152,True,True,True
T1000624,FDH102003,288FOC/F1000148/F1000151,True,True,True
T1000625,FDH102003,288FOC/F1000148/F1000151,True,True,True
T1000626,FDH102003,288FOC/F1000148/F1000151,True,True,True
T1000627,FDH102003,288FOC/F1000148/F1000149,True,True,True
T1000628,FDH102003,144FOC/F1000148/F1000214,True,True,True
T1000629,FDH102003,144FOC/F1000148/F1000214,True,True,True
T1000630,FDH102003,144FOC/F1000148/F1000214,True,True,True
T1000631,FDH102003,144FOC/F1000148/F1000214,True,True,True
T1000632,FDH102003,288FOC/F1000148/F1000149,True,True,True
T1000633,FDH102003,288FOC/F1000148/F1000149,True,True,True
T1000634,FDH102003,288FOC/F1000149/F1000150,True,True,True
T1000635,FDH102003,288FOC/F1000149/F1000150,True,True,True
T1000636,FDH102003,288FOC/F1000149/F1000150,True,True,True
T1000637,FDH102003,96FOC/F1000219/F1000137,True,True,True
T1000639,FDH102005,144FOC/F1000173/F1000167,True,True,True
T1000640,FDH102005,144FOC/F1000173/F1000167,True,True,True
T1000641,FDH102005,288FOC/F1000169/F1000173,True,True,True
T1000642,FDH102005,288FOC/F1000169/F1000173,True,True,True
T1000643,FDH102005,288FOC/F1000169/F1000173,True,True,True
T1000644,FDH102005,288FOC/F1000169/F1000173,True,True,True
T1000645,FDH102005,288FOC/F1000169/F1000173,True,True,True
T1000646,FDH102005,288FOC/F1000169/F1000173,True,True,True
T1000647,FDH102005,144FOC/F1000169/F1000170,True,True,True
T1000648,FDH102005,144FOC/F1000169/F1000170,True,True,True
T1000649,FDH102005,144FOC/F1000169/F1000170,True,True,True
T1000650,FDH102005,144FOC/F1000170/F1000214,True,True,True
T1000651,FDH102005,144FOC/F1000170/F1000214,True,True,True
T1000652,FDH102003,144FOC/F1000170/F1000214,True,True,True
T1000653,FDH102003,144FOC/F1000148/F1000214,True,True,True
T1000656,FDH102005,144FOC/F1000173/F1000167,True,True,True
T1000658,FDH102005,48FOC/F1000173/F1000171,True,True,True
T1000663,FDH102006,48FOC/F1000215/T1000672,True,True,True
T1000664,FDH102006,48FOC/F1000215/T1000672,True,True,True
T1000670,FDH102005,144FOC/F1000173/F1000167,True,True,True
T1000672,FDH102006,48FOC/F1000215/T1000672,True,True,True
T1000673,FDH102006,144FOC/F1000220/F1000215,True,True,True
T1000674,FDH102006,144FOC/F1000215/T1000678,True,True,True
T1000675,FDH102006,144FOC/F1000215/T1000678,True,True,True
T1000676,FDH102006,144FOC/F1000215/T1000678,True,True,True
T1000677,FDH102006,144FOC/F1000215/T1000678,True,True,True
T1000678,FDH102006,144FOC/F1000215/T1000678,True,True,True
T1000679,FDH102006,48FOC/F1000168/T1000679,True,True,True
T1000680,FDH102006,48FOC/F1000168/T1000679,True,True,True
T1000681,FDH102006,48FOC/F1000168/T1000679,True,True,True
T1000682,FDH102006,48FOC/F1000220/T1000684,True,True,True
T1000683,FDH102006,48FOC/F1000220/T1000684,True,True,True
T1000684,FDH102006,48FOC/F1000220/T1000684,True,True,True
T1000685,FDH102006,144FOC/F1000168/F1000220,True,True,True
T1000686,FDH102006,144FOC/F1000167/F1000168,True,True,True
T1000687,FDH102006,144FOC/F1000220/F1000215,True,True,True
T1000688,FDH102018,144FOC/F1000165/F1000166,True,True,True
T1000690,FDH102018,96FOC/F1000166/T1000690,True,True,True
T1000691,FDH102018,96FOC/F1000166/T1000690,True,True,True
T1000692,FDH102018,96FOC/F1000166/T1000690,True,True,True
T1000693,FDH102018,96FOC/F1000166/T1000690,True,True,True
T1000694,FDH102018,144FOC/F1000165/F1000166,True,True,True
T1000695,FDH102018,144FOC/F1000165/F1000166,True,True,True
T1000696,FDH102018,144FOC/F1000165/F1000166,True,True,True
T1000698,FDH102006,144FOC/F1000173/F1000167,True,True,True
T1000699,FDH102006,48FOC/F1000167/T1000701,True,True,True
T1000700,FDH102006,48FOC/F1000167/T1000701,True,True,True
T1000701,FDH102006,48FOC/F1000167/T1000701,True,True,True
T1000704,FDH102018,96FOC/F1000166/T1000690,True,True,True
T1000705,FDH102018,96FOC/F1000166/T1000690,True,True,True
T1000706,FDH102007,48FOC/T1000771/F1000160,True,True,True
T1000710,FDH102008,48FOC/F1000162/F1000164,True,True,True
T1000711,FDH102008,48FOC/F1000162/T1000715,True,True,True
T1000712,FDH102008,96FOC/F1000162/F1000161,True,True,True
T1000713,FDH102008,96FOC/F1000162/F1000161,True,True,True
T1000714,FDH102017,96FOC/F1000162/F1000161,True,True,True
T1000715,FDH102008,48FOC/F1000162/T1000715,True,True,True
T1000716,FDH102008,144FOC/F1000163/T1000764,True,True,True
T1000719,FDH102008,144FOC/F1000163/T1000764,True,True,True
T1000720,FDH102008,144FOC/F1000163/T1000764,True,True,True
T1000724,FDH102008,96FOC/F1000160/F1000163,True,True,True
T1000725,FDH102008,288FOC/F1000163/F1000162,True,True,True
T1000726,FDH102008,288FOC/F1000163/F1000162,True,True,True
T1000727,FDH102008,48FOC/F1000162/F1000164,True,True,True
T1000728,FDH102008,144FOC/F1000163/T1000764,True,True,True
T1000730,FDH102007,96FOC/F1000160/F1000163,True,True,True
T1000731,FDH102007,96FOC/F1000160/F1000163,True,True,True
T1000733,FDH102008,96FOC/F1000160/F1000163,True,True,True
T1000734,FDH102008,96FOC/F1000160/F1000163,True,True,True
T1000735,FDH102007,48FOC/T1000771/F1000160,True,True,True
T1000737,FDH102017,144FOC/F1000174/F1000161,True,True,True
T1000739,FDH102017,144FOC/F1000174/F1000161,True,True,True
T1000740,FDH102017,144FOC/F1000174/F1000161,True,True,True
T1000741,FDH102017,144FOC/F1000174/F1000161,True,True,True
T1000742,FDH102017,144FOC/F1000174/F1000161,True,True,True
T1000743,FDH102017,144FOC/F1000174/F1000161,True,True,True
T1000744,FDH102017,96FOC/F1000174/T1000859,True,True,True
T1000745,FDH102017,96FOC/F1000174/T1000859,True,True,True
T1000746,FDH102017,144FOC/F1000174/T1000816,True,True,True
T1000747,FDH102017,144FOC/F1000174/T1000816,True,True,True
T1000748,FDH102017,144FOC/F1000174/T1000816,True,True,True
T1000749,FDH102017,144FOC/F1000174/T1000816,True,True,True
T1000750,FDH102017,144FOC/F1000174/T1000816,True,True,True
T1000751,FDH102017,144FOC/F1000174/T1000816,True,True,True
T1000752,FDH102017,144FOC/F1000174/T1000816,True,True,True
T1000753,FDH102017,144FOC/F1000174/T1000816,True,True,True
T1000757,FDH102006,288FOC/F1000160/F1000165,True,True,True
T1000758,FDH102006,288FOC/F1000160/F1000165,True,True,True
T1000760,FDH102006,288FOC/F1000160/F1000165,True,True,True
T1000762,FDH102006,288FOC/F1000160/F1000165,True,True,True
T1000763,FDH102006,288FOC/F1000160/F1000165,True,True,True
T1000764,FDH102008,144FOC/F1000163/T1000764,True,True,True
T1000766,FDH102008,48FOC/F1000162/F1000164,True,True,True
T1000767,FDH102008,48FOC/F1000162/F1000164,True,True,True
T1000769,FDH102017,144FOC/F1000174/F1000161,True,True,True
T1000771,FDH102007,48FOC/T1000771/F1000160,True,True,True
T1000773,FDH102009,48FOC/F1000154/T1000777,True,True,True
T1000774,FDH102009,48FOC/F1000154/T1000777,True,True,True
T1000775,FDH102009,48FOC/F1000154/T1000777,True,True,True
T1000776,FDH102009,48FOC/F1000154/T1000777,True,True,True
T1000777,FDH102009,48FOC/F1000154/T1000777,True,True,True
T1000778,FDH102009,144FOC/F1000153/F1000154,True,True,True
T1000779,FDH102009,144FOC/F1000153/F1000154,True,True,True
T1000780,FDH102009,144FOC/F1000153/F1000154,True,True,True
T1000781,FDH102009,144FOC/F1000153/F1000154,True,True,True
T1000782,FDH102009,144FOC/F1000153/F1000155,True,True,True
T1000783,FDH102009,144FOC/F1000153/F1000155,True,True,True
T1000784,FDH102009,144FOC/F1000153/F1000155,True,True,True
T1000785,FDH102009,144FOC/F1000153/F1000155,True,True,True
T1000786,FDH102009,144FOC/F1000153/F1000155,True,True,True
T1000787,FDH102009,48FOC/F1000155/T1000790,True,True,True
T1000788,FDH102009,48FOC/F1000155/T1000790,True,True,True
T1000789,FDH102009,48FOC/F1000155/T1000790,True,True,True
T1000790,FDH102009,48FOC/F1000155/T1000790,True,True,True
T1000792,FDH102009,144FOC/F1000135/F1000154,True,True,True
T1000793,FDH102009,144FOC/F1000135/F1000154,True,True,True
T1000794,FDH102010,96FOC/F1000157/F1000159,True,True,True
T1000795,FDH102010,96FOC/F1000159/F1000156,True,True,True
T1000797,FDH102010,96FOC/F1000159/F1000156,True,True,True
T1000798,FDH102010,96FOC/F1000159/F1000156,True,True,True
T1000799,FDH102010,96FOC/F1000159/F1000156,True,True,True
T1000800,FDH102010,48FOC/F1000156/F1000217,True,True,True
T1000801,FDH102010,48FOC/F1000156/F1000217,True,True,True
T1000802,FDH102010,96FOC/F1000157/F1000159,True,True,True
T1000803,FDH102010,96FOC/F1000157/F1000159,True,True,True
T1000804,FDH102010,96FOC/F1000157/F1000159,True,True,True
T1000805,FDH102010,96FOC/F1000158/F1000157,True,True,True
T1000806,FDH102010,96FOC/F1000158/F1000157,True,True,True
T1000807,FDH102010,96FOC/F1000158/F1000157,True,True,True
T1000808,FDH102010,96FOC/F1000158/F1000157,True,True,True
T1000815,FDH102014,144FOC/F1000100/F1000204,True,True,True
T1000817,FDH102016,288FOC/F1000208/F1000140,True,True,True
T1000819,FDH102016,288FOC/F1000208/F1000140,True,True,True
T1000820,FDH102011,48FOC/T1000866/F1000181,True,True,True
T1000822,FDH102011,48FOC/F1000195/T1000882,True,True,True
T1000824,FDH102014,48FOC/F1000204/T1000835,True,True,True
T1000835,FDH102014,48FOC/F1000204/T1000835,True,True,True
T1000838,FDH102014,288FOC/F1000176/F1000198,True,True,True
T1000839,FDH102014,288FOC/F1000176/F1000198,True,True,True
T1000841,FDH102014,144FOC/F1000100/F1000204,True,True,True
T1000845,FDH102015,96FOC/F1000133/T1000845,True,True,True
T1000846,FDH102016,288FOC/F1000208/F1000140,True,True,True
T1000849,FDH102014,288FOC/F1000212/F1000198,True,True,True
T1000850,FDH102014,144FOC/F1000189/F1000212,True,True,True
T1000851,FDH102012,144FOC/F1000189/F1000188,True,True,True
T1000852,FDH102012,144FOC/F1000194/F1000189,True,True,True
T1000853,FDH102013,144FOC/F1000190/F1000194,True,True,True
T1000854,FDH102013,144FOC/F1000190/F1000194,True,True,True
T1000855,FDH102013,144FOC/F1000191/F1000190,True,True,True
T1000856,FDH102013,144FOC/F1000191/F1000190,True,True,True
T1000857,FDH102013,144FOC/F1000192/F1000191,True,True,True
T1000858,FDH102012,48FOC/F1000194/F1000209,True,True,True
T1000860,FDH102013,96FOC/F1000193/T1000864,True,True,True
T1000862,FDH102013,144FOC/F1000192/F1000191,True,True,True
T1000863,FDH102013,96FOC/F1000193/T1000864,True,True,True
T1000864,FDH102013,96FOC/F1000193/T1000864,True,True,True
T1000865,FDH102012,48FOC/F1000189/F1000211,True,True,True
T1000866,FDH102011,48FOC/T1000866/F1000181,True,True,True
T1000868,FDH102014,144FOC/F1000212/F1000186,True,True,True
T1000870,FDH102011,96FOC/F1000184/F1000210,True,True,True
T1000871,FDH102014,144FOC/F1000212/F1000186,True,True,True
T1000873,FDH102012,48FOC/F1000188/F1000121,True,True,True
T1000874,FDH102014,48FOC/F1000186/T1000876,True,True,True
T1000876,FDH102014,48FOC/F1000186/T1000876,True,True,True
T1000877,FDH102011,96FOC/F1000184/F1000210,True,True,True
T1000878,FDH102011,96FOC/F1000205/F1000178,True,True,True
T1000880,FDH102014,48FOC/F1000186/T1000944,True,True,True
T1000882,FDH102011,48FOC/F1000195/T1000882,True,True,True
T1000883,FDH102011,48FOC/F1000195/T1000882,True,True,True
T1000884,FDH102012,48FOC/F1000188/F1000121,True,True,True
T1000885,FDH102012,48FOC/F1000118/F1000185,True,True,True
T1000886,FDH102012,48FOC/F1000188/F1000121,True,True,True
T1000887,FDH102011,96FOC/F1000181/F1000185,True,True,True
T1000888,FDH102012,144FOC/F1000189/F1000188,True,True,True
T1000889,FDH102012,48FOC/F1000118/F1000185,True,True,True
T1000890,FDH102011,48FOC/T1000866/F1000181,True,True,True
T1000891,FDH102012,48FOC/F1000188/T1000971,True,True,True
T1000895,FDH102014,48FOC/F1000186/T1000876,True,True,True
T1000896,FDH102011,144FOC/F1000179/F1000218,True,True,True
T1000897,FDH102012,48FOC/F1000188/T1000971,True,True,True
T1000898,FDH102011,96FOC/F1000184/F1000210,True,True,True
T1000900,FDH102011,96FOC/F1000181/F1000184,True,True,True
T1000901,FDH102011,144FOC/F1000179/F1000218,True,True,True
T1000902,FDH102011,96FOC/F1000184/F1000210,True,True,True
T1000907,FDH102011,96FOC/F1000175/F1000179,True,True,True
T1000909,FDH102011,96FOC/F1000175/F1000179,True,True,True
T1000910,FDH102011,96FOC/F1000205/F1000178,True,True,True
T1000911,FDH102011,48FOC/F1000175/F1000195,True,True,True
T1000912,FDH102011,48FOC/F1000175/F1000195,True,True,True
T1000917,FDH102013,144FOC/F1000192/F1000191,True,True,True
T1000922,FDH102014,48FOC/F1000198/T1000923,False,True,False
T1000923,FDH102014,48FOC/F1000198/T1000923,False,True,False
T1000925,FDH102015,48FOC/T1000925/F1000203,True,True,True
T1000928,FDH102016,288FOC/F1000140/F1000213,True,True,True
T1000930,FDH102016,96FOC/F1000140/T1000932,True,True,True
T1000932,FDH102016,96FOC/F1000140/T1000932,True,True,True
T1000935,FDH102012,48FOC/F1000189/F1000211,True,True,True
T1000937,FDH102013,96FOC/F1000193/T1000864,True,True,True
T1000938,FDH102014,144FOC/F1000212/F1000186,True,True,True
T1000939,FDH102011,96FOC/F1000184/F1000210,True,True,True
T1000941,FDH102014,48FOC/F1000186/T1000876,True,True,True
T1000942,FDH102011,96FOC/F1000196/F1000177,True,True,True
T1000943,FDH102011,96FOC/F1000205/F1000178,True,True,True
T1000944,FDH102014,48FOC/F1000186/T1000944,True,True,True
T1000945,FDH102011,96FOC/F1000181/F1000185,True,True,True
T1000946,FDH102014,48FOC/F1000186/T1000944,True,True,True
T1000952,FDH102011,48FOC/T1000866/F1000181,True,True,True
T1000953,FDH102011,144FOC/F1000179/F1000218,True,True,True
T1000958,FDH102014,288FOC/F1000204/F1000176,True,True,True
T1000959,FDH102014,48FOC/F1000204/T1000835,True,True,True
T1000962,FDH102015,96FOC/F1000133/T1000845,True,True,True
T1000963,FDH102015,96FOC/F1000133/T1000845,True,True,True
T1000964,FDH102015,48FOC/T1000925/F1000203,True,True,True
T1000966,FDH102016,96FOC/F1000140/T1000932,True,True,True
T1000968,FDH102016,96FOC/F1000140/T1000932,True,True,True
T1000970,FDH102011,48FOC/T1000866/F1000181,True,True,True
T1000971,FDH102012,48FOC/F1000188/T1000971,True,True,True
T1000972,FDH102012,48FOC/F1000188/T1000971,True,True,True
T1000975,FDH102001,48FOC/F1000130/F1000127,True,True,True
T1000977,FDH102014,144FOC/F1000212/F1000186,True,True,True
T1000978,FDH102014,144FOC/F1000212/F1000186,True,True,True
T1000979,FDH102014,144FOC/F1000212/F1000186,True,True,True
T1000980,FDH102014,144FOC/F1000212/F1000186,True,True,True
T1000982,FDH102008,144FOC/F1000163/T1000764,True,True,True
T1000983,FDH102008,144FOC/F1000163/T1000764,True,True,True
T1000984,FDH102018,96FOC/F1000166/T1000690,True,True,True
T1000985,FDH102006,288FOC/F1000160/F1000165,True,True,True
T1000986,FDH102018,144FOC/F1000165/F1000166,True,True,True
T1000987,FDH102018,144FOC/F1000165/F1000166,True,True,True
T1000988,FDH102018,144FOC/F1000165/F1000166,True,True,True
T1000990,FDH102015,48FOC/T1000925/F1000203,True,True,True
T1000991,FDH102015,48FOC/T1000925/F1000203,True,True,True
T1000992,FDH102016,96FOC/F1000140/T1000932,True,True,True
T1000993,FDH102016,288FOC/F1000208/F1000140,True,True,True
T1000929,FDH102015,96FOC/F1000133/T1000845,True,True,True
T1000840,FDH102014,48FOC/F1000204/T1000835,True,True,True
T1000994,FDH102016,288FOC/F1000208/F1000140,True,True,True
T1000995,FDH102013,96FOC/F1000193/T1000864,True,True,True
T1000996,FDH102012,48FOC/F1000188/F1000121,True,True,True
T1000999,FDH102002,48FOC/F1000123/T1000552,True,True,True
T1000872,FDH102017,144FOC/F1000174/F1000161,True,True,True
T1000861,FDH102017,96FOC/F1000174/T1000859,True,True,True
T1000859,FDH102017,96FOC/F1000174/T1000859,True,True,True
T1000875,FDH102017,96FOC/F1000174/T1000859,True,True,True
T1000832,FDH102017,144FOC/F1000174/T1000816,True,True,True
T1000549,FDH102017,144FOC/F1000174/T1000816,True,True,True
T1000816,FDH102017,144FOC/F1000174/T1000816,True,True,True
T1000881,FDH102008,48FOC/F1000162/T1000715,True,True,True
T1000005,FDH101015,96FOC/F1000012/F1000008,True,True,True
T1000006,FDH101015,96FOC/F1000012/F1000008,True,True,True
T1000008,FDH101007,144FOC/F1000064/F1000012,True,True,True
T1000009,FDH101007,144FOC/F1000064/F1000012,True,True,True
T1000010,FDH101015,144FOC/F1000064/F1000012,True,True,True
T1000011,FDH101015,144FOC/F1000064/F1000012,True,True,True
T1000012,FDH101010,144FOC/F1000012/F1000002,True,True,True
T1000013,FDH101010,144FOC/F1000012/F1000002,True,True,True
T1000014,FDH101010,144FOC/F1000002/F1000003,True,True,True
T1000015,FDH101010,144FOC/F1000002/F1000003,True,True,True
T1000016,FDH101015,96FOC/F1000012/F1000008,True,True,True
T1000017,FDH101015,96FOC/F1000008/F1000007,True,True,True
T1000018,FDH101015,96FOC/F1000007/F1000009,True,True,True
T1000020,FDH101015,96FOC/F1000009/F1000005,True,True,True
T1000021,FDH101015,96FOC/F1000007/F1000009,True,True,True
T1000025,FDH101010,288FOC/F1000003/F1000102,True,True,True
T1000026,FDH101010,48FOC/F1000003/T1000029,True,True,True
T1000028,FDH101010,48FOC/F1000003/T1000029,True,True,True
T1000029,FDH101010,48FOC/F1000003/T1000029,True,True,True
T1000030,FDH101010,288FOC/F1000003/F1000102,True,True,True
T1000032,FDH101010,144FOC/F1000012/F1000002,True,True,True
T1000035,FDH101015,96FOC/F1000009/F1000005,True,True,True
T1000036,FDH101010,144FOC/F1000109/F1000102,True,True,True
T1000037,FDH101010,96FOC/F1000102/F1000004,True,True,True
T1000038,FDH101010,96FOC/F1000004/T1000040,True,True,True
T1000039,FDH101010,96FOC/F1000004/T1000040,True,True,True
T1000040,FDH101010,96FOC/F1000004/T1000040,True,True,True
T1000044,FDH101005,48FOC/F1000103/T1000044,True,True,True
T1000049,FDH101010,288FOC/F1000003/F1000102,True,True,True
T1000050,FDH101010,144FOC/F1000102/F1000103,True,True,True
T1000051,FDH101010,144FOC/F1000102/F1000103,True,True,True
T1000052,FDH101005,144FOC/F1000103/F1000107,True,True,True
T1000054,FDH101005,48FOC/F1000104/F1000106,True,True,True
T1000055,FDH101005,48FOC/F1000107/F1000104,True,True,True
T1000056,FDH101005,48FOC/F1000107/F1000104,True,True,True
T1000057,FDH101005,48FOC/F1000107/F1000104,True,True,True
T1000059,FDH101005,48FOC/F1000104/F1000106,True,True,True
T1000063,FDH101010,144FOC/F1000109/F1000110,True,True,True
T1000064,FDH101010,144FOC/F1000109/F1000110,True,True,True
T1000065,FDH101010,144FOC/F1000109/F1000110,True,True,True
T1000066,FDH101010,144FOC/F1000109/F1000110,True,True,True
T1000067,FDH101010,12FOC/F1000110/T1000067,True,True,True
T1000068,FDH101010,144FOC/F1000109/F1000102,True,True,True
T1000069,FDH101010,144FOC/F1000109/F1000102,True,True,True
T1000070,FDH101010,144FOC/F1000109/F1000102,True,True,True
T1000071,FDH101010,144FOC/F1000109/F1000102,True,True,True
T1000072,FDH101010,144FOC/F1000109/F1000102,True,True,True
T1000073,FDH101010,12FOC/F1000110/T1000067,True,True,True
T1000074,FDH101010,144FOC/F1000109/F1000102,True,True,True
T1000077,FDH101008,48FOC/F1000024/T1000082,True,True,True
T1000079,FDH101008,144FOC/F1000096/F1000026,True,True,True
T1000080,FDH101008,144FOC/F1000096/F1000026,True,True,True
T1000081,FDH101008,144FOC/F1000026/F1000024,True,True,True
T1000082,FDH101008,48FOC/F1000024/T1000082,True,True,True
T1000083,FDH101008,48FOC/F1000024/T1000082,True,True,True
T1000084,FDH101008,144FOC/F1000026/F1000024,True,True,True
T1000085,FDH101008,144FOC/F1000026/F1000024,True,True,True
T1000086,FDH101008,144FOC/F1000026/F1000024,True,True,True
T1000087,FDH101008,144FOC/F1000026/F1000024,True,True,True
T1000088,FDH101008,144FOC/F1000026/F1000024,True,True,True
T1000089,FDH101011,288FOC/F1000077/F1000025,True,True,True
T1000092,FDH101011,144FOC/F1000025/F1000096,True,True,True
T1000093,FDH101002,48FOC/F1000013/T1000116,True,True,True
T1000094,FDH101002,96FOC/F1000013/T1000108,True,True,True
T1000095,FDH101002,96FOC/F1000013/T1000108,True,True,True
T1000096,FDH101002,48FOC/F1000013/T1000116,True,True,True
T1000099,FDH101002,96FOC/F1000014/T1000099,True,True,True
T1000100,FDH101002,96FOC/F1000014/T1000099,True,True,True
T1000101,FDH101002,48FOC/F1000014/T1000117,True,True,True
T1000104,FDH101002,96FOC/F1000016/F1000014,True,True,True
T1000105,FDH101002,96FOC/F1000016/F1000014,True,True,True
T1000106,FDH101002,96FOC/F1000014/T1000099,True,True,True
T1000107,FDH101002,96FOC/F1000018/F1000013,True,True,True
T1000108,FDH101002,96FOC/F1000013/T1000108,True,True,True
T1000109,FDH101001,144FOC/F1000016/F1000022,True,True,True
T1000110,FDH101001,144FOC/F1000016/F1000022,True,True,True
T1000111,FDH101002,288FOC/F1000017/F1000018,True,True,True
T1000113,FDH101002,48FOC/F1000013/T1000116,True,True,True
T1000115,FDH101002,96FOC/F1000018/F1000013,True,True,True
T1000116,FDH101002,48FOC/F1000013/T1000116,True,True,True
T1000117,FDH101002,48FOC/F1000014/T1000117,True,True,True
T1000118,FDH101002,288FOC/F1000017/F1000018,True,True,True
T1000119,FDH101002,288FOC/F1000017/F1000018,True,True,True
T1000120,FDH101002,288FOC/F1000017/F1000018,True,True,True
T1000121,FDH101002,288FOC/F1000017/F1000018,True,True,True
T1000122,FDH101008,144FOC/F1000017/F1000024,True,True,True
T1000123,FDH101002,288FOC/F1000017/F1000018,True,True,True
T1000124,FDH101002,288FOC/F1000017/F1000018,True,True,True
T1000125,FDH101002,288FOC/F1000017/F1000018,True,True,True
T1000126,FDH101008,144FOC/F1000017/F1000024,True,True,True
T1000127,FDH101008,144FOC/F1000017/F1000024,True,True,True
T1000128,FDH101008,144FOC/F1000017/F1000024,True,True,True
T1000129,FDH101008,144FOC/F1000017/F1000024,True,True,True
T1000131,FDH101002,48FOC/F1000017/T1000133,True,True,True
T1000132,FDH101002,48FOC/F1000017/T1000133,True,True,True
T1000133,FDH101002,48FOC/F1000017/T1000133,True,True,True
T1000134,FDH101002,48FOC/F1000017/T1000133,True,True,True
T1000135,FDH101002,48FOC/F1000017/T1000133,True,True,True
T1000136,FDH101002,48FOC/F1000017/T1000133,True,True,True
T1000140,FDH101003,96FOC/F1000033/T1000141,True,True,True
T1000141,FDH101003,96FOC/F1000033/T1000141,True,True,True
T1000144,FDH101003,96FOC/F1000033/T1000141,True,True,True
T1000145,FDH101003,48FOC/F1000033/T1000154,True,True,True
T1000147,FDH101003,96FOC/F1000033/T1000141,True,True,True
T1000150,FDH101003,144FOC/F1000029/F1000074,True,True,True
T1000152,FDH101003,144FOC/F1000074/F1000033,True,True,True
T1000154,FDH101003,48FOC/F1000033/T1000154,True,True,True
T1000155,FDH101009,96FOC/F1000068/T1000183,True,True,True
T1000156,FDH101009,96FOC/F1000068/T1000183,True,True,True
T1000157,FDH101009,96FOC/F1000068/T1000183,True,True,True
T1000158,FDH101009,48FOC/F1000067/T1000476,True,True,True
T1000159,FDH101009,48FOC/F1000067/T1000476,True,True,True
T1000160,FDH101013,96FOC/F1000094/T1000160,True,True,True
T1000163,FDH101009,48FOC/F1000065/T1000163,True,True,True
T1000164,FDH101009,48FOC/F1000065/T1000163,True,True,True
T1000165,FDH101009,96FOC/F1000068/T1000183,True,True,True
T1000166,FDH101009,96FOC/F1000067/T1000169,True,True,True
T1000167,FDH101009,96FOC/F1000067/T1000169,True,True,True
T1000168,FDH101009,96FOC/F1000067/T1000169,True,True,True
T1000169,FDH101009,96FOC/F1000067/T1000169,True,True,True
T1000172,FDH101012,96FOC/F1000066/T1000181,True,True,True
T1000173,FDH101012,96FOC/F1000066/T1000181,True,True,True
T1000174,FDH101012,96FOC/F1000066/T1000181,True,True,True
T1000175,FDH101009,96FOC/F1000068/T1000183,True,True,True
T1000177,FDH101013,48FOC/F1000113/T1000178,True,True,True
T1000178,FDH101013,48FOC/F1000113/T1000178,True,True,True
T1000180,FDH101012,96FOC/F1000066/T1000181,True,True,True
T1000181,FDH101012,96FOC/F1000066/T1000181,True,True,True
T1000182,FDH101009,96FOC/F1000068/T1000183,True,True,True
T1000183,FDH101009,96FOC/F1000068/T1000183,True,True,True
T1000184,FDH101012,48FOC/F1000080/T1000184,True,True,True
T1000186,FDH101009,48FOC/F1000065/T1000163,True,True,True
T1000187,FDH101009,288FOC/F1000067/F1000065,True,True,True
T1000188,FDH101009,48FOC/F1000067/T1000476,True,True,True
T1000189,FDH101013,48FOC/F1000113/T1000178,True,True,True
T1000190,FDH101006,48FOC/F1000756/T1000190,True,True,True
T1000191,FDH101006,48FOC/F1000756/T1000190,True,True,True
T1000192,FDH101006,48FOC/F1000756/T1000190,True,True,True
T1000193,FDH101006,48FOC/F1000756/T1000190,True,True,True
T1000196,FDH101006,144FOC/F1000072/F1000001,True,True,True
T1000197,FDH101006,144FOC/F1000073/F1000072,True,True,True
T1000198,FDH101006,144FOC/F1000076/F1000073,True,True,True
T1000199,FDH101006,144FOC/F1000073/F1000072,True,True,True
T1000200,FDH101006,144FOC/F1000076/F1000073,True,True,True
T1000201,FDH101006,144FOC/F1000076/F1000073,True,True,True
T1000202,FDH101006,48FOC/F1000076/T1000210,True,True,True
T1000206,FDH101006,48FOC/F1000076/T1000210,True,True,True
T1000207,FDH101006,48FOC/F1000076/T1000210,True,True,True
T1000208,FDH101006,48FOC/F1000076/T1000210,True,True,True
T1000209,FDH101006,144FOC/F1000021/F1000076,True,True,True
T1000210,FDH101006,48FOC/F1000076/T1000210,True,True,True
T1000211,FDH101003,288FOC/F1000038/F1000037,True,True,True
T1000212,FDH101003,288FOC/F1000038/F1000037,True,True,True
T1000213,FDH101003,288FOC/F1000038/F1000037,True,True,True
T1000214,FDH101003,288FOC/F1000038/F1000037,True,True,True
T1000215,FDH101003,288FOC/F1000038/F1000037,True,True,True
T1000216,FDH101003,288FOC/F1000038/F1000037,True,True,True
T1000217,FDH101003,144FOC/F1000058/F1000038,True,True,True
T1000218,FDH101003,144FOC/F1000037/T1000471,True,True,True
T1000219,FDH101003,144FOC/F1000037/T1000471,True,True,True
T1000220,FDH101003,144FOC/F1000037/T1000471,True,True,True
T1000221,FDH101003,144FOC/F1000037/T1000471,True,True,True
T1000223,FDH101003,144FOC/F1000037/T1000471,True,True,True
T1000224,FDH101003,144FOC/F1000037/T1000471,True,True,True
T1000225,FDH101003,288FOC/F1000038/F1000037,True,True,True
T1000229,FDH101016,48FOC/F1000062/F1000059,True,True,True
T1000233,FDH101016,288FOC/F1000058/F1000061,True,True,True
T1000234,FDH101016,288FOC/F1000058/F1000061,True,True,True
T1000235,FDH101016,288FOC/F1000058/F1000061,True,True,True
T1000236,FDH101016,144FOC/F1000061/F1000063,True,True,True
T1000237,FDH101016,144FOC/F1000061/F1000063,True,True,True
T1000238,FDH101016,144FOC/F1000061/F1000063,True,True,True
T1000239,FDH101016,144FOC/F1000063/F1000062,True,True,True
T1000240,FDH101016,144FOC/F1000063/F1000062,True,True,True
T1000241,FDH101016,144FOC/F1000063/F1000062,True,True,True
T1000242,FDH101016,144FOC/F1000063/F1000062,True,True,True
T1000243,FDH101016,144FOC/F1000063/F1000062,True,True,True
T1000244,FDH101016,144FOC/F1000063/F1000062,True,True,True
T1000245,FDH101016,144FOC/F1000063/F1000062,True,True,True
T1000246,FDH101016,144FOC/F1000063/F1000062,True,True,True
T1000247,FDH101016,144FOC/F1000063/F1000062,True,True,True
T1000248,FDH101016,144FOC/F1000063/F1000062,True,True,True
T1000249,FDH101016,48FOC/F1000062/F1000059,True,True,True
T1000250,FDH101016,144FOC/F1000061/F1000063,True,True,True
T1000251,FDH101016,144FOC/F1000061/F1000063,True,True,True
T1000252,FDH101016,144FOC/F1000058/F1000045,True,True,True
T1000253,FDH101016,144FOC/F1000058/F1000045,True,True,True
T1000254,FDH101016,144FOC/F1000045/F1000044,True,True,True
T1000255,FDH101016,144FOC/F1000058/F1000045,True,True,True
T1000256,FDH101016,144FOC/F1000045/F1000044,True,True,True
T1000257,FDH101016,144FOC/F1000047/F1000044,True,True,True
T1000258,FDH101016,144FOC/F1000047/F1000048,True,True,True
T1000259,FDH101016,144FOC/F1000053/F1000055,True,True,True
T1000260,FDH101016,144FOC/F1000048/F1000049,True,True,True
T1000264,FDH101011,288FOC/F1000020/F1000077,True,True,True
T1000265,FDH101011,288FOC/F1000020/F1000077,True,True,True
T1000266,FDH101011,288FOC/F1000020/F1000077,True,True,True
T1000272,FDH101011,288FOC/F1000098/F1000079,True,True,True
T1000273,FDH101011,288FOC/F1000098/F1000077,True,True,True
T1000275,FDH101012,288FOC/F1000080/F1000082,True,True,True
T1000276,FDH101012,96FOC/F1000081/T1000285,True,True,True
T1000277,FDH101012,288FOC/F1000082/F1000099,True,True,True
T1000278,FDH101012,288FOC/F1000082/F1000099,True,True,True
T1000279,FDH101012,48FOC/F1000082/T1000286,True,True,True
T1000280,FDH101012,48FOC/F1000082/T1000286,True,True,True
T1000281,FDH101012,288FOC/F1000082/F1000099,True,True,True
T1000282,FDH101012,96FOC/F1000099/F1000081,True,True,True
T1000283,FDH101012,96FOC/F1000081/T1000285,True,True,True
T1000284,FDH101012,96FOC/F1000081/T1000285,True,True,True
T1000285,FDH101012,96FOC/F1000081/T1000285,True,True,True
T1000286,FDH101012,48FOC/F1000082/T1000286,True,True,True
T1000287,FDH101012,288FOC/F1000066/F1000080,True,True,True
T1000288,FDH101012,48FOC/F1000080/T1000184,True,True,True
T1000289,FDH101012,288FOC/F1000082/F1000099,True,True,True
T1000290,FDH101012,48FOC/F1000082/T1000286,True,True,True
T1000292,FDH101012,96FOC/F1000099/F1000081,True,True,True
T1000293,FDH101012,96FOC/F1000081/T1000285,True,True,True
T1000294,FDH101012,96FOC/F1000081/T1000285,True,True,True
T1000295,FDH101012,288FOC/F1000082/F1000099,True,True,True
T1000296,FDH101012,288FOC/F1000066/F1000080,True,True,True
T1000297,FDH101012,288FOC/F1000066/F1000080,True,True,True
T1000298,FDH101012,288FOC/F1000066/F1000080,True,True,True
T1000299,FDH101014,48FOC/F1000088/T1000345,True,True,True
T1000300,FDH101014,48FOC/F1000088/T1000345,True,True,True
T1000303,FDH101013,288FOC/F1000113/F1000086,True,True,True
T1000304,FDH101013,288FOC/F1000113/F1000086,True,True,True
T1000305,FDH101013,288FOC/F1000113/F1000086,True,True,True
T1000306,FDH101013,144FOC/F1000086/F1000054,True,True,True
T1000307,FDH101013,144FOC/F1000086/F1000054,True,True,True
T1000308,FDH101014,48FOC/F1000088/T1000345,True,True,True
T1000309,FDH101016,144FOC/F1000086/F1000054,True,True,True
T1000319,FDH101014,48FOC/F1000089/T1000319,True,True,True
T1000320,FDH101014,48FOC/F1000089/T1000319,True,True,True
T1000321,FDH101014,48FOC/F1000089/T1000319,True,True,True
T1000324,FDH101014,288FOC/F1000088/F1000089,True,True,True
T1000325,FDH101014,288FOC/F1000089/F1000090,True,True,True
T1000326,FDH101014,288FOC/F1000088/F1000089,True,True,True
T1000329,FDH101013,96FOC/F1000094/T1000160,True,True,True
T1000331,FDH101013,96FOC/F1000094/T1000160,True,True,True
T1000333,FDH101013,96FOC/F1000094/T1000333,True,True,True
T1000334,FDH101013,144FOC/F1000086/F1000094,True,True,True
T1000335,FDH101013,96FOC/F1000094/T1000333,True,True,True
T1000341,FDH101014,48FOC/F1000015/F1000092,True,True,True
T1000343,FDH101014,48FOC/F1000015/F1000092,True,True,True
T1000344,FDH101014,48FOC/F1000015/F1000092,True,True,True
T1000345,FDH101014,48FOC/F1000088/T1000345,True,True,True
T1000347,FDH101011,144FOC/F1000096/F1000026,True,True,True
T1000350,FDH101013,96FOC/F1000094/T1000333,True,True,True
T1000351,FDH101013,96FOC/F1000094/T1000333,True,True,True
T1000352,FDH101013,96FOC/F1000094/T1000333,True,True,True
T1000354,FDH101004,96FOC/F1000085/T1000389,True,True,True
T1000355,FDH101004,96FOC/F1000085/T1000389,True,True,True
T1000356,FDH101004,96FOC/F1000085/T1000389,True,True,True
T1000357,FDH101004,96FOC/F1000085/T1000389,True,True,True
T1000358,FDH101004,96FOC/F1000085/T1000389,True,True,True
T1000359,FDH101004,96FOC/F1000085/T1000389,True,True,True
T1000360,FDH101005,144FOC/F1000070/F1000040,True,True,True
T1000361,FDH101005,144FOC/F1000070/F1000040,True,True,True
T1000362,FDH101004,144FOC/F1000039/F1000041,True,True,True
T1000363,FDH101004,144FOC/F1000040/F1000039,True,True,True
T1000364,FDH101004,144FOC/F1000039/F1000041,True,True,True
T1000365,FDH101004,96FOC/F1000085/T1000389,True,True,True
T1000366,FDH101004,144FOC/F1000040/F1000039,True,True,True
T1000367,FDH101004,144FOC/F1000039/F1000041,True,True,True
T1000368,FDH101004,144FOC/F1000040/F1000039,True,True,True
T1000370,FDH101004,96FOC/F1000042/F1000039,True,True,True
T1000371,FDH101004,96FOC/F1000042/F1000039,True,True,True
T1000375,FDH101004,144FOC/F1000085/F1000043,True,True,True
T1000376,FDH101004,144FOC/F1000085/F1000043,True,True,True
T1000377,FDH101004,144FOC/F1000085/F1000043,True,True,True
T1000378,FDH101004,144FOC/F1000085/F1000043,True,True,True
T1000379,FDH101004,144FOC/F1000085/F1000043,True,True,True
T1000380,FDH101004,144FOC/F1000085/F1000043,True,True,True
T1000381,FDH101004,96FOC/F1000043/T1000388,True,True,True
T1000382,FDH101004,96FOC/F1000043/T1000388,True,True,True
T1000383,FDH101004,96FOC/F1000043/T1000388,True,True,True
T1000384,FDH101004,96FOC/F1000043/T1000388,True,True,True
T1000385,FDH101004,96FOC/F1000043/T1000388,True,True,True
T1000386,FDH101004,96FOC/F1000043/T1000388,True,True,True
T1000387,FDH101004,96FOC/F1000043/T1000388,True,True,True
T1000388,FDH101004,96FOC/F1000043/T1000388,True,True,True
T1000389,FDH101004,96FOC/F1000085/T1000389,True,True,True
T1000390,FDH101004,96FOC/F1000042/F1000039,True,True,True
T1000391,FDH101007,96FOC/F1000064/F1000028,True,True,True
T1000398,FDH101007,48FOC/F1000027/F1000064,True,True,True
T1000399,FDH101007,96FOC/F1000064/F1000028,True,True,True
T1000400,FDH101007,96FOC/F1000028/T1000401,True,True,True
T1000401,FDH101007,96FOC/F1000028/T1000401,True,True,True
T1000402,FDH101007,96FOC/F1000028/T1000401,True,True,True
T1000403,FDH101007,96FOC/F1000028/T1000401,True,True,True
T1000404,FDH101007,96FOC/F1000028/T1000401,True,True,True
T1000405,FDH101007,96FOC/F1000028/T1000401,True,True,True
T1000406,FDH101007,96FOC/F1000028/T1000401,True,True,True
T1000407,FDH101007,96FOC/F1000028/T1000401,True,True,True
T1000409,FDH101014,144FOC/F1000090/F1000064,True,True,True
T1000410,FDH101007,144FOC/F1000090/F1000064,True,True,True
T1000411,FDH101014,144FOC/F1000090/F1000064,True,True,True
T1000412,FDH101014,144FOC/F1000090/F1000064,True,True,True
T1000413,FDH101007,144FOC/F1000090/F1000064,True,True,True
T1000414,FDH101014,144FOC/F1000090/F1000064,True,True,True
T1000417,FDH101005,96FOC/F1000071/T1000421,True,True,True
T1000420,FDH101005,96FOC/F1000071/T1000421,True,True,True
T1000421,FDH101005,96FOC/F1000071/T1000421,True,True,True
T1000422,FDH101005,96FOC/F1000071/T1000421,True,True,True
T1000112,FDH101005,48FOC/F1000069/T1000423,True,True,True
T1000424,FDH101005,48FOC/F1000070/T1000430,True,True,True
T1000425,FDH101005,288FOC/F1000107/F1000071,True,True,True
T1000426,FDH101005,288FOC/F1000107/F1000071,True,True,True
T1000427,FDH101005,144FOC/F1000071/F1000069,True,True,True
T1000428,FDH101005,144FOC/F1000071/F1000069,True,True,True
T1000430,FDH101005,48FOC/F1000070/T1000430,True,True,True
T1000431,FDH101005,144FOC/F1000070/F1000040,True,True,True
T1000432,FDH101005,144FOC/F1000069/F1000070,True,True,True
T1000433,FDH101005,144FOC/F1000069/F1000070,True,True,True
T1000434,FDH101005,96FOC/F1000071/T1000421,True,True,True
T1000435,FDH101005,144FOC/F1000071/F1000069,True,True,True
T1000436,FDH101005,144FOC/F1000069/F1000070,True,True,True
T1000437,FDH101005,48FOC/F1000070/T1000430,True,True,True
T1000438,FDH101005,96FOC/F1000071/T1000421,True,True,True
T1000442,FDH101001,144FOC/F1000023/F1000021,True,True,True
T1000443,FDH101001,144FOC/F1000023/F1000021,True,True,True
T1000444,FDH101001,144FOC/F1000023/F1000021,True,True,True
T1000445,FDH101001,144FOC/F1000023/F1000021,True,True,True
T1000446,FDH101001,144FOC/F1000023/F1000021,True,True,True
T1000447,FDH101001,144FOC/F1000023/F1000021,True,True,True
T1000448,FDH101001,144FOC/F1000019/F1000023,True,True,True
T1000449,FDH101001,144FOC/F1000019/F1000023,True,True,True
T1000450,FDH101001,144FOC/F1000019/F1000023,True,True,True
T1000451,FDH101001,144FOC/F1000022/F1000019,True,True,True
T1000452,FDH101001,144FOC/F1000022/F1000019,True,True,True
T1000453,FDH101001,144FOC/F1000022/F1000019,True,True,True
T1000454,FDH101001,144FOC/F1000019/F1000023,True,True,True
T1000455,FDH101001,144FOC/F1000022/F1000019,True,True,True
T1000456,FDH101001,144FOC/F1000022/F1000019,True,True,True
T1000457,FDH101001,144FOC/F1000022/F1000019,True,True,True
T1000458,FDH101006,144FOC/F1000021/F1000076,True,True,True
T1000459,FDH101001,144FOC/F1000019/F1000023,True,True,True
T1000461,FDH101013,288FOC/F1000079/F1000113,True,True,True
T1000464,FDH101003,96FOC/F1000033/T1000141,True,True,True
T1000468,FDH101012,288FOC/F1000082/F1000099,True,True,True
T1000473,FDH101016,144FOC/F1000047/F1000044,True,True,True
T1000471,FDH101003,144FOC/F1000037/T1000471,True,True,True
T1000474,FDH101009,96FOC/F1000068/T1000183,True,True,True
T1000472,FDH101013,96FOC/F1000094/T1000333,True,True,True
T1000476,FDH101009,48FOC/F1000067/T1000476,True,True,True
T1000475,FDH101013,96FOC/F1000094/T1000160,True,True,True
T1000423,FDH101005,48FOC/F1000069/T1000423,True,True,True
T1000022,FDH101005,48FOC/F1000069/T1000423,True,True,True
T1000002,FDH101006,48FOC/F1000756/T1000190,True,True,True
T1000001,FDH101002,96FOC/F1000016/F1000014,True,True,True
T1000042,FDH101008,48FOC/F1000024/T1000082,True,True,True
T2000711,FDH201038,96FOC/T2000711/T2000710,True,True,True
T2000835,FDH202007,,False,True,False
T2000486,FDH202045,288FOC/F2000104/T2000486,True,True,True
T2000721,FDH201041,48FOC/T2000721/T2000727,True,True,True
T2000465,FDH202045,144FOC/T2000465/T2000464,True,True,True
T2000466,FDH202002,288FOC/F2000138/T2000466,True,True,True
T2000487,FDH202045,288FOC/F2000138/T2000487,True,True,True
T2000044,FDH202045,288FOC/T2000044/T2000146,True,False,False
T2000045,FDH202045,288FOC/F2000245/T2000045,True,True,True
T2000046,FDH202045,288FOC/T2000045/T2000046,True,True,True
T2000041,FDH202045,288FOC/F2000104/T2000041,True,True,True
T2000004,FDH202046,288FOC/T2000049/T2000004,True,True,True
T2000061,FDH202001,144FOC/T2000001/T2000061,True,True,True
T2000002,FDH202001,144FOC/T2000063/T2000002,True,True,True
T2000064,FDH202022,144FOC/T2000065/T2000064,True,True,True
T2000065,FDH202022,144FOC/T2000065/T2000064,True,True,True
T2000147,FDH202022,144FOC/T2000065/T2000147,True,True,True
T2000066,FDH202022,144FOC/T2000066/T2000090,True,True,True
T2000090,FDH202022,144FOC/T2000066/T2000090,True,True,True
T2000079,FDH202030,48FOC/T2000078/T2000079,True,True,True
T2000080,FDH202030,48FOC/F2000031/T2000080,True,True,True
T2000081,FDH202030,48FOC/T2000081/T2000080,True,True,True
T2000049,FDH202046,288FOC/T2000005/T2000049,True,True,True
T2000050,FDH202046,288FOC/T2000051/T2000050,True,True,True
T2000051,FDH202046,288FOC/T2000051/T2000006,True,True,True
T2000006,FDH202046,288FOC/T2000051/T2000006,True,True,True
T2000069,FDH202022,96FOC/T2000069/T2000386,True,True,True
T2000082,FDH202030,48FOC/F2000012/T2000082,True,True,True
T2000094,FDH202005,48FOC/T2000094/T2000095,True,True,True
T2000095,FDH202005,48FOC/F2000011/T2000095,True,True,True
T2000489,FDH202005,48FOC/T2000489/T2000490,True,True,True
T2000490,FDH202005,48FOC/T2000489/T2000490,True,True,True
T2000491,FDH202005,48FOC/T2000490/T2000491,True,True,True
T2000492,FDH202022,144FOC/T2000492/T2000493,True,True,True
T2000493,FDH202029,144FOC/T2000492/T2000493,True,True,True
T2000100,FDH202029,144FOC/T2000493/T2000100,True,True,True
T2000101,FDH202029,144FOC/T2000100/T2000101,True,True,True
T2000117,FDH202029,96FOC/T2000115/T2000117,True,True,True
T2000118,FDH202029,144FOC/F2000065/T2000118,True,True,True
T2000119,FDH202029,144FOC/T2000118/T2000119,True,True,True
T2000801,FDH201015,144FOC/F2000180/T2000801,True,True,True
T2000121,FDH202028,144FOC/T2000088/T2000121,True,True,True
T2000146,FDH202045,288FOC/T2000042/T2000146,True,True,True
T2000053,FDH202046,144FOC/T2000052/T2000053,True,True,True
T2000488,FDH202002,288FOC/F2000068/T2000488,True,True,True
T2000054,FDH202002,288FOC/F2000313/T2000054,True,True,True
T2000096,FDH202005,48FOC/T2000097/T2000096,True,True,True
T2000097,FDH202005,48FOC/T2000098/T2000097,True,True,True
T2000098,FDH202005,48FOC/T2000098/T2000099,True,True,True
T2000099,FDH202005,48FOC/T2000489/T2000099,True,True,True
T2000122,FDH202028,144FOC/T2000121/T2000122,True,True,True
T2000089,FDH202028,144FOC/T2000122/T2000089,True,True,True
T2000123,FDH202028,144FOC/T2000089/T2000123,True,True,True
T2000124,FDH202028,144FOC/T2000124/T2000123,True,True,True
T2000125,FDH202028,144FOC/T2000124/T2000125,True,True,True
T2000126,FDH202028,48FOC/F2000037/T2000126,True,True,True
T2000009,FDH202028,48FOC/T2000009/T2000010,True,True,True
T2000010,FDH202028,48FOC/F2000281/T2000010,True,True,True
T2000011,FDH202028,48FOC/T2000011/T2000127,True,True,True
T2000055,FDH202002,288FOC/T2000054/T2000055,True,True,True
T2000060,FDH202001,288FOC/T2000059/T2000060,True,True,True
T2000077,FDH202030,48FOC/F2000013/T2000077,True,True,True
T2000205,FDH202029,144FOC/T2000205/T2000101,True,True,True
T2000102,FDH202029,144FOC/T2000205/T2000102,True,True,True
T2000127,FDH202028,48FOC/T2000011/T2000127,True,True,True
T2000128,FDH202028,144FOC/F2000037/T2000128,True,True,True
T2000129,FDH202028,48FOC/F2000036/T2000129,True,True,True
T2000130,FDH202031,144FOC/F2000342/T2000130,True,True,True
T2000131,FDH202031,48FOC/F2000032/T2000131,True,True,True
T2000132,FDH202031,48FOC/T2000131/T2000132,True,True,True
T2000133,FDH202031,48FOC/T2000132/T2000133,True,True,True
T2000135,FDH202031,48FOC/F2000046/T2000135,True,True,True
T2000136,FDH202031,48FOC/T2000135/T2000136,True,True,True
T2000137,FDH202031,48FOC/T2000136/T2000137,True,True,True
T2000138,FDH202031,48FOC/T2000137/T2000138,True,True,True
T2000143,FDH202027,48FOC/T2000144/T2000143,True,True,True
T2000144,FDH202027,48FOC/T2000012/T2000144,True,True,True
T2000012,FDH202027,48FOC/F2000003/T2000012,True,True,True
T2000078,FDH202030,48FOC/T2000077/T2000078,True,True,True
T2000145,FDH202027,48FOC/T2000148/T2000145,True,True,True
T2000148,FDH202027,48FOC/T2000149/T2000148,True,True,True
T2000149,FDH202027,48FOC/T2000150/T2000149,True,True,True
T2000150,FDH202027,48FOC/T2000151/T2000150,True,True,True
T2000151,FDH202027,48FOC/F2000002/T2000151,True,True,True
T2000152,FDH202027,144FOC/T2000152/T2000152,True,True,True
T2000153,FDH202027,144FOC/T2000154/T2000153,True,True,True
T2000154,FDH202027,144FOC/T2000161/T2000154,True,True,True
T2000155,FDH202027,144FOC/F2000004/T2000155,True,True,True
T2000156,FDH202027,144FOC/T2000155/T2000156,True,True,True
T2000157,FDH202027,144FOC/T2000156/T2000157,True,True,True
T2000158,FDH202027,144FOC/T2000157/T2000158,True,True,True
T2000159,FDH202027,144FOC/T2000158/T2000159,True,True,True
T2000160,FDH202027,144FOC/F2000005/T2000160,True,True,True
T2000161,FDH202027,144FOC/T2000160/T2000161,True,True,True
T2000494,FDH202044,48FOC/T2000740/T2000494,True,True,True
T2000499,FDH202044,48FOC/F2000015/T2000499,True,True,True
T2000500,FDH202044,48FOC/F2000054/T2000500,True,True,True
T2000162,FDH202044,48FOC/T2000163/T2000162,True,True,True
T2000163,FDH202044,48FOC/T2000164/T2000163,True,True,True
T2000164,FDH202044,48FOC/T2000165/T2000164,True,True,True
T2000165,FDH202044,48FOC/F2000017/T2000165,True,True,True
T2000056,FDH202001,288FOC/T2000055/T2000056,True,True,True
T2000103,FDH202029,144FOC/F2000004/T2000103,True,True,True
T2000166,FDH202047,144FOC/F2000019/T2000166,True,True,True
T2000324,FDH202047,144FOC/T2000169/T2000324,True,True,True
T2000169,FDH202047,144FOC/F2000018/T2000169,True,True,True
T2000170,FDH202047,144FOC/T2000171/T2000170,True,True,True
T2000171,FDH202047,144FOC/T2000172/T2000171,True,True,True
T2000325,FDH202047,144FOC/T2000180/T2000325,True,True,True
T2000013,FDH202049,48FOC/T2000173/T2000013,True,True,True
T2000173,FDH202049,48FOC/T2000173/T2000013,True,True,True
T2000174,FDH202049,48FOC/T2000173/T2000174,True,True,True
T2000175,FDH202049,48FOC/T2000175/T2000174,True,True,True
T2000179,FDH202049,48FOC/F2000025/T2000179,True,True,True
T2000180,FDH202047,144FOC/F2000023/T2000180,True,True,True
T2000181,FDH202049,144FOC/T2000182/T2000181,True,True,True
T2000182,FDH202049,144FOC/T2000183/T2000182,True,True,True
T2000183,FDH202049,144FOC/T2000184/T2000183,True,True,True
T2000184,FDH202049,144FOC/T2000185/T2000184,True,True,True
T2000185,FDH202049,144FOC/F2000027/T2000185,True,True,True
T2000192,FDH202006,144FOC/F2000006/T2000192,True,True,True
T2000015,FDH202027,48FOC/F2000007/T2000015,True,True,True
T2000042,FDH202045,288FOC/T2000042/T2000486,True,False,False
T2000057,FDH202001,288FOC/T2000056/T2000057,True,True,True
T2000058,FDH202001,288FOC/T2000057/T2000058,True,True,True
T2000059,FDH202001,288FOC/T2000059/T2000058,True,True,True
T2000001,FDH202001,144FOC/F2000043/T2000001,True,True,True
T2000104,FDH202029,144FOC/T2000105/T2000104,True,True,True
T2000105,FDH202029,144FOC/F2000042/T2000105,True,True,True
T2000115,FDH202029,96FOC/T2000114/T2000115,True,True,True
T2000196,FDH202019,144FOC/T2000828/T2000196,True,True,True
T2000016,FDH202019,144FOC/T2000016/T2000196,True,True,True
T2000017,FDH202019,144FOC/T2000017/T2000016,True,True,True
T2000197,FDH202019,144FOC/T2000018/T2000197,True,True,True
T2000198,FDH202019,144FOC/T2000198/T2000017,True,True,True
T2000018,FDH202019,144FOC/T2000018/T2000197,True,True,True
T2000019,FDH202019,144FOC/F2000156/T2000019,True,True,True
T2000450,FDH202021,144FOC/F2000116/T2000450,True,True,True
T2000451,FDH202021,144FOC/T2000451/T2000450,True,True,True
T2000452,FDH202021,144FOC/T2000452/T2000451,True,True,True
T2000453,FDH202021,144FOC/T2000453/T2000454,True,True,True
T2000454,FDH202021,144FOC/T2000454/T2000455,True,True,True
T2000455,FDH202021,144FOC/T2000454/T2000455,True,True,True
T2000456,FDH202021,144FOC/F2000307/T2000456,True,True,True
T2000457,FDH202021,144FOC/T2000457/T2000456,True,True,True
T2000463,FDH202045,144FOC/F2000137/T2000463,True,True,True
T2000464,FDH202045,144FOC/T2000465/T2000464,True,True,True
T2000116,FDH202029,144FOC/F2000041/T2000116,True,True,True
T2000047,FDH202045,288FOC/F2000098/T2000047,True,True,True
T2000482,FDH202002,288FOC/T2000466/T2000482,True,True,True
T2000485,FDH202002,288FOC/F2000315/T2000485,True,True,True
T2000048,FDH202045,288FOC/T2000003/T2000048,True,True,True
T2000003,FDH202046,288FOC/T2000004/T2000003,True,True,True
T2000062,FDH202001,144FOC/T2000061/T2000062,True,True,True
T2000063,FDH202001,144FOC/T2000062/T2000063,True,True,True
T2000083,FDH202030,48FOC/F2000012/T2000083,True,True,True
T2000084,FDH202005,48FOC/T2000082/T2000084,True,True,True
T2000085,FDH202005,48FOC/T2000085/T2000092,True,True,True
T2000092,FDH202005,48FOC/T2000092/T2000093,True,True,True
T2000093,FDH202005,48FOC/T2000094/T2000093,True,True,True
T2000106,FDH202029,144FOC/F2000042/T2000106,True,True,True
T2000107,FDH202029,144FOC/T2000106/T2000107,True,True,True
T2000108,FDH202029,96FOC/T2000108/T2000109,True,True,True
T2000109,FDH202029,96FOC/T2000108/T2000109,True,True,True
T2000110,FDH202029,96FOC/T2000109/T2000110,True,True,True
T2000111,FDH202029,96FOC/T2000110/T2000111,True,True,True
T2000112,FDH202029,96FOC/T2000111/T2000112,True,True,True
T2000113,FDH202029,96FOC/T2000112/T2000113,True,True,True
T2000114,FDH202029,96FOC/T2000113/T2000114,True,True,True
T2000120,FDH202029,48FOC/F2000039/T2000120,True,True,True
T2000086,FDH202029,48FOC/F2000063/T2000086,True,True,True
T2000087,FDH202029,144FOC/F2000038/T2000087,True,True,True
T2000088,FDH202029,144FOC/T2000087/T2000088,True,True,True
T2000139,FDH202031,48FOC/T2000138/T2000139,True,True,True
T2000140,FDH202031,144FOC/F2000035/T2000140,True,True,True
T2000141,FDH202031,144FOC/T2000140/T2000141,True,True,True
T2000142,FDH202031,144FOC/T2000141/T2000142,True,True,True
T2000172,FDH202047,144FOC/T2000325/T2000172,True,True,True
T2000495,FDH202044,48FOC/T2000496/T2000495,True,True,True
T2000496,FDH202044,48FOC/T2000497/T2000496,True,True,True
T2000497,FDH202044,48FOC/T2000497/T2000496,True,True,True
T2000498,FDH202044,48FOC/T2000497/T2000498,True,True,True
T2000176,FDH202049,48FOC/F2000284/T2000176,True,True,True
T2000177,FDH202049,48FOC/F2000283/T2000177,True,True,True
T2000178,FDH202049,48FOC/T2000178/T2000177,True,True,True
T2000186,FDH202006,48FOC/F2000029/T2000186,True,True,True
T2000187,FDH202006,12FOC/F2000027/T2000187,True,True,True
T2000188,FDH202006,12FOC/T2000187/T2000188,True,True,True
T2000189,FDH202006,144FOC/F2000029/T2000189,True,True,True
T2000190,FDH202006,144FOC/T2000191/T2000190,True,True,True
T2000191,FDH202006,144FOC/T2000191/T2000190,True,True,True
T2000467,FDH202006,144FOC/T2000191/T2000467,True,True,True
T2000014,FDH202027,48FOC/T2000014/T2000015,True,True,True
T2000020,FDH202019,144FOC/T2000020/T2000019,True,True,True
T2000021,FDH202019,144FOC/T2000021/T2000020,True,True,True
T2000199,FDH202019,144FOC/F2000157/T2000199,True,True,True
T2000200,FDH202019,48FOC/T2000201/T2000200,True,True,True
T2000201,FDH202019,48FOC/F2000162/T2000201,True,True,True
T2000206,FDH202019,144FOC/T2000206/T2000199,True,True,True
T2000207,FDH202019,144FOC/F2000154/T2000207,True,True,True
T2000208,FDH202020,144FOC/F2000300/T2000208,True,True,True
T2000209,FDH202020,144FOC/F2000301/T2000209,True,True,True
T2000211,FDH202020,144FOC/T2000211/T2000211,True,True,True
T2000212,FDH202020,144FOC/F2000086/T2000212,True,True,True
T2000213,FDH202020,48FOC/T2000039/T2000213,True,True,True
T2000214,FDH202020,48FOC/T2000213/T2000214,True,True,True
T2000215,FDH202020,48FOC/T2000214/T2000215,True,True,True
T2000501,FDH202020,48FOC/T2000215/T2000501,True,True,True
T2000502,FDH202020,48FOC/F2000334/T2000502,True,True,True
T2000503,FDH202020,48FOC/F2000083/T2000503,True,True,True
T2000504,FDH202020,48FOC/F2000083/T2000504,True,True,True
T2000505,FDH202020,48FOC/T2000504/T2000505,True,True,True
T2000506,FDH202007,96FOC/F2000086/T2000506,True,True,True
T2000507,FDH202007,96FOC/F2000088/T2000507,True,True,True
T2000210,FDH202020,144FOC/F2000131/T2000210,True,True,True
T2000022,FDH202020,144FOC/T2000022/T2000210,True,True,True
T2000508,FDH202007,96FOC/T2000507/T2000508,True,True,True
T2000509,FDH202007,96FOC/T2000508/T2000509,True,True,True
T2000510,FDH202003,48FOC/T2000510/T2000511,True,True,True
T2000511,FDH202003,48FOC/T2000510/T2000511,True,True,True
T2000512,FDH202003,48FOC/T2000511/T2000512,True,True,True
T2000513,FDH202003,48FOC/F2000075/T2000513,True,True,True
T2000514,FDH202003,48FOC/T2000514/T2000515,True,True,True
T2000515,FDH202003,48FOC/T2000514/T2000515,True,True,True
T2000216,FDH202003,48FOC/T2000216/T2000515,True,True,True
T2000221,FDH202003,48FOC/T2000221/T2000222,True,True,True
T2000222,FDH202003,48FOC/T2000223/T2000222,True,True,True
T2000223,FDH202003,48FOC/T2000218/T2000223,True,True,True
T2000225,FDH202003,48FOC/T2000225/T2000225,True,True,True
T2000226,FDH202003,48FOC/T2000517/T2000517,True,True,True
T2000517,FDH202003,48FOC/T2000517/T2000517,True,True,True
T2000518,FDH202003,96FOC/T2000518/T2000227,True,True,True
T2000227,FDH202003,96FOC/T2000228/T2000227,True,True,True
T2000228,FDH202003,96FOC/T2000228/T2000227,True,True,True
T2000229,FDH202003,48FOC/F2000073/T2000229,True,True,True
T2000224,FDH202003,48FOC/T2000225/T2000224,True,True,True
T2000230,FDH202003,48FOC/T2000229/T2000230,True,True,True
T2000468,FDH201008,48FOC/F2000049/T2000468,True,True,True
T2000217,FDH202003,48FOC/F2000075/T2000217,True,True,True
T2000218,FDH202003,48FOC/T2000218/T2000223,True,True,True
T2000219,FDH202003,48FOC/T2000220/T2000219,True,True,True
T2000220,FDH202003,48FOC/T2000516/T2000220,True,True,True
T2000516,FDH202003,48FOC/T2000221/T2000516,True,True,True
T2000231,FDH202003,48FOC/T2000231/T2000230,True,True,True
T2000232,FDH202003,48FOC/T2000231/T2000232,True,True,True
T2000233,FDH202007,48FOC/T2000234/T2000233,True,True,True
T2000246,FDH201008,48FOC/T2000247/T2000246,True,True,True
T2000247,FDH201008,48FOC/F2000047/T2000247,True,True,True
T2000326,FDH201008,48FOC/T2000326/T2000248,True,True,True
T2000248,FDH201008,48FOC/T2000326/T2000248,True,True,True
T2000249,FDH201008,96FOC/T2000250/T2000249,True,True,True
T2000250,FDH201008,96FOC/T2000264/T2000250,True,True,True
T2000252,FDH201008,48FOC/F2000052/T2000252,True,True,True
T2000469,FDH201008,48FOC/T2000252/T2000469,True,True,True
T2000253,FDH201009,48FOC/T2000254/T2000253,True,True,True
T2000254,FDH201009,48FOC/T2000255/T2000254,True,True,True
T2000255,FDH201009,48FOC/T2000255/T2000254,True,True,True
T2000234,FDH202007,48FOC/T2000235/T2000234,True,True,True
T2000235,FDH202007,48FOC/F2000089/T2000235,True,True,True
T2000236,FDH202007,144FOC/F2000090/T2000236,True,True,True
T2000237,FDH202007,144FOC/T2000236/T2000237,True,True,True
T2000238,FDH202007,48FOC/T2000238/T2000239,True,True,True
T2000239,FDH202007,48FOC/T2000238/T2000239,True,True,True
T2000240,FDH202007,144FOC/F2000091/T2000240,True,True,True
T2000241,FDH202007,144FOC/F2000091/T2000241,True,True,True
T2000243,FDH202007,144FOC/T2000243/T2000750,True,True,True
T2000244,FDH202027,144FOC/F2000067/T2000244,True,True,True
T2000245,FDH201008,48FOC/T2000245/T2000202,True,True,True
T2000202,FDH201008,48FOC/T2000245/T2000202,True,True,True
T2000256,FDH201009,48FOC/F2000050/T2000256,True,True,True
T2000257,FDH201009,48FOC/T2000256/T2000257,True,True,True
T2000258,FDH201009,48FOC/T2000257/T2000258,True,True,True
T2000519,FDH201009,48FOC/F2000320/T2000519,True,True,True
T2000520,FDH201009,144FOC/F2000051/T2000520,True,True,True
T2000387,FDH201009,144FOC/T2000520/T2000387,True,True,True
T2000286,FDH201004,96FOC/T2000782/T2000286,True,True,True
T2000273,FDH201010,96FOC/T2000272/T2000273,True,True,True
T2000251,FDH201008,96FOC/T2000264/T2000251,True,True,True
T2000521,FDH201009,144FOC/T2000387/T2000521,True,True,True
T2000522,FDH201009,144FOC/T2000521/T2000522,True,True,True
T2000523,FDH201048,144FOC/T2000522/T2000523,True,True,True
T2000524,FDH201048,144FOC/T2000524/T2000523,True,True,True
T2000553,FDH201048,144FOC/F2000053/T2000553,True,True,True
T2000525,FDH201048,144FOC/F2000053/T2000525,True,True,True
T2000526,FDH201048,144FOC/T2000261/T2000526,True,True,True
T2000268,FDH201048,144FOC/F2000173/T2000268,True,True,True
T2000291,FDH201004,96FOC/F2000161/T2000291,True,True,True
T2000306,FDH201050,48FOC/T2000307/T2000306,True,True,True
T2000313,FDH201050,96FOC/T2000314/T2000313,True,True,True
T2000314,FDH201050,96FOC/T2000315/T2000314,True,True,True
T2000315,FDH201050,96FOC/T2000316/T2000315,True,True,True
T2000316,FDH201050,96FOC/F2000192/T2000316,True,True,True
T2000317,FDH201011,144FOC/T2000317/T2000318,True,True,True
T2000318,FDH201011,144FOC/F2000175/T2000318,True,True,True
T2000319,FDH201011,144FOC/T2000319/T2000530,True,True,True
T2000264,FDH201008,96FOC/T2000264/T2000250,True,True,True
T2000320,FDH201011,144FOC/T2000530/T2000320,True,True,True
T2000285,FDH201004,96FOC/T2000285/T2000286,True,True,True
T2000269,FDH201010,96FOC/T2000270/T2000269,True,True,True
T2000272,FDH201010,96FOC/T2000271/T2000272,True,True,True
T2000260,FDH201004,144FOC/T2000243/T2000260,True,True,True
T2000527,FDH201048,144FOC/T2000527/T2000528,True,True,True
T2000528,FDH201048,144FOC/T2000528/T2000529,True,True,True
T2000529,FDH201004,144FOC/F2000161/T2000529,True,True,True
T2000261,FDH201048,144FOC/T2000261/T2000265,True,True,True
T2000265,FDH201048,144FOC/T2000266/T2000265,True,True,True
T2000266,FDH201048,144FOC/T2000266/T2000265,True,True,True
T2000270,FDH201010,96FOC/T2000270/T2000271,True,True,True
T2000271,FDH201010,96FOC/T2000270/T2000271,True,True,True
T2000530,FDH201011,144FOC/T2000530/T2000320,True,True,True
T2000531,FDH201011,144FOC/T2000531/T2000532,True,True,True
T2000532,FDH201011,144FOC/F2000174/T2000532,True,True,True
T2000274,FDH201010,96FOC/T2000273/T2000274,True,True,True
T2000288,FDH201004,96FOC/F2000317/T2000288,True,True,True
T2000275,FDH201010,96FOC/F2000107/T2000275,True,True,True
T2000276,FDH201010,96FOC/F2000055/T2000276,True,True,True
T2000277,FDH201010,48FOC/T2000278/T2000277,True,True,True
T2000278,FDH201010,48FOC/F2000056/T2000278,True,True,True
T2000279,FDH201010,48FOC/F2000056/T2000279,True,True,True
T2000280,FDH201010,48FOC/F2000057/T2000280,True,True,True
T2000281,FDH201004,48FOC/F2000310/T2000281,True,True,True
T2000282,FDH201004,48FOC/F2000077/T2000284,True,True,True
T2000283,FDH201004,48FOC/T2000742/T2000283,True,True,True
T2000284,FDH201004,48FOC/F2000078/T2000284,True,True,True
T2000289,FDH201004,96FOC/T2000289/T2000290,True,True,True
T2000290,FDH201004,96FOC/T2000290/T2000291,True,True,True
T2000533,FDH201011,144FOC/F2000174/T2000533,True,True,True
T2000534,FDH201011,144FOC/T2000533/T2000534,True,True,True
T2000535,FDH201011,144FOC/T2000536/T2000535,True,True,True
T2000536,FDH201011,144FOC/F2000173/T2000536,True,True,True
T2000321,FDH201011,48FOC/T2000537/T2000321,True,True,True
T2000537,FDH201011,48FOC/T2000537/T2000321,True,True,True
T2000023,FDH201011,48FOC/T2000537/T2000023,True,True,True
T2000538,FDH201011,48FOC/T2000539/T2000538,True,True,True
T2000539,FDH201011,48FOC/T2000539/T2000322,True,True,True
T2000322,FDH201011,48FOC/T2000539/T2000322,True,True,True
T2000328,FDH201011,48FOC/T2000328/T2000327,True,True,True
T2000329,FDH201011,288FOC/F2000082/T2000329,True,True,True
T2000330,FDH201011,48FOC/T2000330/T2000331,True,True,True
T2000331,FDH201011,48FOC/T2000330/T2000331,True,True,True
T2000332,FDH201051,144FOC/F2000109/T2000332,True,True,True
T2000333,FDH201011,48FOC/F2000177/T2000333,True,True,True
T2000335,FDH201051,48FOC/T2000335/T2000334,True,True,True
T2000336,FDH201051,48FOC/F2000112/T2000336,True,True,True
T2000339,FDH201051,48FOC/T2000341/T2000339,True,True,True
T2000334,FDH201051,48FOC/T2000335/T2000334,True,True,True
T2000340,FDH201051,48FOC/T2000340/T2000341,True,True,True
T2000341,FDH201051,48FOC/T2000341/T2000339,True,True,True
T2000307,FDH201050,48FOC/T2000308/T2000307,True,True,True
T2000308,FDH201050,48FOC/F2000079/T2000308,True,True,True
T2000309,FDH201050,96FOC/T2000310/T2000309,True,True,True
T2000310,FDH201050,96FOC/T2000310/T2000309,True,True,True
T2000024,FDH201011,48FOC/T2000023/T2000024,True,True,True
T2000364,FDH201012,48FOC/T2000364/T2000365,True,True,True
T2000365,FDH201012,48FOC/T2000365/T2000366,True,True,True
T2000366,FDH201012,48FOC/F2000144/T2000366,True,True,True
T2000367,FDH201012,96FOC/T2000367/T2000368,True,True,True
T2000368,FDH201012,96FOC/T2000368/T2000369,True,True,True
T2000542,FDH201014,96FOC/T2000542/T2000380,True,True,True
T2000380,FDH201014,96FOC/F2000152/T2000380,True,True,True
T2000543,FDH201014,96FOC/T2000543/T2000542,True,True,True
T2000544,FDH201014,96FOC/T2000544/T2000543,True,True,True
T2000545,FDH201014,96FOC/T2000545/T2000544,True,True,True
T2000311,FDH201050,96FOC/T2000312/T2000311,True,True,True
T2000312,FDH201050,96FOC/T2000313/T2000312,True,True,True
T2000327,FDH201011,48FOC/T2000327/T2000323,True,True,True
T2000323,FDH201011,48FOC/T2000327/T2000323,True,True,True
T2000342,FDH201012,48FOC/F2000122/T2000342,True,True,True
T2000344,FDH201012,48FOC/F2000289/T2000344,True,True,True
T2000345,FDH201012,48FOC/T2000345/T2000747,True,True,True
T2000348,FDH201012,288FOC/T2000348/T2000349,True,True,True
T2000349,FDH201012,288FOC/T2000349/T2000350,True,True,True
T2000350,FDH201012,288FOC/T2000350/T2000351,True,True,True
T2000356,FDH201015,48FOC/T2000356/T2000357,True,True,True
T2000357,FDH201015,48FOC/F2000219/T2000357,True,True,True
T2000351,FDH201012,288FOC/T2000351/T2000352,True,True,True
T2000352,FDH201012,288FOC/T2000351/T2000352,True,True,True
T2000353,FDH201015,144FOC/F2000113/T2000353,True,True,True
T2000355,FDH201015,144FOC/T2000355/T2000800,True,True,True
T2000359,FDH201015,144FOC/F2000220/T2000359,True,True,True
T2000360,FDH201012,48FOC/T2000360/T2000361,True,True,True
T2000361,FDH201012,48FOC/T2000361/T2000362,True,True,True
T2000362,FDH201012,48FOC/T2000362/T2000363,True,True,True
T2000363,FDH201012,48FOC/F2000145/T2000363,True,True,True
T2000546,FDH201015,96FOC/T2000381/T2000546,True,True,True
T2000388,FDH201015,96FOC/T2000388/T2000389,True,True,True
T2000389,FDH201015,96FOC/F2000153/T2000389,True,True,True
T2000390,FDH201015,144FOC/F2000220/T2000390,True,True,True
T2000369,FDH201012,96FOC/F2000111/T2000369,True,True,True
T2000370,FDH201012,96FOC/F2000136/T2000370,True,True,True
T2000371,FDH201012,48FOC/T2000371/T2000372,True,True,True
T2000372,FDH201012,48FOC/T2000372/T2000373,True,True,True
T2000373,FDH201012,48FOC/T2000373/T2000374,True,True,True
T2000374,FDH201012,48FOC/T2000375/T2000374,True,True,True
T2000375,FDH201012,48FOC/F2000114/T2000375,True,True,True
T2000391,FDH201016,48FOC/T2000391/T2000392,True,True,True
T2000392,FDH201016,48FOC/T2000392/T2000393,True,True,True
T2000393,FDH201016,48FOC/T2000392/T2000393,True,True,True
T2000394,FDH201016,48FOC/T2000394/T2000393,True,True,True
T2000395,FDH201015,288FOC/F2000153/T2000395,True,True,True
T2000396,FDH201015,288FOC/T2000395/T2000396,True,True,True
T2000397,FDH201015,288FOC/T2000825/T2000397,True,True,True
T2000399,FDH201015,48FOC/T2000400/T2000399,True,True,True
T2000400,FDH201015,48FOC/T2000401/T2000400,True,True,True
T2000401,FDH201015,48FOC/T2000401/T2000402,True,True,True
T2000402,FDH201015,48FOC/T2000401/T2000402,True,True,True
T2000381,FDH201015,96FOC/F2000143/T2000381,True,True,True
T2000382,FDH201015,96FOC/T2000382/T2000383,True,True,True
T2000383,FDH201015,96FOC/T2000383/T2000384,True,True,True
T2000384,FDH201015,96FOC/T2000384/T2000385,True,True,True
T2000385,FDH201015,96FOC/F2000117/T2000385,True,True,True
T2000403,FDH201015,48FOC/T2000402/T2000403,True,True,True
T2000413,FDH201016,288FOC/T2000413/T2000412,True,True,True
T2000414,FDH201016,288FOC/T2000415/T2000414,True,False,False
T2000415,FDH201016,288FOC/F2000223/T2000415,True,True,True
T2000416,FDH201016,48FOC/F2000224/T2000416,True,True,True
T2000417,FDH201025,288FOC/F2000149/T2000417,True,True,True
T2000418,FDH201013,96FOC/T2000419/T2000418,True,True,True
T2000419,FDH201013,96FOC/T2000419/T2000418,True,True,True
T2000440,FDH201015,48FOC/F2000160/T2000440,True,True,True
T2000441,FDH201015,48FOC/T2000440/T2000441,True,True,True
T2000548,FDH201017,96FOC/T2000548/T2000549,True,True,True
T2000550,FDH201017,96FOC/T2000448/T2000550,True,True,True
T2000473,FDH201025,96FOC/T2000473/T2000474,True,True,True
T2000474,FDH201025,96FOC/T2000474/T2000475,True,True,True
T2000475,FDH201025,96FOC/T2000475/F2000333,True,True,True
T2000404,FDH201015,48FOC/T2000404/T2000403,True,True,True
T2000405,FDH201016,288FOC/F2000139/T2000405,True,True,True
T2000406,FDH201016,288FOC/T2000406/T2000407,True,True,True
T2000407,FDH201016,288FOC/T2000802/T2000407,True,True,True
T2000408,FDH201016,48FOC/T2000409/T2000408,True,True,True
T2000409,FDH201016,48FOC/T2000409/T2000408,True,True,True
T2000410,FDH201016,48FOC/T2000409/T2000410,True,True,True
T2000411,FDH201016,48FOC/T2000410/T2000411,True,True,True
T2000412,FDH201016,288FOC/T2000413/T2000412,True,True,True
T2000476,FDH201025,288FOC/F2000167/F2000166,True,True,True
T2000477,FDH201025,96FOC/F2000125/T2000477,True,True,True
T2000478,FDH201025,48FOC/T2000478/T2000479,True,True,True
T2000479,FDH201025,48FOC/T2000478/T2000479,True,True,True
T2000480,FDH201025,288FOC/F2000167/F2000166,True,True,True
T2000481,FDH201025,288FOC/T2000481/T2000480,True,True,True
T2000554,FDH201025,288FOC/T2000554/T2000025,True,True,True
T2000420,FDH201013,96FOC/T2000421/T2000420,True,True,True
T2000421,FDH201013,96FOC/T2000421/T2000420,True,True,True
T2000422,FDH201013,96FOC/P205747/T2000421,True,True,True
T2000423,FDH201013,96FOC/T2000423/T2000422,True,True,True
T2000424,FDH201013,96FOC/T2000425/T2000424,True,True,True
T2000425,FDH201013,96FOC/T2000426/T2000425,True,True,True
T2000426,FDH201013,96FOC/F2000349/T2000426,True,True,True
T2000427,FDH201013,96FOC/T2000427/T2000429,True,True,True
T2000428,FDH201013,96FOC/T2000743/T2000428,True,True,True
T2000429,FDH201013,96FOC/T2000429/T2000743,True,True,True
T2000432,FDH201013,96FOC/T2000432/F2000347,True,True,True
T2000434,FDH201013,96FOC/T2000434/T2000432,True,True,True
T2000435,FDH201013,96FOC/T2000435/T2000434,True,True,True
T2000436,FDH201013,96FOC/T2000435/T2000436,True,True,True
T2000438,FDH201013,48FOC/F2000324/T2000438,True,True,True
T2000439,FDH201013,48FOC/F2000324/T2000439,True,True,True
T2000574,FDH201026,96FOC/T2000574/T2000575,True,True,True
T2000575,FDH201026,96FOC/F2000236/T2000575,True,True,True
T2000576,FDH201026,144FOC/F2000072/T2000576,True,True,True
T2000577,FDH201026,144FOC/T2000577/T2000576,True,True,True
T2000578,FDH201026,144FOC/F2000235/T2000578,True,True,True
T2000579,FDH201026,144FOC/T2000579/T2000579,True,True,True
T2000580,FDH201026,48FOC/F2000238/T2000580,True,True,True
T2000612,FDH201034,96FOC/F2000178/T2000612,True,True,True
T2000613,FDH201034,48FOC/T2000614/T2000613,True,True,True
T2000614,FDH201034,48FOC/T2000615/T2000614,True,True,True
T2000442,FDH201015,48FOC/F2000331/T2000442,True,True,True
T2000443,FDH201017,48FOC/T2000444/T2000443,True,True,True
T2000444,FDH201017,48FOC/T2000444/T2000443,True,True,True
T2000445,FDH201017,48FOC/T2000446/T2000445,True,True,True
T2000446,FDH201017,48FOC/T2000446/T2000445,True,True,True
T2000447,FDH201017,48FOC/T2000447/T2000547,True,True,True
T2000547,FDH201017,48FOC/T2000447/T2000547,True,True,True
T2000448,FDH201017,96FOC/F2000097/T2000448,True,True,True
T2000449,FDH201017,96FOC/T2000449/T2000472,True,True,True
T2000470,FDH201025,48FOC/F2000292/T2000470,True,True,True
T2000471,FDH201025,48FOC/F2000293/T2000471,True,True,True
T2000472,FDH201025,96FOC/F2000146/T2000472,True,True,True
T2000615,FDH201034,48FOC/T2000615/T2000614,True,True,True
T2000549,FDH201017,96FOC/T2000550/T2000549,True,True,True
T2000035,FDH201023,96FOC/T2000034/T2000035,True,True,True
T2000025,FDH201025,288FOC/T2000025/T2000026,True,True,True
T2000026,FDH201036,144FOC/F2000133/T2000026,True,True,True
T2000027,FDH201036,96FOC/F2000133/T2000027,True,True,True
T2000028,FDH201024,48FOC/T2000029/T2000028,True,True,True
T2000038,FDH201023,96FOC/T2000037/T2000038,True,True,True
T2000029,FDH201024,48FOC/F2000258/T2000029,True,True,True
T2000030,FDH201023,48FOC/T2000811/T2000030,True,True,True
T2000031,FDH201023,96FOC/T2000032/T2000031,True,True,True
T2000032,FDH201023,96FOC/T2000033/T2000032,True,True,True
T2000561,FDH201018,96FOC/T2000560/T2000561,True,True,True
T2000033,FDH201023,96FOC/T2000033/T2000034,True,True,True
T2000034,FDH201023,96FOC/T2000033/T2000034,True,True,True
T2000036,FDH201023,96FOC/F2000254/T2000036,True,True,True
T2000037,FDH201023,96FOC/T2000037/T2000038,True,True,True
T2000555,FDH201023,96FOC/T2000038/T2000555,True,True,True
T2000556,FDH201023,96FOC/T2000555/T2000556,True,True,True
T2000566,FDH201018,96FOC/T2000566/T2000567,True,True,True
T2000558,FDH201023,96FOC/F2000253/T2000558,True,True,True
T2000559,FDH201023,96FOC/T2000558/T2000559,True,True,True
T2000560,FDH201018,96FOC/F2000252/T2000560,True,True,True
T2000570,FDH201018,48FOC/F2000247/T2000570,True,True,True
T2000571,FDH201018,48FOC/T2000571/T2000570,True,True,True
T2000616,FDH201034,48FOC/T2000617/T2000616,True,True,True
T2000562,FDH201018,96FOC/T2000563/T2000562,True,True,True
T2000563,FDH201018,96FOC/T2000564/T2000563,True,True,True
T2000564,FDH201018,96FOC/T2000565/T2000564,True,True,True
T2000565,FDH201018,96FOC/F2000249/T2000565,True,True,True
T2000567,FDH201018,96FOC/T2000566/T2000567,True,True,True
T2000568,FDH201018,96FOC/T2000567/T2000568,True,True,True
T2000569,FDH201018,96FOC/F2000247/T2000569,True,True,True
T2000572,FDH201026,96FOC/F2000237/T2000572,True,True,True
T2000573,FDH201026,48FOC/F2000237/T2000573,True,True,True
T2000665,FDH201043,48FOC/T2000662/T2000665,True,True,True
T2000666,FDH201043,48FOC/T2000666/T2000667,True,True,True
T2000667,FDH201043,48FOC/T2000666/T2000667,True,True,True
T2000668,FDH201043,144FOC/F2000193/T2000668,True,True,True
T2000669,FDH201043,48FOC/T2000670/T2000669,True,True,True
T2000670,FDH201043,48FOC/F2000193/T2000670,True,True,True
T2000672,FDH201036,144FOC/T2000668/T2000672,True,True,True
T2000591,FDH201033,48FOC/T2000592/T2000591,True,True,True
T2000581,FDH201026,144FOC/F2000241/T2000581,True,True,True
T2000583,FDH201026,144FOC/F2000296/T2000583,True,True,True
T2000585,FDH201026,144FOC/F2000296/T2000585,True,True,True
T2000586,FDH201033,48FOC/F2000240/T2000586,True,True,True
T2000587,FDH201033,48FOC/F2000232/T2000587,True,True,True
T2000588,FDH201033,48FOC/T2000588/T2000587,True,True,True
T2000589,FDH201033,48FOC/T2000590/T2000589,True,True,True
T2000590,FDH201033,48FOC/T2000590/T2000591,True,True,True
T2000592,FDH201033,48FOC/T2000592/T2000591,True,True,True
T2000005,FDH202046,288FOC/T2000050/T2000005,True,True,True
T2000007,FDH202046,144FOC/F2000103/T2000007,True,True,True
T2000008,FDH202046,144FOC/T2000040/T2000008,True,True,True
T2000052,FDH202046,144FOC/T2000008/T2000052,True,True,True
T2000594,FDH201033,144FOC/F2000290/T2000594,True,True,True
T2000595,FDH201033,48FOC/T2000595/T2000596,True,True,True
T2000551,FDH201033,144FOC/F2000230/T2000551,True,True,True
T2000552,FDH201033,144FOC/F2000186/T2000552,True,True,True
T2000596,FDH201033,48FOC/T2000595/T2000596,True,True,True
T2000598,FDH201017,48FOC/F2000135/T2000598,True,True,True
T2000599,FDH201033,48FOC/F2000233/T2000599,True,True,True
T2000600,FDH201018,48FOC/T2000600/T2000601,True,True,True
T2000601,FDH201018,48FOC/T2000600/T2000601,True,True,True
T2000602,FDH201018,48FOC/T2000601/T2000602,True,True,True
T2000603,FDH201034,48FOC/F2000306/T2000603,True,True,True
T2000604,FDH201034,48FOC/T2000605/T2000604,True,True,True
T2000605,FDH201034,48FOC/F2000172/T2000605,True,True,True
T2000606,FDH201034,96FOC/T2000607/T2000606,True,True,True
T2000607,FDH201034,96FOC/T2000607/T2000606,True,True,True
T2000608,FDH201034,96FOC/F2000178/T2000608,True,True,True
T2000609,FDH201034,48FOC/T2000610/T2000609,True,True,True
T2000610,FDH201034,48FOC/T2000610/T2000609,True,True,True
T2000611,FDH201034,48FOC/F2000210/T2000611,True,True,True
T2000673,FDH201043,48FOC/T2000674/T2000673,True,True,True
T2000674,FDH201043,48FOC/F2000205/T2000674,True,True,True
T2000675,FDH201043,288FOC/F2000202/T2000675,True,True,True
T2000676,FDH201036,144FOC/F2000194/T2000676,True,True,True
T2000677,FDH201036,144FOC/T2000676/T2000677,True,True,True
T2000617,FDH201034,48FOC/T2000617/T2000618,True,True,True
T2000618,FDH201034,48FOC/F2000229/T2000618,True,True,True
T2000619,FDH201034,48FOC/T2000619/T2000787,True,True,True
T2000620,FDH201034,48FOC/T2000619/T2000620,True,True,True
T2000621,FDH201034,48FOC/F2000172/T2000621,True,True,True
T2000622,FDH201024,96FOC/T2000622/T2000623,True,True,True
T2000623,FDH201024,96FOC/T2000624/T2000623,True,True,True
T2000624,FDH201024,96FOC/T2000624/T2000623,True,True,True
T2000625,FDH201024,96FOC/T2000625/T2000624,True,True,True
T2000626,FDH201024,96FOC/F2000260/T2000626,True,True,True
T2000627,FDH201024,48FOC/T2000627/T2000628,True,True,True
T2000639,FDH201036,48FOC/F2000133/T2000756,True,True,True
T2000628,FDH201024,48FOC/T2000627/T2000628,True,True,True
T2000629,FDH201024,48FOC/T2000629/T2000628,True,True,True
T2000630,FDH201035,96FOC/T2000630/T2000631,True,True,True
T2000631,FDH201035,96FOC/F2000261/T2000631,True,True,True
T2000640,FDH201036,96FOC/F2000195/T2000640,True,True,True
T2000643,FDH201036,96FOC/T2000644/T2000643,True,True,True
T2000644,FDH201036,96FOC/T2000644/T2000643,True,True,True
T2000645,FDH201036,144FOC/T2000677/T2000645,True,True,True
T2000646,FDH201036,96FOC/T2000678/T2000646,True,True,True
T2000647,FDH201036,48FOC/T2000648/T2000647,True,True,True
T2000648,FDH201036,48FOC/T2000791/T2000648,True,True,True
T2000649,FDH201042,48FOC/T2000792/T2000649,True,True,True
T2000650,FDH201042,48FOC/T2000650/T2000653,True,True,True
T2000652,FDH201042,48FOC/F2000197/T2000652,True,True,True
T2000653,FDH201042,48FOC/T2000650/T2000653,True,True,True
T2000654,FDH201042,288FOC/F2000197/T2000654,True,True,True
T2000655,FDH201042,96FOC/T2000655/T2000794,True,True,True
T2000641,FDH201036,96FOC/F2000195/T2000641,True,True,True
T2000634,FDH201035,96FOC/T2000634/T2000789,True,True,True
T2000635,FDH201035,96FOC/F2000250/T2000635,True,True,True
T2000636,FDH201035,96FOC/T2000636/T2000637,True,True,True
T2000637,FDH201035,96FOC/F2000299/T2000637,True,True,True
T2000638,FDH201035,96FOC/F2000298/F2000299,True,True,True
T2000664,FDH201043,48FOC/T2000664/T2000663,True,True,True
T2000678,FDH201036,96FOC/F2000191/T2000678,True,True,True
T2000679,FDH201036,48FOC/T2000679/T2000680,True,True,True
T2000680,FDH201036,48FOC/T2000679/T2000680,True,True,True
T2000682,FDH201037,48FOC/T2000682/T2000683,True,True,True
T2000683,FDH201037,48FOC/T2000682/T2000683,True,True,True
T2000684,FDH201037,96FOC/F2000187/T2000684,True,True,True
T2000685,FDH201037,96FOC/T2000687/T2000685,True,True,True
T2000656,FDH201042,48FOC/T2000656/T2000793,True,True,True
T2000657,FDH201042,48FOC/T2000656/T2000657,True,True,True
T2000658,FDH201042,96FOC/F2000199/T2000658,True,True,True
T2000659,FDH201042,48FOC/T2000795/T2000659,True,True,True
T2000660,FDH201043,48FOC/T2000797/T2000660,True,True,True
T2000661,FDH201043,288FOC/F2000200/T2000661,True,True,True
T2000662,FDH201043,48FOC/T2000798/T2000662,True,True,True
T2000663,FDH201043,48FOC/T2000664/T2000663,True,True,True
T2000686,FDH201037,96FOC/T2000685/T2000686,True,True,True
T2000687,FDH201037,96FOC/T2000687/T2000685,True,True,True
T2000688,FDH201037,144FOC/F2000151/T2000688,True,True,True
T2000689,FDH201037,288FOC/F2000148/T2000689,True,True,True
T2000690,FDH201037,288FOC/T2000690/T2000691,True,True,True
T2000691,FDH201037,288FOC/T2000691/T2000203,True,True,True
T2000693,FDH201037,96FOC/F2000187/T2000693,True,True,True
T2000694,FDH201037,96FOC/F2000163/T2000694,True,True,True
T2000695,FDH201039,48FOC/F2000163/T2000695,True,True,True
T2000696,FDH201039,48FOC/T2000790/T2000696,True,True,True
T2000697,FDH201039,48FOC/F2000188/T2000697,True,True,True
T2000203,FDH201037,288FOC/F2000190/T2000203,True,True,True
T2000699,FDH201039,288FOC/F2000190/T2000699,True,True,True
T2000700,FDH201039,144FOC/T2000700/T2000709,True,True,True
T2000701,FDH201039,288FOC/F2000208/T2000701,True,True,True
T2000702,FDH201039,144FOC/T2000702/T2000703,True,True,True
T2000703,FDH201039,144FOC/F2000207/T2000703,True,True,True
T2000704,FDH201037,144FOC/T2000704/T2000688,True,True,True
T2000705,FDH201039,144FOC/T2000705/T2000724,True,True,True
T2000706,FDH201039,144FOC/T2000707/T2000706,True,True,True
T2000707,FDH201039,144FOC/T2000707/T2000706,True,True,True
T2000709,FDH201039,144FOC/F2000272/T2000709,True,True,True
T2000710,FDH201038,96FOC/T2000711/T2000710,True,True,True
T2000712,FDH201038,48FOC/T2000712/T2000815,True,True,True
T2000713,FDH201038,48FOC/T2000713/T2000712,True,True,True
T2000714,FDH201038,48FOC/F2000319/T2000714,True,True,True
T2000715,FDH201038,48FOC/F2000319/T2000714,True,True,True
T2000717,FDH201041,48FOC/T2000717/T2000718,True,True,True
T2000718,FDH201041,48FOC/F2000277/T2000718,True,True,True
T2000720,FDH201041,48FOC/T2000813/T2000720,True,True,True
T2000722,FDH201041,144FOC/F2000273/T2000722,True,True,True
T2000723,FDH201041,144FOC/T2000723/T2000814,True,True,True
T2000724,FDH201039,144FOC/F2000206/T2000724,True,True,True
T2000725,FDH201040,96FOC/T2000725/T2000726,True,True,True
T2000726,FDH201040,96FOC/T2000729/T2000726,True,True,True
T2000727,FDH201041,48FOC/T2000728/T2000727,True,True,True
T2000728,FDH201041,48FOC/T2000728/T2000727,True,True,True
T2000729,FDH201040,96FOC/F2000203/T2000729,True,True,True
T2000730,FDH201040,48FOC/T2000730/T2000731,True,True,True
T2000731,FDH201040,48FOC/T2000731/T2000732,True,True,True
T2000733,FDH201040,48FOC/F2000204/T2000733,True,True,True
T2000737,FDH201018,96FOC/T2000808/T2000737,True,True,True
T2000738,FDH201034,48FOC/T2000604/T2000738,True,True,True
T2000739,FDH201034,48FOC/T2000603/T2000739,True,True,True
T2000754,FDH202007,144FOC/T2000241/T2000754,True,True,True
T2000755,FDH201025,48FOC/T2000470/T2000755,True,True,True
T2000756,FDH201036,48FOC/F2000133/T2000756,True,True,True
T2000732,FDH201040,48FOC/T2000732/T2000733,True,True,True
T2000740,FDH202044,48FOC/T2000495/T2000740,True,True,True
T2000741,FDH202031,48FOC/T2000139/T2000741,True,True,True
T2000742,FDH201004,48FOC/T2000742/T2000283,True,True,True
T2000039,FDH202020,48FOC/T2000039/T2000213,True,True,True
T2000040,FDH202046,144FOC/T2000007/T2000040,True,True,True
T2000747,FDH201012,48FOC/F2000121/T2000747,True,True,True
T2000748,FDH202021,144FOC/F2000155/T2000748,True,True,True
T2000751,FDH202007,144FOC/T2000752/T2000751,True,True,True
T2000752,FDH202007,144FOC/T2000753/T2000752,False,True,False
T2000753,FDH202007,144FOC/T2000753/T2000752,False,True,False
T2000743,FDH201013,96FOC/T2000429/T2000743,True,True,True
T2000744,FDH201050,48FOC/F2000081/T2000744,True,False,False
T2000745,FDH201011,48FOC/F2000102/T2000745,True,True,True
T2000746,FDH201012,288FOC/F2000122/T2000746,True,True,True
T2000749,FDH202019,48FOC/F2000162/T2000749,True,True,True
T2000750,FDH202007,144FOC/T2000750/T2000751,True,True,True
T2000782,FDH201004,96FOC/T2000782/T2000288,True,True,True
T2000787,FDH201034,48FOC/T2000619/T2000787,True,True,True
T2000788,FDH201011,144FOC/F2000176/T2000788,True,True,True
T2000789,FDH201035,96FOC/T2000634/T2000789,True,True,True
T2000790,FDH201039,48FOC/T2000790/T2000697,True,True,True
T2000791,FDH201036,48FOC/T2000791/T2000648,True,True,True
T2000792,FDH201042,48FOC/T2000792/T2000649,True,True,True
T2000793,FDH201042,48FOC/T2000656/T2000793,True,True,True
T2000798,FDH201043,48FOC/T2000798/T2000662,True,True,True
T2000800,FDH201015,144FOC/T2000355/T2000800,True,True,True
T2000802,FDH201016,288FOC/F2000222/T2000802,True,True,True
T2000804,FDH201033,48FOC/T2000804/T2000596,True,True,True
T2000805,FDH201026,144FOC/T2000578/T2000805,True,True,True
T2000806,FDH201026,144FOC/F2000236/T2000806,True,True,True
T2000808,FDH201018,96FOC/F2000246/T2000808,True,True,True
T2000809,FDH201018,96FOC/F2000247/T2000809,True,True,True
T2000810,FDH201024,96FOC/F2000255/T2000810,True,True,True
T2000815,FDH201038,48FOC/T2000712/T2000815,True,True,True
T2000794,FDH201042,96FOC/T2000655/T2000794,True,True,True
T2000795,FDH201042,48FOC/F2000200/T2000795,True,True,True
T2000796,FDH201042,96FOC/T2000658/T2000796,True,True,True
T2000797,FDH201043,48FOC/F2000202/T2000797,True,True,True
T2000825,FDH201015,288FOC/F2000139/T2000825,True,True,True
T2000827,FDH201048,144FOC/T2000827/T2000525,True,True,True
T2000828,FDH202019,144FOC/F2000159/T2000828,True,True,True
T2000829,FDH201012,96FOC/T2000829/T2000367,True,True,True
T2000811,FDH201023,48FOC/F2000259/T2000811,True,True,True
T2000812,FDH201035,96FOC/T2000812/T2000636,True,True,True
T2000813,FDH201041,48FOC/T2000813/T2000720,True,True,True
T2000814,FDH201041,144FOC/T2000723/T2000814,True,True,True
T2000091,FDH202022,144FOC/F2000009/T2000091,True,True,True
T2000067,FDH202022,144FOC/T2000067/T2000068,True,True,True
T2000068,FDH202022,144FOC/F2000010/T2000068,True,True,True
T2000386,FDH202022,96FOC/T2000386/T2000070,True,True,True
T2000070,FDH202022,96FOC/F2000024/T2000070,True,True,True
T2000071,FDH202030,96FOC/F2000024/T2000071,True,True,True
T2000072,FDH202030,48FOC/T2000072/T2000073,True,True,True
T2000073,FDH202030,48FOC/T2000073/T2000074,True,True,True
T2000074,FDH202030,48FOC/F2000022/T2000074,True,True,True
T2000076,FDH202030,96FOC/F2000013/T2000076,True,True,True
T2000830,FDH201012,144FOC/T2000830/T2000831,True,True,True
T2000831,FDH201012,144FOC/T2000831/F2000113,True,True,True
T2000832,FDH201012,48FOC/F2000122/T2000342,True,True,True
T3000767,FDH301042,,False,True,False
T3000525,FDH301043,96FOC/T3000525/T3000526,True,True,True
T3000526,FDH301043,96FOC/F3000147/T3000526,True,True,True
T3000005,FDH301045,48FOC/T3000004/T3000005,True,True,True
T3000196,FDH302027,288FOC/T3000196/T3000197,True,True,True
T3000204,FDH302027,96FOC/F3000083/T3000204,True,True,True
T3000205,FDH302027,96FOC/T3000206/T3000205,True,True,True
T3000206,FDH302027,96FOC/T3000206/T3000207,True,True,True
T3000207,FDH302027,96FOC/F3000066/T3000207,True,True,True
T3000210,FDH302018,144FOC/F3000119/T3000210,True,True,True
T3000213,FDH302018,144FOC/T3000708/T3000213,True,True,True
T3000216,FDH302018,144FOC/F3000118/T3000216,True,True,True
T3000708,FDH302018,144FOC/T3000708/T3000213,True,True,True
T3000226,FDH302019,144FOC/T3000226/T3000225,True,True,True
T3000242,FDH302019,144FOC/F3000157/T3000242,True,True,True
T3000245,FDH302019,144FOC/T3000244/T3000245,True,False,False
T3000248,FDH302030,48FOC/F3003259/T3000248,True,True,True
T3000249,FDH302030,144FOC/F3003258/T3000249,False,True,False
T3000252,FDH302022,96FOC/T3000252/T3000251,True,True,True
T3000253,FDH302022,96FOC/T3000253/T3000252,True,True,True
T3000769,FDH303004,96FOC/T3000665/T3000769,True,False,False
T3000770,FDH303007,48FOC/F3000027/T3000770,True,False,False
T3000771,FDH303007,48FOC/T3000771/T3000705,True,False,False
T3000527,FDH301044,48FOC/T3000527/T3000528,True,True,True
T3000528,FDH301044,48FOC/T3000527/T3000528,True,True,True
T3000529,FDH301044,48FOC/T3000529/T3000530,True,True,True
T3000006,FDH301045,48FOC/F3000155/T3000006,True,True,True
T3000772,FDH303007,48FOC/T3000772/T3000637,True,False,False
T3000009,FDH301045,48FOC/T3000010/T3000009,True,True,True
T3000091,FDH301042,96FOC/T3000091/T3000090,True,True,True
T3000073,FDH301042,48FOC/T3000722/T3000073,True,True,True
T3000138,FDH302024,48FOC/T3000139/T3000138,True,True,True
T3000080,FDH301042,48FOC/T3000080/T3000079,True,True,True
T3000139,FDH302024,48FOC/T3000139/T3000138,True,True,True
T3000140,FDH302024,48FOC/T3000141/T3000140,True,True,True
T3000269,FDH302029,48FOC/T3000270/T3000269,True,True,True
T3000270,FDH302029,48FOC/T3000270/T3000269,True,True,True
T3000530,FDH301044,48FOC/T3000529/T3000530,True,True,True
T3000531,FDH301044,48FOC/T3000532/T3000531,True,True,True
T3000532,FDH301044,48FOC/F3000143/T3000532,True,True,True
T3000078,FDH301042,288FOC/F3000139/T3000078,True,True,True
T3000079,FDH301042,48FOC/F3000139/T3000079,True,True,True
T3000093,FDH301042,48FOC/T3000762/T3000093,True,True,True
T3000773,FDH303008,48FOC/T3000773/T3000472,True,False,False
T3000255,FDH302022,96FOC/T3000255/T3000253,True,True,True
T3000256,FDH302022,96FOC/T3000256/T3000255,True,True,True
T3000275,FDH302030,48FOC/T3000275/T3000274,True,True,True
T3000533,FDH301044,96FOC/F3000143/T3000533,True,True,True
T3000534,FDH301044,48FOC/T3000534/T3000535,True,True,True
T3000535,FDH301044,48FOC/T3000535/T3000536,True,True,True
T3000131,FDH302038,96FOC/T3000130/T3000131,True,True,True
T3000132,FDH302038,96FOC/T3000131/T3000132,True,True,True
T3000133,FDH302038,96FOC/T3000133/T3000132,True,True,True
T3000134,FDH302038,96FOC/T3000133/T3000134,True,True,True
T3000137,FDH302024,48FOC/F3003291/T3000137,True,True,True
T3000154,FDH302025,48FOC/F3000089/T3000154,True,True,True
T3000155,FDH302025,144FOC/F3000126/T3000155,True,True,True
T3000146,FDH302024,96FOC/T3000146/F3003430,True,False,False
T3000149,FDH302025,48FOC/F3000090/T3000149,True,True,True
T3000150,FDH302025,48FOC/F3000127/T3000150,True,True,True
T3000151,FDH302025,48FOC/T3000151/T3000150,True,True,True
T3000161,FDH302025,144FOC/F3000080/T3000161,True,True,True
T3000163,FDH302026,48FOC/F3000082/T3000163,True,True,True
T3000192,FDH302027,288FOC/T3000192/T3000193,True,True,True
T3000193,FDH302027,288FOC/T3000193/T3000195,True,True,True
T3000195,FDH302027,288FOC/F3000122/T3000195,True,True,True
T3000536,FDH301044,48FOC/T3000535/T3000536,True,True,True
T3000537,FDH301044,48FOC/F3000144/T3000537,True,True,True
T3000543,FDH301045,48FOC/F3003288/T3000543,True,True,True
T3000165,FDH302026,144FOC/F3000080/T3000165,True,True,True
T3000166,FDH302026,48FOC/F3003349/T3000166,True,True,True
T3000167,FDH302026,144FOC/F3000086/T3000167,True,False,False
T3000168,FDH302026,144FOC/F3000088/T3000168,True,False,False
T3000169,FDH302026,48FOC/T3000170/T3000169,True,True,True
T3000170,FDH302026,48FOC/T3000170/T3000169,True,True,True
T3000214,FDH302018,144FOC/T3000215/T3000214,True,True,True
T3000215,FDH302018,144FOC/T3000216/T3000215,True,True,True
T3000546,FDH301045,48FOC/T3000546/T3000547,True,True,True
T3000547,FDH301045,48FOC/T3000547/T3000548,True,True,True
T3000548,FDH301045,48FOC/T3000548/T3000002,True,True,True
T3000002,FDH301045,48FOC/T3000548/T3000002,True,True,True
T3000004,FDH301045,48FOC/T3000006/T3000004,True,True,True
T3000007,FDH301045,48FOC/F3000155/T3000007,True,False,False
T3000008,FDH301045,48FOC/T3000009/T3000008,True,True,True
T3000251,FDH302022,96FOC/T3000743/T3000251,True,True,True
T3000273,FDH302030,48FOC/T3000274/T3000273,True,True,True
T3000298,FDH302020,96FOC/T3000298/T3000300,True,True,True
T3000516,FDH301043,48FOC/T3000516/T3000515,True,True,True
T3000517,FDH301043,48FOC/T3000001/T3000517,True,True,True
T3000518,FDH301043,96FOC/F3000141/T3000518,True,True,True
T3000519,FDH301043,96FOC/T3000519/T3000518,True,True,True
T3000520,FDH301043,96FOC/T3000519/T3000520,True,True,True
T3000521,FDH301043,96FOC/T3000520/T3000521,True,True,True
T3000522,FDH301043,96FOC/T3000521/T3000522,True,True,True
T3000523,FDH301043,96FOC/T3000523/T3000522,True,True,True
T3000524,FDH301043,96FOC/T3000523/T3000524,True,True,True
T3000010,FDH301045,48FOC/T3000010/T3000011,True,True,True
T3000011,FDH301045,48FOC/T3000010/T3000011,True,True,True
T3000012,FDH301045,48FOC/T3000012/T3000011,True,True,True
T3000013,FDH301045,48FOC/T3000013/T3000012,True,True,True
T3000014,FDH301045,48FOC/T3000013/T3000014,True,True,True
T3000015,FDH301045,48FOC/T3000014/T3000015,True,True,True
T3000171,FDH302026,48FOC/T3000170/T3000171,True,True,True
T3000174,FDH302026,144FOC/T3000175/T3000174,True,True,True
T3000173,FDH302026,144FOC/T3000173/T3000174,True,True,True
T3000175,FDH302026,144FOC/T3000175/T3000174,True,True,True
T3000178,FDH302023,144FOC/T3000178/T3000179,True,True,True
T3000179,FDH302023,144FOC/T3000180/T3000179,True,True,True
T3000180,FDH302023,144FOC/T3000180/T3000763,True,True,True
T3000182,FDH302023,144FOC/F3000125/T3000182,True,True,True
T3000183,FDH302023,144FOC/T3000183/T3000187,True,True,True
T3000184,FDH302023,48FOC/T3000184/T3000185,True,True,True
T3000185,FDH302023,48FOC/T3000184/T3000185,True,True,True
T3000187,FDH302023,144FOC/T3000187/T3000188,True,True,True
T3000188,FDH302023,144FOC/F3000084/T3000188,True,True,True
T3000317,FDH303032,48FOC/T3000318/T3000317,True,True,True
T3000338,FDH303032,144FOC/F3000158/T3000338,True,True,True
T3000358,FDH303035,,False,True,False
T3000087,FDH301042,96FOC/T3000088/T3000087,True,True,True
T3000088,FDH301042,96FOC/T3000089/T3000088,True,True,True
T3000090,FDH301042,96FOC/T3000091/T3000090,True,True,True
T3000364,FDH303034,96FOC/F3003337/T3000364,True,True,True
T3000074,FDH301042,48FOC/T3000074/T3000075,True,True,True
T3000075,FDH301042,48FOC/T3000074/T3000075,True,True,True
T3000077,FDH301042,48FOC/F3000106/T3000077,True,True,True
T3000081,FDH301042,144FOC/T3000081/F3000138,True,True,True
T3000082,FDH301042,288FOC/F3000139/T3000082,True,True,True
T3000084,FDH301042,144FOC/T3000085/T3000084,True,True,True
T3000085,FDH301042,144FOC/T3000085/F3000101,True,False,False
T3000368,FDH303034,48FOC/F3003336/T3000368,True,True,True
T3000089,FDH301042,96FOC/T3000090/T3000089,True,True,True
T3000119,FDH302040,144FOC/F3000099/T3000119,True,True,True
T3000120,FDH302040,48FOC/T3000120/T3000121,True,True,True
T3000121,FDH302040,48FOC/T3000726/T3000121,True,True,True
T3000124,FDH302040,48FOC/T3000124/T3000726,True,True,True
T3000125,FDH302038,48FOC/T3000125/T3000126,True,True,True
T3000126,FDH302038,48FOC/T3000125/T3000126,True,True,True
T3000128,FDH302038,48FOC/F3000074/T3000128,True,True,True
T3000130,FDH302038,96FOC/F3000075/T3000130,True,True,True
T3000209,FDH302018,144FOC/F3000066/T3000209,True,True,True
T3000366,FDH303034,96FOC/F3003337/T3000366,True,True,True
T3000378,FDH303014,288FOC/T3000378/T3000377,True,True,True
T3000387,FDH303014,288FOC/F3003306/T3000387,True,True,True
T3000388,FDH303014,48FOC/F3003306/T3000388,True,True,True
T3000221,FDH302018,96FOC/F3000069/T3000221,True,True,True
T3000222,FDH302018,96FOC/T3000221/T3000222,True,True,True
T3000223,FDH302018,96FOC/F3000120/T3000223,True,True,True
T3000224,FDH302019,144FOC/T3000224/T3000225,True,True,True
T3000129,FDH302038,96FOC/T3000129/F2000209,True,True,True
T3000219,FDH302018,144FOC/T3000220/T3000219,True,True,True
T3000220,FDH302018,144FOC/T3000220/T3000219,True,False,False
T3000225,FDH302019,144FOC/T3000226/T3000225,True,True,True
T3000228,FDH302019,144FOC/T3000228/T3000229,True,True,True
T3000241,FDH302019,144FOC/T3000240/T3000241,True,True,True
T3000243,FDH302019,144FOC/T3000244/T3000243,True,False,False
T3000244,FDH302019,144FOC/T3000244/T3000243,True,True,True
T3000389,FDH303014,48FOC/F3003308/T3000389,True,True,True
T3000409,FDH303013,48FOC/T3000410/T3000409,True,True,True
T3000410,FDH303013,48FOC/T3000410/T3000411,True,True,True
T3000411,FDH303013,48FOC/T3000412/T3000411,True,True,True
T3000417,FDH303014,144FOC/F3003300/T3000417,True,True,True
T3000422,FDH303012,48FOC/F3003271/T3000422,True,True,True
T3000423,FDH303012,48FOC/T3000422/T3000423,True,True,True
T3000424,FDH303012,48FOC/T3000423/T3000424,True,True,True
T3000425,FDH303014,144FOC/T3000425/T3000756,True,True,True
T3000426,FDH303014,144FOC/T3000427/T3000426,True,True,True
T3000427,FDH303009,144FOC/F3000033/T3000427,True,True,True
T3000428,FDH303012,144FOC/T3000429/T3000428,True,True,True
T3000429,FDH303012,144FOC/T3000429/T3000428,True,True,True
T3000430,FDH303012,144FOC/T3000430/T3000429,True,True,True
T3000197,FDH302027,288FOC/T3000197/T3000760,True,True,True
T3000199,FDH302027,288FOC/T3000760/T3000199,True,True,True
T3000200,FDH302027,288FOC/T3000199/T3000200,True,True,True
T3000201,FDH302027,288FOC/T3000202/T3000201,True,True,True
T3000202,FDH302027,288FOC/T3000202/T3000201,True,True,True
T3000277,FDH302030,48FOC/T3000277/T3000275,True,True,True
T3000278,FDH302030,48FOC/T3000278/T3000277,True,True,True
T3000286,FDH302029,48FOC/T3000286/T3000289,True,True,True
T3000287,FDH302022,96FOC/F3003344/T3000287,True,True,True
T3000240,FDH302019,144FOC/T3000240/F3000156,True,True,True
T3000229,FDH302019,144FOC/T3000228/T3000229,True,True,True
T3000230,FDH302019,144FOC/T3000230/T3000231,True,True,True
T3000231,FDH302019,144FOC/T3000231/F3003452,True,True,True
T3000232,FDH302019,144FOC/F3003452/T3000232,True,True,True
T3000233,FDH302019,144FOC/T3000232/T3000233,True,True,True
T3000234,FDH302019,144FOC/T3000233/T3000234,True,True,True
T3000235,FDH302019,144FOC/T3000235/T3000234,True,True,True
T3000236,FDH302019,144FOC/T3000235/T3000236,True,True,True
T3000238,FDH302019,144FOC/F3000156/T3000238,True,True,True
T3000274,FDH302030,48FOC/T3000274/T3000273,True,True,True
T3000266,FDH302022,48FOC/T3000266/T3000267,True,True,True
T3000262,FDH302022,96FOC/T3000312/T3000262,True,True,True
T3000719,FDH303009,96FOC/T3000719/T3000037,True,True,True
T3000267,FDH302022,48FOC/T3000267/T3000268,True,True,True
T3000263,FDH302022,48FOC/T3000264/T3000263,True,True,True
T3000264,FDH302022,48FOC/T3000266/T3000264,True,True,True
T3000432,FDH303012,144FOC/F3003294/T3000432,True,True,True
T3000447,FDH303012,144FOC/T3000443/T3000447,True,True,True
T3000279,FDH302030,48FOC/T3000279/T3000278,True,True,True
T3000280,FDH302029,96FOC/F3003416/T3000280,True,True,True
T3000281,FDH302029,96FOC/T3000280/T3000281,True,True,True
T3000282,FDH302029,96FOC/F3003415/T3000282,True,True,True
T3000284,FDH302029,96FOC/T3000282/T3000284,True,True,True
T3000285,FDH302029,48FOC/T3000286/T3000285,True,True,True
T3000469,FDH303008,96FOC/T3000469/T3000468,True,True,True
T3000470,FDH303008,96FOC/T3000470/T3000469,True,True,True
T3000288,FDH302022,96FOC/F3003414/T3000288,True,True,True
T3000289,FDH302029,48FOC/T3000286/T3000289,True,True,True
T3000290,FDH302029,48FOC/T3000291/T3000290,True,True,True
T3000291,FDH302029,48FOC/T3000291/T3000290,True,True,True
T3000297,FDH302020,96FOC/T3000297/F3003385,True,True,True
T3000152,FDH302025,48FOC/T3000153/T3000152,True,True,True
T3000300,FDH302020,96FOC/T3000300/T3000301,True,True,True
T3000303,FDH302020,96FOC/F3003385/T3000303,True,True,True
T3000305,FDH302020,96FOC/F3003384/T3000305,True,True,True
T3000307,FDH302020,96FOC/T3000305/T3000307,True,True,True
T3000308,FDH302020,96FOC/T3000307/T3000308,True,True,True
T3000471,FDH303008,48FOC/F3000031/T3000471,True,True,True
T3000472,FDH303008,48FOC/T3000471/T3000472,True,True,True
T3000157,FDH302025,48FOC/T3000156/T3000157,True,True,True
T3000162,FDH302026,48FOC/F3000082/T3000162,True,True,True
T3000312,FDH302022,96FOC/F3003344/T3000312,True,True,True
T3000315,FDH303032,144FOC/F3000056/T3000315,True,True,True
T3000474,FDH303008,48FOC/F3000032/T3000474,True,True,True
T3000313,FDH303032,144FOC/F3000162/T3000313,True,True,True
T3000473,FDH303008,48FOC/T3000473/T3000472,False,True,False
T3000330,FDH302030,48FOC/T3000329/T3000330,True,True,True
T3000318,FDH303032,48FOC/T3000319/T3000318,True,True,True
T3000328,FDH302030,48FOC/T3000329/T3000328,False,True,False
T3000319,FDH303032,48FOC/T3000320/T3000319,True,True,True
T3000322,FDH303032,144FOC/T3000744/T3000322,True,True,True
T3000323,FDH303032,48FOC/F3003429/T3000323,True,True,True
T3000324,FDH303032,48FOC/T3000323/T3000324,True,True,True
T3000325,FDH303032,48FOC/T3000324/T3000325,True,True,True
T3000326,FDH303032,48FOC/T3000325/T3000326,True,True,True
T3000329,FDH302030,48FOC/T3000329/T3000328,False,True,False
T3000331,FDH302030,48FOC/F3003265/T3000331,True,True,True
T3000475,FDH303008,48FOC/T3000476/T3000475,True,True,True
T3000476,FDH303008,48FOC/T3000476/T3000475,True,True,True
T3000477,FDH303008,48FOC/T3000476/T3000477,True,True,True
T3000164,FDH302026,48FOC/T3000164/T3000163,True,True,True
T3000268,FDH302022,48FOC/T3000267/T3000268,True,True,True
T3000301,FDH302020,96FOC/T3000300/T3000301,True,True,True
T3000320,FDH303032,48FOC/T3000320/T3000319,True,True,True
T3000327,FDH303032,48FOC/T3000326/T3000327,True,True,True
T3000333,FDH302030,48FOC/T3000331/T3000333,True,True,True
T3000336,FDH303033,48FOC/T3000336/T3000342,True,True,True
T3000489,FDH303011,96FOC/F3003277/T3000489,True,True,True
T3000490,FDH303011,96FOC/T3000490/T3000491,True,True,True
T3000341,FDH303033,144FOC/F3000160/T3000341,True,True,True
T3000342,FDH303033,48FOC/F3003299/T3000342,True,True,True
T3000344,FDH303033,144FOC/T3000344/T3000341,True,True,True
T3000345,FDH303033,144FOC/T3000345/T3000344,True,True,True
T3000347,FDH303033,144FOC/F3003314/T3000347,True,True,True
T3000359,FDH303014,144FOC/F3003315/T3000359,True,True,True
T3000360,FDH303035,144FOC/F3003315/T3000360,True,True,True
T3000361,FDH303035,48FOC/F3003334/T3000361,True,True,True
T3000488,FDH303011,96FOC/T3000488/T3000489,True,True,True
T3000493,FDH303011,48FOC/T3000707/T3000493,True,True,True
T3000351,FDH303035,144FOC/T3000351/T3000352,True,True,True
T3000352,FDH303035,144FOC/T3000352/T3000353,True,True,True
T3000353,FDH303035,144FOC/T3000354/T3000353,True,True,True
T3000354,FDH303035,144FOC/T3000355/T3000354,True,True,True
T3000355,FDH303035,144FOC/F3003315/T3000355,True,True,True
T3000356,FDH303035,144FOC/T3000360/T3000356,True,True,True
T3000357,FDH303035,144FOC/T3000356/T3000357,True,True,True
T3000362,FDH303035,48FOC/T3000361/T3000362,True,True,True
T3000494,FDH303011,48FOC/T3000494/T3000694,True,True,True
T3000495,FDH303011,48FOC/T3000496/T3000495,True,True,True
T3000498,FDH303003,48FOC/F3000008/T3000498,True,True,True
T3000499,FDH303003,48FOC/T3000499/T3000500,True,True,True
T3000500,FDH303003,48FOC/T3000500/T3000501,True,True,True
T3000502,FDH303003,96FOC/T3000502/T3000503,True,True,True
T3000369,FDH303034,48FOC/T3000368/T3000369,True,True,True
T3000377,FDH303014,288FOC/T3000377/T3000359,True,True,True
T3000379,FDH303014,288FOC/T3000378/T3000379,True,True,True
T3000380,FDH303014,288FOC/F3003305/T3000380,True,True,True
T3000382,FDH303014,48FOC/T3000383/T3000382,True,True,True
T3000383,FDH303014,48FOC/F3003309/T3000383,True,True,True
T3000384,FDH303014,288FOC/T3000384/T3000385,True,True,True
T3000385,FDH303014,288FOC/T3000385/T3000386,True,True,True
T3000386,FDH303014,288FOC/T3000386/T3000387,True,True,True
T3000506,FDH303003,48FOC/T3000738/T3000506,True,True,True
T3000390,FDH303014,48FOC/T3000390/T3000391,True,True,True
T3000391,FDH303014,48FOC/T3000392/T3000391,True,True,True
T3000392,FDH303014,48FOC/T3000392/T3000391,True,True,True
T3000393,FDH303014,48FOC/T3000392/T3000393,True,True,True
T3000395,FDH303014,288FOC/F3003400/T3000395,True,True,True
T3000396,FDH303014,288FOC/F3003303/T3000396,True,True,True
T3000397,FDH303014,288FOC/F3003301/T3000397,True,True,True
T3000398,FDH303014,288FOC/F3003301/T3000398,True,True,True
T3000399,FDH303014,144FOC/F3000164/T3000399,True,True,True
T3000412,FDH303013,48FOC/T3000412/T3000411,True,True,True
T3000416,FDH303014,144FOC/T3000757/T3000416,True,True,True
T3000501,FDH303003,48FOC/T3000501/T3000550,True,True,True
T3000400,FDH303014,96FOC/F3000165/T3000400,True,True,True
T3000401,FDH303013,96FOC/T3000400/T3000401,True,True,True
T3000402,FDH303013,96FOC/T3000401/T3000402,True,True,True
T3000403,FDH303013,96FOC/T3000402/T3000403,True,True,True
T3000421,FDH303012,48FOC/F3003271/T3000421,True,True,True
T3000503,FDH303003,96FOC/T3000502/T3000503,True,True,True
T3000504,FDH303003,96FOC/F3000054/T3000504,True,True,True
T3000404,FDH303013,96FOC/F3003311/T3000404,True,True,True
T3000405,FDH303013,96FOC/F3003311/T3000405,True,True,True
T3000406,FDH303013,48FOC/T3000407/T3000406,True,True,True
T3000407,FDH303013,48FOC/T3000408/T3000407,True,True,True
T3000408,FDH303013,48FOC/F3003312/T3000408,True,True,True
T3000508,FDH303003,96FOC/T3000508/T3000509,True,True,True
T3000509,FDH303003,96FOC/T3000508/T3000509,True,True,True
T3000511,FDH303003,288FOC/F3000001/T3000511,True,True,True
T3000512,FDH303003,96FOC/F3000004/T3000512,True,True,True
T3000513,FDH303003,288FOC/F3000001/T3000513,True,True,True
T3000549,FDH303003,96FOC/T3000549/T3000503,True,True,True
T3000550,FDH303003,48FOC/F3000012/T3000550,True,True,True
T3000563,FDH303003,144FOC/T3000563/T3000564,True,True,True
T3000564,FDH303003,144FOC/T3000563/T3000564,True,True,True
T3000565,FDH303003,144FOC/T3000714/T3000565,True,True,True
T3000566,FDH303003,144FOC/T3000714/T3000566,True,True,True
T3000567,FDH303002,144FOC/T3000567/T3000709,True,True,True
T3000433,FDH303012,144FOC/T3000432/T3000433,True,True,True
T3000434,FDH303012,144FOC/T3000433/T3000434,True,True,True
T3000435,FDH303012,144FOC/F3003433/T3000435,True,True,True
T3000436,FDH303012,144FOC/T3000436/T3000437,True,True,True
T3000437,FDH303012,144FOC/T3000436/T3000437,True,True,True
T3000438,FDH303012,144FOC/F3000055/T3000438,True,True,True
T3000439,FDH303012,144FOC/T3000440/T3000439,True,True,True
T3000440,FDH303012,144FOC/T3000440/T3000441,True,True,True
T3000441,FDH303012,144FOC/T3000441/T3000442,True,True,True
T3000442,FDH303012,144FOC/T3000443/T3000442,True,True,True
T3000443,FDH303012,144FOC/T3000443/T3000447,True,True,True
T3000363,FDH303035,48FOC/T3000363/T3000362,True,True,True
T3000448,FDH303012,144FOC/T3000449/T3000448,True,True,True
T3000449,FDH303012,144FOC/T3000450/T3000449,True,True,True
T3000450,FDH303012,144FOC/T3000450/T3000449,True,True,True
T3000451,FDH303015,288FOC/T3000456/T3000451,True,True,True
T3000452,FDH303015,288FOC/T3000452/T3000453,True,True,True
T3000453,FDH303015,288FOC/F3000057/T3000453,True,True,True
T3000455,FDH303015,144FOC/F3000033/T3000455,True,True,True
T3000456,FDH303015,288FOC/T3000456/T3000451,True,True,True
T3000037,FDH303009,96FOC/T3000038/T3000037,True,True,True
T3000038,FDH303009,96FOC/T3000038/T3000459,True,True,True
T3000459,FDH303009,96FOC/T3000459/T3000460,True,True,True
T3000460,FDH303009,96FOC/T3000460/T3000461,True,True,True
T3000461,FDH303009,96FOC/F3000034/T3000461,True,True,True
T3000444,FDH303009,96FOC/F3003316/T3000444,True,True,True
T3000462,FDH303009,48FOC/F3000036/T3000462,True,True,True
T3000463,FDH303009,48FOC/F3003285/T3000463,True,True,True
T3000568,FDH303002,144FOC/F3000163/T3000568,True,True,True
T3000586,FDH303002,144FOC/F3000163/T3000586,True,True,True
T3000587,FDH303002,144FOC/T3000587/T3000586,True,False,False
T3000588,FDH303002,144FOC/T3000587/T3000588,True,True,True
T3000590,FDH303002,144FOC/F3000146/T3000590,True,False,False
T3000591,FDH303002,144FOC/T3000590/T3000591,True,True,True
T3000466,FDH303009,48FOC/F3000053/T3000466,True,True,True
T3000465,FDH303009,48FOC/T3000464/T3000465,True,True,True
T3000464,FDH303009,48FOC/T3000464/T3000465,True,True,True
T3000467,FDH303008,96FOC/T3000553/T3000467,True,True,True
T3000553,FDH303008,96FOC/T3000553/T3000467,True,True,True
T3000554,FDH303008,96FOC/T3000553/T3000554,True,True,True
T3000555,FDH303008,96FOC/T3000555/T3000554,True,True,True
T3000468,FDH303008,96FOC/T3000468/T3000555,True,True,True
T3000589,FDH303002,144FOC/T3000589/T3000588,True,False,False
T3000593,FDH303002,288FOC/F3000037/T3000593,True,True,True
T3000594,FDH303002,288FOC/T3000593/T3000594,True,False,False
T3000595,FDH303002,288FOC/T3000595/F3003437,True,True,True
T3000556,FDH303002,288FOC/T3000556/F3003436,True,True,True
T3000557,FDH303017,96FOC/T3000558/T3000557,True,True,True
T3000558,FDH303017,96FOC/T3000558/T3000557,True,True,True
T3000478,FDH303008,48FOC/T3000478/T3000477,True,True,True
T3000479,FDH303001,144FOC/F3000017/T3000479,True,True,True
T3000480,FDH303001,144FOC/T3000479/T3000480,True,True,True
T3000481,FDH303001,144FOC/T3000481/T3000480,True,True,True
T3000482,FDH303001,144FOC/T3000482/T3000481,True,True,True
T3000483,FDH303001,96FOC/T3000483/T3000484,True,True,True
T3000484,FDH303001,96FOC/T3000483/T3000484,True,True,True
T3000039,FDH303011,96FOC/T3000484/T3000039,True,True,True
T3000485,FDH303011,96FOC/T3000039/T3000485,True,True,True
T3000486,FDH303011,96FOC/T3000486/T3000487,True,True,True
T3000487,FDH303011,96FOC/F3000019/T3000487,True,True,True
T3000559,FDH303017,96FOC/T3000558/T3000559,True,True,True
T3000596,FDH303017,96FOC/T3000559/T3000596,True,True,True
T3000597,FDH303017,96FOC/T3000596/T3000597,True,True,True
T3000491,FDH303011,96FOC/T3000491/T3000492,True,True,True
T3000492,FDH303011,96FOC/T3000703/T3000492,True,True,True
T3000598,FDH303017,96FOC/T3000597/T3000598,True,True,True
T3000599,FDH303017,96FOC/T3000598/T3000599,True,True,True
T3000600,FDH303017,96FOC/T3000600/T3000599,True,True,True
T3000601,FDH303017,96FOC/F3000070/T3000601,True,True,True
T3000602,FDH303017,96FOC/T3000601/T3000602,True,True,True
T3000603,FDH303017,96FOC/T3000603/T3000604,True,True,True
T3000604,FDH303017,96FOC/T3000603/T3000604,True,True,True
T3000605,FDH303017,48FOC/F3000071/T3000605,True,True,True
T3000606,FDH303017,48FOC/T3000605/T3000606,True,True,True
T3000607,FDH303017,48FOC/F3000132/T3000607,True,True,True
T3000608,FDH303016,48FOC/T3000607/T3000608,True,True,True
T3000621,FDH303039,48FOC/T3000621/T3000620,True,True,True
T3000626,FDH303010,144FOC/F3000029/T3000626,True,True,True
T3000627,FDH303010,144FOC/T3000626/T3000627,True,True,True
T3000105,FDH303010,144FOC/F3003342/T3000105,True,True,True
T3000106,FDH303010,144FOC/T3000105/T3000106,True,True,True
T3000628,FDH303010,144FOC/T3000628/T3000629,True,True,True
T3000629,FDH303010,144FOC/T3000629/T3000040,True,True,True
T3000040,FDH303010,144FOC/T3000630/T3000040,True,True,True
T3000630,FDH303010,144FOC/T3000630/T3000040,True,True,True
T3000631,FDH303010,144FOC/F3000028/T3000631,True,True,True
T3000632,FDH303007,96FOC/F3000028/T3000632,True,True,True
T3000633,FDH303007,96FOC/T3000632/T3000633,True,True,True
T3000634,FDH303007,96FOC/T3000633/T3000634,True,True,True
T3000635,FDH303007,96FOC/T3000636/T3000635,True,True,True
T3000636,FDH303007,96FOC/F3000026/T3000636,True,True,True
T3000637,FDH303007,48FOC/T3000705/T3000637,False,True,False
T3000638,FDH303007,48FOC/T3000639/T3000638,True,True,True
T3000639,FDH303007,48FOC/F3000005/T3000639,True,True,True
T3000640,FDH303007,48FOC/T3000640/T3000641,True,True,True
T3000641,FDH303007,48FOC/T3000641/T3000642,True,True,True
T3000642,FDH303007,48FOC/T3000641/T3000642,True,True,True
T3000655,FDH303007,48FOC/F3000027/T3000655,True,True,True
T3000656,FDH303007,48FOC/T3000655/T3000656,True,True,True
T3000657,FDH303007,48FOC/F3000025/T3000657,True,True,True
T3000658,FDH303007,48FOC/F3000025/T3000658,True,True,True
T3000572,FDH303005,48FOC/T3000572/T3000573,True,True,True
T3000581,FDH303005,48FOC/T3000582/T3000581,True,True,True
T3000665,FDH303004,96FOC/T3000665/T3000664,False,True,False
T3000666,FDH303004,48FOC/F3000022/T3000666,True,True,True
T3000667,FDH303004,48FOC/F3000051/T3000667,True,True,True
T3000668,FDH303004,48FOC/T3000668/T3000669,True,True,True
T3000659,FDH303005,48FOC/T3000658/T3000659,True,True,True
T3000141,FDH302024,48FOC/T3000141/T3000140,True,True,True
T3000143,FDH302024,48FOC/F3000094/T3000143,True,True,True
T3000148,FDH302025,48FOC/T3000149/T3000148,True,True,True
T3000153,FDH302025,48FOC/T3000153/T3000152,True,True,True
T3000156,FDH302025,48FOC/F3000126/T3000156,True,True,True
T3000158,FDH302025,144FOC/F3000126/T3000158,True,True,True
T3000159,FDH302025,144FOC/T3000159/T3000158,True,True,True
T3000189,FDH302023,144FOC/F3003367/T3000189,True,True,True
T3000190,FDH302023,288FOC/T3000190/T3000191,True,True,True
T3000191,FDH302023,288FOC/T3000192/T3000191,True,True,True
T3000203,FDH302027,288FOC/T3000203/T3000202,True,True,True
T3000609,FDH303039,96FOC/T3000609/F3000097,True,True,True
T3000610,FDH303039,96FOC/F3000134/T3000610,True,True,True
T3000611,FDH303039,96FOC/T3000611/T3000612,True,True,True
T3000612,FDH303039,96FOC/T3000611/T3000612,True,True,True
T3000613,FDH303039,96FOC/T3000612/T3000613,True,True,True
T3000614,FDH303039,96FOC/T3000613/T3000614,True,True,True
T3000615,FDH303039,96FOC/T3000614/T3000615,True,True,True
T3000616,FDH303039,96FOC/T3000615/T3000616,True,True,True
T3000617,FDH303039,96FOC/T3000616/T3000617,True,True,True
T3000618,FDH303039,48FOC/T3000618/F3000098,True,True,True
T3000619,FDH303039,48FOC/T3000619/T3000618,True,True,True
T3000620,FDH303039,48FOC/T3000621/T3000620,True,True,True
T3000622,FDH303039,48FOC/T3000622/T3000621,True,True,True
T3000624,FDH303010,144FOC/F3000030/T3000624,True,True,True
T3000625,FDH303010,144FOC/T3000624/T3000625,True,True,True
T3000670,FDH303004,48FOC/T3000670/T3000673,True,True,True
T3000671,FDH303004,48FOC/T3000671/T3000670,True,True,True
T3000643,FDH303006,48FOC/T3000644/T3000643,True,True,True
T3000644,FDH303006,48FOC/T3000645/T3000644,True,True,True
T3000645,FDH303006,48FOC/T3000646/T3000645,True,True,True
T3000646,FDH303006,48FOC/T3000647/T3000646,True,True,True
T3000647,FDH303006,48FOC/T3000647/T3000646,True,True,True
T3000648,FDH303006,48FOC/F3000011/T3000648,True,True,True
T3000649,FDH303006,48FOC/T3000706/T3000649,True,True,True
T3000650,FDH303006,48FOC/T3000651/T3000650,True,True,True
T3000651,FDH303006,48FOC/F3000052/T3000651,True,True,True
T3000652,FDH303006,48FOC/F3000052/T3000652,True,True,True
T3000653,FDH303006,48FOC/F3000009/T3000653,True,True,True
T3000660,FDH303005,48FOC/T3000560/T3000660,True,True,True
T3000560,FDH303005,48FOC/T3000560/T3000660,True,True,True
T3000569,FDH303005,48FOC/F3000016/T3000569,True,True,True
T3000570,FDH303005,48FOC/T3000569/T3000570,True,True,True
T3000573,FDH303005,48FOC/T3000574/T3000573,True,True,True
T3000575,FDH303005,96FOC/F3000016/T3000575,True,True,True
T3000576,FDH303005,96FOC/T3000575/T3000576,True,True,True
T3000577,FDH303005,96FOC/T3000578/T3000577,True,True,True
T3000578,FDH303005,96FOC/F3000024/T3000578,True,True,True
T3000579,FDH303005,48FOC/F3000024/T3000579,True,True,True
T3000580,FDH303005,48FOC/T3000580/T3000581,True,True,True
T3000584,FDH303004,48FOC/T3000584/T3000661,True,True,True
T3000582,FDH303005,48FOC/T3000582/T3000581,True,True,True
T3000583,FDH303004,48FOC/T3000582/T3000583,True,True,True
T3000661,FDH303004,48FOC/T3000584/T3000661,True,True,True
T3000662,FDH303004,48FOC/F3000021/T3000662,True,True,True
T3000663,FDH303004,96FOC/T3000663/T3000664,True,True,True
T3000664,FDH303004,96FOC/T3000665/T3000664,False,True,False
T3000673,FDH303004,48FOC/F3000051/T3000673,True,True,True
T3000041,FDH303041,144FOC/F3000010/T3000041,True,True,True
T3000042,FDH303041,144FOC/T3000042/T3000041,True,True,True
T3000043,FDH303041,144FOC/T3000042/T3000043,True,True,True
T3000674,FDH303016,48FOC/F3000105/T3000674,True,True,True
T3000044,FDH303041,144FOC/T3000043/T3000044,True,True,True
T3000045,FDH303041,144FOC/T3000045/T3000046,True,True,True
T3000046,FDH303041,144FOC/T3000045/T3000046,True,True,True
T3000047,FDH303041,144FOC/T3000047/T3000046,True,True,True
T3000048,FDH303041,144FOC/T3000047/T3000048,True,True,True
T3000686,FDH303041,144FOC/T3000686/T3000048,True,True,True
T3000687,FDH303041,144FOC/T3000686/T3000687,True,True,True
T3000688,FDH303041,144FOC/T3000687/T3000688,True,True,True
T3000690,FDH303041,96FOC/F3003348/T3000690,True,True,True
T3000691,FDH303041,96FOC/T3000690/T3000691,True,True,True
T3000692,FDH303041,96FOC/T3000691/T3000692,True,True,True
T3000693,FDH303041,96FOC/T3000692/T3000693,True,True,True
T3000694,FDH303011,48FOC/T3000494/T3000694,True,True,True
T3000699,FDH303001,288FOC/T3000699/T3000700,True,True,True
T3000695,FDH303015,288FOC/F3000006/T3000695,True,True,True
T3000696,FDH303015,288FOC/T3000695/T3000696,True,True,True
T3000697,FDH303015,288FOC/T3000698/T3000697,True,True,True
T3000700,FDH303001,288FOC/T3000699/T3000700,True,True,True
T3000704,FDH303001,96FOC/F3003435/T3000704,True,True,True
T3000701,FDH303001,96FOC/T3000701/T3000704,True,True,True
T3000702,FDH303006,48FOC/T3000702/T3000706,True,True,True
T3000703,FDH303011,96FOC/T3000703/T3000492,True,True,True
T3000707,FDH303011,48FOC/T3000707/T3000493,True,True,True
T3000705,FDH303007,48FOC/T3000705/T3000637,False,True,False
T3000706,FDH303006,48FOC/T3000702/T3000706,True,True,True
T3000721,FDH302019,96FOC/T3000721/T3000710,True,True,True
T3000723,FDH302019,96FOC/F3000140/T3000723,True,True,True
T3000217,FDH302018,144FOC/F3000118/T3000217,True,True,True
T3000727,FDH302038,96FOC/F3000072/T3000727,True,True,True
T3000726,FDH302040,48FOC/T3000124/T3000726,True,True,True
T3000763,FDH302023,144FOC/T3000182/T3000763,True,True,True
T3000722,FDH301042,48FOC/T3000074/T3000722,True,True,True
T3000720,FDH301043,48FOC/T3000720/T3000514,True,True,True
T3000514,FDH301043,48FOC/T3000515/T3000514,True,True,True
T3000515,FDH301043,48FOC/T3000516/T3000515,True,True,True
T3000709,FDH303003,144FOC/T3000567/T3000709,True,True,True
T3000742,FDH302024,48FOC/F3003350/T3000742,True,True,True
T3000710,FDH302019,96FOC/F3000067/T3000710,True,True,True
T3000714,FDH303003,144FOC/T3000714/T3000566,True,True,True
T3000715,FDH303003,48FOC/F3000012/T3000715,True,True,True
T3000725,FDH303035,144FOC/F3003313/T3000725,True,True,True
T3000738,FDH303003,48FOC/T3000738/T3000506,True,True,True
T3000740,FDH303039,96FOC/T3000740/T3000617,True,True,True
T3000446,FDH303009,48FOC/F3000036/T3000446,True,True,True
T3000551,FDH303014,48FOC/T3000393/T3000551,True,True,True
T3000420,FDH303012,48FOC/T3000421/T3000420,True,True,True
T3000731,FDH302022,48FOC/T3000731/F3003345,True,True,True
T3000733,FDH302022,48FOC/F3003346/T3000733,True,True,True
T3000743,FDH302022,96FOC/T3000743/T3000251,True,True,True
T3000744,FDH303032,144FOC/F3003429/T3000744,True,True,True
T3000745,FDH303032,48FOC/T3000745/T3000317,True,True,True
T3000752,FDH302018,96FOC/F3000076/T3000752,True,True,True
T3000753,FDH303001,96FOC/F3000002/T3000753,True,True,True
T3000756,FDH303014,144FOC/T3000756/F3003302,True,True,True
T3000757,FDH303014,144FOC/T3000757/T3000417,True,True,True
T3000760,FDH302027,288FOC/T3000760/T3000199,True,False,False
T3000761,FDH302023,48FOC/F3000050/T3000761,True,True,True
T3000762,FDH301042,48FOC/T3000762/T3000093,True,False,False
T3000496,FDH303011,48FOC/T3000496/T3000495,True,True,True
T3000562,FDH303003,48FOC/F3000012/T3000562,True,True,True
T3000592,FDH303002,48FOC/F3000037/T3000592,True,True,True
T3000623,FDH303039,48FOC/T3000623/T3000622,True,True,True
T3000571,FDH303005,48FOC/T3000570/T3000571,True,True,True
T3000574,FDH303005,48FOC/T3000574/T3000573,True,True,True
T3000669,FDH303004,48FOC/T3000668/T3000669,True,True,True
T3000672,FDH303004,48FOC/T3000671/T3000672,True,True,True
T3000698,FDH303001,288FOC/T3000698/T3000697,True,True,True
T3000001,FDH301043,48FOC/F3000152/T3000001,True,True,True
T3000764,FDH301042,48FOC/F3000039/T3000764,True,False,False
T5000030,FDH501003,288FOC/T5000335/T5000030,True,True,True
T5000031,FDH501002,288FOC/F5000005/T5000031,True,True,True
T5000033,FDH501003,144FOC/T5000094/T5000033,True,True,True
T5000034,FDH501003,144FOC/T5000034/T5000144,True,True,True
T5000038,FDH501008,48FOC/T5000188/T5000038,True,True,True
T5000039,FDH501008,48FOC/T5000038/T5000039,True,True,True
T5000175,FDH502002,144FOC/T5000171/T5000175,True,True,True
T5000160,FDH502018,48FOC/T5000159/T5000160,True,True,True
T5000161,FDH502018,144FOC/T5000099/T5000161,True,True,True
T5000135,FDH502018,144FOC/T5000136/T5000135,True,True,True
T5000059,FDH502002,144FOC/T5000059/T5000041,True,True,True
T5000056,FDH502017,48FOC/F5000038/T5000056,True,True,True
T5000042,FDH502002,144FOC/T5000042/T5000041,True,True,True
T5000061,FDH501008,288FOC/F5000005/T5000061,True,True,True
T5000062,FDH501008,288FOC/T5000062/T5000063,True,True,True
T5000022,FDH502017,48FOC/T5000021/T5000022,True,True,True
T5000048,FDH502003,48FOC/T5000065/T5000048,True,True,True
T5000065,FDH502003,48FOC/T5000066/T5000065,True,True,True
T5000066,FDH502003,48FOC/F5000035/T5000066,True,True,True
T5000075,FDH502017,48FOC/T5000076/T5000075,True,True,True
T5000032,FDH501003,144FOC/T5000194/T5000032,True,True,True
T5000067,FDH502003,144FOC/F5000092/T5000067,True,True,True
T5000049,FDH502009,144FOC/T5000050/T5000049,True,True,True
T5000050,FDH502009,144FOC/T5000006/T5000050,True,True,True
T5000068,FDH502002,144FOC/T5000074/T5000068,True,True,True
T5000074,FDH502002,144FOC/F5000014/T5000074,True,True,True
T5000076,FDH502017,48FOC/T5000087/T5000076,True,True,True
T5000077,FDH502017,48FOC/T5000085/T5000077,True,True,True
T5000085,FDH502017,48FOC/F5000034/T5000085,True,True,True
T5000087,FDH502017,48FOC/F5000034/T5000087,True,True,True
T5000088,FDH502017,48FOC/F5000209/T5000088,True,True,True
T5000089,FDH502017,48FOC/F5000050/T5000089,True,True,True
T5000090,FDH502017,48FOC/T5000091/T5000090,True,True,True
T5000091,FDH502017,48FOC/F5000036/T5000091,True,True,True
T5000095,FDH501002,288FOC/F5000222/T5000095,True,False,False
T5000136,FDH502018,144FOC/T5000136/T5000137,True,True,True
T5000096,FDH502003,48FOC/T5000102/T5000096,True,True,True
T5000097,FDH502003,48FOC/T5000097/T5000100,True,True,True
T5000098,FDH502003,48FOC/T5000654/T5000098,True,True,True
T5000117,FDH502003,48FOC/T5000098/T5000117,True,True,True
T5000118,FDH502003,48FOC/T5000118/T5000117,True,True,True
T5000099,FDH502018,144FOC/T5000054/T5000099,True,True,True
T5000100,FDH502003,48FOC/T5000097/T5000100,True,True,True
T5000150,FDH502018,144FOC/F5000110/T5000150,True,True,True
T5000080,FDH502018,48FOC/T5000080/T5000160,True,True,True
T5000101,FDH502017,144FOC/F5000093/T5000101,True,True,True
T5000102,FDH502003,48FOC/F5000043/T5000102,True,True,True
T5000023,FDH502017,48FOC/T5000023/T5000022,True,True,True
T5000069,FDH502003,144FOC/T5000070/T5000069,True,True,True
T5000122,FDH501002,288FOC/F5000090/T5000122,True,True,True
T5000123,FDH501002,144FOC/F5000090/T5000123,True,True,True
T5000124,FDH501002,144FOC/T5000123/T5000124,False,True,False
T5000125,FDH501002,144FOC/F5000015/T5000125,True,True,True
T5000137,FDH502018,144FOC/T5000136/T5000137,True,True,True
T5000232,FDH502004,288FOC/T5000231/T5000232,True,True,True
T5000126,FDH501002,144FOC/F5000132/T5000126,True,True,True
T5000127,FDH501002,48FOC/T5000127/T5000128,True,True,True
T5000128,FDH501002,48FOC/T5000128/T5000128,False,True,False
T5000129,FDH501002,48FOC/T5000130/T5000129,True,True,True
T5000138,FDH502018,144FOC/T5000139/T5000138,True,True,True
T5000139,FDH502018,144FOC/T5000140/T5000139,True,True,True
T5000140,FDH502018,144FOC/F5000052/T5000140,True,True,True
T5000141,FDH502018,144FOC/F5000052/T5000141,True,True,True
T5000142,FDH502018,144FOC/T5000143/T5000142,True,True,True
T5000154,FDH501003,144FOC/F5000011/T5000154,True,True,True
T5000024,FDH502017,48FOC/T5000025/T5000024,True,True,True
T5000025,FDH502017,48FOC/T5000025/T5000024,True,True,True
T5000026,FDH502017,144FOC/F5000031/T5000026,True,True,True
T5000093,FDH501003,144FOC/T5000035/T5000093,True,True,True
T5000156,FDH501002,144FOC/F5000222/T5000156,True,True,True
T5000188,FDH501008,48FOC/F5000021/T5000188,True,True,True
T5000234,FDH502005,288FOC/F5000068/T5000234,True,True,True
T5000235,FDH502005,288FOC/F5000176/T5000235,True,True,True
T5000239,FDH502005,144FOC/F5000094/T5000239,True,True,True
T5000240,FDH502005,48FOC/F5000071/T5000240,True,True,True
T5000241,FDH502005,48FOC/T5000240/T5000241,True,True,True
T5000242,FDH502005,48FOC/T5000241/T5000242,True,True,True
T5000249,FDH502005,48FOC/T5000250/T5000249,True,True,True
T5000253,FDH502005,144FOC/T5000255/T5000253,True,True,True
T5000254,FDH502006,144FOC/T5000256/T5000254,True,True,True
T5000256,FDH502006,144FOC/F5000096/T5000256,True,True,True
T5000257,FDH502005,144FOC/T5000252/T5000257,True,True,True
T5000258,FDH502006,144FOC/F5000096/T5000258,True,True,True
T5000004,FDH502018,144FOC/F5000028/T5000004,True,True,True
T5000005,FDH502018,48FOC/T5000010/T5000005,True,True,True
T5000028,FDH502017,144FOC/T5000027/T5000028,True,True,True
T5000029,FDH502017,48FOC/F5000033/T5000029,True,True,True
T5000046,FDH502003,48FOC/T5000047/T5000046,True,True,True
T5000070,FDH502003,144FOC/T5000071/T5000070,True,True,True
T5000233,FDH502004,288FOC/T5000232/T5000233,True,True,True
T5000259,FDH502004,144FOC/F5000099/T5000259,True,True,True
T5000152,FDH502005,144FOC/F5000210/T5000152,True,True,True
T5000268,FDH502006,144FOC/F5000070/T5000268,True,True,True
T5000270,FDH502008,48FOC/T5000271/T5000270,True,True,True
T5000271,FDH502008,48FOC/T5000272/T5000271,True,True,True
T5000277,FDH502004,144FOC/T5000277/T5000298,True,True,True
T5000278,FDH502008,144FOC/F5000074/T5000278,True,True,True
T5000279,FDH502008,144FOC/T5000280/T5000279,True,True,True
T5000282,FDH502008,144FOC/T5000283/T5000282,True,True,True
T5000283,FDH502008,144FOC/T5000283/T5000282,True,True,True
T5000284,FDH502008,48FOC/F5000073/T5000284,True,True,True
T5000285,FDH502006,144FOC/T5000286/T5000285,True,True,True
T5000286,FDH502006,144FOC/T5000289/T5000286,True,True,True
T5000300,FDH502010,144FOC/T5000303/T5000300,True,True,True
T5000047,FDH502003,48FOC/T5000096/T5000047,True,True,True
T5000155,FDH501002,144FOC/T5000156/T5000155,True,True,True
T5000267,FDH502004,144FOC/T5000225/T5000267,True,True,True
T5000301,FDH502010,144FOC/F5000083/T5000301,True,True,True
T5000302,FDH502021,144FOC/T5000308/T5000302,True,True,True
T5000303,FDH502010,144FOC/F5000117/T5000303,True,True,True
T5000153,FDH502021,48FOC/F5000219/T5000153,True,True,True
T5000304,FDH502021,48FOC/T5000305/T5000304,True,True,True
T5000305,FDH502021,48FOC/T5000306/T5000305,True,True,True
T5000317,FDH502021,144FOC/T5000317/T5000589,True,True,True
T5000318,FDH502021,144FOC/T5000317/T5000318,True,True,True
T5000319,FDH502021,144FOC/F5000085/T5000319,True,True,True
T5000320,FDH502021,144FOC/T5000319/T5000320,True,True,True
T5000321,FDH502021,144FOC/T5000320/T5000321,True,True,True
T5000322,FDH502021,144FOC/T5000321/T5000322,True,True,True
T5000325,FDH502021,144FOC/T5000324/T5000325,True,True,True
T5000326,FDH502021,144FOC/T5000327/T5000326,True,True,True
T5000333,FDH502010,144FOC/T5000334/T5000333,True,True,True
T5000334,FDH502010,144FOC/T5000338/T5000334,True,True,True
T5000335,FDH501003,288FOC/T5000018/T5000335,True,True,True
T5000011,FDH501002,144FOC/T5000155/T5000011,True,True,True
T5000012,FDH501002,288FOC/T5000031/T5000012,True,True,True
T5000013,FDH501003,288FOC/F5000022/T5000013,True,True,True
T5000018,FDH501003,288FOC/F5000010/T5000018,True,True,True
T5000019,FDH501002,288FOC/T5000103/T5000019,True,True,True
T5000071,FDH502003,144FOC/T5000072/T5000071,True,True,True
T5000072,FDH502003,144FOC/F5000016/T5000072,True,True,True
T5000073,FDH502002,144FOC/T5000068/T5000073,True,True,True
T5000336,FDH502010,144FOC/T5000337/T5000336,True,True,True
T5000164,FDH501002,288FOC/T5000012/T5000164,True,True,True
T5000119,FDH502003,48FOC/T5000118/T5000119,True,True,True
T5000255,FDH502005,144FOC/T5000257/T5000255,True,True,True
T5000027,FDH502017,144FOC/T5000026/T5000027,True,True,True
T5000120,FDH501002,288FOC/T5000121/T5000120,True,True,True
T5000121,FDH501002,288FOC/T5000122/T5000121,True,True,True
T5000289,FDH502006,144FOC/T5000293/T5000289,True,True,True
T5000290,FDH502005,288FOC/T5000287/T5000290,True,True,True
T5000291,FDH502005,288FOC/T5000290/T5000291,True,True,True
T5000086,FDH502003,144FOC/F5000092/T5000086,True,True,True
T5000306,FDH502021,48FOC/T5000306/T5000305,True,True,True
T5000307,FDH502021,48FOC/T5000306/T5000307,True,True,True
T5000311,FDH502021,48FOC/T5000311/T5000591,True,True,True
T5000312,FDH502021,144FOC/T5000312/T5000313,True,True,True
T5000314,FDH502021,144FOC/T5000315/T5000314,True,False,False
T5000103,FDH501002,288FOC/T5000103/T5000120,True,True,True
T5000231,FDH502004,288FOC/T5000230/T5000231,True,True,True
T5000237,FDH502005,288FOC/T5000236/T5000237,True,True,True
T5000238,FDH502005,288FOC/T5000237/T5000238,True,True,True
T5000337,FDH502010,144FOC/T5000339/T5000337,True,True,True
T5000143,FDH502018,144FOC/F5000088/T5000143,True,True,True
T5000144,FDH501003,144FOC/T5000034/T5000144,True,True,True
T5000236,FDH502005,288FOC/F5000176/T5000236,True,True,True
T5000243,FDH502006,144FOC/T5000247/T5000243,True,True,True
T5000338,FDH502010,144FOC/F5000078/T5000338,True,True,True
T5000339,FDH502010,144FOC/F5000080/T5000339,True,True,True
T5000340,FDH502010,144FOC/T5000341/T5000340,True,True,True
T5000341,FDH502010,144FOC/T5000342/T5000341,True,True,True
T5000342,FDH502010,144FOC/T5000343/T5000342,True,True,True
T5000343,FDH502010,144FOC/T5000344/T5000343,True,True,True
T5000344,FDH502010,144FOC/T5000345/T5000344,True,True,True
T5000003,FDH501008,144FOC/F5000054/T5000003,True,True,True
T5000203,FDH502007,144FOC/F5000066/T5000203,True,True,True
T5000204,FDH502007,144FOC/T5000203/T5000204,True,True,True
T5000205,FDH502007,144FOC/T5000198/T5000205,True,True,True
T5000206,FDH502007,144FOC/F5000095/T5000206,True,True,True
T5000207,FDH502007,144FOC/F5000095/T5000207,True,True,True
T5000208,FDH502007,144FOC/T5000209/T5000208,True,True,True
T5000250,FDH502005,48FOC/T5000250/T5000249,True,True,True
T5000315,FDH502021,144FOC/T5000315/T5000314,True,True,True
T5000316,FDH502021,144FOC/T5000315/T5000316,True,True,True
T5000345,FDH502010,144FOC/F5000080/T5000345,True,True,True
T5000347,FDH502010,144FOC/T5000347/T5000348,True,True,True
T5000348,FDH502010,144FOC/T5000347/T5000348,True,True,True
T5000349,FDH502010,144FOC/T5000349/T5000350,True,True,True
T5000209,FDH502007,144FOC/T5000209/T5000208,True,True,True
T5000210,FDH502020,288FOC/F5000049/T5000210,True,True,True
T5000001,FDH502020,288FOC/T5000211/T5000001,True,True,True
T5000213,FDH502004,48FOC/F5000062/T5000213,True,True,True
T5000260,FDH502007,144FOC/F5000118/T5000260,True,True,True
T5000265,FDH502008,144FOC/T5000273/T5000265,True,True,True
T5000266,FDH502006,144FOC/T5000268/T5000266,True,True,True
T5000350,FDH502010,144FOC/T5000349/T5000350,True,True,True
T5000162,FDH502010,144FOC/T5000350/T5000162,True,True,True
T5000163,FDH502010,144FOC/T5000162/T5000163,True,True,True
T5000183,FDH502019,144FOC/T5000184/T5000183,True,True,True
T5000184,FDH502019,144FOC/T5000185/T5000184,True,True,True
T5000185,FDH502019,144FOC/T5000185/T5000351,True,True,True
T5000351,FDH502019,144FOC/T5000185/T5000351,True,True,True
T5000352,FDH502019,144FOC/T5000351/T5000352,True,True,True
T5000186,FDH502019,144FOC/T5000352/T5000186,True,True,True
T5000187,FDH502019,144FOC/T5000186/T5000187,True,True,True
T5000211,FDH502020,288FOC/T5000151/T5000211,True,True,True
T5000212,FDH502007,144FOC/F5000059/T5000212,True,True,True
T5000214,FDH502004,48FOC/F5000062/T5000214,True,True,True
T5000215,FDH502020,144FOC/T5000245/T5000215,True,True,True
T5000216,FDH502004,48FOC/F5000062/T5000216,True,True,True
T5000287,FDH502005,288FOC/F5000076/T5000287,True,True,True
T5000288,FDH502005,288FOC/F5000076/T5000288,True,True,True
T5000353,FDH502019,144FOC/T5000355/T5000353,True,True,True
T5000356,FDH502019,144FOC/T5000355/T5000356,True,True,True
T5000357,FDH502019,144FOC/T5000356/T5000357,True,True,True
T5000358,FDH502019,144FOC/T5000359/T5000358,True,True,True
T5000359,FDH502019,144FOC/F5000192/T5000359,True,True,True
T5000360,FDH502019,144FOC/F5000192/T5000360,True,True,True
T5000367,FDH502020,288FOC/T5000363/T5000367,True,True,True
T5000368,FDH502020,144FOC/F5000193/T5000368,True,True,True
T5000369,FDH502020,144FOC/T5000368/T5000369,True,True,True
T5000370,FDH502020,144FOC/F5000106/T5000370,True,True,True
T5000261,FDH502007,144FOC/T5000262/T5000261,True,True,True
T5000313,FDH502021,144FOC/T5000313/T5000314,True,True,True
T5000371,FDH502020,144FOC/F5000106/T5000371,True,True,True
T5000374,FDH502020,144FOC/T5000373/T5000374,True,True,True
T5000052,FDH501009,144FOC/T5000052/T5000660,True,True,True
T5000379,FDH501009,144FOC/T5000379/T5000382,True,True,True
T5000385,FDH501009,144FOC/T5000383/T5000385,True,True,True
T5000386,FDH501009,144FOC/T5000385/T5000386,True,True,True
T5000388,FDH501009,144FOC/T5000387/T5000388,True,True,True
T5000389,FDH501009,144FOC/F5000137/T5000389,True,True,True
T5000390,FDH501009,144FOC/T5000659/T5000390,True,True,True
T5000391,FDH501009,144FOC/T5000391/T5000393,True,True,True
T5000392,FDH501009,144FOC/T5000392/T5000380,True,True,True
T5000398,FDH502001,288FOC/T5000403/T5000398,True,True,True
T5000399,FDH502001,288FOC/T5000398/T5000399,True,True,True
T5000405,FDH501006,288FOC/F5000140/T5000405,True,True,True
T5000406,FDH501006,48FOC/T5000108/T5000406,True,True,True
T5000116,FDH502001,144FOC/F5000125/T5000116,True,True,True
T5000409,FDH502001,144FOC/T5000410/T5000409,True,True,True
T5000411,FDH501005,144FOC/T5000412/T5000411,True,True,True
T5000413,FDH501005,144FOC/F5000126/T5000413,True,True,True
T5000414,FDH501005,144FOC/F5000180/T5000414,True,True,True
T5000262,FDH502007,144FOC/T5000263/T5000262,True,True,True
T5000263,FDH502007,144FOC/T5000264/T5000263,True,True,True
T5000346,FDH502010,144FOC/F5000103/T5000346,True,True,True
T5000372,FDH502020,144FOC/T5000371/T5000372,True,True,True
T5000373,FDH502020,144FOC/F5000106/T5000373,True,True,True
T5000415,FDH501005,144FOC/T5000416/T5000415,True,True,True
T5000420,FDH501005,48FOC/T5000420/T5000419,True,True,True
T5000107,FDH501006,144FOC/F5000119/T5000107,True,True,True
T5000108,FDH501006,48FOC/T5000108/T5000406,True,True,True
T5000008,FDH501008,144FOC/T5000431/T5000008,True,True,True
T5000145,FDH501008,144FOC/F5000056/T5000145,True,True,True
T5000438,FDH501001,144FOC/T5000438/T5000437,True,True,True
T5000443,FDH501001,144FOC/T5000447/T5000443,True,True,True
T5000444,FDH501001,144FOC/T5000634/T5000444,True,True,True
T5000445,FDH501001,144FOC/F5000027/T5000445,True,True,True
T5000446,FDH501001,144FOC/T5000451/T5000446,True,True,True
T5000447,FDH501001,144FOC/T5000633/T5000447,True,True,True
T5000449,FDH501001,144FOC/T5000449/T5000451,True,True,True
T5000245,FDH502020,144FOC/T5000219/T5000245,True,True,True
T5000308,FDH502021,144FOC/T5000309/T5000308,True,True,True
T5000362,FDH502019,144FOC/T5000360/T5000362,True,True,True
T5000363,FDH502020,288FOC/T5000210/T5000363,True,True,True
T5000051,FDH502016,144FOC/T5000078/T5000051,True,True,True
T5000393,FDH501009,144FOC/T5000391/T5000393,True,True,True
T5000395,FDH502001,144FOC/T5000079/T5000395,True,True,True
T5000396,FDH502001,144FOC/T5000395/T5000396,True,True,True
T5000407,FDH501009,144FOC/F5000137/T5000407,True,True,True
T5000408,FDH501006,144FOC/F5000152/T5000408,True,True,True
T5000104,FDH502001,144FOC/T5000116/T5000104,True,True,True
T5000151,FDH502020,288FOC/F5000212/T5000151,True,True,True
T5000217,FDH502004,144FOC/F5000065/T5000217,True,True,True
T5000218,FDH502004,144FOC/T5000217/T5000218,True,True,True
T5000463,FDH502014,288FOC/F5000148/T5000463,True,True,True
T5000219,FDH502020,144FOC/T5000220/T5000219,True,True,True
T5000220,FDH502020,144FOC/F5000205/T5000220,True,True,True
T5000464,FDH502014,288FOC/T5000463/T5000464,True,True,True
T5000221,FDH502006,144FOC/T5000221/F5000104,True,True,True
T5000228,FDH502006,144FOC/T5000228/T5000229,True,True,True
T5000310,FDH502021,48FOC/F5000194/T5000310,True,True,True
T5000397,FDH502001,288FOC/T5000399/T5000397,True,True,True
T5000450,FDH501001,144FOC/T5000167/T5000450,True,True,True
T5000451,FDH501001,144FOC/T5000449/T5000451,True,True,True
T5000452,FDH501001,144FOC/T5000168/T5000452,True,True,True
T5000465,FDH502014,144FOC/T5000465/T5000637,True,True,True
T5000222,FDH502006,144FOC/F5000060/T5000222,True,True,True
T5000223,FDH502004,144FOC/T5000223/T5000218,True,True,True
T5000224,FDH502006,144FOC/F5000060/T5000224,True,True,True
T5000225,FDH502004,144FOC/F5000067/T5000225,True,True,True
T5000226,FDH502006,144FOC/T5000228/T5000226,True,True,True
T5000229,FDH502006,144FOC/T5000228/T5000229,True,True,True
T5000264,FDH502007,144FOC/F5000059/T5000264,True,True,True
T5000416,FDH501005,144FOC/T5000416/T5000415,True,True,True
T5000469,FDH502012,144FOC/F5000163/T5000469,True,True,True
T5000168,FDH501001,144FOC/T5000168/T5000450,True,True,True
T5000015,FDH502009,144FOC/F5000216/T5000015,True,True,True
T5000016,FDH501001,144FOC/T5000016/T5000437,True,True,True
T5000169,FDH502009,144FOC/T5000169/T5000170,True,True,True
T5000170,FDH502009,144FOC/T5000131/T5000170,True,True,True
T5000171,FDH502002,144FOC/F5000025/T5000171,True,True,True
T5000172,FDH502002,144FOC/T5000177/T5000172,True,True,True
T5000173,FDH501003,144FOC/T5000173/T5000032,True,True,True
T5000247,FDH502006,144FOC/T5000247/T5000243,True,True,True
T5000248,FDH502006,144FOC/T5000247/T5000248,True,True,True
T5000280,FDH502008,144FOC/T5000281/T5000280,True,True,True
T5000281,FDH502008,144FOC/T5000282/T5000281,True,True,True
T5000251,FDH502005,144FOC/F5000072/T5000251,True,True,True
T5000252,FDH502005,144FOC/T5000251/T5000252,True,True,True
T5000412,FDH501005,144FOC/F5000127/T5000412,True,True,True
T5000470,FDH502014,144FOC/T5000467/T5000470,True,True,True
T5000272,FDH502008,48FOC/T5000272/T5000271,True,True,True
T5000273,FDH502008,144FOC/T5000274/T5000273,True,True,True
T5000274,FDH502008,144FOC/T5000274/T5000273,True,True,True
T5000275,FDH502008,48FOC/F5000073/T5000275,True,True,True
T5000309,FDH502021,144FOC/F5000194/T5000309,True,True,True
T5000417,FDH501005,144FOC/F5000123/T5000417,True,True,True
T5000471,FDH502012,144FOC/F5000147/T5000471,True,True,True
T5000292,FDH502005,288FOC/T5000291/T5000292,True,True,True
T5000293,FDH502006,144FOC/T5000293/T5000289,True,True,True
T5000294,FDH502008,144FOC/T5000295/T5000294,True,True,True
T5000295,FDH502008,144FOC/T5000296/T5000295,True,True,True
T5000296,FDH502008,144FOC/T5000669/T5000296,True,True,True
T5000297,FDH502008,144FOC/T5000297/T5000669,True,True,True
T5000298,FDH502004,144FOC/T5000299/T5000298,True,True,True
T5000299,FDH502004,144FOC/T5000267/T5000299,True,True,True
T5000323,FDH502021,144FOC/T5000323/T5000322,True,True,True
T5000324,FDH502021,144FOC/F5000084/T5000324,True,True,True
T5000423,FDH501006,48FOC/T5000422/T5000423,True,True,True
T5000473,FDH502014,48FOC/T5000484/T5000473,True,True,True
T5000078,FDH502016,144FOC/F5000108/T5000078,True,True,True
T5000375,FDH502016,144FOC/F5000082/T5000375,True,True,True
T5000376,FDH501007,144FOC/F5000151/T5000376,True,True,True
T5000377,FDH501007,48FOC/T5000377/T5000394,True,True,True
T5000378,FDH501009,144FOC/T5000378/T5000052,True,True,True
T5000113,FDH501007,144FOC/T5000113/T5000113,False,True,False
T5000115,FDH501007,144FOC/F5000134/T5000115,True,True,True
T5000394,FDH501007,48FOC/F5000151/T5000394,True,True,True
T5000084,FDH502001,144FOC/F5000124/T5000084,True,True,True
T5000079,FDH502001,144FOC/F5000195/T5000079,True,True,True
T5000327,FDH502021,144FOC/T5000327/T5000326,True,True,True
T5000328,FDH502021,144FOC/T5000328/T5000327,True,True,True
T5000006,FDH502009,144FOC/F5000014/T5000006,True,True,True
T5000010,FDH502018,48FOC/T5000010/T5000005,True,True,True
T5000329,FDH502018,144FOC/F5000053/T5000329,True,True,True
T5000330,FDH502010,144FOC/T5000331/T5000330,True,True,True
T5000331,FDH502010,144FOC/T5000332/T5000331,True,True,True
T5000332,FDH502010,144FOC/F5000078/T5000332,True,True,True
T5000354,FDH502019,144FOC/T5000353/T5000354,True,True,True
T5000355,FDH502019,144FOC/T5000355/T5000356,True,True,True
T5000361,FDH502019,144FOC/T5000362/T5000361,True,True,True
T5000105,FDH501006,48FOC/T5000105/T5000106,True,True,True
T5000479,FDH502012,144FOC/T5000486/T5000479,True,True,True
T5000480,FDH502012,144FOC/F5000167/T5000480,True,True,True
T5000484,FDH502014,48FOC/T5000484/T5000473,True,True,True
T5000485,FDH502015,48FOC/T5000485/T5000490,True,True,True
T5000486,FDH502013,144FOC/T5000487/T5000486,True,True,True
T5000487,FDH502013,144FOC/T5000488/T5000487,True,True,True
T5000488,FDH502013,144FOC/T5000494/T5000488,True,True,True
T5000387,FDH501009,144FOC/T5000387/T5000388,True,True,True
T5000418,FDH501005,48FOC/T5000419/T5000418,True,True,True
T5000419,FDH501005,48FOC/T5000420/T5000419,True,True,True
T5000421,FDH501005,48FOC/T5000420/T5000421,True,True,True
T5000422,FDH501006,48FOC/F5000131/T5000422,True,True,True
T5000106,FDH501006,48FOC/F5000119/T5000106,True,True,True
T5000489,FDH502015,288FOC/F5000169/T5000489,True,True,True
T5000490,FDH502015,48FOC/T5000485/T5000490,True,True,True
T5000147,FDH502015,144FOC/F5000150/T5000147,True,True,True
T5000491,FDH502015,144FOC/T5000501/T5000491,True,True,True
T5000492,FDH502015,288FOC/F5000169/T5000492,True,True,True
T5000493,FDH502015,144FOC/T5000491/T5000493,True,True,True
T5000505,FDH502015,288FOC/T5000653/T5000505,True,True,True
T5000506,FDH502013,144FOC/T5000507/T5000506,True,True,True
T5000511,FDH502014,48FOC/F5000162/T5000511,True,True,True
T5000512,FDH502014,288FOC/F5000165/T5000512,True,True,True
T5000513,FDH502014,48FOC/T5000513/T5000592,True,True,True
T5000148,FDH502011,144FOC/F5000156/T5000148,True,True,True
T5000380,FDH501009,144FOC/T5000390/T5000380,True,True,True
T5000381,FDH501009,144FOC/T5000384/T5000381,True,True,True
T5000382,FDH501009,144FOC/T5000379/T5000382,True,True,True
T5000383,FDH501009,144FOC/T5000639/T5000383,True,True,True
T5000384,FDH501009,144FOC/T5000639/T5000384,True,True,True
T5000410,FDH501005,144FOC/T5000411/T5000410,True,True,True
T5000514,FDH502011,144FOC/T5000516/T5000514,True,True,True
T5000515,FDH502014,48FOC/F5000166/T5000515,True,True,True
T5000516,FDH502011,144FOC/T5000516/T5000519,True,True,True
T5000517,FDH502011,48FOC/T5000517/T5000518,True,True,True
T5000519,FDH502011,144FOC/T5000516/T5000519,True,True,True
T5000520,FDH502011,144FOC/T5000519/T5000520,True,True,True
T5000521,FDH502011,144FOC/F5000157/T5000521,True,True,True
T5000522,FDH502011,144FOC/F5000157/T5000522,True,True,True
T5000523,FDH502011,144FOC/T5000656/T5000523,True,True,True
T5000597,FDH502011,144FOC/T5000597/T5000528,True,True,True
T5000525,FDH502011,48FOC/T5000526/T5000525,True,True,True
T5000526,FDH502011,48FOC/T5000526/T5000525,True,True,True
T5000037,FDH501003,288FOC/F5000010/T5000037,True,True,True
T5000165,FDH501008,48FOC/F5000042/T5000165,True,True,True
T5000040,FDH501008,48FOC/T5000039/T5000040,True,True,True
T5000166,FDH501008,48FOC/T5000165/T5000166,True,True,True
T5000167,FDH501001,144FOC/F5000026/T5000167,True,True,True
T5000020,FDH502009,48FOC/T5000178/T5000020,True,True,True
T5000178,FDH502009,48FOC/F5000013/T5000178,True,True,True
T5000157,FDH502018,144FOC/F5000028/T5000157,True,True,True
T5000158,FDH502018,144FOC/T5000161/T5000158,True,True,True
T5000159,FDH502018,48FOC/F5000040/T5000159,True,True,True
T5000424,FDH501006,48FOC/T5000423/T5000424,True,True,True
T5000472,FDH502012,144FOC/T5000471/T5000472,True,True,True
T5000528,FDH502011,144FOC/F5000186/T5000528,True,True,True
T5000432,FDH501008,288FOC/T5000433/T5000432,True,True,True
T5000433,FDH501008,288FOC/F5000055/T5000433,True,False,False
T5000435,FDH501008,144FOC/F5000054/T5000435,True,True,True
T5000436,FDH501008,144FOC/T5000435/T5000436,True,True,True
T5000437,FDH501001,144FOC/T5000016/T5000437,True,True,True
T5000529,FDH501005,48FOC/T5000418/T5000529,True,True,True
T5000530,FDH502017,144FOC/T5000057/T5000530,True,True,True
T5000531,FDH502021,48FOC/F5000214/T5000531,True,True,True
T5000532,FDH502006,144FOC/F5000114/T5000532,True,True,True
T5000533,FDH502011,96FOC/F5000186/T5000533,True,True,True
T5000269,FDH502011,96FOC/T5000269/F5000171,True,True,True
T5000538,FDH502011,96FOC/F5000171/T5000538,True,True,True
T5000539,FDH502011,96FOC/T5000538/T5000539,True,True,True
T5000540,FDH501004,288FOC/T5000541/T5000540,True,True,True
T5000541,FDH501004,288FOC/T5000542/T5000541,True,True,True
T5000542,FDH501004,288FOC/T5000542/T5000541,True,True,True
T5000545,FDH501004,288FOC/T5000545/T5000544,True,True,True
T5000546,FDH501004,288FOC/T5000545/T5000546,True,True,True
T5000547,FDH501004,288FOC/T5000547/T5000546,True,True,True
T5000195,FDH502007,144FOC/T5000193/T5000195,True,True,True
T5000196,FDH502007,144FOC/T5000196/T5000198,True,True,True
T5000197,FDH502007,144FOC/T5000200/T5000197,True,True,True
T5000198,FDH502007,144FOC/T5000196/T5000198,True,True,True
T5000199,FDH501002,48FOC/T5000127/T5000199,True,True,True
T5000200,FDH502007,144FOC/T5000200/T5000202,True,True,True
T5000201,FDH502007,144FOC/T5000201/T5000201,True,True,True
T5000202,FDH502007,144FOC/T5000200/T5000202,True,True,True
T5000244,FDH501008,144FOC/T5000425/T5000244,True,True,True
T5000230,FDH502004,288FOC/T5000230/T5000231,True,True,True
T5000548,FDH501004,288FOC/F5000146/T5000548,True,True,True
T5000549,FDH501004,288FOC/F5000175/T5000549,True,True,True
T5000550,FDH502016,144FOC/T5000551/T5000550,True,True,True
T5000551,FDH502016,144FOC/T5000552/T5000551,True,True,True
T5000552,FDH502016,144FOC/F5000173/T5000552,True,True,True
T5000110,FDH501006,48FOC/F5000129/T5000110,True,True,True
T5000002,FDH501006,48FOC/T5000110/T5000002,True,True,True
T5000440,FDH501001,144FOC/T5000440/T5000441,True,True,True
T5000441,FDH501001,144FOC/T5000442/T5000441,True,True,True
T5000474,FDH502012,144FOC/T5000472/T5000474,True,True,True
T5000553,FDH502016,144FOC/T5000553/T5000586,True,True,True
T5000554,FDH502016,144FOC/T5000554/T5000558,True,True,True
T5000481,FDH501008,144FOC/T5000481/T5000425,True,True,True
T5000425,FDH501008,144FOC/T5000425/T5000244,True,True,True
T5000426,FDH501008,144FOC/T5000244/T5000426,True,True,True
T5000427,FDH501008,144FOC/T5000426/T5000427,True,True,True
T5000428,FDH501008,144FOC/T5000427/T5000428,True,True,True
T5000442,FDH501001,144FOC/F5000026/T5000442,True,True,True
T5000482,FDH502014,48FOC/T5000482/T5000483,True,True,True
T5000555,FDH502020,144FOC/F5000105/T5000555,True,True,True
T5000556,FDH502016,144FOC/F5000105/T5000556,True,True,True
T5000557,FDH502016,144FOC/F5000108/T5000557,True,True,True
T5000558,FDH502016,144FOC/T5000557/T5000558,True,True,True
T5000559,FDH502016,48FOC/T5000559/T5000563,True,True,True
T5000560,FDH502016,144FOC/T5000550/T5000560,True,True,True
T5000561,FDH502016,144FOC/T5000555/T5000561,True,True,True
T5000562,FDH502016,48FOC/T5000566/T5000562,True,True,True
T5000563,FDH502016,48FOC/T5000559/T5000563,True,True,True
T5000564,FDH502016,48FOC/F5000109/T5000564,False,True,False
T5000565,FDH502016,48FOC/T5000564/T5000565,False,True,False
T5000429,FDH501008,144FOC/T5000428/T5000429,True,True,True
T5000430,FDH501008,144FOC/T5000431/T5000430,True,True,True
T5000431,FDH501008,144FOC/T5000431/T5000430,True,True,True
T5000466,FDH502014,48FOC/T5000457/T5000466,True,True,True
T5000595,FDH502016,48FOC/F5000173/T5000595,True,True,True
T5000566,FDH502016,48FOC/T5000595/T5000566,True,True,True
T5000568,FDH501004,288FOC/T5000568/T5000571,True,True,True
T5000569,FDH502014,48FOC/T5000569/T5000454,True,True,True
T5000570,FDH502011,144FOC/T5000570/T5000148,True,True,True
T5000571,FDH501004,288FOC/T5000568/T5000571,True,True,True
T5000572,FDH501004,288FOC/T5000571/T5000572,True,True,True
T5000584,FDH501007,144FOC/F5000151/T5000584,True,True,True
T5000585,FDH502003,48FOC/F5000035/T5000585,True,True,True
T5000586,FDH502016,144FOC/T5000553/T5000586,True,True,True
T5000588,FDH502021,144FOC/T5000587/T5000588,True,True,True
T5000036,FDH501003,144FOC/F5000012/T5000036,True,True,True
T5000177,FDH502002,144FOC/T5000177/T5000172,True,True,True
T5000179,FDH502002,144FOC/T5000060/T5000179,True,True,True
T5000180,FDH502002,144FOC/F5000100/T5000180,True,True,True
T5000181,FDH502002,288FOC/F5000041/T5000181,True,True,True
T5000182,FDH502002,288FOC/F5000102/T5000182,True,True,True
T5000041,FDH502002,144FOC/T5000059/T5000041,True,True,True
T5000055,FDH502017,144FOC/F5000039/T5000055,True,True,True
T5000453,FDH502014,48FOC/T5000454/T5000453,True,True,True
T5000454,FDH502014,48FOC/T5000454/T5000453,True,True,True
T5000455,FDH502014,144FOC/F5000159/T5000455,True,True,True
T5000456,FDH502014,48FOC/T5000456/T5000457,True,True,True
T5000457,FDH502014,48FOC/T5000456/T5000457,True,True,True
T5000458,FDH502014,288FOC/F5000159/T5000458,True,True,True
T5000459,FDH502016,144FOC/T5000375/T5000459,True,True,True
T5000460,FDH502016,144FOC/F5000113/T5000460,True,True,True
T5000461,FDH502016,144FOC/T5000460/T5000461,True,True,True
T5000462,FDH502016,144FOC/F5000158/T5000462,True,True,True
T5000589,FDH502021,144FOC/T5000588/T5000589,True,True,True
T5000590,FDH502021,48FOC/F5000213/T5000590,True,True,True
T5000591,FDH502021,48FOC/T5000591/F5000213,True,True,True
T5000592,FDH502014,48FOC/F5000166/T5000592,True,True,True
T5000593,FDH502014,48FOC/T5000593/T5000483,True,True,True
T5000111,FDH502003,144FOC/F5000037/T5000111,True,True,True
T5000081,FDH502003,144FOC/F5000037/T5000081,True,True,True
T5000364,FDH502018,144FOC/T5000364/T5000365,True,True,True
T5000112,FDH502003,144FOC/T5000111/T5000112,True,True,True
T5000114,FDH502018,144FOC/T5000329/T5000114,True,True,True
T5000600,FDH501006,96FOC/T5000600/T5000601,True,True,True
T5000611,FDH501006,48FOC/T5000610/T5000611,True,True,True
T5000613,FDH501006,48FOC/T5000609/T5000613,True,True,True
T5000017,FDH501003,288FOC/T5000013/T5000017,True,True,True
T5000176,FDH502002,144FOC/F5000023/T5000176,True,True,True
T5000060,FDH502002,144FOC/T5000060/T5000179,True,True,True
T5000043,FDH502002,144FOC/T5000059/T5000043,True,True,True
T5000053,FDH502017,144FOC/T5000054/T5000053,True,True,True
T5000044,FDH502002,144FOC/T5000180/T5000044,True,True,True
T5000054,FDH502018,144FOC/T5000054/T5000099,True,True,True
T5000045,FDH502002,144FOC/T5000179/T5000045,True,True,True
T5000057,FDH502017,144FOC/F5000038/T5000057,True,True,True
T5000483,FDH502014,48FOC/T5000593/T5000483,True,True,True
T5000518,FDH502011,48FOC/F5000156/T5000518,True,True,True
T5000632,FDH501007,144FOC/F5000182/T5000632,True,True,True
T5000058,FDH502017,48FOC/F5000030/T5000058,True,True,True
T5000035,FDH501003,144FOC/T5000034/T5000035,True,True,True
T5000063,FDH501008,288FOC/T5000062/T5000063,True,True,True
T5000064,FDH502009,144FOC/F5000003/T5000064,True,True,True
T5000021,FDH502017,48FOC/T5000058/T5000021,True,True,True
T5000467,FDH502014,144FOC/F5000148/T5000467,True,True,True
T5000146,FDH502012,144FOC/T5000146/T5000468,True,True,True
T5000468,FDH502012,144FOC/T5000146/T5000468,True,True,True
T5000494,FDH502013,144FOC/F5000164/T5000494,True,True,True
T5000495,FDH502013,144FOC/F5000161/T5000495,True,True,True
T5000504,FDH502013,144FOC/T5000506/T5000504,True,True,True
T5000543,FDH501004,288FOC/T5000543/T5000544,True,True,True
T5000634,FDH501001,144FOC/T5000446/T5000634,True,True,True
T5000507,FDH502013,144FOC/F5000155/T5000507,True,True,True
T5000508,FDH502014,48FOC/T5000466/T5000508,True,True,True
T5000509,FDH502014,48FOC/T5000509/T5000510,True,True,True
T5000510,FDH502014,48FOC/T5000509/T5000510,True,True,True
T5000638,FDH502021,48FOC/T5000638/T5000590,True,True,True
T5000646,FDH502006,144FOC/T5000646/T5000647,True,True,True
T5000647,FDH502006,144FOC/T5000647/T5000648,True,True,True
T5000648,FDH502006,144FOC/T5000648/T5000649,True,True,True
T5000649,FDH502006,144FOC/F5000115/T5000649,True,True,True
T5000650,FDH502006,144FOC/T5000650/T5000651,True,True,True
T5000651,FDH502006,144FOC/T5000650/T5000651,True,True,True
T5000653,FDH502015,288FOC/F5000155/T5000653,True,True,True
T5000654,FDH502003,48FOC/F5000037/T5000654,True,True,True
T5000656,FDH502011,144FOC/F5000168/T5000656,True,True,True
T5000657,FDH502009,144FOC/F5000013/T5000657,True,True,True
T5000660,FDH501007,144FOC/T5000052/T5000660,True,True,True
T5000661,FDH501002,96FOC/F5000206/T5000661,True,True,True
T5000662,FDH501002,96FOC/T5000664/T5000662,True,True,True
T5000663,FDH501002,96FOC/T5000662/T5000663,True,True,True
T5000400,FDH502001,288FOC/T5000402/T5000400,True,True,True
T5000401,FDH502001,288FOC/T5000401/T5000583,True,True,True
T5000402,FDH502001,288FOC/T5000401/T5000402,True,True,True
T5000403,FDH502001,288FOC/T5000404/T5000403,True,True,True
T5000404,FDH501006,288FOC/T5000405/T5000404,True,True,True
T5000527,FDH502011,48FOC/T5000527/T5000526,True,True,True
T5000664,FDH501002,96FOC/T5000665/T5000664,True,True,True
T5000476,FDH502012,144FOC/T5000476/T5000474,True,True,True
T5000477,FDH502012,144FOC/T5000480/T5000477,True,True,True
T5000478,FDH502014,288FOC/F5000183/T5000478,True,True,True
T5000544,FDH501004,288FOC/T5000543/T5000544,True,True,True
T5000587,FDH502021,144FOC/F5000086/T5000587,True,True,True
T5000496,FDH502013,144FOC/T5000497/T5000496,True,True,True
T5000497,FDH502013,144FOC/F5000153/T5000497,True,True,True
T5000498,FDH502015,144FOC/T5000498/T5000499,True,True,True
T5000499,FDH502015,144FOC/T5000500/T5000499,True,True,True
T5000500,FDH502015,144FOC/T5000500/T5000499,True,True,True
T5000534,FDH502015,144FOC/T5000534/T5000501,True,True,True
T5000535,FDH502011,96FOC/T5000535/T5000536,True,True,True
T5000536,FDH502011,96FOC/T5000535/T5000536,True,True,True
T5000537,FDH502011,96FOC/T5000536/T5000537,True,True,True
T5000567,FDH502016,48FOC/F5000173/T5000567,True,True,True
T5000633,FDH501001,144FOC/T5000445/T5000633,True,True,True
T5000501,FDH502015,144FOC/T5000534/T5000501,True,True,True
T5000573,FDH501004,288FOC/T5000573/T5000574,True,True,True
T5000574,FDH501004,288FOC/T5000574/T5000575,True,True,True
T5000575,FDH501004,288FOC/T5000576/T5000575,True,True,True
T5000576,FDH501004,288FOC/F5000130/T5000576,True,True,True
T5000503,FDH502013,144FOC/T5000504/T5000503,True,True,True
T5000601,FDH501006,96FOC/T5000600/T5000601,True,True,True
T5000602,FDH501006,96FOC/T5000601/T5000602,True,True,True
T5000603,FDH501006,96FOC/T5000602/T5000603,True,True,True
T5000604,FDH501006,96FOC/T5000603/T5000604,True,True,True
T5000605,FDH501006,96FOC/T5000604/T5000605,True,True,True
T5000606,FDH501006,96FOC/T5000599/T5000606,True,True,True
T5000607,FDH501006,96FOC/T5000606/T5000607,True,True,True
T5000608,FDH501006,48FOC/F5000196/T5000608,True,True,True
T5000609,FDH501006,48FOC/T5000608/T5000609,True,True,True
T5000610,FDH501006,48FOC/T5000610/T5000611,True,True,True
T5000639,FDH501009,144FOC/T5000639/T5000383,True,True,True
T5000149,FDH502011,48FOC/F5000170/T5000149,True,True,True
T5000524,FDH502011,48FOC/F5000170/T5000524,True,True,True
T5000640,FDH501007,144FOC/T5000376/T5000640,True,True,True
T5000641,FDH501007,144FOC/F5000182/T5000641,True,True,True
T5000665,FDH501002,96FOC/F5000001/T5000665,True,True,True
T5000666,FDH502001,288FOC/T5000666/T5000582,True,True,True
T5000667,FDH502001,288FOC/T5000667/T5000666,True,False,False
T5000669,FDH502008,144FOC/T5000297/T5000669,True,True,True
T5000094,FDH501003,144FOC/F5000024/T5000094,True,True,True
T5000130,FDH501002,48FOC/T5000130/T5000129,True,True,True
T5000131,FDH502009,144FOC/T5000132/T5000131,True,True,True
T5000132,FDH502009,144FOC/T5000133/T5000132,True,True,True
T5000133,FDH502009,144FOC/F5000045/T5000133,True,True,True
T5000134,FDH502018,144FOC/T5000135/T5000134,True,True,True
T5000658,FDH502017,48FOC/T5000658/T5000090,True,True,True
T5000659,FDH501009,144FOC/F5000135/T5000659,True,True,True
T5000594,FDH502004,288FOC/F5000111/T5000594,True,True,True
T5000189,FDH502007,144FOC/F5000064/T5000189,True,True,True
T5000190,FDH502007,144FOC/T5000192/T5000190,True,True,True
T5000191,FDH501008,48FOC/T5000166/T5000191,True,True,True
T5000192,FDH502007,144FOC/T5000193/T5000192,True,True,True
T5000193,FDH502007,144FOC/T5000193/T5000195,True,True,True
T5000194,FDH501003,144FOC/F5000007/T5000194,True,True,True
T5000577,FDH502016,48FOC/T5000578/T5000577,True,True,True
T5000578,FDH502016,48FOC/T5000579/T5000578,True,True,True
T5000579,FDH502016,48FOC/F5000109/T5000579,True,True,True
T5000580,FDH502016,48FOC/F5000109/T5000580,True,True,True
T5000581,FDH502001,288FOC/T5000581/T5000582,True,True,True
T5000582,FDH502001,288FOC/T5000581/T5000582,True,True,True
T5000583,FDH502001,288FOC/F5000179/T5000583,True,True,True
T5000599,FDH501006,96FOC/T5000605/T5000599,True,True,True
T5000082,FDH502018,144FOC/T5000114/T5000082,True,True,True
T5000083,FDH502018,144FOC/T5000082/T5000083,True,True,True
T5000009,FDH502018,144FOC/T5000004/T5000009,True,True,True
T5000365,FDH502018,144FOC/T5000364/T5000365,True,True,True
T5000246,FDH502004,144FOC/F5000061/T5000246,True,True,True
T5000014,FDH502004,144FOC/T5000246/T5000014,True,True,True
T5000598,FDH501006,144FOC/F5000196/T5000598,True,True,True
T5000635,FDH502006,144FOC/T5000532/T5000635,True,True,True
T5000636,FDH502016,144FOC/T5000462/T5000636,True,True,True
T5000637,FDH502014,144FOC/T5000465/T5000637,True,True,True
