{
"type": "FeatureCollection",
"name": "fdh",
"crs": { "type": "name", "properties": { "name": "urn:ogc:def:crs:EPSG::32617" } },
"features": [
{ "type": "Feature", "properties": { "ID": "FDH103001", "Size": "144", "Owner": "Rock Networks", "NoOfRes": "54", "NoOfBus": "17", "NoOfResPro": "1", "UsedPorts": "114", "FreePorts": "30", "Location": "JN OF HIGHWAY 540 &  HIGHWAY 551", "Struct_ID": "P104/CGZGNX", "Status": "Proposed", "Placement": "Outdoor", "CabinetSz": "640*506*470mm", "NoOfSpltt": "5", "Spltt_ID's": "SP1000419,SP1000420,SP1000421,SP1000423,SP1000424", "Permit_ID": "HYDRO1-P1000457", "Lot_No": null, "FSA_No": "BILLINGS FSA5", "OLT_ID": "103", "Subdiv": "1", "PermApplOn": null, "PermApprOn": null, "Contractor": null, "DtAsgCnstr": null, "DtInstald": null, "SKU": "FDH144-SCAPC-132-30M", "spltt_ids": null, "layer": "fdh", "path": "/Users/sandeepreddypailla/Downloads/Merge July 17th/PomeGran_Rock_M'Chigeeng-OLT3_HLD_v1.5/PomeGran_Rock_M'Chigeeng-OLT3_HLD_v1.5/fdh.shp" }, "geometry": { "type": "Point", "coordinates": [ 409776.450534012517892, 5075548.149955286644399 ] } },
{ "type": "Feature", "properties": { "ID": "FDH103002", "Size": "144", "Owner": "Rock Networks", "NoOfRes": "88", "NoOfBus": "2", "NoOfResPro": "6", "UsedPorts": "128", "FreePorts": "16", "Location": "JN OF MCQUARRIE RD & RAINBOW HEIGHTS", "Struct_ID": "P1586/C4GV9N", "Status": "Proposed", "Placement": "Outdoor", "CabinetSz": "640*506*470mm", "NoOfSpltt": "5", "Spltt_ID's": "SP1000380,SP1000490,SP1000491,SP1000492,SP1000493", "Permit_ID": "HYDRO1-P1000469", "Lot_No": null, "FSA_No": "BILLINGS FSA5", "OLT_ID": "103", "Subdiv": "1", "PermApplOn": null, "PermApprOn": null, "Contractor": null, "DtAsgCnstr": null, "DtInstald": null, "SKU": "FDH144-SCAPC-132-30M", "spltt_ids": null, "layer": "fdh", "path": "/Users/sandeepreddypailla/Downloads/Merge July 17th/PomeGran_Rock_M'Chigeeng-OLT3_HLD_v1.5/PomeGran_Rock_M'Chigeeng-OLT3_HLD_v1.5/fdh.shp" }, "geometry": { "type": "Point", "coordinates": [ 399601.603663566464093, 5093176.188364875502884 ] } },
{ "type": "Feature", "properties": { "ID": "FDH103003", "Size": "288", "Owner": "Rock Networks", "NoOfRes": "168", "NoOfBus": "6", "NoOfResPro": "7", "UsedPorts": "248", "FreePorts": "40", "Location": "JN OF MAIN ST & LEBAR RD", "Struct_ID": "P1358/C4GXCT", "Status": "Proposed", "Placement": "Outdoor", "CabinetSz": "1050*506*470mm", "NoOfSpltt": "9", "Spltt_ID's": "SP1000381,SP1000382,SP1000383,SP1000384,SP1000385,SP1000386,SP1000387,SP1000388,SP1000389", "Permit_ID": "BELL-P1000221", "Lot_No": null, "FSA_No": "BILLINGS FSA5", "OLT_ID": "103", "Subdiv": "1", "PermApplOn": null, "PermApprOn": null, "Contractor": null, "DtAsgCnstr": null, "DtInstald": null, "SKU": "FDH288-SCAPC-132-30M", "spltt_ids": null, "layer": "fdh", "path": "/Users/sandeepreddypailla/Downloads/Merge July 17th/PomeGran_Rock_M'Chigeeng-OLT3_HLD_v1.5/PomeGran_Rock_M'Chigeeng-OLT3_HLD_v1.5/fdh.shp" }, "geometry": { "type": "Point", "coordinates": [ 401009.909301726787817, 5085416.755764455534518 ] } },
{ "type": "Feature", "properties": { "ID": "FDH103004", "Size": "288", "Owner": "Rock Networks", "NoOfRes": "95", "NoOfBus": "3", "NoOfResPro": "3", "UsedPorts": "160", "FreePorts": "128", "Location": "JN OF NELSON RD & PLEASANT VALLEY RD", "Struct_ID": "P1772/C4FLUG", "Status": "Proposed", "Placement": "Outdoor", "CabinetSz": "1050*506*470mm", "NoOfSpltt": "9", "Spltt_ID's": "SP1000408,SP1000409,SP1000410,SP1000411,SP1000412,SP1000413,SP1000414,SP1000415,SP1000416", "Permit_ID": "BELL-P1000210", "Lot_No": null, "FSA_No": "BILLINGS FSA5", "OLT_ID": "103", "Subdiv": "1", "PermApplOn": null, "PermApprOn": null, "Contractor": null, "DtAsgCnstr": null, "DtInstald": null, "SKU": "FDH288-SCAPC-132-30M", "spltt_ids": null, "layer": "fdh", "path": "/Users/sandeepreddypailla/Downloads/Merge July 17th/PomeGran_Rock_M'Chigeeng-OLT3_HLD_v1.5/PomeGran_Rock_M'Chigeeng-OLT3_HLD_v1.5/fdh.shp" }, "geometry": { "type": "Point", "coordinates": [ 397279.198230169829912, 5081370.618179077282548 ] } },
{ "type": "Feature", "properties": { "ID": "FDH103005", "Size": "288", "Owner": "Rock Networks", "NoOfRes": "132", "NoOfBus": "18", "NoOfResPro": "9", "UsedPorts": "210", "FreePorts": "78", "Location": "73 TRACHEY ST", "Struct_ID": "P1747/C4FZ4B", "Status": "Proposed", "Placement": "Outdoor", "CabinetSz": "1050*506*470mm", "NoOfSpltt": "9", "Spltt_ID's": "SP1000390,SP1000391,SP1000392,SP1000393,SP1000394,SP1000395,SP1000396,SP1000397,SP1000398", "Permit_ID": "BELL-P1000230", "Lot_No": null, "FSA_No": "BILLINGS FSA5", "OLT_ID": "103", "Subdiv": "1", "PermApplOn": null, "PermApprOn": null, "Contractor": null, "DtAsgCnstr": null, "DtInstald": null, "SKU": "FDH288-SCAPC-132-30M", "spltt_ids": null, "layer": "fdh", "path": "/Users/sandeepreddypailla/Downloads/Merge July 17th/PomeGran_Rock_M'Chigeeng-OLT3_HLD_v1.5/PomeGran_Rock_M'Chigeeng-OLT3_HLD_v1.5/fdh.shp" }, "geometry": { "type": "Point", "coordinates": [ 403846.962924624502193, 5085343.844446375966072 ] } },
{ "type": "Feature", "properties": { "ID": "FDH103006", "Size": "288", "Owner": "Rock Networks", "NoOfRes": "128", "NoOfBus": "26", "NoOfResPro": "18", "UsedPorts": "270", "FreePorts": "18", "Location": "JN OF MAIN ST & LAKESHORE RD", "Struct_ID": "P1166/C4GBFY", "Status": "Proposed", "Placement": "Outdoor", "CabinetSz": "1050*506*470mm", "NoOfSpltt": "9", "Spltt_ID's": "SP1000399,SP1000400,SP1000401,SP1000402,SP1000403,SP1000404,SP1000405,SP1000406,SP1000407", "Permit_ID": "BELL-P1000203", "Lot_No": null, "FSA_No": "BILLINGS FSA5", "OLT_ID": "103", "Subdiv": "1", "PermApplOn": null, "PermApprOn": null, "Contractor": null, "DtAsgCnstr": null, "DtInstald": null, "SKU": "FDH288-SCAPC-132-30M", "spltt_ids": null, "layer": "fdh", "path": "/Users/sandeepreddypailla/Downloads/Merge July 17th/PomeGran_Rock_M'Chigeeng-OLT3_HLD_v1.5/PomeGran_Rock_M'Chigeeng-OLT3_HLD_v1.5/fdh.shp" }, "geometry": { "type": "Point", "coordinates": [ 402602.372429764072876, 5083336.794930029660463 ] } },
{ "type": "Feature", "properties": { "ID": "FDH103007", "Size": "288", "Owner": "Rock Networks", "NoOfRes": "100", "NoOfBus": "7", "NoOfResPro": "2", "UsedPorts": "198", "FreePorts": "90", "Location": "W OF 55 DARIUS SIDE RD", "Struct_ID": "P2605/CGFU5Y", "Status": "Proposed", "Placement": "Outdoor", "CabinetSz": "1050*506*470mm", "NoOfSpltt": "9", "Spltt_ID's": "SP1000440,SP1000441,SP1000442,SP1000443,SP1000444,SP1000445,SP1000446,SP1000447,SP1000448", "Permit_ID": "HYDRO1-P1000604", "Lot_No": null, "FSA_No": "Northeastern Manitoulin and the Islands FSA25", "OLT_ID": "103", "Subdiv": "1", "PermApplOn": null, "PermApprOn": null, "Contractor": null, "DtAsgCnstr": null, "DtInstald": null, "SKU": "FDH288-SCAPC-132-30M", "spltt_ids": null, "layer": "fdh", "path": "/Users/sandeepreddypailla/Downloads/Merge July 17th/PomeGran_Rock_M'Chigeeng-OLT3_HLD_v1.5/PomeGran_Rock_M'Chigeeng-OLT3_HLD_v1.5/fdh.shp" }, "geometry": { "type": "Point", "coordinates": [ 419607.280364290985744, 5081042.743425163440406 ] } },
{ "type": "Feature", "properties": { "ID": "FDH103008", "Size": "144", "Owner": "Rock Networks", "NoOfRes": "60", "NoOfBus": "13", "NoOfResPro": "1", "UsedPorts": "122", "FreePorts": "22", "Location": "JN OF HONORA BAY RD & HIGHWAY-540", "Struct_ID": "BELL-P1000186_P876/NO#", "Status": "Proposed", "Placement": "Outdoor", "CabinetSz": "640*506*470mm", "NoOfSpltt": "5", "Spltt_ID's": "SP1000435,SP1000436,SP1000437,SP1000438,SP1000439", "Permit_ID": "BELL-P1000186", "Lot_No": null, "FSA_No": "Northeastern Manitoulin and the Islands FSA25", "OLT_ID": "103", "Subdiv": "1", "PermApplOn": null, "PermApprOn": null, "Contractor": null, "DtAsgCnstr": null, "DtInstald": null, "SKU": "FDH144-SCAPC-132-30M", "spltt_ids": null, "layer": "fdh", "path": "/Users/sandeepreddypailla/Downloads/Merge July 17th/PomeGran_Rock_M'Chigeeng-OLT3_HLD_v1.5/PomeGran_Rock_M'Chigeeng-OLT3_HLD_v1.5/fdh.shp" }, "geometry": { "type": "Point", "coordinates": [ 414387.994111508713104, 5083146.05124007537961 ] } },
{ "type": "Feature", "properties": { "ID": "FDH103009", "Size": "288", "Owner": "Rock Networks", "NoOfRes": "158", "NoOfBus": "12", "NoOfResPro": "2", "UsedPorts": "228", "FreePorts": "60", "Location": "149 LAKEVIEW DRIVE", "Struct_ID": "P228/ABZBPB", "Status": "Proposed", "Placement": "Outdoor", "CabinetSz": "1050*506*470mm", "NoOfSpltt": "9", "Spltt_ID's": "SP1000467,SP1000468,SP1000469,SP1000470,SP1000471,SP1000472,SP1000473,SP1000474,SP1000475", "Permit_ID": "HYDRO1-P1000683", "Lot_No": null, "FSA_No": "BILLINGS FSA5", "OLT_ID": "103", "Subdiv": "1", "PermApplOn": null, "PermApprOn": null, "Contractor": null, "DtAsgCnstr": null, "DtInstald": null, "SKU": "FDH288-SCAPC-132-30M", "spltt_ids": null, "layer": "fdh", "path": "/Users/sandeepreddypailla/Downloads/Merge July 17th/PomeGran_Rock_M'Chigeeng-OLT3_HLD_v1.5/PomeGran_Rock_M'Chigeeng-OLT3_HLD_v1.5/fdh.shp" }, "geometry": { "type": "Point", "coordinates": [ 409334.995550813386217, 5072037.936998127959669 ] } },
{ "type": "Feature", "properties": { "ID": "FDH103010", "Size": "288", "Owner": "Rock Networks", "NoOfRes": "153", "NoOfBus": "2", "NoOfResPro": "0", "UsedPorts": "212", "FreePorts": "76", "Location": "367-1 CROSS HILL RD", "Struct_ID": "P92/AEHG2F", "Status": "Proposed", "Placement": "Outdoor", "CabinetSz": "1050*506*470mm", "NoOfSpltt": "9", "Spltt_ID's": "SP1000476,SP1000477,SP1000478,SP1000479,SP1000480,SP1000481,SP1000482,SP1000483,SP1000484", "Permit_ID": "HYDRO1-P1000520", "Lot_No": null, "FSA_No": "BILLINGS FSA5", "OLT_ID": "103", "Subdiv": "1", "PermApplOn": null, "PermApprOn": null, "Contractor": null, "DtAsgCnstr": null, "DtInstald": null, "SKU": "FDH288-SCAPC-132-30M", "spltt_ids": null, "layer": "fdh", "path": "/Users/sandeepreddypailla/Downloads/Merge July 17th/PomeGran_Rock_M'Chigeeng-OLT3_HLD_v1.5/PomeGran_Rock_M'Chigeeng-OLT3_HLD_v1.5/fdh.shp" }, "geometry": { "type": "Point", "coordinates": [ 407996.153051014698576, 5072523.093102404847741 ] } },
{ "type": "Feature", "properties": { "ID": "FDH103011", "Size": "288", "Owner": "Rock Networks", "NoOfRes": "143", "NoOfBus": "3", "NoOfResPro": "0", "UsedPorts": "232", "FreePorts": "56", "Location": "E OF 1126 ROCKVILLE RD", "Struct_ID": "P2240/C4YP8M", "Status": "Proposed", "Placement": "Outdoor", "CabinetSz": "1050*506*470mm", "NoOfSpltt": "9", "Spltt_ID's": "SP1000449,SP1000450,SP1000451,SP1000452,SP1000453,SP1000454,SP1000455,SP1000456,SP1000457", "Permit_ID": "HYDRO1-P1000477", "Lot_No": null, "FSA_No": "Northeastern Manitoulin and the Islands FSA25", "OLT_ID": "103", "Subdiv": "1", "PermApplOn": null, "PermApprOn": null, "Contractor": null, "DtAsgCnstr": null, "DtInstald": null, "SKU": "FDH288-SCAPC-132-30M", "spltt_ids": null, "layer": "fdh", "path": "/Users/sandeepreddypailla/Downloads/Merge July 17th/PomeGran_Rock_M'Chigeeng-OLT3_HLD_v1.5/PomeGran_Rock_M'Chigeeng-OLT3_HLD_v1.5/fdh.shp" }, "geometry": { "type": "Point", "coordinates": [ 415892.261408089136239, 5074996.548951986245811 ] } },
{ "type": "Feature", "properties": { "ID": "FDH103012", "Size": "288", "Owner": "Rock Networks", "NoOfRes": "96", "NoOfBus": "1", "NoOfResPro": "41", "UsedPorts": "180", "FreePorts": "36", "Location": "JN OF HIGHWAY 551& ROCKVILLE RD", "Struct_ID": "P859/AYA4ZS", "Status": "Proposed", "Placement": "Outdoor", "CabinetSz": "1050*506*470mm", "NoOfSpltt": "9", "Spltt_ID's": "SP1000458,SP1000459,SP1000460,SP1000461,SP1000462,SP1000463,SP1000464,SP1000465,SP1000466", "Permit_ID": "HYDRO1-P1000684", "Lot_No": null, "FSA_No": "CENTRAL MANITOULIN FSA9", "OLT_ID": "103", "Subdiv": "1", "PermApplOn": null, "PermApprOn": null, "Contractor": null, "DtAsgCnstr": null, "DtInstald": null, "SKU": "FDH288-SCAPC-132-30M", "spltt_ids": null, "layer": "fdh", "path": "/Users/sandeepreddypailla/Downloads/Merge July 17th/PomeGran_Rock_M'Chigeeng-OLT3_HLD_v1.5/PomeGran_Rock_M'Chigeeng-OLT3_HLD_v1.5/fdh.shp" }, "geometry": { "type": "Point", "coordinates": [ 410423.95970457646763, 5068962.019993808120489 ] } },
{ "type": "Feature", "properties": { "ID": "FDH103013", "Size": "144", "Owner": "Rock Networks", "NoOfRes": "85", "NoOfBus": "0", "NoOfResPro": "0", "UsedPorts": "120", "FreePorts": "24", "Location": "JN OF MONUMENT RD & 20TH SIDEROAD", "Struct_ID": "P1929/ABYCJY", "Status": "Proposed", "Placement": "Outdoor", "CabinetSz": "640*506*470mm", "NoOfSpltt": "5", "Spltt_ID's": "SP1000485,SP1000486,SP1000487,SP1000488,SP1000489", "Permit_ID": "HYDRO1-P1000505", "Lot_No": null, "FSA_No": "BILLINGS FSA5", "OLT_ID": "103", "Subdiv": "1", "PermApplOn": null, "PermApprOn": null, "Contractor": null, "DtAsgCnstr": null, "DtInstald": null, "SKU": "FDH144-SCAPC-132-30M", "spltt_ids": null, "layer": "fdh", "path": "/Users/sandeepreddypailla/Downloads/Merge July 17th/PomeGran_Rock_M'Chigeeng-OLT3_HLD_v1.5/PomeGran_Rock_M'Chigeeng-OLT3_HLD_v1.5/fdh.shp" }, "geometry": { "type": "Point", "coordinates": [ 405246.713991846190766, 5071069.413632292300463 ] } },
{ "type": "Feature", "properties": { "ID": "FDH103014", "Size": "288", "Owner": "Rock Networks", "NoOfRes": "186", "NoOfBus": "10", "NoOfResPro": "0", "UsedPorts": "258", "FreePorts": "30", "Location": "JN OF SPRING BAY RD & HIGHWAY 551", "Struct_ID": "P124/ABZFUQ", "Status": "Proposed", "Placement": "Outdoor", "CabinetSz": "1050*506*470mm", "NoOfSpltt": "9", "Spltt_ID's": "SP1000426,SP1000427,SP1000428,SP1000429,SP1000430,SP1000431,SP1000432,SP1000433,SP1000434", "Permit_ID": "HYDRO1-P1000458", "Lot_No": null, "FSA_No": "BILLINGS FSA5", "OLT_ID": "103", "Subdiv": "1", "PermApplOn": null, "PermApprOn": null, "Contractor": null, "DtAsgCnstr": null, "DtInstald": null, "SKU": "FDH288-SCAPC-132-30M", "spltt_ids": null, "layer": "fdh", "path": "/Users/sandeepreddypailla/Downloads/Merge July 17th/PomeGran_Rock_M'Chigeeng-OLT3_HLD_v1.5/PomeGran_Rock_M'Chigeeng-OLT3_HLD_v1.5/fdh.shp" }, "geometry": { "type": "Point", "coordinates": [ 409731.18526757316431, 5075073.462839870713651 ] } },
{ "type": "Feature", "properties": { "ID": "FDH103015", "Size": "144", "Owner": "Rock Networks", "NoOfRes": "60", "NoOfBus": "8", "NoOfResPro": "3", "UsedPorts": "126", "FreePorts": "18", "Location": "E OF 825 8TH CONCESSION BILLINGS", "Struct_ID": "P1294/BBL38P", "Status": "Proposed", "Placement": "Outdoor", "CabinetSz": "640*506*470mm", "NoOfSpltt": "5", "Spltt_ID's": "SP1000417,SP1000418,SP1000422,SP1000425,SP1000494", "Permit_ID": "BELL-P1000198", "Lot_No": null, "FSA_No": "BILLINGS FSA5", "OLT_ID": "103", "Subdiv": "1", "PermApplOn": null, "PermApprOn": null, "Contractor": null, "DtAsgCnstr": null, "DtInstald": null, "SKU": "FDH144-SCAPC-132-30M", "spltt_ids": null, "layer": "fdh", "path": "/Users/sandeepreddypailla/Downloads/Merge July 17th/PomeGran_Rock_M'Chigeeng-OLT3_HLD_v1.5/PomeGran_Rock_M'Chigeeng-OLT3_HLD_v1.5/fdh.shp" }, "geometry": { "type": "Point", "coordinates": [ 405323.739724765939172, 5077196.346978053450584 ] } },
{ "type": "Feature", "properties": { "ID": "FDH104001", "Size": "288", "Owner": "Rock Networks", "NoOfRes": "186", "NoOfBus": "32", "NoOfResPro": "0", "UsedPorts": "262", "FreePorts": "26", "Location": "JN OF YONGE ST AND THORNE ST", "Struct_ID": "P2086/AC9ACR", "Status": "Proposed", "Placement": "Outdoor", "CabinetSz": "1050*506*470", "NoOfSpltt": "9", "Spltt_ID's": "SP1000534,SP1000535,SP1000536,SP1000537,SP1000538,SP1000539,SP1000540,SP1000541,SP1000542", "Permit_ID": "HYDRO1-P1000675", "Lot_No": null, "FSA_No": "CENTRAL MANITOULIN FSA9", "OLT_ID": "104", "Subdiv": "1", "PermApplOn": null, "PermApprOn": null, "Contractor": null, "DtAsgCnstr": null, "DtInstald": null, "SKU": "FDH288-SCAPC-132-30M", "spltt_ids": null, "layer": "fdh", "path": "/Users/sandeepreddypailla/Downloads/Merge July 17th/PomeGran_Rock _SD1_OLT4_Central Manitoulin_HLD_v1.4/PomeGran_Rock _SD1_OLT4_Central Manitoulin_HLD/fdh.shp" }, "geometry": { "type": "Point", "coordinates": [ 409198.326686423970386, 5064748.935554345138371 ] } },
{ "type": "Feature", "properties": { "ID": "FDH104002", "Size": "144", "Owner": "Rock Networks", "NoOfRes": "85", "NoOfBus": "10", "NoOfResPro": "1", "UsedPorts": "126", "FreePorts": "18", "Location": "JN OF KETCHANKOOKEM TRAIL AND WILL-O WISP WAY", "Struct_ID": "P1980/AVHNJF", "Status": "Proposed", "Placement": "Outdoor", "CabinetSz": "640*506*470", "NoOfSpltt": "5", "Spltt_ID's": "SP1000543,SP1000544,SP1000545,SP1000546,SP1000547", "Permit_ID": "HYDRO1-P1000223", "Lot_No": null, "FSA_No": "CENTRAL MANITOULIN FSA9", "OLT_ID": "104", "Subdiv": "1", "PermApplOn": null, "PermApprOn": null, "Contractor": null, "DtAsgCnstr": null, "DtInstald": null, "SKU": "FDH144-SCAPC-132-30M", "spltt_ids": null, "layer": "fdh", "path": "/Users/sandeepreddypailla/Downloads/Merge July 17th/PomeGran_Rock _SD1_OLT4_Central Manitoulin_HLD_v1.4/PomeGran_Rock _SD1_OLT4_Central Manitoulin_HLD/fdh.shp" }, "geometry": { "type": "Point", "coordinates": [ 407834.031794813927263, 5066900.164523439481854 ] } },
{ "type": "Feature", "properties": { "ID": "FDH104003", "Size": "144", "Owner": "Rock Networks", "NoOfRes": "46", "NoOfBus": "30", "NoOfResPro": "4", "UsedPorts": "110", "FreePorts": "34", "Location": "JN OF OLD HIGHWAY 551 & ON- 551", "Struct_ID": "P800/AEFENB", "Status": "Proposed", "Placement": "Outdoor", "CabinetSz": "640*506*470", "NoOfSpltt": "5", "Spltt_ID's": "SP1000520,SP1000521,SP1000522,SP1000523,SP1000524", "Permit_ID": "BELL-P1000073", "Lot_No": null, "FSA_No": "CENTRAL MANITOULIN FSA9", "OLT_ID": "104", "Subdiv": "1", "PermApplOn": null, "PermApprOn": null, "Contractor": null, "DtAsgCnstr": null, "DtInstald": null, "SKU": "FDH144-SCAPC-132-30M", "spltt_ids": null, "layer": "fdh", "path": "/Users/sandeepreddypailla/Downloads/Merge July 17th/PomeGran_Rock _SD1_OLT4_Central Manitoulin_HLD_v1.4/PomeGran_Rock _SD1_OLT4_Central Manitoulin_HLD/fdh.shp" }, "geometry": { "type": "Point", "coordinates": [ 409145.090242214675527, 5066110.232345486991107 ] } },
{ "type": "Feature", "properties": { "ID": "FDH104004", "Size": "288", "Owner": "Rock Networks", "NoOfRes": "126", "NoOfBus": "19", "NoOfResPro": "2", "UsedPorts": "198", "FreePorts": "90", "Location": "JN OF LAKESHORE RD & SIDE RD15", "Struct_ID": "P779/CTW22Y", "Status": "Proposed", "Placement": "Outdoor", "CabinetSz": "1050*506*470", "NoOfSpltt": "9", "Spltt_ID's": "SP1000548,SP1000549,SP1000550,SP1000551,SP1000552,SP1000601,SP1000602,SP1000603,SP1000604", "Permit_ID": "HYDRO1-P1000220", "Lot_No": null, "FSA_No": "CENTRAL MANITOULIN FSA9", "OLT_ID": "104", "Subdiv": "1", "PermApplOn": null, "PermApprOn": null, "Contractor": null, "DtAsgCnstr": null, "DtInstald": null, "SKU": "FDH288-SCAPC-132-30M", "spltt_ids": null, "layer": "fdh", "path": "/Users/sandeepreddypailla/Downloads/Merge July 17th/PomeGran_Rock _SD1_OLT4_Central Manitoulin_HLD_v1.4/PomeGran_Rock _SD1_OLT4_Central Manitoulin_HLD/fdh.shp" }, "geometry": { "type": "Point", "coordinates": [ 407148.543215955607593, 5064906.020810362882912 ] } },
{ "type": "Feature", "properties": { "ID": "FDH104005", "Size": "72", "Owner": "Rock Networks", "NoOfRes": "24", "NoOfBus": "22", "NoOfResPro": "0", "UsedPorts": "54", "FreePorts": "18", "Location": "JN OF KING ST & HIGHWAY 542", "Struct_ID": "P389/ABYGSH", "Status": "Proposed", "Placement": "Outdoor", "CabinetSz": "630*470*416", "NoOfSpltt": "3", "Spltt_ID's": "SP1000525,SP1000526,SP1000527", "Permit_ID": "HYDRO1-P1000198", "Lot_No": null, "FSA_No": "CENTRAL MANITOULIN FSA9", "OLT_ID": "104", "Subdiv": "1", "PermApplOn": null, "PermApprOn": null, "Contractor": null, "DtAsgCnstr": null, "DtInstald": null, "SKU": "FDH72-SCAPC-116-30M", "spltt_ids": null, "layer": "fdh", "path": "/Users/sandeepreddypailla/Downloads/Merge July 17th/PomeGran_Rock _SD1_OLT4_Central Manitoulin_HLD_v1.4/PomeGran_Rock _SD1_OLT4_Central Manitoulin_HLD/fdh.shp" }, "geometry": { "type": "Point", "coordinates": [ 409574.223932366643567, 5064980.947016735561192 ] } },
{ "type": "Feature", "properties": { "ID": "FDH104006", "Size": "144", "Owner": "Rock Networks", "NoOfRes": "60", "NoOfBus": "3", "NoOfResPro": "17", "UsedPorts": "124", "FreePorts": "20", "Location": "JN OF HIGHWAY 542 & DIGBYS SIDE RD", "Struct_ID": "P265/ANBKGW", "Status": "Proposed", "Placement": "Outdoor", "CabinetSz": "640*506*470", "NoOfSpltt": "5", "Spltt_ID's": "SP1000510,SP1000511,SP1000512,SP1000514,SP1000513", "Permit_ID": "HYDRO1-P1000193", "Lot_No": null, "FSA_No": "CENTRAL MANITOULIN FSA9", "OLT_ID": "104", "Subdiv": "1", "PermApplOn": null, "PermApprOn": null, "Contractor": null, "DtAsgCnstr": null, "DtInstald": null, "SKU": "FDH144-SCAPC-132-30M", "spltt_ids": null, "layer": "fdh", "path": "/Users/sandeepreddypailla/Downloads/Merge July 17th/PomeGran_Rock _SD1_OLT4_Central Manitoulin_HLD_v1.4/PomeGran_Rock _SD1_OLT4_Central Manitoulin_HLD/fdh.shp" }, "geometry": { "type": "Point", "coordinates": [ 416188.209834533161484, 5066561.009043363854289 ] } },
{ "type": "Feature", "properties": { "ID": "FDH104007", "Size": "144", "Owner": "Rock Networks", "NoOfRes": "64", "NoOfBus": "2", "NoOfResPro": "8", "UsedPorts": "114", "FreePorts": "30", "Location": "NE OF 5048  HIGHWAY 542", "Struct_ID": "BELL-P1000066_P322/NO#", "Status": "Proposed", "Placement": "Outdoor", "CabinetSz": "640*506*470", "NoOfSpltt": "5", "Spltt_ID's": "SP1000515,SP1000516,SP1000517,SP1000518,SP1000519", "Permit_ID": "BELL-P1000066", "Lot_No": null, "FSA_No": "CENTRAL MANITOULIN FSA9", "OLT_ID": "104", "Subdiv": "1", "PermApplOn": null, "PermApprOn": null, "Contractor": null, "DtAsgCnstr": null, "DtInstald": null, "SKU": "FDH144-SCAPC-132-30M", "spltt_ids": null, "layer": "fdh", "path": "/Users/sandeepreddypailla/Downloads/Merge July 17th/PomeGran_Rock _SD1_OLT4_Central Manitoulin_HLD_v1.4/PomeGran_Rock _SD1_OLT4_Central Manitoulin_HLD/fdh.shp" }, "geometry": { "type": "Point", "coordinates": [ 414146.575802265142556, 5064754.433761579915881 ] } },
{ "type": "Feature", "properties": { "ID": "FDH104008", "Size": "144", "Owner": "Rock Networks", "NoOfRes": "56", "NoOfBus": "27", "NoOfResPro": "3", "UsedPorts": "120", "FreePorts": "24", "Location": "JN OF NIGHSWANDER RD & SILVER BAY RD", "Struct_ID": "P2875/AN6UCG", "Status": "Proposed", "Placement": "Outdoor", "CabinetSz": "640*506*470", "NoOfSpltt": "5", "Spltt_ID's": "SP1000505,SP1000506,SP1000507,SP1000508,SP1000509", "Permit_ID": "HYDRO1-P1000270", "Lot_No": null, "FSA_No": "CENTRAL MANITOULIN FSA9", "OLT_ID": "104", "Subdiv": "1", "PermApplOn": null, "PermApprOn": null, "Contractor": null, "DtAsgCnstr": null, "DtInstald": null, "SKU": "FDH144-SCAPC-132-30M", "spltt_ids": null, "layer": "fdh", "path": "/Users/sandeepreddypailla/Downloads/Merge July 17th/PomeGran_Rock _SD1_OLT4_Central Manitoulin_HLD_v1.4/PomeGran_Rock _SD1_OLT4_Central Manitoulin_HLD/fdh.shp" }, "geometry": { "type": "Point", "coordinates": [ 418706.538071064453106, 5068560.546886122785509 ] } },
{ "type": "Feature", "properties": { "ID": "FDH104009", "Size": "144", "Owner": "Rock Networks", "NoOfRes": "49", "NoOfBus": "6", "NoOfResPro": "9", "UsedPorts": "100", "FreePorts": "44", "Location": "E OF 1030 SILVER BAY RD", "Struct_ID": "P3059/AN6UJP", "Status": "Proposed", "Placement": "Outdoor", "CabinetSz": "640*506*470", "NoOfSpltt": "5", "Spltt_ID's": "SP1000500,SP1000503,SP1000501,SP1000502,SP1000504", "Permit_ID": "HYDRO1-P1000276", "Lot_No": null, "FSA_No": "CENTRAL MANITOULIN FSA9", "OLT_ID": "104", "Subdiv": "1", "PermApplOn": null, "PermApprOn": null, "Contractor": null, "DtAsgCnstr": null, "DtInstald": null, "SKU": "FDH144-SCAPC-132-30M", "spltt_ids": null, "layer": "fdh", "path": "/Users/sandeepreddypailla/Downloads/Merge July 17th/PomeGran_Rock _SD1_OLT4_Central Manitoulin_HLD_v1.4/PomeGran_Rock _SD1_OLT4_Central Manitoulin_HLD/fdh.shp" }, "geometry": { "type": "Point", "coordinates": [ 422634.735280008462723, 5068490.823811479844153 ] } },
{ "type": "Feature", "properties": { "ID": "FDH104010", "Size": "144", "Owner": "Rock Networks", "NoOfRes": "58", "NoOfBus": "3", "NoOfResPro": "12", "UsedPorts": "128", "FreePorts": "16", "Location": "JN OF BRITAINVILLE RD & WHITE CHURCH RD", "Struct_ID": "P694/B933XD", "Status": "Proposed", "Placement": "Outdoor", "CabinetSz": "640*506*470", "NoOfSpltt": "5", "Spltt_ID's": "SP1000596,SP1000597,SP1000598,SP1000599,SP1000600", "Permit_ID": "HYDRO1-P1000208", "Lot_No": null, "FSA_No": "CENTRAL MANITOULIN FSA9", "OLT_ID": "104", "Subdiv": "1", "PermApplOn": null, "PermApprOn": null, "Contractor": null, "DtAsgCnstr": null, "DtInstald": null, "SKU": "FDH144-SCAPC-132-30M", "spltt_ids": null, "layer": "fdh", "path": "/Users/sandeepreddypailla/Downloads/Merge July 17th/PomeGran_Rock _SD1_OLT4_Central Manitoulin_HLD_v1.4/PomeGran_Rock _SD1_OLT4_Central Manitoulin_HLD/fdh.shp" }, "geometry": { "type": "Point", "coordinates": [ 390872.998838597675785, 5065255.530277878977358 ] } },
{ "type": "Feature", "properties": { "ID": "FDH104011", "Size": "144", "Owner": "Rock Networks", "NoOfRes": "66", "NoOfBus": "26", "NoOfResPro": "2", "UsedPorts": "124", "FreePorts": "20", "Location": "JN OF PERIVALE RD E & PERIVALE RD W", "Struct_ID": "P445/ABYNUT", "Status": "Proposed", "Placement": "Outdoor", "CabinetSz": "640*506*470", "NoOfSpltt": "5", "Spltt_ID's": "SP1000591,SP1000592,SP1000593,SP1000594,SP1000595", "Permit_ID": "HYDRO1-P1000250", "Lot_No": null, "FSA_No": "CENTRAL MANITOULIN FSA9", "OLT_ID": "104", "Subdiv": "1", "PermApplOn": null, "PermApprOn": null, "Contractor": null, "DtAsgCnstr": null, "DtInstald": null, "SKU": "FDH144-SCAPC-132-30M", "spltt_ids": null, "layer": "fdh", "path": "/Users/sandeepreddypailla/Downloads/Merge July 17th/PomeGran_Rock _SD1_OLT4_Central Manitoulin_HLD_v1.4/PomeGran_Rock _SD1_OLT4_Central Manitoulin_HLD/fdh.shp" }, "geometry": { "type": "Point", "coordinates": [ 398322.012048115371726, 5069694.598813370801508 ] } },
{ "type": "Feature", "properties": { "ID": "FDH104012", "Size": "144", "Owner": "Rock Networks", "NoOfRes": "59", "NoOfBus": "5", "NoOfResPro": "9", "UsedPorts": "128", "FreePorts": "16", "Location": "JN OF HIGHWAY 542 AND PERIVALE RD E", "Struct_ID": "P351/AC37FA", "Status": "Proposed", "Placement": "Outdoor", "CabinetSz": "640*506*470", "NoOfSpltt": "5", "Spltt_ID's": "SP1000586,SP1000587,SP1000588,SP1000589,SP1000590", "Permit_ID": "HYDRO1-P1000204", "Lot_No": null, "FSA_No": "CENTRAL MANITOULIN FSA9", "OLT_ID": "104", "Subdiv": "1", "PermApplOn": null, "PermApprOn": null, "Contractor": null, "DtAsgCnstr": null, "DtInstald": null, "SKU": "FDH144-SCAPC-132-30M", "spltt_ids": null, "layer": "fdh", "path": "/Users/sandeepreddypailla/Downloads/Merge July 17th/PomeGran_Rock _SD1_OLT4_Central Manitoulin_HLD_v1.4/PomeGran_Rock _SD1_OLT4_Central Manitoulin_HLD/fdh.shp" }, "geometry": { "type": "Point", "coordinates": [ 396982.334613953367807, 5065114.348900344222784 ] } },
{ "type": "Feature", "properties": { "ID": "FDH104013", "Size": "144", "Owner": "Rock Networks", "NoOfRes": "56", "NoOfBus": "1", "NoOfResPro": "20", "UsedPorts": "116", "FreePorts": "28", "Location": "JN OF BEAVER RD AND GRIMESTHORPE RD", "Struct_ID": "P201/AC584Y", "Status": "Proposed", "Placement": "Outdoor", "CabinetSz": "640*506*470", "NoOfSpltt": "5", "Spltt_ID's": "SP1000581,SP1000582,SP1000583,SP1000584,SP1000585", "Permit_ID": "HYDRO1-P1000643", "Lot_No": null, "FSA_No": "CENTRAL MANITOULIN FSA9", "OLT_ID": "104", "Subdiv": "1", "PermApplOn": null, "PermApprOn": null, "Contractor": null, "DtAsgCnstr": null, "DtInstald": null, "SKU": "FDH144-SCAPC-132-30M", "spltt_ids": null, "layer": "fdh", "path": "/Users/sandeepreddypailla/Downloads/Merge July 17th/PomeGran_Rock _SD1_OLT4_Central Manitoulin_HLD_v1.4/PomeGran_Rock _SD1_OLT4_Central Manitoulin_HLD/fdh.shp" }, "geometry": { "type": "Point", "coordinates": [ 396928.967019836883992, 5063070.538290206342936 ] } },
{ "type": "Feature", "properties": { "ID": "FDH104014", "Size": "144", "Owner": "Rock Networks", "NoOfRes": "54", "NoOfBus": "5", "NoOfResPro": "1", "UsedPorts": "108", "FreePorts": "36", "Location": "JN OF HIGHWAY 542 & BEAVER RD", "Struct_ID": "P720/ABXGTJ", "Status": "Designed/Ready/Assigned/Completed", "Placement": "Outdoor", "CabinetSz": "640*506*470", "NoOfSpltt": "5", "Spltt_ID's": "SP1000576,SP1000577,SP1000578,SP1000579,SP1000580", "Permit_ID": "HYDRO1-P1000233", "Lot_No": null, "FSA_No": "CENTRAL MANITOULIN FSA9", "OLT_ID": "104", "Subdiv": "1", "PermApplOn": null, "PermApprOn": null, "Contractor": "Test", "DtAsgCnstr": "Test", "DtInstald": "Test", "SKU": "FDH144-SCAPC-132-30M", "spltt_ids": null, "layer": "fdh", "path": "/Users/sandeepreddypailla/Downloads/Merge July 17th/PomeGran_Rock _SD1_OLT4_Central Manitoulin_HLD_v1.4/PomeGran_Rock _SD1_OLT4_Central Manitoulin_HLD/fdh.shp" }, "geometry": { "type": "Point", "coordinates": [ 400982.238265826075803, 5063011.355122335255146 ] } },
{ "type": "Feature", "properties": { "ID": "FDH104015", "Size": "288", "Owner": "Rock Networks", "NoOfRes": "158", "NoOfBus": "24", "NoOfResPro": "14", "UsedPorts": "262", "FreePorts": "26", "Location": "JN OF MIRA ST & HIGHWAY 551", "Struct_ID": "P974/ABZ7PJ", "Status": "Proposed", "Placement": "Outdoor", "CabinetSz": "1050*506*470", "NoOfSpltt": "9", "Spltt_ID's": "SP1000562,SP1000563,SP1000564,SP1000565,SP1000566,SP1000567,SP1000568,SP1000569,SP1000570", "Permit_ID": "HYDRO1-P1000242", "Lot_No": null, "FSA_No": "CENTRAL MANITOULIN FSA9", "OLT_ID": "104", "Subdiv": "1", "PermApplOn": null, "PermApprOn": null, "Contractor": null, "DtAsgCnstr": null, "DtInstald": null, "SKU": "FDH288-SCAPC-132-30M", "spltt_ids": null, "layer": "fdh", "path": "/Users/sandeepreddypailla/Downloads/Merge July 17th/PomeGran_Rock _SD1_OLT4_Central Manitoulin_HLD_v1.4/PomeGran_Rock _SD1_OLT4_Central Manitoulin_HLD/fdh.shp" }, "geometry": { "type": "Point", "coordinates": [ 401141.967744534835219, 5058108.228685083799064 ] } },
{ "type": "Feature", "properties": { "ID": "FDH104016", "Size": "144", "Owner": "Rock Networks", "NoOfRes": "50", "NoOfBus": "51", "NoOfResPro": "2", "UsedPorts": "134", "FreePorts": "10", "Location": "JN OF MONUMENT RD & TRACY RD", "Struct_ID": "P623/ABYBRJ", "Status": "Test", "Placement": "Outdoor", "CabinetSz": "640*506*470", "NoOfSpltt": "5", "Spltt_ID's": "SP1000571,SP1000572,SP1000573,SP1000574,SP1000575", "Permit_ID": "HYDRO1-P1000234", "Lot_No": null, "FSA_No": "CENTRAL MANITOULIN FSA9", "OLT_ID": "104", "Subdiv": "1", "PermApplOn": null, "PermApprOn": null, "Contractor": "Test", "DtAsgCnstr": "Test", "DtInstald": "Test", "SKU": "FDH144-SCAPC-132-30M", "spltt_ids": null, "layer": "fdh", "path": "/Users/sandeepreddypailla/Downloads/Merge July 17th/PomeGran_Rock _SD1_OLT4_Central Manitoulin_HLD_v1.4/PomeGran_Rock _SD1_OLT4_Central Manitoulin_HLD/fdh.shp" }, "geometry": { "type": "Point", "coordinates": [ 403074.736624855722766, 5064978.792794755659997 ] } },
{ "type": "Feature", "properties": { "ID": "FDH104017", "Size": "288", "Owner": "Rock Networks", "NoOfRes": "116", "NoOfBus": "6", "NoOfResPro": "7", "UsedPorts": "228", "FreePorts": "60", "Location": "JN OF 416 BLUE RD AND MONUMENT RD", "Struct_ID": "P789/AVKWTW", "Status": "Proposed", "Placement": "Outdoor", "CabinetSz": "1050*506*470", "NoOfSpltt": "9", "Spltt_ID's": "SP1000553,SP1000554,SP1000555,SP1000556,SP1000557,SP1000558,SP1000559,SP1000560,SP1000561", "Permit_ID": "HYDRO1-P1000329", "Lot_No": null, "FSA_No": "CENTRAL MANITOULIN FSA9", "OLT_ID": "104", "Subdiv": "1", "PermApplOn": null, "PermApprOn": null, "Contractor": null, "DtAsgCnstr": null, "DtInstald": null, "SKU": "FDH288-SCAPC-132-30M", "spltt_ids": null, "layer": "fdh", "path": "/Users/sandeepreddypailla/Downloads/Merge July 17th/PomeGran_Rock _SD1_OLT4_Central Manitoulin_HLD_v1.4/PomeGran_Rock _SD1_OLT4_Central Manitoulin_HLD/fdh.shp" }, "geometry": { "type": "Point", "coordinates": [ 403010.01683082152158, 5060915.57351210154593 ] } },
{ "type": "Feature", "properties": { "ID": "FDH106001", "Size": "288", "Owner": "Rock Networks", "NoOfRes": "139", "NoOfBus": "9", "NoOfResPro": "3", "UsedPorts": "258", "FreePorts": "30", "Location": "7 KEMP LAKE RD", "Struct_ID": "BELL-P1000036_P336/NO#", "Status": "Proposed", "Placement": "Outdoor", "CabinetSz": "1050*506*470mm", "NoOfSpltt": "9", "Spltt_ID's": "SP1000801,SP1000802,SP1000803,SP1000804,SP1000805,SP1000806,SP1000807,SP1000808,SP1000809", "Permit_ID": "BELL-P1000036", "Lot_No": null, "FSA_No": "WEST MANITOULIN UNORGANIZED FSA40", "OLT_ID": "106", "Subdiv": "1", "PermApplOn": null, "PermApprOn": null, "Contractor": null, "DtAsgCnstr": null, "DtInstald": null, "SKU": "FDH288-SCAPC-132-30M", "spltt_ids": null, "layer": "fdh", "path": "/Users/sandeepreddypailla/Downloads/Merge July 17th/PomeGran_Rock _SD1_OLT6_Silver_Water_HLD_v1.3/PomeGran_Rock _SD1_OLT6_Silver_Water_HLD/fdh.shp" }, "geometry": { "type": "Point", "coordinates": [ 355974.582090389099903, 5081880.386369462125003 ] } },
{ "type": "Feature", "properties": { "ID": "FDH106005", "Size": "288", "Owner": "Rock Networks", "NoOfRes": "99", "NoOfBus": "19", "NoOfResPro": "4", "UsedPorts": "218", "FreePorts": "70", "Location": "25052 HWY 540", "Struct_ID": "P219/CBKE9L", "Status": "Proposed", "Placement": "Outdoor", "CabinetSz": "1050*506*470mm", "NoOfSpltt": "9", "Spltt_ID's": "SP1000884,SP1000885,SP1000886,SP1000887,SP1000888,SP1000889,SP1000890,SP1000891,SP1000892", "Permit_ID": "HYDRO1-P1000357", "Lot_No": null, "FSA_No": "WEST MANITOULIN UNORGANIZED FSA40", "OLT_ID": "106", "Subdiv": "1", "PermApplOn": null, "PermApprOn": null, "Contractor": null, "DtAsgCnstr": null, "DtInstald": null, "SKU": "FDH288-SCAPC-132-30M", "spltt_ids": null, "layer": "fdh", "path": "/Users/sandeepreddypailla/Downloads/Merge July 17th/PomeGran_Rock _SD1_OLT6_Silver_Water_HLD_v1.3/PomeGran_Rock _SD1_OLT6_Silver_Water_HLD/fdh.shp" }, "geometry": { "type": "Point", "coordinates": [ 338581.70211022242438, 5084868.457955145277083 ] } },
{ "type": "Feature", "properties": { "ID": "FDH106004", "Size": "288", "Owner": "Rock Networks", "NoOfRes": "112", "NoOfBus": "6", "NoOfResPro": "3", "UsedPorts": "164", "FreePorts": "124", "Location": "1125 SHESHEGWANING RD", "Struct_ID": "P767/C524ZH", "Status": "Proposed", "Placement": "Outdoor", "CabinetSz": "1050*506*470mm", "NoOfSpltt": "9", "Spltt_ID's": "SP1000875,SP1000876,SP1000877,SP1000878,SP1000879,SP1000880,SP1000881,SP1000882,SP1000883", "Permit_ID": "HYDRO1-P1000343", "Lot_No": null, "FSA_No": "SHESHEGWANING First Nation FSA31", "OLT_ID": "106", "Subdiv": "1", "PermApplOn": null, "PermApprOn": null, "Contractor": null, "DtAsgCnstr": null, "DtInstald": null, "SKU": "FDH288-SCAPC-132-30M", "spltt_ids": null, "layer": "fdh", "path": "/Users/sandeepreddypailla/Downloads/Merge July 17th/PomeGran_Rock _SD1_OLT6_Silver_Water_HLD_v1.3/PomeGran_Rock _SD1_OLT6_Silver_Water_HLD/fdh.shp" }, "geometry": { "type": "Point", "coordinates": [ 357528.437330519256648, 5088456.441658350639045 ] } },
{ "type": "Feature", "properties": { "ID": "FDH106002", "Size": "288", "Owner": "Rock Networks", "NoOfRes": "143", "NoOfBus": "2", "NoOfResPro": "13", "UsedPorts": "276", "FreePorts": "12", "Location": "18206 HIGHWAY 540", "Struct_ID": "P128/C4XSLR", "Status": "Proposed", "Placement": "Outdoor", "CabinetSz": "1050*506*470mm", "NoOfSpltt": "9", "Spltt_ID's": "SP1000810,SP1000811,SP1000812,SP1000813,SP1000814,SP1000815,SP1000816,SP1000817,SP1000818", "Permit_ID": "BELL-P1000034", "Lot_No": null, "FSA_No": "BURPEE AND MILLS FSA8", "OLT_ID": "106", "Subdiv": "1", "PermApplOn": null, "PermApprOn": null, "Contractor": null, "DtAsgCnstr": null, "DtInstald": null, "SKU": "FDH288-SCAPC-132-30M", "spltt_ids": null, "layer": "fdh", "path": "/Users/sandeepreddypailla/Downloads/Merge July 17th/PomeGran_Rock _SD1_OLT6_Silver_Water_HLD_v1.3/PomeGran_Rock _SD1_OLT6_Silver_Water_HLD/fdh.shp" }, "geometry": { "type": "Point", "coordinates": [ 365960.324693249014672, 5075467.202311683446169 ] } },
{ "type": "Feature", "properties": { "ID": "FDH101015", "Size": "72", "Owner": "Rock Networks", "NoOfRes": "16", "NoOfBus": "4", "NoOfResPro": "5", "UsedPorts": "52", "FreePorts": "20", "Location": "37 GREEN BUSH RD", "Struct_ID": "BELL-P1000012_P1096/NO#", "Status": "Proposed", "Placement": "Outdoor", "CabinetSz": "630*470*416mm", "NoOfSpltt": "3", "Spltt_ID's": "SP1000092,SP1000093,SP1000094", "Permit_ID": "BELL-P1000012", "Lot_No": null, "FSA_No": "Northeastern Manitoulin and the Islands FSA25", "OLT_ID": "101", "Subdiv": "1", "PermApplOn": null, "PermApprOn": null, "Contractor": null, "DtAsgCnstr": null, "DtInstald": null, "SKU": "FDH72-SCAPC-132-30M", "spltt_ids": null, "layer": "fdh", "path": "/Users/sandeepreddypailla/Downloads/Merge July 17th/PomeGran_Rock _SD1_OLT1_LittleCurret_HLD_v1.3/PomeGran_Rock_LittleCurret-OLT1_HLD_v1.3/fdh.shp" }, "geometry": { "type": "Point", "coordinates": [ 429670.485593420511577, 5087004.599466607905924 ] } },
{ "type": "Feature", "properties": { "ID": "FDH101007", "Size": "144", "Owner": "Rock Networks", "NoOfRes": "72", "NoOfBus": "3", "NoOfResPro": "2", "UsedPorts": "116", "FreePorts": "28", "Location": "75 WHITES POINT RD", "Struct_ID": "BELL-P1000010_P1043/NO#", "Status": "Test", "Placement": "Outdoor", "CabinetSz": "640*506*470mm", "NoOfSpltt": "5", "Spltt_ID's": "SP1000087,SP1000088,SP1000089,SP1000090,SP1000091", "Permit_ID": "BELL-P1000010", "Lot_No": null, "FSA_No": "Northeastern Manitoulin and the Islands FSA25", "OLT_ID": "101", "Subdiv": "1", "PermApplOn": null, "PermApprOn": null, "Contractor": "Test", "DtAsgCnstr": "Test", "DtInstald": "Test", "SKU": "FDH144-SCAPC-132-30M", "spltt_ids": null, "layer": "fdh", "path": "/Users/sandeepreddypailla/Downloads/Merge July 17th/PomeGran_Rock _SD1_OLT1_LittleCurret_HLD_v1.3/PomeGran_Rock_LittleCurret-OLT1_HLD_v1.3/fdh.shp" }, "geometry": { "type": "Point", "coordinates": [ 429284.766359627014026, 5089389.86647048778832 ] } },
{ "type": "Feature", "properties": { "ID": "FDH101006", "Size": "144", "Owner": "Rock Networks", "NoOfRes": "76", "NoOfBus": "1", "NoOfResPro": "8", "UsedPorts": "128", "FreePorts": "16", "Location": "2989 HWY540", "Struct_ID": "P759/CS8PLX", "Status": "Test", "Placement": "Outdoor", "CabinetSz": "640*506*470mm", "NoOfSpltt": "5", "Spltt_ID's": "SP1000122,SP1000001,SP1000002,SP1000003,SP1000004", "Permit_ID": "BELL-P1000025", "Lot_No": null, "FSA_No": "Northeastern Manitoulin and the Islands FSA25", "OLT_ID": "101", "Subdiv": "1", "PermApplOn": null, "PermApprOn": null, "Contractor": "Test", "DtAsgCnstr": "Test", "DtInstald": "Test", "SKU": "FDH144-SCAPC-132-30M", "spltt_ids": null, "layer": "fdh", "path": "/Users/sandeepreddypailla/Downloads/Merge July 17th/PomeGran_Rock _SD1_OLT1_LittleCurret_HLD_v1.3/PomeGran_Rock_LittleCurret-OLT1_HLD_v1.3/fdh.shp" }, "geometry": { "type": "Point", "coordinates": [ 416292.47000141890021, 5087154.514662517234683 ] } },
{ "type": "Feature", "properties": { "ID": "FDH101013", "Size": "288", "Owner": "Rock Networks", "NoOfRes": "111", "NoOfBus": "47", "NoOfResPro": "0", "UsedPorts": "196", "FreePorts": "92", "Location": "15 CAMPBELL ST E", "Struct_ID": "P411/CZKYGB", "Status": "Proposed", "Placement": "Outdoor", "CabinetSz": "1050*506*470mm", "NoOfSpltt": "9", "Spltt_ID's": "SP1000042,SP1000043,SP1000044,SP1000045,SP1000046,SP1000047,SP1000048,SP1000049,SP1000050", "Permit_ID": "HYDRO1-P1000047", "Lot_No": null, "FSA_No": "Northeastern Manitoulin and the Islands FSA25", "OLT_ID": "101", "Subdiv": "1", "PermApplOn": null, "PermApprOn": null, "Contractor": null, "DtAsgCnstr": null, "DtInstald": null, "SKU": "FDH288-SCAPC-132-30M", "spltt_ids": null, "layer": "fdh", "path": "/Users/sandeepreddypailla/Downloads/Merge July 17th/PomeGran_Rock _SD1_OLT1_LittleCurret_HLD_v1.3/PomeGran_Rock_LittleCurret-OLT1_HLD_v1.3/fdh.shp" }, "geometry": { "type": "Point", "coordinates": [ 428286.841992923815269, 5092233.736352047882974 ] } },
{ "type": "Feature", "properties": { "ID": "FDH101001", "Size": "144", "Owner": "Rock Networks", "NoOfRes": "66", "NoOfBus": "3", "NoOfResPro": "5", "UsedPorts": "116", "FreePorts": "28", "Location": "2389 HWY540", "Struct_ID": "BELL-P1000023_P682/NO#", "Status": "Test", "Placement": "Outdoor", "CabinetSz": "640*506*470mm", "NoOfSpltt": "5", "Spltt_ID's": "SP1000005,SP1000006,SP1000007,SP1000008,SP1000009", "Permit_ID": "BELL-P1000023", "Lot_No": null, "FSA_No": "Northeastern Manitoulin and the Islands FSA25", "OLT_ID": "101", "Subdiv": "1", "PermApplOn": null, "PermApprOn": null, "Contractor": "Test", "DtAsgCnstr": "Test", "DtInstald": "Test", "SKU": "FDH144-SCAPC-132-30M", "spltt_ids": null, "layer": "fdh", "path": "/Users/sandeepreddypailla/Downloads/Merge July 17th/PomeGran_Rock _SD1_OLT1_LittleCurret_HLD_v1.3/PomeGran_Rock_LittleCurret-OLT1_HLD_v1.3/fdh.shp" }, "geometry": { "type": "Point", "coordinates": [ 418611.08566172933206, 5089144.944820326752961 ] } },
{ "type": "Feature", "properties": { "ID": "FDH101012", "Size": "288", "Owner": "Rock Networks", "NoOfRes": "137", "NoOfBus": "2", "NoOfResPro": "10", "UsedPorts": "198", "FreePorts": "90", "Location": "469 N CHANNEL DR", "Struct_ID": "P132/CRZKGA", "Status": "Proposed", "Placement": "Outdoor", "CabinetSz": "1050*506*470mm", "NoOfSpltt": "9", "Spltt_ID's": "SP1000024,SP1000025,SP1000026,SP1000027,SP1000028,SP1000029,SP1000030,SP1000031,SP1000032", "Permit_ID": "HYDRO1-P1000082", "Lot_No": null, "FSA_No": "Northeastern Manitoulin and the Islands FSA25", "OLT_ID": "101", "Subdiv": "1", "PermApplOn": null, "PermApprOn": null, "Contractor": null, "DtAsgCnstr": null, "DtInstald": null, "SKU": "FDH288-SCAPC-132-30M", "spltt_ids": null, "layer": "fdh", "path": "/Users/sandeepreddypailla/Downloads/Merge July 17th/PomeGran_Rock _SD1_OLT1_LittleCurret_HLD_v1.3/PomeGran_Rock_LittleCurret-OLT1_HLD_v1.3/fdh.shp" }, "geometry": { "type": "Point", "coordinates": [ 424836.917668257141486, 5092178.121831918135285 ] } },
{ "type": "Feature", "properties": { "ID": "FDH101003", "Size": "288", "Owner": "Rock Networks", "NoOfRes": "171", "NoOfBus": "15", "NoOfResPro": "4", "UsedPorts": "246", "FreePorts": "42", "Location": "19 RAINBOW RIDGE RD", "Struct_ID": "P90/BBXKPG", "Status": "Proposed", "Placement": "Outdoor", "CabinetSz": "1050*506*470mm", "NoOfSpltt": "9", "Spltt_ID's": "SP1000078,SP1000079,SP1000080,SP1000081,SP1000082,SP1000083,SP1000084,SP1000085,SP1000086", "Permit_ID": "HYDRO1-P1000002", "Lot_No": null, "FSA_No": "Whitefish River (Part) 4 FSA41", "OLT_ID": "101", "Subdiv": "1", "PermApplOn": null, "PermApprOn": null, "Contractor": null, "DtAsgCnstr": null, "DtInstald": null, "SKU": "FDH288-SCAPC-132-30M", "spltt_ids": null, "layer": "fdh", "path": "/Users/sandeepreddypailla/Downloads/Merge July 17th/PomeGran_Rock _SD1_OLT1_LittleCurret_HLD_v1.3/PomeGran_Rock_LittleCurret-OLT1_HLD_v1.3/fdh.shp" }, "geometry": { "type": "Point", "coordinates": [ 440148.067656133091077, 5101691.697401829995215 ] } },
{ "type": "Feature", "properties": { "ID": "FDH101016", "Size": "288", "Owner": "Rock Networks", "NoOfRes": "111", "NoOfBus": "15", "NoOfResPro": "6", "UsedPorts": "198", "FreePorts": "90", "Location": "6514 MANITOWANING RD", "Struct_ID": "P117/BBYETF", "Status": "Proposed", "Placement": "Outdoor", "CabinetSz": "1050*506*470mm", "NoOfSpltt": "9", "Spltt_ID's": "SP1000069,SP1000070,SP1000071,SP1000072,SP1000073,SP1000074,SP1000075,SP1000076,SP1000077", "Permit_ID": "HYDRO1-P1000002", "Lot_No": null, "FSA_No": "Whitefish River (Part) 4 FSA41", "OLT_ID": "101", "Subdiv": "1", "PermApplOn": null, "PermApprOn": null, "Contractor": null, "DtAsgCnstr": null, "DtInstald": null, "SKU": "FDH288-SCAPC-132-30M", "spltt_ids": null, "layer": "fdh", "path": "/Users/sandeepreddypailla/Downloads/Merge July 17th/PomeGran_Rock _SD1_OLT1_LittleCurret_HLD_v1.3/PomeGran_Rock_LittleCurret-OLT1_HLD_v1.3/fdh.shp" }, "geometry": { "type": "Point", "coordinates": [ 440436.13377801066963, 5100963.754168641753495 ] } },
{ "type": "Feature", "properties": { "ID": "FDH101004", "Size": "288", "Owner": "Rock Networks", "NoOfRes": "173", "NoOfBus": "4", "NoOfResPro": "3", "UsedPorts": "254", "FreePorts": "34", "Location": "2008 BAY ESTATES RD S", "Struct_ID": "P278/CGWCWR", "Status": "Proposed", "Placement": "Outdoor", "CabinetSz": "1050*506*470mm", "NoOfSpltt": "9", "Spltt_ID's": "SP1000113,SP1000114,SP1000115,SP1000116,SP1000117,SP1000118,SP1000119,SP1000120,SP1000121", "Permit_ID": "HYDRO1-P1000093", "Lot_No": null, "FSA_No": "Northeastern Manitoulin and the Islands FSA25", "OLT_ID": "101", "Subdiv": "1", "PermApplOn": null, "PermApprOn": null, "Contractor": null, "DtAsgCnstr": null, "DtInstald": null, "SKU": "FDH288-SCAPC-132-30M", "spltt_ids": null, "layer": "fdh", "path": "/Users/sandeepreddypailla/Downloads/Merge July 17th/PomeGran_Rock _SD1_OLT1_LittleCurret_HLD_v1.3/PomeGran_Rock_LittleCurret-OLT1_HLD_v1.3/fdh.shp" }, "geometry": { "type": "Point", "coordinates": [ 436603.362195389170665, 5078807.85661839786917 ] } },
{ "type": "Feature", "properties": { "ID": "FDH101005", "Size": "288", "Owner": "Rock Networks", "NoOfRes": "114", "NoOfBus": "40", "NoOfResPro": "18", "UsedPorts": "252", "FreePorts": "36", "Location": "11146 MANITOWANING RD", "Struct_ID": "P1235/CGGHYZ", "Status": "Proposed", "Placement": "Outdoor", "CabinetSz": "1050*506*470mm", "NoOfSpltt": "9", "Spltt_ID's": "SP1000104,SP1000105,SP1000106,SP1000107,SP1000108,SP1000109,SP1000110,SP1000111,SP1000112", "Permit_ID": "BELL-P1000015", "Lot_No": null, "FSA_No": "Sheguiandah 24 FSA30", "OLT_ID": "101", "Subdiv": "1", "PermApplOn": null, "PermApprOn": null, "Contractor": null, "DtAsgCnstr": null, "DtInstald": null, "SKU": "FDH288-SCAPC-132-30M", "spltt_ids": null, "layer": "fdh", "path": "/Users/sandeepreddypailla/Downloads/Merge July 17th/PomeGran_Rock _SD1_OLT1_LittleCurret_HLD_v1.3/PomeGran_Rock_LittleCurret-OLT1_HLD_v1.3/fdh.shp" }, "geometry": { "type": "Point", "coordinates": [ 428989.307264002447482, 5081391.867635628208518 ] } },
{ "type": "Feature", "properties": { "ID": "FDH101010", "Size": "288", "Owner": "Rock Networks", "NoOfRes": "126", "NoOfBus": "18", "NoOfResPro": "9", "UsedPorts": "214", "FreePorts": "74", "Location": "6 TOWNLINE ROAD", "Struct_ID": "P1214/CGGJ4E", "Status": "Proposed", "Placement": "Outdoor", "CabinetSz": "1050*506*470mm", "NoOfSpltt": "9", "Spltt_ID's": "SP1000095,SP1000096,SP1000097,SP1000098,SP1000099,SP1000100,SP1000101,SP1000102,SP1000103", "Permit_ID": "BELL-P1000337", "Lot_No": null, "FSA_No": "Northeastern Manitoulin and the Islands FSA25", "OLT_ID": "101", "Subdiv": "1", "PermApplOn": null, "PermApprOn": null, "Contractor": null, "DtAsgCnstr": null, "DtInstald": null, "SKU": "FDH288-SCAPC-132-30M", "spltt_ids": null, "layer": "fdh", "path": "/Users/sandeepreddypailla/Downloads/Merge July 17th/PomeGran_Rock _SD1_OLT1_LittleCurret_HLD_v1.3/PomeGran_Rock_LittleCurret-OLT1_HLD_v1.3/fdh.shp" }, "geometry": { "type": "Point", "coordinates": [ 428232.434114894480444, 5082998.465077124536037 ] } },
{ "type": "Feature", "properties": { "ID": "FDH101011", "Size": "288", "Owner": "Rock Networks", "NoOfRes": "198", "NoOfBus": "5", "NoOfResPro": "0", "UsedPorts": "254", "FreePorts": "34", "Location": "7 BLAKE ST W", "Struct_ID": "P286/BBYVKC", "Status": "Proposed", "Placement": "Outdoor", "CabinetSz": "1050*506*470mm", "NoOfSpltt": "9", "Spltt_ID's": "SP1000051,SP1000052,SP1000053,SP1000054,SP1000055,SP1000056,SP1000057,SP1000058,SP1000059", "Permit_ID": "HYDRO1-P1000285", "Lot_No": null, "FSA_No": "Northeastern Manitoulin and the Islands FSA25", "OLT_ID": "101", "Subdiv": "1", "PermApplOn": null, "PermApprOn": null, "Contractor": null, "DtAsgCnstr": null, "DtInstald": null, "SKU": "FDH288-SCAPC-132-30M", "spltt_ids": null, "layer": "fdh", "path": "/Users/sandeepreddypailla/Downloads/Merge July 17th/PomeGran_Rock _SD1_OLT1_LittleCurret_HLD_v1.3/PomeGran_Rock_LittleCurret-OLT1_HLD_v1.3/fdh.shp" }, "geometry": { "type": "Point", "coordinates": [ 427965.914153497142252, 5091954.876559638418257 ] } },
{ "type": "Feature", "properties": { "ID": "FDH101002", "Size": "288", "Owner": "Rock Networks", "NoOfRes": "176", "NoOfBus": "13", "NoOfResPro": "4", "UsedPorts": "264", "FreePorts": "24", "Location": "10-3 HILL ST", "Struct_ID": "BELL-P1000019_P577/NO#", "Status": "Proposed", "Placement": "Outdoor", "CabinetSz": "1050*506*470mm", "NoOfSpltt": "9", "Spltt_ID's": "SP1000010,SP1000011,SP1000012,SP1000013,SP1000014,SP1000015,SP1000016,SP1000017,SP1000018", "Permit_ID": "BELL-P1000019", "Lot_No": null, "FSA_No": "AUNDECK-OMNI-KANING_SUCKER CREEK 23 FSA2", "OLT_ID": "101", "Subdiv": "1", "PermApplOn": null, "PermApprOn": null, "Contractor": null, "DtAsgCnstr": null, "DtInstald": null, "SKU": "FDH288-SCAPC-132-30M", "spltt_ids": null, "layer": "fdh", "path": "/Users/sandeepreddypailla/Downloads/Merge July 17th/PomeGran_Rock _SD1_OLT1_LittleCurret_HLD_v1.3/PomeGran_Rock_LittleCurret-OLT1_HLD_v1.3/fdh.shp" }, "geometry": { "type": "Point", "coordinates": [ 422920.928210949932691, 5090122.702915505506098 ] } },
{ "type": "Feature", "properties": { "ID": "FDH101014", "Size": "288", "Owner": "Rock Networks", "NoOfRes": "124", "NoOfBus": "41", "NoOfResPro": "0", "UsedPorts": "212", "FreePorts": "76", "Location": "89 MANITOWANING RD", "Struct_ID": "P996/CLS5VG", "Status": "Proposed", "Placement": "Outdoor", "CabinetSz": "1050*506*470mm", "NoOfSpltt": "9", "Spltt_ID's": "SP1000060,SP1000061,SP1000062,SP1000063,SP1000064,SP1000065,SP1000066,SP1000067,SP1000068", "Permit_ID": "HYDRO1-P1000006", "Lot_No": null, "FSA_No": "Northeastern Manitoulin and the Islands FSA25", "OLT_ID": "101", "Subdiv": "1", "PermApplOn": null, "PermApprOn": null, "Contractor": null, "DtAsgCnstr": null, "DtInstald": null, "SKU": "FDH288-SCAPC-132-30M", "spltt_ids": null, "layer": "fdh", "path": "/Users/sandeepreddypailla/Downloads/Merge July 17th/PomeGran_Rock _SD1_OLT1_LittleCurret_HLD_v1.3/PomeGran_Rock_LittleCurret-OLT1_HLD_v1.3/fdh.shp" }, "geometry": { "type": "Point", "coordinates": [ 428590.965456199075561, 5091339.812479632906616 ] } },
{ "type": "Feature", "properties": { "ID": "FDH101008", "Size": "144", "Owner": "Rock Networks", "NoOfRes": "65", "NoOfBus": "6", "NoOfResPro": "0", "UsedPorts": "108", "FreePorts": "36", "Location": "243 HWY540", "Struct_ID": "P426/C4XW5W", "Status": "Test", "Placement": "Outdoor", "CabinetSz": "640*506*470mm", "NoOfSpltt": "5", "Spltt_ID's": "SP1000019,SP1000020,SP1000021,SP1000022,SP1000023", "Permit_ID": "HYDRO1-P1000216", "Lot_No": null, "FSA_No": "Northeastern Manitoulin and the Islands FSA25", "OLT_ID": "101", "Subdiv": "1", "PermApplOn": null, "PermApprOn": null, "Contractor": "Test", "DtAsgCnstr": "Test", "DtInstald": "Test", "SKU": "FDH144-SCAPC-132-30M", "spltt_ids": null, "layer": "fdh", "path": "/Users/sandeepreddypailla/Downloads/Merge July 17th/PomeGran_Rock _SD1_OLT1_LittleCurret_HLD_v1.3/PomeGran_Rock_LittleCurret-OLT1_HLD_v1.3/fdh.shp" }, "geometry": { "type": "Point", "coordinates": [ 427574.135205633589067, 5091261.909067945554852 ] } },
{ "type": "Feature", "properties": { "ID": "FDH101009", "Size": "288", "Owner": "Rock Networks", "NoOfRes": "190", "NoOfBus": "17", "NoOfResPro": "1", "UsedPorts": "250", "FreePorts": "38", "Location": "19 HAYWARD ST", "Struct_ID": "P129/BBYXMU", "Status": "Proposed", "Placement": "Outdoor", "CabinetSz": "1050*506*470mm", "NoOfSpltt": "9", "Spltt_ID's": "SP1000033,SP1000034,SP1000035,SP1000036,SP1000037,SP1000038,SP1000039,SP1000040,SP1000041", "Permit_ID": "HYDRO1-P1000047", "Lot_No": null, "FSA_No": "Northeastern Manitoulin and the Islands FSA25", "OLT_ID": "101", "Subdiv": "1", "PermApplOn": null, "PermApprOn": null, "Contractor": null, "DtAsgCnstr": null, "DtInstald": null, "SKU": "FDH288-SCAPC-132-30M", "spltt_ids": null, "layer": "fdh", "path": "/Users/sandeepreddypailla/Downloads/Merge July 17th/PomeGran_Rock _SD1_OLT1_LittleCurret_HLD_v1.3/PomeGran_Rock_LittleCurret-OLT1_HLD_v1.3/fdh.shp" }, "geometry": { "type": "Point", "coordinates": [ 427714.612669757858384, 5092411.450306969694793 ] } },
{ "type": "Feature", "properties": { "ID": "FDH102001", "Size": "144", "Owner": "Rock Networks", "NoOfRes": "77", "NoOfBus": "3", "NoOfResPro": "9", "UsedPorts": "122", "FreePorts": "22", "Location": "JN OF CLOVER VALLEY RD & CLOVER VALLEY RD W", "Struct_ID": "P271/ANBNSQ", "Status": "Test", "Placement": "Outdoor", "CabinetSz": "640X506X470", "NoOfSpltt": "5X32", "Spltt_ID's": "SP1000223,SP1000224,SP1000225,SP1000226,SP1000227", "Permit_ID": "HYDRO1-P1000137", "Lot_No": null, "FSA_No": "ASSIGINACK FSA1", "OLT_ID": "102", "Subdiv": "1", "PermApplOn": null, "PermApprOn": null, "Contractor": "Test", "DtAsgCnstr": "Test", "DtInstald": "Test", "SKU": "FDH144-SCAPC-132-30M", "spltt_ids": null, "layer": "fdh", "path": "/Users/sandeepreddypailla/Downloads/Merge July 17th/PomeGran_Rock _SD1_OLT2-Assiginack_HLD_v1.3/PomeGran_Rock _SD1_OLT2-Assiginack_HLD_v1.3/fdh.shp" }, "geometry": { "type": "Point", "coordinates": [ 437221.146272111509461, 5060423.671791187487543 ] } },
{ "type": "Feature", "properties": { "ID": "FDH102002", "Size": "288", "Owner": "Rock Networks", "NoOfRes": "115", "NoOfBus": "14", "NoOfResPro": "12", "UsedPorts": "248", "FreePorts": "40", "Location": "SW OF 17328 HIGHWAY 6", "Struct_ID": "P276/AN6DDV", "Status": "Proposed", "Placement": "Outdoor", "CabinetSz": "1050X506X470", "NoOfSpltt": "9X32", "Spltt_ID's": "SP1000303,SP1000304,SP1000305,SP1000306,SP1000307,SP1000308,SP1000309,SP1000310,SP1000311", "Permit_ID": "HYDRO1-P1000107", "Lot_No": null, "FSA_No": "ASSIGINACK FSA1", "OLT_ID": "102", "Subdiv": "1", "PermApplOn": null, "PermApprOn": null, "Contractor": null, "DtAsgCnstr": null, "DtInstald": null, "SKU": "FDH288-SCAPC-132-30M", "spltt_ids": null, "layer": "fdh", "path": "/Users/sandeepreddypailla/Downloads/Merge July 17th/PomeGran_Rock _SD1_OLT2-Assiginack_HLD_v1.3/PomeGran_Rock _SD1_OLT2-Assiginack_HLD_v1.3/fdh.shp" }, "geometry": { "type": "Point", "coordinates": [ 431448.876609938393813, 5058543.578165031969547 ] } },
{ "type": "Feature", "properties": { "ID": "FDH102003", "Size": "288", "Owner": "Rock Networks", "NoOfRes": "154", "NoOfBus": "15", "NoOfResPro": "1", "UsedPorts": "260", "FreePorts": "28", "Location": "2455 KABONI RD", "Struct_ID": "P140/BBT8AZ", "Status": "Proposed", "Placement": "Outdoor", "CabinetSz": "1050X506X470", "NoOfSpltt": "9X32", "Spltt_ID's": "SP1000312,SP1000313,SP1000314,SP1000315,SP1000316,SP1000317,SP1000318,SP1000319,SP1000320", "Permit_ID": "HYDRO1-P1000116", "Lot_No": null, "FSA_No": "WIKWEMIKONG UNCEDED First Nation FSA42", "OLT_ID": "102", "Subdiv": "1", "PermApplOn": null, "PermApprOn": null, "Contractor": null, "DtAsgCnstr": null, "DtInstald": null, "SKU": "FDH288-SCAPC-132-30M", "spltt_ids": null, "layer": "fdh", "path": "/Users/sandeepreddypailla/Downloads/Merge July 17th/PomeGran_Rock _SD1_OLT2-Assiginack_HLD_v1.3/PomeGran_Rock _SD1_OLT2-Assiginack_HLD_v1.3/fdh.shp" }, "geometry": { "type": "Point", "coordinates": [ 442773.100689244398382, 5062174.014934891834855 ] } },
{ "type": "Feature", "properties": { "ID": "FDH102004", "Size": "144", "Owner": "Rock Networks", "NoOfRes": "83", "NoOfBus": "2", "NoOfResPro": "2", "UsedPorts": "130", "FreePorts": "14", "Location": "1208 KABONI RD", "Struct_ID": "P219/BBT5UJ", "Status": "Test", "Placement": "Outdoor", "CabinetSz": "640X506X470", "NoOfSpltt": "5X32", "Spltt_ID's": "SP1000238,SP1000239,SP1000240,SP1000241,SP1000242", "Permit_ID": "HYDRO1-P1000120", "Lot_No": null, "FSA_No": "WIKWEMIKONG UNCEDED First Nation FSA42", "OLT_ID": "102", "Subdiv": "1", "PermApplOn": null, "PermApprOn": null, "Contractor": "Test", "DtAsgCnstr": "Test", "DtInstald": "Test", "SKU": "FDH144-SCAPC-132-30M", "spltt_ids": null, "layer": "fdh", "path": "/Users/sandeepreddypailla/Downloads/Merge July 17th/PomeGran_Rock _SD1_OLT2-Assiginack_HLD_v1.3/PomeGran_Rock _SD1_OLT2-Assiginack_HLD_v1.3/fdh.shp" }, "geometry": { "type": "Point", "coordinates": [ 444778.533025922777597, 5063293.26369799207896 ] } },
{ "type": "Feature", "properties": { "ID": "FDH102005", "Size": "144", "Owner": "Rock Networks", "NoOfRes": "67", "NoOfBus": "9", "NoOfResPro": "3", "UsedPorts": "122", "FreePorts": "22", "Location": "JN OF LAKESHORE RD & WIKWEMIKONG WAY", "Struct_ID": "P504/C55UMF", "Status": "Test", "Placement": "Outdoor", "CabinetSz": "640X506X470", "NoOfSpltt": "5X32", "Spltt_ID's": "SP1000248,SP1000249,SP1000250,SP1000251,SP1000252", "Permit_ID": "HYDRO1-P1000158", "Lot_No": null, "FSA_No": "WIKWEMIKONG UNCEDED First Nation FSA42", "OLT_ID": "102", "Subdiv": "1", "PermApplOn": null, "PermApprOn": null, "Contractor": "Test", "DtAsgCnstr": "Test", "DtInstald": "Test", "SKU": "FDH144-SCAPC-132-30M", "spltt_ids": null, "layer": "fdh", "path": "/Users/sandeepreddypailla/Downloads/Merge July 17th/PomeGran_Rock _SD1_OLT2-Assiginack_HLD_v1.3/PomeGran_Rock _SD1_OLT2-Assiginack_HLD_v1.3/fdh.shp" }, "geometry": { "type": "Point", "coordinates": [ 441978.209245834266767, 5069990.868301482871175 ] } },
{ "type": "Feature", "properties": { "ID": "FDH102006", "Size": "288", "Owner": "Rock Networks", "NoOfRes": "192", "NoOfBus": "16", "NoOfResPro": "2", "UsedPorts": "262", "FreePorts": "26", "Location": "JN OF HILLS TRAIL & WIKWEMIKONG WAY", "Struct_ID": "P268/BBSEYM", "Status": "Proposed", "Placement": "Outdoor", "CabinetSz": "1050X506X470", "NoOfSpltt": "9X32", "Spltt_ID's": "SP1000285,SP1000286,SP1000287,SP1000288,SP1000289,SP1000290,SP1000291,SP1000292,SP1000293", "Permit_ID": "HYDRO1-P1000162", "Lot_No": null, "FSA_No": "WIKWEMIKONG UNCEDED First Nation FSA42", "OLT_ID": "102", "Subdiv": "1", "PermApplOn": null, "PermApprOn": null, "Contractor": null, "DtAsgCnstr": null, "DtInstald": null, "SKU": "FDH288-SCAPC-132-30M", "spltt_ids": null, "layer": "fdh", "path": "/Users/sandeepreddypailla/Downloads/Merge July 17th/PomeGran_Rock _SD1_OLT2-Assiginack_HLD_v1.3/PomeGran_Rock _SD1_OLT2-Assiginack_HLD_v1.3/fdh.shp" }, "geometry": { "type": "Point", "coordinates": [ 443225.294413233874366, 5071724.279794899746776 ] } },
{ "type": "Feature", "properties": { "ID": "FDH102007", "Size": "72", "Owner": "Rock Networks", "NoOfRes": "33", "NoOfBus": "9", "NoOfResPro": null, "UsedPorts": "56", "FreePorts": "16", "Location": "JN OF KABONI RD & WIKWEMIKONG WAY", "Struct_ID": "P37/BBXV6Y", "Status": "Proposed", "Placement": "Outdoor", "CabinetSz": "630X470X416", "NoOfSpltt": "3X32", "Spltt_ID's": "SP1000210,SP1000211,SP1000212", "Permit_ID": "HYDRO1-P1000132", "Lot_No": null, "FSA_No": "WIKWEMIKONG UNCEDED First Nation FSA42", "OLT_ID": "102", "Subdiv": "1", "PermApplOn": null, "PermApprOn": null, "Contractor": null, "DtAsgCnstr": null, "DtInstald": null, "SKU": "FDH72-SCAPC-132-30M", "spltt_ids": null, "layer": "fdh", "path": "/Users/sandeepreddypailla/Downloads/Merge July 17th/PomeGran_Rock _SD1_OLT2-Assiginack_HLD_v1.3/PomeGran_Rock _SD1_OLT2-Assiginack_HLD_v1.3/fdh.shp" }, "geometry": { "type": "Point", "coordinates": [ 443947.811761845892761, 5072468.030939415097237 ] } },
{ "type": "Feature", "properties": { "ID": "FDH102008", "Size": "288", "Owner": "Rock Networks", "NoOfRes": "175", "NoOfBus": "10", "NoOfResPro": "1", "UsedPorts": "256", "FreePorts": "32", "Location": "JN OF BAYVIEW HEIGHTS EAST & RABBIT ISLAND RD", "Struct_ID": "P156/BBXPNQ", "Status": "Proposed", "Placement": "Outdoor", "CabinetSz": "1050X506X470", "NoOfSpltt": "9X32", "Spltt_ID's": "SP1000267,SP1000268,SP1000269,SP1000270,SP1000271,SP1000272,SP1000273,SP1000274,SP1000275", "Permit_ID": "HYDRO1-P1000536", "Lot_No": null, "FSA_No": "WIKWEMIKONG UNCEDED First Nation FSA42", "OLT_ID": "102", "Subdiv": "1", "PermApplOn": null, "PermApprOn": null, "Contractor": null, "DtAsgCnstr": null, "DtInstald": null, "SKU": "FDH288-SCAPC-132-30M", "spltt_ids": null, "layer": "fdh", "path": "/Users/sandeepreddypailla/Downloads/Merge July 17th/PomeGran_Rock _SD1_OLT2-Assiginack_HLD_v1.3/PomeGran_Rock _SD1_OLT2-Assiginack_HLD_v1.3/fdh.shp" }, "geometry": { "type": "Point", "coordinates": [ 445065.991065142850857, 5073330.055094173178077 ] } },
{ "type": "Feature", "properties": { "ID": "FDH102009", "Size": "144", "Owner": "Rock Networks", "NoOfRes": "71", "NoOfBus": "1", "NoOfResPro": "2", "UsedPorts": "118", "FreePorts": "26", "Location": "OPP OF 441 KABONI RD", "Struct_ID": "P322/BBSX4H", "Status": "Proposed", "Placement": "Outdoor", "CabinetSz": "640X506X470", "NoOfSpltt": "5X32", "Spltt_ID's": "SP1000243,SP1000244,SP1000245,SP1000246,SP1000247", "Permit_ID": "HYDRO1-P1000109", "Lot_No": null, "FSA_No": "WIKWEMIKONG UNCEDED First Nation FSA42", "OLT_ID": "102", "Subdiv": "1", "PermApplOn": null, "PermApprOn": null, "Contractor": null, "DtAsgCnstr": null, "DtInstald": null, "SKU": "FDH144-SCAPC-132-30M", "spltt_ids": null, "layer": "fdh", "path": "/Users/sandeepreddypailla/Downloads/Merge July 17th/PomeGran_Rock _SD1_OLT2-Assiginack_HLD_v1.3/PomeGran_Rock _SD1_OLT2-Assiginack_HLD_v1.3/fdh.shp" }, "geometry": { "type": "Point", "coordinates": [ 444310.471158225613181, 5068729.007157517597079 ] } },
{ "type": "Feature", "properties": { "ID": "FDH102010", "Size": "144", "Owner": "Rock Networks", "NoOfRes": "75", "NoOfBus": "9", "NoOfResPro": "14", "UsedPorts": "130", "FreePorts": "14", "Location": "SW OFF 1014 RABBIT ISLAND RD", "Struct_ID": "P348/BCXHLC", "Status": "Proposed", "Placement": "Outdoor", "CabinetSz": "640X506X470", "NoOfSpltt": "5X32", "Spltt_ID's": "SP1000253,SP1000254,SP1000255,SP1000256,SP1000257", "Permit_ID": "HYDRO1-P1000124", "Lot_No": null, "FSA_No": "WIKWEMIKONG UNCEDED First Nation FSA42", "OLT_ID": "102", "Subdiv": "1", "PermApplOn": null, "PermApprOn": null, "Contractor": null, "DtAsgCnstr": null, "DtInstald": null, "SKU": "FDH144-SCAPC-132-30M", "spltt_ids": null, "layer": "fdh", "path": "/Users/sandeepreddypailla/Downloads/Merge July 17th/PomeGran_Rock _SD1_OLT2-Assiginack_HLD_v1.3/PomeGran_Rock _SD1_OLT2-Assiginack_HLD_v1.3/fdh.shp" }, "geometry": { "type": "Point", "coordinates": [ 445025.316111743974034, 5078336.992677486501634 ] } },
{ "type": "Feature", "properties": { "ID": "FDH102011", "Size": "288", "Owner": "Rock Networks", "NoOfRes": "89", "NoOfBus": "10", "NoOfResPro": "46", "UsedPorts": "238", "FreePorts": "50", "Location": "225 SCOTCH LINE RD", "Struct_ID": "P455/CGVYLV", "Status": "Proposed", "Placement": "Outdoor", "CabinetSz": "1050X506X470", "NoOfSpltt": "9X32", "Spltt_ID's": "SP1000201,SP1000202,SP1000203,SP1000204,SP1000205,SP1000206,SP1000207,SP1000208,SP1000209", "Permit_ID": "HYDRO1-P1000181", "Lot_No": null, "FSA_No": "ASSIGINACK FSA1", "OLT_ID": "102", "Subdiv": "1", "PermApplOn": null, "PermApprOn": null, "Contractor": null, "DtAsgCnstr": null, "DtInstald": null, "SKU": "FDH288-SCAPC-132-30M", "spltt_ids": null, "layer": "fdh", "path": "/Users/sandeepreddypailla/Downloads/Merge July 17th/PomeGran_Rock _SD1_OLT2-Assiginack_HLD_v1.3/PomeGran_Rock _SD1_OLT2-Assiginack_HLD_v1.3/fdh.shp" }, "geometry": { "type": "Point", "coordinates": [ 423584.516467273060698, 5072845.302079439163208 ] } },
{ "type": "Feature", "properties": { "ID": "FDH102012", "Size": "144", "Owner": "Rock Networks", "NoOfRes": "61", "NoOfBus": null, "NoOfResPro": "6", "UsedPorts": "110", "FreePorts": "34", "Location": "JN OF BIDWELL RD & SPINGER BROOK RD", "Struct_ID": "P76/C4YM3B", "Status": "Proposed", "Placement": "Outdoor", "CabinetSz": "640X506X470", "NoOfSpltt": "5X32", "Spltt_ID's": "SP1000218,SP1000219,SP1000220,SP1000221,SP1000222", "Permit_ID": "BELL-P1000057", "Lot_No": null, "FSA_No": "ASSIGINACK FSA1", "OLT_ID": "102", "Subdiv": "1", "PermApplOn": null, "PermApprOn": null, "Contractor": null, "DtAsgCnstr": null, "DtInstald": null, "SKU": "FDH144-SCAPC-132-30M", "spltt_ids": null, "layer": "fdh", "path": "/Users/sandeepreddypailla/Downloads/Merge July 17th/PomeGran_Rock _SD1_OLT2-Assiginack_HLD_v1.3/PomeGran_Rock _SD1_OLT2-Assiginack_HLD_v1.3/fdh.shp" }, "geometry": { "type": "Point", "coordinates": [ 433821.070481250120793, 5068415.273528618738055 ] } },
{ "type": "Feature", "properties": { "ID": "FDH102013", "Size": "144", "Owner": "Rock Networks", "NoOfRes": "64", "NoOfBus": "3", "NoOfResPro": "11", "UsedPorts": "114", "FreePorts": "30", "Location": "SE OF 193 HIGH FALLS ROAD", "Struct_ID": "BELL-P1000056_P25/NO#", "Status": "Proposed", "Placement": "Outdoor", "CabinetSz": "640X506X470", "NoOfSpltt": "5X32", "Spltt_ID's": "SP1000213,SP1000214,SP1000215,SP1000216,SP1000217", "Permit_ID": "BELL-P1000056", "Lot_No": null, "FSA_No": "ASSIGINACK FSA1", "OLT_ID": "102", "Subdiv": "1", "PermApplOn": null, "PermApprOn": null, "Contractor": null, "DtAsgCnstr": null, "DtInstald": null, "SKU": "FDH144-SCAPC-132-30M", "spltt_ids": null, "layer": "fdh", "path": "/Users/sandeepreddypailla/Downloads/Merge July 17th/PomeGran_Rock _SD1_OLT2-Assiginack_HLD_v1.3/PomeGran_Rock _SD1_OLT2-Assiginack_HLD_v1.3/fdh.shp" }, "geometry": { "type": "Point", "coordinates": [ 433765.504781803581864, 5071865.116076055914164 ] } },
{ "type": "Feature", "properties": { "ID": "FDH102014", "Size": "288", "Owner": "Rock Networks", "NoOfRes": "104", "NoOfBus": "49", "NoOfResPro": "10", "UsedPorts": "220", "FreePorts": "68", "Location": "JN OF HIGH FALLS ROAD & SUCKER LAKE RD", "Struct_ID": "BELL-P1000058_P109/NO#", "Status": "Proposed", "Placement": "Outdoor", "CabinetSz": "1050X506X470", "NoOfSpltt": "9X32", "Spltt_ID's": "SP1000294,SP1000295,SP1000296,SP1000297,SP1000298,SP1000299,SP1000300,SP1000301,SP1000302", "Permit_ID": "BELL-P1000058", "Lot_No": null, "FSA_No": "ASSIGINACK FSA1", "OLT_ID": "102", "Subdiv": "1", "PermApplOn": null, "PermApprOn": null, "Contractor": null, "DtAsgCnstr": null, "DtInstald": null, "SKU": "FDH288-SCAPC-132-30M", "spltt_ids": null, "layer": "fdh", "path": "/Users/sandeepreddypailla/Downloads/Merge July 17th/PomeGran_Rock _SD1_OLT2-Assiginack_HLD_v1.3/PomeGran_Rock _SD1_OLT2-Assiginack_HLD_v1.3/fdh.shp" }, "geometry": { "type": "Point", "coordinates": [ 434945.194567031459883, 5066659.292378286831081 ] } },
{ "type": "Feature", "properties": { "ID": "FDH102015", "Size": "144", "Owner": "Rock Networks", "NoOfRes": "75", "NoOfBus": "23", "NoOfResPro": null, "UsedPorts": "124", "FreePorts": "20", "Location": "JN OF ALBERT STREET & WELLINGTON STREET", "Struct_ID": "P402/AVHY9Q", "Status": "Proposed", "Placement": "Outdoor", "CabinetSz": "640X506X470", "NoOfSpltt": "5X32", "Spltt_ID's": "SP1000233,SP1000234,SP1000235,SP1000236,SP1000237", "Permit_ID": "HYDRO1-P1000290", "Lot_No": null, "FSA_No": "ASSIGINACK FSA1", "OLT_ID": "102", "Subdiv": "1", "PermApplOn": null, "PermApprOn": null, "Contractor": null, "DtAsgCnstr": null, "DtInstald": null, "SKU": "FDH144-SCAPC-132-30M", "spltt_ids": null, "layer": "fdh", "path": "/Users/sandeepreddypailla/Downloads/Merge July 17th/PomeGran_Rock _SD1_OLT2-Assiginack_HLD_v1.3/PomeGran_Rock _SD1_OLT2-Assiginack_HLD_v1.3/fdh.shp" }, "geometry": { "type": "Point", "coordinates": [ 437077.514418003149331, 5065904.700597518123686 ] } },
{ "type": "Feature", "properties": { "ID": "FDH102016", "Size": "144", "Owner": "Rock Networks", "NoOfRes": "89", "NoOfBus": "6", "NoOfResPro": null, "UsedPorts": "120", "FreePorts": "24", "Location": "25 ALBERT ST", "Struct_ID": "P366/AVJ2HT", "Status": "Proposed", "Placement": "Outdoor", "CabinetSz": "640X506X470", "NoOfSpltt": "5X32", "Spltt_ID's": "SP1000228,SP1000229,SP1000230,SP1000231,SP1000232", "Permit_ID": "HYDRO1-P1000185", "Lot_No": null, "FSA_No": "ASSIGINACK FSA1", "OLT_ID": "102", "Subdiv": "1", "PermApplOn": null, "PermApprOn": null, "Contractor": null, "DtAsgCnstr": null, "DtInstald": null, "SKU": "FDH144-SCAPC-132-30M", "spltt_ids": null, "layer": "fdh", "path": "/Users/sandeepreddypailla/Downloads/Merge July 17th/PomeGran_Rock _SD1_OLT2-Assiginack_HLD_v1.3/PomeGran_Rock _SD1_OLT2-Assiginack_HLD_v1.3/fdh.shp" }, "geometry": { "type": "Point", "coordinates": [ 436945.265394395217299, 5065671.688235615380108 ] } },
{ "type": "Feature", "properties": { "ID": "FDH102017", "Size": "288", "Owner": "Rock Networks", "NoOfRes": "201", "NoOfBus": "2", "NoOfResPro": null, "UsedPorts": "260", "FreePorts": "28", "Location": "108 ANDREW CRES", "Struct_ID": "P249/BBXRMT", "Status": "Proposed", "Placement": "Outdoor", "CabinetSz": "1050X506X470", "NoOfSpltt": "9X32", "Spltt_ID's": "SP1000258,SP1000259,SP1000260,SP1000261,SP1000262,SP1000263,SP1000264,SP1000265,SP1000266", "Permit_ID": "HYDRO1-P1000127", "Lot_No": null, "FSA_No": "WIKWEMIKONG UNCEDED First Nation FSA42", "OLT_ID": "102", "Subdiv": "1", "PermApplOn": null, "PermApprOn": null, "Contractor": null, "DtAsgCnstr": null, "DtInstald": null, "SKU": "FDH288-SCAPC-132-30M", "spltt_ids": null, "layer": "fdh", "path": "/Users/sandeepreddypailla/Downloads/Merge July 17th/PomeGran_Rock _SD1_OLT2-Assiginack_HLD_v1.3/PomeGran_Rock _SD1_OLT2-Assiginack_HLD_v1.3/fdh.shp" }, "geometry": { "type": "Point", "coordinates": [ 444411.391698644147255, 5073828.867939329706132 ] } },
{ "type": "Feature", "properties": { "ID": "FDH102018", "Size": "288", "Owner": "Rock Networks", "NoOfRes": "105", "NoOfBus": "34", "NoOfResPro": null, "UsedPorts": "174", "FreePorts": "114", "Location": "40 POTTAWATOMI AVE", "Struct_ID": "P349/BBXUWD", "Status": "Proposed", "Placement": "Outdoor", "CabinetSz": "1050X506X470", "NoOfSpltt": "9X32", "Spltt_ID's": "SP1000276,SP1000277,SP1000278,SP1000279,SP1000280,SP1000281,SP1000282,SP1000283,SP1000284", "Permit_ID": "HYDRO1-P1000164", "Lot_No": null, "FSA_No": "WIKWEMIKONG UNCEDED First Nation FSA42", "OLT_ID": "102", "Subdiv": "1", "PermApplOn": null, "PermApprOn": null, "Contractor": null, "DtAsgCnstr": null, "DtInstald": null, "SKU": "FDH288-SCAPC-132-30M", "spltt_ids": null, "layer": "fdh", "path": "/Users/sandeepreddypailla/Downloads/Merge July 17th/PomeGran_Rock _SD1_OLT2-Assiginack_HLD_v1.3/PomeGran_Rock _SD1_OLT2-Assiginack_HLD_v1.3/fdh.shp" }, "geometry": { "type": "Point", "coordinates": [ 443537.97900387464324, 5071530.609717984683812 ] } },
{ "type": "Feature", "properties": { "ID": "FDH105001", "Size": "288", "Owner": "Rock Networks", "NoOfRes": "157", "NoOfBus": "9", "NoOfResPro": "1", "UsedPorts": "240", "FreePorts": "48", "Location": "JN OF HALL ST & GORE ST", "Struct_ID": "P237/BBS73A", "Status": "Proposed", "Placement": "Outdoor", "CabinetSz": "1050*506*470mm", "NoOfSpltt": "9", "Spltt_ID's": "SP1000691,SP1000692,SP1000693,SP1000694,SP1000695,SP1000696,SP1000697,SP1000698,SP1000699", "Permit_ID": "BELL-P1000037", "Lot_No": null, "FSA_No": "GORE BAY FSA15", "OLT_ID": "105", "Subdiv": "1", "PermApplOn": null, "PermApprOn": null, "Contractor": null, "DtAsgCnstr": null, "DtInstald": null, "SKU": "FDH288-SCAPC-132-30M", "spltt_ids": null, "layer": "fdh", "path": "/Users/sandeepreddypailla/Downloads/Merge July 17th/PomeGran_Rock _SD1_OLT5_Gore Bay_HLD_v1.4/PomeGran_Rock _SD1_OLT5_Gore Bay_HLD_v1.4/fdh.shp" }, "geometry": { "type": "Point", "coordinates": [ 386794.052464591397438, 5085243.71529642213136 ] } },
{ "type": "Feature", "properties": { "ID": "FDH105002", "Size": "288", "Owner": "Rock Networks", "NoOfRes": "143", "NoOfBus": "56", "NoOfResPro": "3", "UsedPorts": "260", "FreePorts": "28", "Location": "JN OF BORRON ST &  WATER ST", "Struct_ID": "P1426/APT67U", "Status": "Proposed", "Placement": "Outdoor", "CabinetSz": "1050*506*470mm", "NoOfSpltt": "9", "Spltt_ID's": "SP1000673,SP1000674,SP1000675,SP1000676,SP1000677,SP1000678,SP1000679,SP1000680,SP1000681", "Permit_ID": "BELL-P1000275", "Lot_No": null, "FSA_No": "GORE BAY FSA15", "OLT_ID": "105", "Subdiv": "1", "PermApplOn": null, "PermApprOn": null, "Contractor": null, "DtAsgCnstr": null, "DtInstald": null, "SKU": "FDH288-SCAPC-132-30M", "spltt_ids": null, "layer": "fdh", "path": "/Users/sandeepreddypailla/Downloads/Merge July 17th/PomeGran_Rock _SD1_OLT5_Gore Bay_HLD_v1.4/PomeGran_Rock _SD1_OLT5_Gore Bay_HLD_v1.4/fdh.shp" }, "geometry": { "type": "Point", "coordinates": [ 386559.813294535211753, 5086242.774133606813848 ] } },
{ "type": "Feature", "properties": { "ID": "FDH105003", "Size": "288", "Owner": "Rock Networks", "NoOfRes": "154", "NoOfBus": "19", "NoOfResPro": "0", "UsedPorts": "226", "FreePorts": "62", "Location": "JN OF WALKER RD & ARMSTRONG RD", "Struct_ID": "P265/APT4FJ", "Status": "Proposed", "Placement": "Outdoor", "CabinetSz": "1050*506*470mm", "NoOfSpltt": "9", "Spltt_ID's": "SP1000682,SP1000683,SP1000684,SP1000685,SP1000686,SP1000687,SP1000688,SP1000689,SP1000690", "Permit_ID": "BELL-P1000074", "Lot_No": null, "FSA_No": "GORE BAY FSA15", "OLT_ID": "105", "Subdiv": "1", "PermApplOn": null, "PermApprOn": null, "Contractor": null, "DtAsgCnstr": null, "DtInstald": null, "SKU": "FDH288-SCAPC-132-30M", "spltt_ids": null, "layer": "fdh", "path": "/Users/sandeepreddypailla/Downloads/Merge July 17th/PomeGran_Rock _SD1_OLT5_Gore Bay_HLD_v1.4/PomeGran_Rock _SD1_OLT5_Gore Bay_HLD_v1.4/fdh.shp" }, "geometry": { "type": "Point", "coordinates": [ 385914.196864179626573, 5085635.074633211828768 ] } },
{ "type": "Feature", "properties": { "ID": "FDH105004", "Size": "288", "Owner": "Rock Networks", "NoOfRes": "155", "NoOfBus": "7", "NoOfResPro": "8", "UsedPorts": "244", "FreePorts": "44", "Location": "NW OF 14110 HIGHWAY 542", "Struct_ID": "P158/C4Z6MQ", "Status": "Proposed", "Placement": "Outdoor", "CabinetSz": "1050*506*470mm", "NoOfSpltt": "9", "Spltt_ID's": "SP1000700,SP1000701,SP1000702,SP1000703,SP1000704,SP1000705,SP1000706,SP1000707,SP1000708", "Permit_ID": "BELL-P1000087", "Lot_No": null, "FSA_No": "GORDON FSA14", "OLT_ID": "105", "Subdiv": "1", "PermApplOn": null, "PermApprOn": null, "Contractor": null, "DtAsgCnstr": null, "DtInstald": null, "SKU": "FDH288-SCAPC-132-30M", "spltt_ids": null, "layer": "fdh", "path": "/Users/sandeepreddypailla/Downloads/Merge July 17th/PomeGran_Rock _SD1_OLT5_Gore Bay_HLD_v1.4/PomeGran_Rock _SD1_OLT5_Gore Bay_HLD_v1.4/fdh.shp" }, "geometry": { "type": "Point", "coordinates": [ 388294.463830804743338, 5081020.016694497317076 ] } },
{ "type": "Feature", "properties": { "ID": "FDH105005", "Size": "288", "Owner": "Rock Networks", "NoOfRes": "120", "NoOfBus": "18", "NoOfResPro": "0", "UsedPorts": "236", "FreePorts": "52", "Location": "408A NELSON RD", "Struct_ID": "P1577/C4FHCE", "Status": "Proposed", "Placement": "Outdoor", "CabinetSz": "1050*506*470mm", "NoOfSpltt": "9", "Spltt_ID's": "SP1000709,SP1000710,SP1000711,SP1000712,SP1000713,SP1000714,SP1000715,SP1000716,SP1000717", "Permit_ID": "BELL-P1000108", "Lot_No": null, "FSA_No": "GORDON FSA14", "OLT_ID": "105", "Subdiv": "1", "PermApplOn": null, "PermApprOn": null, "Contractor": null, "DtAsgCnstr": null, "DtInstald": null, "SKU": "FDH288-SCAPC-132-30M", "spltt_ids": null, "layer": "fdh", "path": "/Users/sandeepreddypailla/Downloads/Merge July 17th/PomeGran_Rock _SD1_OLT5_Gore Bay_HLD_v1.4/PomeGran_Rock _SD1_OLT5_Gore Bay_HLD_v1.4/fdh.shp" }, "geometry": { "type": "Point", "coordinates": [ 394021.408631396479905, 5081426.892405277118087 ] } },
{ "type": "Feature", "properties": { "ID": "FDH105006", "Size": "288", "Owner": "Rock Networks", "NoOfRes": "117", "NoOfBus": "8", "NoOfResPro": "9", "UsedPorts": "210", "FreePorts": "78", "Location": "12188 HIGHWAY-542", "Struct_ID": "P38/BBL85T", "Status": "Proposed", "Placement": "Outdoor", "CabinetSz": "1050*506*470mm", "NoOfSpltt": "9", "Spltt_ID's": "SP1000718,SP1000719,SP1000720,SP1000721,SP1000722,SP1000723,SP1000724,SP1000725,SP1000726", "Permit_ID": "BELL-P1000089", "Lot_No": null, "FSA_No": "CENTRAL MANITOULIN FSA9", "OLT_ID": "105", "Subdiv": "1", "PermApplOn": null, "PermApprOn": null, "Contractor": null, "DtAsgCnstr": null, "DtInstald": null, "SKU": "FDH288-SCAPC-132-30M", "spltt_ids": null, "layer": "fdh", "path": "/Users/sandeepreddypailla/Downloads/Merge July 17th/PomeGran_Rock _SD1_OLT5_Gore Bay_HLD_v1.4/PomeGran_Rock _SD1_OLT5_Gore Bay_HLD_v1.4/fdh.shp" }, "geometry": { "type": "Point", "coordinates": [ 390867.785532190173399, 5073357.036199872381985 ] } },
{ "type": "Feature", "properties": { "ID": "FDH105007", "Size": "288", "Owner": "Rock Networks", "NoOfRes": "84", "NoOfBus": "3", "NoOfResPro": "5", "UsedPorts": "186", "FreePorts": "102", "Location": "JN OF SOUTH LINE RD & 10TH SIDE RD", "Struct_ID": "P416/APP6NT", "Status": "Proposed", "Placement": "Outdoor", "CabinetSz": "1050*506*470mm", "NoOfSpltt": "9", "Spltt_ID's": "SP1000650,SP1000651,SP1000652,SP1000653,SP1000654,SP1000736,SP1000737,SP1000738,SP1000739", "Permit_ID": "BELL-P1000146", "Lot_No": null, "FSA_No": "BARRIE ISLAND FSA4", "OLT_ID": "105", "Subdiv": "1", "PermApplOn": null, "PermApprOn": null, "Contractor": null, "DtAsgCnstr": null, "DtInstald": null, "SKU": "FDH288-SCAPC-132-30M", "spltt_ids": null, "layer": "fdh", "path": "/Users/sandeepreddypailla/Downloads/Merge July 17th/PomeGran_Rock _SD1_OLT5_Gore Bay_HLD_v1.4/PomeGran_Rock _SD1_OLT5_Gore Bay_HLD_v1.4/fdh.shp" }, "geometry": { "type": "Point", "coordinates": [ 373880.303987866383977, 5085174.275488298386335 ] } },
{ "type": "Feature", "properties": { "ID": "FDH105008", "Size": "288", "Owner": "Rock Networks", "NoOfRes": "108", "NoOfBus": "16", "NoOfResPro": "11", "UsedPorts": "252", "FreePorts": "36", "Location": "W OF 13445 HIGHWAY 540", "Struct_ID": "BELL-P1000131_P881/NO#", "Status": "Proposed", "Placement": "Outdoor", "CabinetSz": "1050*506*470mm", "NoOfSpltt": "9", "Spltt_ID's": "SP1000655,SP1000656,SP1000657,SP1000658,SP1000659,SP1000660,SP1000661,SP1000662,SP1000663", "Permit_ID": "BELL-P1000131", "Lot_No": null, "FSA_No": "GORDON FSA14", "OLT_ID": "105", "Subdiv": "1", "PermApplOn": null, "PermApprOn": null, "Contractor": null, "DtAsgCnstr": null, "DtInstald": null, "SKU": "FDH288-SCAPC-132-30M", "spltt_ids": null, "layer": "fdh", "path": "/Users/sandeepreddypailla/Downloads/Merge July 17th/PomeGran_Rock _SD1_OLT5_Gore Bay_HLD_v1.4/PomeGran_Rock _SD1_OLT5_Gore Bay_HLD_v1.4/fdh.shp" }, "geometry": { "type": "Point", "coordinates": [ 380672.168878301396035, 5083646.684213189408183 ] } },
{ "type": "Feature", "properties": { "ID": "FDH105009", "Size": "288", "Owner": "Rock Networks", "NoOfRes": "73", "NoOfBus": "8", "NoOfResPro": "3", "UsedPorts": "188", "FreePorts": "100", "Location": "JN OF 4TH LINE RD E & POPLAR RD", "Struct_ID": "P362/APHCVJ", "Status": "Proposed", "Placement": "Outdoor", "CabinetSz": "1050*506*470mm", "NoOfSpltt": "9", "Spltt_ID's": "SP1000664,SP1000665,SP1000666,SP1000667,SP1000668,SP1000669,SP1000670,SP1000671,SP1000672", "Permit_ID": "HYDRO1-P1000038", "Lot_No": null, "FSA_No": "GORDON FSA14", "OLT_ID": "105", "Subdiv": "1", "PermApplOn": null, "PermApprOn": null, "Contractor": null, "DtAsgCnstr": null, "DtInstald": null, "SKU": "FDH288-SCAPC-132-30M", "spltt_ids": null, "layer": "fdh", "path": "/Users/sandeepreddypailla/Downloads/Merge July 17th/PomeGran_Rock _SD1_OLT5_Gore Bay_HLD_v1.4/PomeGran_Rock _SD1_OLT5_Gore Bay_HLD_v1.4/fdh.shp" }, "geometry": { "type": "Point", "coordinates": [ 385766.751341160736047, 5079543.823317463509738 ] } },
{ "type": "Feature", "properties": { "ID": "FDH105010", "Size": "288", "Owner": "Rock Networks", "NoOfRes": "109", "NoOfBus": "26", "NoOfResPro": "10", "UsedPorts": "226", "FreePorts": "62", "Location": "JN OF HARPER HILL RD & INDIAN POINT RD", "Struct_ID": "P618/B9496Q", "Status": "Proposed", "Placement": "Outdoor", "CabinetSz": "1050*506*470mm", "NoOfSpltt": "9", "Spltt_ID's": "SP1000727,SP1000728,SP1000729,SP1000730,SP1000731,SP1000732,SP1000733,SP1000734,SP1000735", "Permit_ID": "HYDRO1-P1000434", "Lot_No": null, "FSA_No": "BURPEE AND MILLS FSA8", "OLT_ID": "105", "Subdiv": "1", "PermApplOn": null, "PermApprOn": null, "Contractor": null, "DtAsgCnstr": null, "DtInstald": null, "SKU": "FDH288-SCAPC-132-30M", "spltt_ids": null, "layer": "fdh", "path": "/Users/sandeepreddypailla/Downloads/Merge July 17th/PomeGran_Rock _SD1_OLT5_Gore Bay_HLD_v1.4/PomeGran_Rock _SD1_OLT5_Gore Bay_HLD_v1.4/fdh.shp" }, "geometry": { "type": "Point", "coordinates": [ 378790.578090997762047, 5073244.079127111472189 ] } },
{ "type": "Feature", "properties": { "ID": "FDH107002", "Size": "144", "Owner": "Rock Networks", "NoOfRes": "57", "NoOfBus": "2", "NoOfResPro": "8", "UsedPorts": "120", "FreePorts": "24", "Location": "6 MICHAELS BAY RD", "Struct_ID": "P1521/ANCSHK", "Status": "Proposed", "Placement": "Outdoor", "CabinetSz": "640*506*470mm", "NoOfSpltt": "5", "Spltt_ID's": "SP1000822,SP1000823,SP1000824,SP1000826,SP1000827", "Permit_ID": "HYDRO1-P1000552", "Lot_No": null, "FSA_No": "TEHKUMMAH FSA36", "OLT_ID": "107", "Subdiv": "1", "PermApplOn": null, "PermApprOn": null, "Contractor": null, "DtAsgCnstr": null, "DtInstald": null, "SKU": "FDH144-SCAPC-132-30M", "spltt_ids": null, "layer": "fdh", "path": "/Users/sandeepreddypailla/Downloads/Merge July 17th/PomeGran_Rock _SD1_OLT7_Tehkummah_HLD_v1.4/PomeGran_Rock _SD1_OLT7_Tehkummah_HLD/fdh.shp" }, "geometry": { "type": "Point", "coordinates": [ 415170.162543074751738, 5054376.843818832188845 ] } },
{ "type": "Feature", "properties": { "ID": "FDH107001", "Size": "288", "Owner": "Rock Networks", "NoOfRes": "68", "NoOfBus": "33", "NoOfResPro": "13", "UsedPorts": "190", "FreePorts": "98", "Location": "8 HUTCHINSON RD", "Struct_ID": "P111/ANBFYP", "Status": "Proposed", "Placement": "Outdoor", "CabinetSz": "1050*506*470mm", "NoOfSpltt": "9", "Spltt_ID's": "SP1000834,SP1000835,SP1000836,SP1000837,SP1000838,SP1000839,SP1000840,SP1000841,SP1000842", "Permit_ID": "HYDRO1-P1000308", "Lot_No": null, "FSA_No": "CENTRAL MANITOULIN FSA9", "OLT_ID": "107", "Subdiv": "1", "PermApplOn": null, "PermApprOn": null, "Contractor": null, "DtAsgCnstr": null, "DtInstald": null, "SKU": "FDH288-SCAPC-132-30M", "spltt_ids": null, "layer": "fdh", "path": "/Users/sandeepreddypailla/Downloads/Merge July 17th/PomeGran_Rock _SD1_OLT7_Tehkummah_HLD_v1.4/PomeGran_Rock _SD1_OLT7_Tehkummah_HLD/fdh.shp" }, "geometry": { "type": "Point", "coordinates": [ 422298.646813209110405, 5061521.29299961682409 ] } },
{ "type": "Feature", "properties": { "ID": "FDH107003", "Size": "288", "Owner": "Rock Networks", "NoOfRes": "110", "NoOfBus": "4", "NoOfResPro": "6", "UsedPorts": "206", "FreePorts": "82", "Location": "JN OF 2ND CONCESSION RD & 10TH SIDE RD", "Struct_ID": "P3356/ANBQ8X", "Status": "Proposed", "Placement": "Outdoor", "CabinetSz": "1050*506*470mm", "NoOfSpltt": "9", "Spltt_ID's": "SP1000820,SP1000821,SP1000825,SP1000828,SP1000829,SP1000830,SP1000831,SP1000832,SP1000833", "Permit_ID": "HYDRO1-P1000389", "Lot_No": null, "FSA_No": "TEHKUMMAH FSA36", "OLT_ID": "107", "Subdiv": "1", "PermApplOn": null, "PermApprOn": null, "Contractor": null, "DtAsgCnstr": null, "DtInstald": null, "SKU": "FDH288-SCAPC-132-30M", "spltt_ids": null, "layer": "fdh", "path": "/Users/sandeepreddypailla/Downloads/Merge July 17th/PomeGran_Rock _SD1_OLT7_Tehkummah_HLD_v1.4/PomeGran_Rock _SD1_OLT7_Tehkummah_HLD/fdh.shp" }, "geometry": { "type": "Point", "coordinates": [ 420971.081661984266248, 5056355.088465539738536 ] } },
{ "type": "Feature", "properties": { "ID": "FDH107004", "Size": "144", "Owner": "Rock Networks", "NoOfRes": "47", "NoOfBus": "10", "NoOfResPro": "7", "UsedPorts": "106", "FreePorts": "38", "Location": "59 HIGHWAY 542", "Struct_ID": "P30/AEFNNL", "Status": "Proposed", "Placement": "Outdoor", "CabinetSz": "640*506*470mm", "NoOfSpltt": "5", "Spltt_ID's": "SP1000843,SP1000844,SP1000845,SP1000846,SP1000847", "Permit_ID": "HYDRO1-P1000312", "Lot_No": null, "FSA_No": "TEHKUMMAH FSA36", "OLT_ID": "107", "Subdiv": "1", "PermApplOn": null, "PermApprOn": null, "Contractor": null, "DtAsgCnstr": null, "DtInstald": null, "SKU": "FDH144-SCAPC-132-30M", "spltt_ids": null, "layer": "fdh", "path": "/Users/sandeepreddypailla/Downloads/Merge July 17th/PomeGran_Rock _SD1_OLT7_Tehkummah_HLD_v1.4/PomeGran_Rock _SD1_OLT7_Tehkummah_HLD/fdh.shp" }, "geometry": { "type": "Point", "coordinates": [ 423830.998769307043403, 5056339.309014388360083 ] } },
{ "type": "Feature", "properties": { "ID": "FDH107005", "Size": "288", "Owner": "Rock Networks", "NoOfRes": "98", "NoOfBus": "6", "NoOfResPro": "45", "UsedPorts": "234", "FreePorts": "54", "Location": "JN OF 6 CONCESSION RD & SLASH RD", "Struct_ID": "P3164/ANCP8W", "Status": "Proposed", "Placement": "Outdoor", "CabinetSz": "1050*506*470mm", "NoOfSpltt": "9", "Spltt_ID's": "SP1000848,SP1000849,SP1000850,SP1000851,SP1000852,SP1000853,SP1000854,SP1000855,SP1000856", "Permit_ID": "HYDRO1-P1000415", "Lot_No": null, "FSA_No": "ASSIGINACK FSA1", "OLT_ID": "107", "Subdiv": "1", "PermApplOn": null, "PermApprOn": null, "Contractor": null, "DtAsgCnstr": null, "DtInstald": null, "SKU": "FDH288-SCAPC-132-30M", "spltt_ids": null, "layer": "fdh", "path": "/Users/sandeepreddypailla/Downloads/Merge July 17th/PomeGran_Rock _SD1_OLT7_Tehkummah_HLD_v1.4/PomeGran_Rock _SD1_OLT7_Tehkummah_HLD/fdh.shp" }, "geometry": { "type": "Point", "coordinates": [ 425041.516120460059028, 5052238.898506447672844 ] } },
{ "type": "Feature", "properties": { "ID": "FDH107006", "Size": "288", "Owner": "Rock Networks", "NoOfRes": "123", "NoOfBus": "23", "NoOfResPro": "15", "UsedPorts": "240", "FreePorts": "48", "Location": "JN OF LAKESHORE RD & HIGHWAY 6 E", "Struct_ID": "P1308/ANCNLK", "Status": "Proposed", "Placement": "Outdoor", "CabinetSz": "1050*506*470mm", "NoOfSpltt": "9", "Spltt_ID's": "SP1000857,SP1000858,SP1000859,SP1000860,SP1000861,SP1000862,SP1000863,SP1000864,SP1000865", "Permit_ID": "HYDRO1-P1000406", "Lot_No": null, "FSA_No": "TEHKUMMAH FSA36", "OLT_ID": "107", "Subdiv": "1", "PermApplOn": null, "PermApprOn": null, "Contractor": null, "DtAsgCnstr": null, "DtInstald": null, "SKU": "FDH288-SCAPC-132-30M", "spltt_ids": null, "layer": "fdh", "path": "/Users/sandeepreddypailla/Downloads/Merge July 17th/PomeGran_Rock _SD1_OLT7_Tehkummah_HLD_v1.4/PomeGran_Rock _SD1_OLT7_Tehkummah_HLD/fdh.shp" }, "geometry": { "type": "Point", "coordinates": [ 420904.748584239219781, 5048348.823890805244446 ] } },
{ "type": "Feature", "properties": { "ID": "FDH201013", "Size": "144", "Owner": "Rock Networks", "NoOfRes": null, "NoOfBus": null, "NoOfResPro": null, "UsedPorts": "118", "FreePorts": "26", "Location": ", PHILLIPS BAY ROAD", "Struct_ID": "P202117", "Status": "Proposed", "Placement": "Outdoor", "CabinetSz": "640*506*470mm", "NoOfSpltt": "5", "Spltt_ID's": null, "Permit_ID": "FS18-AR27-BC-MIA", "Lot_No": null, "FSA_No": "HURON SHORES FSA18", "OLT_ID": "201", "Subdiv": "2", "PermApplOn": null, "PermApprOn": null, "Contractor": null, "DtAsgCnstr": null, "DtInstald": null, "SKU": "FDH144-SCAPC-132-30M", "spltt_ids": "SP2000070,SP2000071,SP2000067,SP2000068,SP2000069", "layer": null, "path": null }, "geometry": { "type": "Point", "coordinates": [ 309874.665234735235572, 5136411.217472263611853 ] } },
{ "type": "Feature", "properties": { "ID": "FDH202047", "Size": "144", "Owner": "Rock Networks", "NoOfRes": null, "NoOfBus": null, "NoOfResPro": null, "UsedPorts": "62", "FreePorts": "82", "Location": "34, DUBORNE DRIVE", "Struct_ID": "P200270", "Status": "Proposed", "Placement": "Outdoor", "CabinetSz": "630*470*416mm", "NoOfSpltt": "5", "Spltt_ID's": null, "Permit_ID": "FS06-AR09-HO-OL", "Lot_No": null, "FSA_No": "BLIND RIVER FSA6", "OLT_ID": "202", "Subdiv": "2", "PermApplOn": null, "PermApprOn": null, "Contractor": null, "DtAsgCnstr": null, "DtInstald": null, "SKU": "FDH144-SCAPC-132-30M", "spltt_ids": "SP5000196,SP5000197,SP2000025,SP2000026,SP2000027", "layer": null, "path": null }, "geometry": { "type": "Point", "coordinates": [ 353568.287304428988136, 5123649.305151778273284 ] } },
{ "type": "Feature", "properties": { "ID": "FDH202003", "Size": "144", "Owner": "Rock Networks", "NoOfRes": null, "NoOfBus": null, "NoOfResPro": null, "UsedPorts": "118", "FreePorts": "26", "Location": "22, LAKEVIEW ROAD", "Struct_ID": "P201589", "Status": "Proposed", "Placement": "Outdoor", "CabinetSz": "640*506*470mm", "NoOfSpltt": "5", "Spltt_ID's": null, "Permit_ID": "FS18-AR10-HO-NS", "Lot_No": null, "FSA_No": "HURON SHORES FSA18", "OLT_ID": "202", "Subdiv": "2", "PermApplOn": null, "PermApprOn": null, "Contractor": null, "DtAsgCnstr": null, "DtInstald": null, "SKU": "FDH144-SCAPC-132-30M", "spltt_ids": "SP2000072,SP2000073,SP2000074,SP2000075,SP2000076", "layer": null, "path": null }, "geometry": { "type": "Point", "coordinates": [ 333796.946667194017209, 5120276.941627187654376 ] } },
{ "type": "Feature", "properties": { "ID": "FDH202029", "Size": "144", "Owner": "Rock Networks", "NoOfRes": null, "NoOfBus": null, "NoOfResPro": null, "UsedPorts": "126", "FreePorts": "18", "Location": "837 B, 557 Highway", "Struct_ID": "P200810", "Status": "Proposed", "Placement": "Outdoor", "CabinetSz": "640*506*470mm", "NoOfSpltt": "5", "Spltt_ID's": null, "Permit_ID": "FS06-AR21-HO-NS", "Lot_No": null, "FSA_No": "BLIND RIVER FSA6", "OLT_ID": "202", "Subdiv": "2", "PermApplOn": null, "PermApprOn": null, "Contractor": null, "DtAsgCnstr": null, "DtInstald": null, "SKU": "FDH144-SCAPC-132-30M", "spltt_ids": "SP2000082,SP2000083,SP2000084,SP2000085,SP2000086", "layer": null, "path": null }, "geometry": { "type": "Point", "coordinates": [ 347590.175935803796165, 5120786.14057216886431 ] } },
{ "type": "Feature", "properties": { "ID": "FDH202027", "Size": "144", "Owner": "Rock Networks", "NoOfRes": null, "NoOfBus": null, "NoOfResPro": null, "UsedPorts": "116", "FreePorts": "28", "Location": "704, GRANARY LAKE ROAD", "Struct_ID": "P200532", "Status": "Proposed", "Placement": "Outdoor", "CabinetSz": "640*506*470mm", "NoOfSpltt": "5", "Spltt_ID's": null, "Permit_ID": "FS06-AR14-HO-OL", "Lot_No": null, "FSA_No": "BLIND RIVER FSA6", "OLT_ID": "202", "Subdiv": "2", "PermApplOn": null, "PermApprOn": null, "Contractor": null, "DtAsgCnstr": null, "DtInstald": null, "SKU": "FDH144-SCAPC-132-30M", "spltt_ids": "SP2000077,SP2000078,SP2000079,SP2000107,SP2000108", "layer": null, "path": null }, "geometry": { "type": "Point", "coordinates": [ 350508.266623664705548, 5120908.553534623235464 ] } },
{ "type": "Feature", "properties": { "ID": "FDH202020", "Size": "72", "Owner": "Rock Networks", "NoOfRes": null, "NoOfBus": null, "NoOfResPro": null, "UsedPorts": "64", "FreePorts": "8", "Location": "197, HARRT ROAD", "Struct_ID": "P201675", "Status": "Proposed", "Placement": "Outdoor", "CabinetSz": "630*470*416mm", "NoOfSpltt": "3", "Spltt_ID's": null, "Permit_ID": "FS18-AR20-HO-OL", "Lot_No": null, "FSA_No": "HURON SHORES FSA18", "OLT_ID": "202", "Subdiv": "2", "PermApplOn": null, "PermApprOn": null, "Contractor": null, "DtAsgCnstr": null, "DtInstald": null, "SKU": "FDH72-SCAPC-132-30M", "spltt_ids": "SP2000018,SP2000016,SP2000017", "layer": null, "path": null }, "geometry": { "type": "Point", "coordinates": [ 337137.248759449576028, 5120692.321893208660185 ] } },
{ "type": "Feature", "properties": { "ID": "FDH201048", "Size": "72", "Owner": "Rock Networks", "NoOfRes": null, "NoOfBus": null, "NoOfResPro": null, "UsedPorts": "62", "FreePorts": "10", "Location": "27, BRIGHT LAKE RD", "Struct_ID": "P201296", "Status": "Proposed", "Placement": "Outdoor", "CabinetSz": "630*470*416mm", "NoOfSpltt": "3", "Spltt_ID's": null, "Permit_ID": "FS18-AR08-HO-OL", "Lot_No": null, "FSA_No": "HURON SHORES FSA18", "OLT_ID": "201", "Subdiv": "2", "PermApplOn": null, "PermApprOn": null, "Contractor": null, "DtAsgCnstr": null, "DtInstald": null, "SKU": "FDH72-SCAPC-132-30M", "spltt_ids": "SP2000004,SP2000005,SP2000006", "layer": null, "path": null }, "geometry": { "type": "Point", "coordinates": [ 326382.128549382439815, 5127483.005540861748159 ] } },
{ "type": "Feature", "properties": { "ID": "FDH201010", "Size": "72", "Owner": "Rock Networks", "NoOfRes": null, "NoOfBus": null, "NoOfResPro": null, "UsedPorts": "62", "FreePorts": "10", "Location": "226, SUNSET BEACH ROAD", "Struct_ID": "P201169", "Status": "Proposed", "Placement": "Outdoor", "CabinetSz": "630*470*416mm", "NoOfSpltt": "3", "Spltt_ID's": null, "Permit_ID": "FS18-AR07-HO-NS", "Lot_No": null, "FSA_No": "HURON SHORES FSA18", "OLT_ID": "201", "Subdiv": "2", "PermApplOn": null, "PermApprOn": null, "Contractor": null, "DtAsgCnstr": null, "DtInstald": null, "SKU": "FDH72-SCAPC-132-30M", "spltt_ids": "SP2000007,SP2000008,SP2000009", "layer": null, "path": null }, "geometry": { "type": "Point", "coordinates": [ 325122.561180890654214, 5127722.013407849706709 ] } },
{ "type": "Feature", "properties": { "ID": "FDH201050", "Size": "72", "Owner": "Rock Networks", "NoOfRes": null, "NoOfBus": null, "NoOfResPro": null, "UsedPorts": "58", "FreePorts": "14", "Location": "328, MELWEL ROAD", "Struct_ID": "P201880", "Status": "Proposed", "Placement": "Outdoor", "CabinetSz": "630*470*416mm", "NoOfSpltt": "3", "Spltt_ID's": null, "Permit_ID": "FS18-AR15-BC-MIA", "Lot_No": null, "FSA_No": "HURON SHORES FSA18", "OLT_ID": "201", "Subdiv": "2", "PermApplOn": null, "PermApprOn": null, "Contractor": null, "DtAsgCnstr": null, "DtInstald": null, "SKU": "FDH72-SCAPC-132-30M", "spltt_ids": "SP2000010,SP2000011,SP2000012", "layer": null, "path": null }, "geometry": { "type": "Point", "coordinates": [ 322302.1559786319267, 5130224.173627800308168 ] } },
{ "type": "Feature", "properties": { "ID": "FDH201009", "Size": "72", "Owner": "Rock Networks", "NoOfRes": null, "NoOfBus": null, "NoOfResPro": null, "UsedPorts": "60", "FreePorts": "12", "Location": "3628, DAYTON ROAD", "Struct_ID": "P201275", "Status": "Proposed", "Placement": "Outdoor", "CabinetSz": "630*470*416mm", "NoOfSpltt": "3", "Spltt_ID's": null, "Permit_ID": "FS18-AR05-HO-NS", "Lot_No": null, "FSA_No": "HURON SHORES FSA18", "OLT_ID": "201", "Subdiv": "2", "PermApplOn": null, "PermApprOn": null, "Contractor": null, "DtAsgCnstr": null, "DtInstald": null, "SKU": "FDH72-SCAPC-132-30M", "spltt_ids": "SP2000001,SP2000002,SP2000003", "layer": null, "path": null }, "geometry": { "type": "Point", "coordinates": [ 328355.244387289159931, 5125728.747090863995254 ] } },
{ "type": "Feature", "properties": { "ID": "FDH201008", "Size": "72", "Owner": "Rock Networks", "NoOfRes": null, "NoOfBus": null, "NoOfResPro": null, "UsedPorts": "58", "FreePorts": "14", "Location": "2668, DAYTON ROAD", "Struct_ID": "P201126", "Status": "Proposed", "Placement": "Outdoor", "CabinetSz": "630*470*416mm", "NoOfSpltt": "3", "Spltt_ID's": null, "Permit_ID": "FS18-AR01-HO-NS", "Lot_No": null, "FSA_No": "HURON SHORES FSA18", "OLT_ID": "201", "Subdiv": "2", "PermApplOn": null, "PermApprOn": null, "Contractor": null, "DtAsgCnstr": null, "DtInstald": null, "SKU": "FDH72-SCAPC-132-30M", "spltt_ids": "SP2000013,SP2000014,SP2000015", "layer": null, "path": null }, "geometry": { "type": "Point", "coordinates": [ 325324.052894749562256, 5123841.588937504217029 ] } },
{ "type": "Feature", "properties": { "ID": "FDH202049", "Size": "72", "Owner": "Rock Networks", "NoOfRes": null, "NoOfBus": null, "NoOfResPro": null, "UsedPorts": "60", "FreePorts": "12", "Location": "2, Duborne Drive", "Struct_ID": "P200101", "Status": "Proposed", "Placement": "Outdoor", "CabinetSz": "630*470*416mm", "NoOfSpltt": "3", "Spltt_ID's": null, "Permit_ID": "FS06-AR14-HO-OL", "Lot_No": null, "FSA_No": "BLIND RIVER FSA6", "OLT_ID": "202", "Subdiv": "2", "PermApplOn": null, "PermApprOn": null, "Contractor": null, "DtAsgCnstr": null, "DtInstald": null, "SKU": "FDH72-SCAPC-132-30M", "spltt_ids": "SP2000028,SP2000029,SP2000030", "layer": null, "path": null }, "geometry": { "type": "Point", "coordinates": [ 353386.677238034026232, 5122959.752769958227873 ] } },
{ "type": "Feature", "properties": { "ID": "FDH202044", "Size": "72", "Owner": "Rock Networks", "NoOfRes": null, "NoOfBus": null, "NoOfResPro": null, "UsedPorts": "64", "FreePorts": "8", "Location": "2277 H, Granary Lake Road", "Struct_ID": "P200514", "Status": "Proposed", "Placement": "Outdoor", "CabinetSz": "630*470*416mm", "NoOfSpltt": "3", "Spltt_ID's": null, "Permit_ID": "FS06-AR03-HO-OL", "Lot_No": null, "FSA_No": "BLIND RIVER FSA6", "OLT_ID": "202", "Subdiv": "2", "PermApplOn": null, "PermApprOn": null, "Contractor": null, "DtAsgCnstr": null, "DtInstald": null, "SKU": "FDH72-SCAPC-132-30M", "spltt_ids": "SP2000087,SP2000088,SP2000089", "layer": null, "path": null }, "geometry": { "type": "Point", "coordinates": [ 356164.719825553940609, 5125657.92420769482851 ] } },
{ "type": "Feature", "properties": { "ID": "FDH202028", "Size": "72", "Owner": "Rock Networks", "NoOfRes": null, "NoOfBus": null, "NoOfResPro": null, "UsedPorts": "58", "FreePorts": "14", "Location": "2116, 557 Highway", "Struct_ID": "P200699", "Status": "Proposed", "Placement": "Outdoor", "CabinetSz": "630*470*416mm", "NoOfSpltt": "3", "Spltt_ID's": null, "Permit_ID": "FS06-AR20-HO-NS", "Lot_No": null, "FSA_No": "BLIND RIVER FSA6", "OLT_ID": "202", "Subdiv": "2", "PermApplOn": null, "PermApprOn": null, "Contractor": null, "DtAsgCnstr": null, "DtInstald": null, "SKU": "FDH72-SCAPC-132-30M", "spltt_ids": "SP2000040,SP2000041,SP2000042", "layer": null, "path": null }, "geometry": { "type": "Point", "coordinates": [ 348504.487115651601925, 5123441.00611783284694 ] } },
{ "type": "Feature", "properties": { "ID": "FDH201032", "Size": "72", "Owner": "Rock Networks", "NoOfRes": null, "NoOfBus": null, "NoOfResPro": null, "UsedPorts": "60", "FreePorts": "12", "Location": "65, Dunn Farm Trail", "Struct_ID": "13", "Status": "Proposed", "Placement": "Outdoor", "CabinetSz": "630*470*416mm", "NoOfSpltt": "3", "Spltt_ID's": null, "Permit_ID": "FS18-MC15-UG", "Lot_No": null, "FSA_No": "HURON SHORES FSA18", "OLT_ID": "201", "Subdiv": "2", "PermApplOn": null, "PermApprOn": null, "Contractor": null, "DtAsgCnstr": null, "DtInstald": null, "SKU": "FDH72-SCAPC-132-30M", "spltt_ids": "SP2000132,SP2000133,SP2000134", "layer": null, "path": null }, "geometry": { "type": "Point", "coordinates": [ 319375.270482159103267, 5135156.795359427109361 ] } },
{ "type": "Feature", "properties": { "ID": "FDH202031", "Size": "72", "Owner": "Rock Networks", "NoOfRes": null, "NoOfBus": null, "NoOfResPro": null, "UsedPorts": "62", "FreePorts": "10", "Location": "0, Lake Hope Road", "Struct_ID": "P201041", "Status": "Proposed", "Placement": "Outdoor", "CabinetSz": "630*470*416mm", "NoOfSpltt": "3", "Spltt_ID's": null, "Permit_ID": "FS06-AR17-HO-NS", "Lot_No": null, "FSA_No": "BLIND RIVER FSA6", "OLT_ID": "202", "Subdiv": "2", "PermApplOn": null, "PermApprOn": null, "Contractor": null, "DtAsgCnstr": null, "DtInstald": null, "SKU": "FDH72-SCAPC-132-30M", "spltt_ids": "SP2000038,SP2000039,SP2000037", "layer": null, "path": null }, "geometry": { "type": "Point", "coordinates": [ 347583.352253301418386, 5125822.037901015020907 ] } },
{ "type": "Feature", "properties": { "ID": "FDH201036", "Size": "144", "Owner": "Rock Networks", "NoOfRes": null, "NoOfBus": null, "NoOfResPro": null, "UsedPorts": "126", "FreePorts": "18", "Location": "30, PEACHEY STREET", "Struct_ID": "P203997", "Status": "Proposed", "Placement": "Outdoor", "CabinetSz": "640*506*470mm", "NoOfSpltt": "5", "Spltt_ID's": null, "Permit_ID": "FS38-AR07-HO-OL", "Lot_No": null, "FSA_No": "THESSALON FSA38", "OLT_ID": "201", "Subdiv": "2", "PermApplOn": null, "PermApprOn": null, "Contractor": null, "DtAsgCnstr": null, "DtInstald": null, "SKU": "FDH144-SCAPC-132-30M", "spltt_ids": "SP2000140,SP2000141,SP2000142,SP2000143,SP2000144", "layer": null, "path": null }, "geometry": { "type": "Point", "coordinates": [ 303424.969814374635462, 5126264.304475923068821 ] } },
{ "type": "Feature", "properties": { "ID": "FDH201042", "Size": "144", "Owner": "Rock Networks", "NoOfRes": null, "NoOfBus": null, "NoOfResPro": null, "UsedPorts": "118", "FreePorts": "26", "Location": "110, MAIN STREET", "Struct_ID": "P203944", "Status": "Proposed", "Placement": "Outdoor", "CabinetSz": "640*506*470mm", "NoOfSpltt": "5", "Spltt_ID's": null, "Permit_ID": "FS38-AR12-HO-OL", "Lot_No": null, "FSA_No": "THESSALON FSA38", "OLT_ID": "201", "Subdiv": "2", "PermApplOn": null, "PermApprOn": null, "Contractor": null, "DtAsgCnstr": null, "DtInstald": null, "SKU": "FDH144-SCAPC-132-30M", "spltt_ids": "SP2000157,SP2000158,SP2000159,SP2000160,SP2000161", "layer": null, "path": null }, "geometry": { "type": "Point", "coordinates": [ 302839.67927145207068, 5125466.270121275447309 ] } },
{ "type": "Feature", "properties": { "ID": "FDH201034", "Size": "144", "Owner": "Rock Networks", "NoOfRes": null, "NoOfBus": null, "NoOfResPro": null, "UsedPorts": "96", "FreePorts": "48", "Location": "NV, River Road", "Struct_ID": "P203661", "Status": "Proposed", "Placement": "Outdoor", "CabinetSz": "640*506*470mm", "NoOfSpltt": "5", "Spltt_ID's": null, "Permit_ID": "FS18-AR112-HO-NS", "Lot_No": null, "FSA_No": "HURON SHORES FSA18", "OLT_ID": "201", "Subdiv": "2", "PermApplOn": null, "PermApprOn": null, "Contractor": null, "DtAsgCnstr": null, "DtInstald": null, "SKU": "FDH144-SCAPC-132-30M", "spltt_ids": "SP2000135,SP2000136,SP2000137,SP2000138,SP2000139", "layer": null, "path": null }, "geometry": { "type": "Point", "coordinates": [ 302043.891397850587964, 5128701.502261495217681 ] } },
{ "type": "Feature", "properties": { "ID": "FDH201015", "Size": "288", "Owner": "Rock Networks", "NoOfRes": null, "NoOfBus": null, "NoOfResPro": null, "UsedPorts": "132", "FreePorts": "156", "Location": "14616, Highway 17", "Struct_ID": "P204587", "Status": "Proposed", "Placement": "Outdoor", "CabinetSz": "1050*506*470mm", "NoOfSpltt": "9", "Spltt_ID's": null, "Permit_ID": "FS18-AR147-BC-MIA", "Lot_No": null, "FSA_No": "HURON SHORES FSA18", "OLT_ID": "201", "Subdiv": "2", "PermApplOn": null, "PermApprOn": null, "Contractor": null, "DtAsgCnstr": null, "DtInstald": null, "SKU": "FDH288-SCAPC-132-30M", "spltt_ids": "SP2000173,SP2000174,SP2000175,SP2000176,SP2000177,SP2000178,SP2000170,SP2000171,SP2000172", "layer": null, "path": null }, "geometry": { "type": "Point", "coordinates": [ 312528.734960443282034, 5127647.429653215222061 ] } },
{ "type": "Feature", "properties": { "ID": "FDH201041", "Size": "144", "Owner": "Rock Networks", "NoOfRes": null, "NoOfBus": null, "NoOfResPro": null, "UsedPorts": null, "FreePorts": null, "Location": "150, Federation St", "Struct_ID": "P205424", "Status": "Proposed", "Placement": "Outdoor", "CabinetSz": "640*506*470mm", "NoOfSpltt": "5", "Spltt_ID's": null, "Permit_ID": "FS38-AR21-HO-OL", "Lot_No": null, "FSA_No": "THESSALON FSA38", "OLT_ID": "201", "Subdiv": "2", "PermApplOn": null, "PermApprOn": null, "Contractor": null, "DtAsgCnstr": null, "DtInstald": null, "SKU": "FDH144-SCAPC-132-30M", "spltt_ids": "SP5000201,SP5000202,SP5000203,SP5000204,SP5000205", "layer": null, "path": null }, "geometry": { "type": "Point", "coordinates": [ 302507.00768661336042, 5125674.582995283417404 ] } },
{ "type": "Feature", "properties": { "ID": "FDH201026", "Size": "72", "Owner": "Rock Networks", "NoOfRes": null, "NoOfBus": null, "NoOfResPro": null, "UsedPorts": "76", "FreePorts": "-4", "Location": "11962, Highway 17", "Struct_ID": "P205324", "Status": "Proposed", "Placement": "Outdoor", "CabinetSz": "630*470*416mm", "NoOfSpltt": "3", "Spltt_ID's": null, "Permit_ID": "FS18-AR176-BC-MIA", "Lot_No": null, "FSA_No": "HURON SHORES FSA18", "OLT_ID": "201", "Subdiv": "2", "PermApplOn": null, "PermApprOn": null, "Contractor": null, "DtAsgCnstr": null, "DtInstald": null, "SKU": "FDH72-SCAPC-132-30M", "spltt_ids": "SP5000198,SP5000199,SP5000200", "layer": null, "path": null }, "geometry": { "type": "Point", "coordinates": [ 298580.543891670182347, 5129399.739184013567865 ] } },
{ "type": "Feature", "properties": { "ID": "FDH201038", "Size": "72", "Owner": "Rock Networks", "NoOfRes": null, "NoOfBus": null, "NoOfResPro": null, "UsedPorts": null, "FreePorts": null, "Location": "59, Queen St", "Struct_ID": "P205375", "Status": "Proposed", "Placement": "Outdoor", "CabinetSz": "630*470*416mm", "NoOfSpltt": "3", "Spltt_ID's": null, "Permit_ID": "FS38-AR22-HO-NS", "Lot_No": null, "FSA_No": "THESSALON FSA38", "OLT_ID": "201", "Subdiv": "2", "PermApplOn": null, "PermApprOn": null, "Contractor": null, "DtAsgCnstr": null, "DtInstald": null, "SKU": "FDH72-SCAPC-132-30M", "spltt_ids": "SP5000206,SP5000207,SP5000208", "layer": null, "path": null }, "geometry": { "type": "Point", "coordinates": [ 302426.051064342376776, 5126156.504179290495813 ] } },
{ "type": "Feature", "properties": { "ID": "FDH202045", "Size": "72", "Owner": "Rock Networks", "NoOfRes": null, "NoOfBus": null, "NoOfResPro": null, "UsedPorts": "58", "FreePorts": "14", "Location": "118, YOUNGFOX ROAD", "Struct_ID": "P202227", "Status": "Proposed", "Placement": "Outdoor", "CabinetSz": "630*470*416mm", "NoOfSpltt": "3", "Spltt_ID's": null, "Permit_ID": "FS06-AR33-HO-OL", "Lot_No": null, "FSA_No": "BLIND RIVER FSA6", "OLT_ID": "202", "Subdiv": "2", "PermApplOn": null, "PermApprOn": null, "Contractor": null, "DtAsgCnstr": null, "DtInstald": null, "SKU": "FDH72-SCAPC-132-30M", "spltt_ids": "SP5000221,SP5000222,SP5000223", "layer": null, "path": null }, "geometry": { "type": "Point", "coordinates": [ 349760.646007337956689, 5116167.076570114120841 ] } },
{ "type": "Feature", "properties": { "ID": "FDH201040", "Size": "72", "Owner": "Rock Networks", "NoOfRes": null, "NoOfBus": null, "NoOfResPro": null, "UsedPorts": "56", "FreePorts": "16", "Location": "30, WATER STREET", "Struct_ID": "P203881", "Status": "Proposed", "Placement": "Outdoor", "CabinetSz": "630*470*416mm", "NoOfSpltt": "3", "Spltt_ID's": null, "Permit_ID": "FS38-AR14-HO-OL", "Lot_No": null, "FSA_No": "THESSALON FSA38", "OLT_ID": "201", "Subdiv": "2", "PermApplOn": null, "PermApprOn": null, "Contractor": null, "DtAsgCnstr": null, "DtInstald": null, "SKU": "FDH72-SCAPC-132-30M", "spltt_ids": "SP2000154,SP2000155,SP2000156", "layer": null, "path": null }, "geometry": { "type": "Point", "coordinates": [ 302403.299891689384822, 5125151.734762419015169 ] } },
{ "type": "Feature", "properties": { "ID": "FDH201033", "Size": "72", "Owner": "Rock Networks", "NoOfRes": null, "NoOfBus": null, "NoOfResPro": null, "UsedPorts": "62", "FreePorts": "10", "Location": "12564, Highway 17", "Struct_ID": "P205164", "Status": "Proposed", "Placement": "Outdoor", "CabinetSz": "630*470*416mm", "NoOfSpltt": "3", "Spltt_ID's": null, "Permit_ID": "FS18-AR159-API-OL", "Lot_No": null, "FSA_No": "HURON SHORES FSA18", "OLT_ID": "201", "Subdiv": "2", "PermApplOn": null, "PermApprOn": null, "Contractor": null, "DtAsgCnstr": null, "DtInstald": null, "SKU": "FDH72-SCAPC-132-30M", "spltt_ids": "SP2000190,SP2000191,SP2000192", "layer": null, "path": null }, "geometry": { "type": "Point", "coordinates": [ 300977.228254831337836, 5127991.380720801651478 ] } },
{ "type": "Feature", "properties": { "ID": "FDH201011", "Size": "288", "Owner": "Rock Networks", "NoOfRes": null, "NoOfBus": null, "NoOfResPro": null, "UsedPorts": "132", "FreePorts": "156", "Location": "19, Birchland Camp Road", "Struct_ID": "P204455", "Status": "Proposed", "Placement": "Outdoor", "CabinetSz": "1050*506*470mm", "NoOfSpltt": "9", "Spltt_ID's": null, "Permit_ID": "FS18-AR117-BC-MIA", "Lot_No": null, "FSA_No": "HURON SHORES FSA18", "OLT_ID": "201", "Subdiv": "2", "PermApplOn": null, "PermApprOn": null, "Contractor": null, "DtAsgCnstr": null, "DtInstald": null, "SKU": "FDH288-SCAPC-132-30M", "spltt_ids": "SP2000117,SP2000118,SP2000119,SP2000120,SP2000121,SP2000113,SP2000114,SP2000115,SP2000116", "layer": null, "path": null }, "geometry": { "type": "Point", "coordinates": [ 321012.459614138060715, 5129217.717779312282801 ] } },
{ "type": "Feature", "properties": { "ID": "FDH201018", "Size": "144", "Owner": "Rock Networks", "NoOfRes": null, "NoOfBus": null, "NoOfResPro": null, "UsedPorts": "72", "FreePorts": "72", "Location": "197, Ansonia Rd", "Struct_ID": "P204829", "Status": "Proposed", "Placement": "Outdoor", "CabinetSz": "640*506*470mm", "NoOfSpltt": "5", "Spltt_ID's": null, "Permit_ID": "FS18-AR185-BC-MIA", "Lot_No": null, "FSA_No": "HURON SHORES FSA18", "OLT_ID": "201", "Subdiv": "2", "PermApplOn": null, "PermApprOn": null, "Contractor": null, "DtAsgCnstr": null, "DtInstald": null, "SKU": "FDH144-SCAPC-132-30M", "spltt_ids": "SP2000182,SP2000183,SP2000184,SP2000185,SP2000186", "layer": null, "path": null }, "geometry": { "type": "Point", "coordinates": [ 296947.371822470566258, 5132678.366288677789271 ] } },
{ "type": "Feature", "properties": { "ID": "FDH201037", "Size": "144", "Owner": "Rock Networks", "NoOfRes": null, "NoOfBus": null, "NoOfResPro": null, "UsedPorts": "132", "FreePorts": "12", "Location": "382, WATER ST", "Struct_ID": "P203542", "Status": "Proposed", "Placement": "Outdoor", "CabinetSz": "640*506*470mm", "NoOfSpltt": "5", "Spltt_ID's": null, "Permit_ID": "FS38-AR02-HO-OL", "Lot_No": null, "FSA_No": "THESSALON FSA38", "OLT_ID": "201", "Subdiv": "2", "PermApplOn": null, "PermApprOn": null, "Contractor": null, "DtAsgCnstr": null, "DtInstald": null, "SKU": "FDH144-SCAPC-132-30M", "spltt_ids": "SP2000102,SP2000103,SP2000104,SP2000105,SP2000106", "layer": null, "path": null }, "geometry": { "type": "Point", "coordinates": [ 303338.678283520508558, 5126537.398851662874222 ] } },
{ "type": "Feature", "properties": { "ID": "FDH201025", "Size": "144", "Owner": "Rock Networks", "NoOfRes": null, "NoOfBus": null, "NoOfResPro": null, "UsedPorts": "66", "FreePorts": "78", "Location": "43, GREEN LANE", "Struct_ID": "P203351", "Status": "Proposed", "Placement": "Outdoor", "CabinetSz": "640*506*470mm", "NoOfSpltt": "5", "Spltt_ID's": null, "Permit_ID": "FS18-AR85-HO-NS", "Lot_No": null, "FSA_No": "HURON SHORES FSA18", "OLT_ID": "201", "Subdiv": "2", "PermApplOn": null, "PermApprOn": null, "Contractor": null, "DtAsgCnstr": null, "DtInstald": null, "SKU": "FDH144-SCAPC-132-30M", "spltt_ids": "SP2000131,SP2000058,SP2000130,SP2000059,SP2000060", "layer": null, "path": null }, "geometry": { "type": "Point", "coordinates": [ 305408.174422104493715, 5127097.444210956804454 ] } },
{ "type": "Feature", "properties": { "ID": "FDH201043", "Size": "144", "Owner": "Rock Networks", "NoOfRes": null, "NoOfBus": null, "NoOfResPro": null, "UsedPorts": "128", "FreePorts": "16", "Location": "210, MAIN STREET", "Struct_ID": "P204074", "Status": "Proposed", "Placement": "Outdoor", "CabinetSz": "640*506*470mm", "NoOfSpltt": "5", "Spltt_ID's": null, "Permit_ID": "FS38-AR08-HO-OL", "Lot_No": null, "FSA_No": "THESSALON FSA38", "OLT_ID": "201", "Subdiv": "2", "PermApplOn": null, "PermApprOn": null, "Contractor": null, "DtAsgCnstr": null, "DtInstald": null, "SKU": "FDH144-SCAPC-132-30M", "spltt_ids": "SP2000162,SP2000163,SP2000164,SP2000165,SP2000166", "layer": null, "path": null }, "geometry": { "type": "Point", "coordinates": [ 302958.619071927736513, 5125863.304068014025688 ] } },
{ "type": "Feature", "properties": { "ID": "FDH202021", "Size": "144", "Owner": "Rock Networks", "NoOfRes": null, "NoOfBus": null, "NoOfResPro": null, "UsedPorts": "52", "FreePorts": "92", "Location": "1182, Highway 17 (Trans-Canada)", "Struct_ID": "P203065", "Status": "Proposed", "Placement": "Outdoor", "CabinetSz": "640*506*470mm", "NoOfSpltt": "5", "Spltt_ID's": null, "Permit_ID": "FS06-AR38-BC-MIA", "Lot_No": null, "FSA_No": "BLIND RIVER FSA6", "OLT_ID": "202", "Subdiv": "2", "PermApplOn": null, "PermApprOn": null, "Contractor": null, "DtAsgCnstr": null, "DtInstald": null, "SKU": "FDH144-SCAPC-132-30M", "spltt_ids": "SP2000128,SP2000129,SP2000049,SP2000050,SP2000051", "layer": null, "path": null }, "geometry": { "type": "Point", "coordinates": [ 354637.385010847006924, 5116245.695469436235726 ] } },
{ "type": "Feature", "properties": { "ID": "FDH201023", "Size": "72", "Owner": "Rock Networks", "NoOfRes": null, "NoOfBus": null, "NoOfResPro": null, "UsedPorts": "62", "FreePorts": "10", "Location": "67, Ansonia Rd", "Struct_ID": "P204945", "Status": "Proposed", "Placement": "Outdoor", "CabinetSz": "630*470*416mm", "NoOfSpltt": "3", "Spltt_ID's": null, "Permit_ID": "FS18-AR190-BC-MIA", "Lot_No": null, "FSA_No": "HURON SHORES FSA18", "OLT_ID": "201", "Subdiv": "2", "PermApplOn": null, "PermApprOn": null, "Contractor": null, "DtAsgCnstr": null, "DtInstald": null, "SKU": "FDH72-SCAPC-132-30M", "spltt_ids": "SP2000187,SP2000188,SP2000189", "layer": null, "path": null }, "geometry": { "type": "Point", "coordinates": [ 302417.763554660021327, 5131932.748629977926612 ] } },
{ "type": "Feature", "properties": { "ID": "FDH201017", "Size": "72", "Owner": "Rock Networks", "NoOfRes": null, "NoOfBus": null, "NoOfResPro": null, "UsedPorts": "64", "FreePorts": "8", "Location": "Highway 129", "Struct_ID": "P205646", "Status": "Proposed", "Placement": "Outdoor", "CabinetSz": "630*470*416mm", "NoOfSpltt": "3", "Spltt_ID's": null, "Permit_ID": "FS18-AR137-HO-OL", "Lot_No": null, "FSA_No": "HURON SHORES FSA18", "OLT_ID": "201", "Subdiv": "2", "PermApplOn": null, "PermApprOn": null, "Contractor": null, "DtAsgCnstr": null, "DtInstald": null, "SKU": "FDH72-SCAPC-132-30M", "spltt_ids": "SP2000179,SP2000180,SP2000181", "layer": null, "path": null }, "geometry": { "type": "Point", "coordinates": [ 307049.251462277490646, 5131197.19709294103086 ] } },
{ "type": "Feature", "properties": { "ID": "FDH201024", "Size": "72", "Owner": "Rock Networks", "NoOfRes": null, "NoOfBus": null, "NoOfResPro": null, "UsedPorts": "66", "FreePorts": "6", "Location": "101, Little Rapids Rd", "Struct_ID": "P205442", "Status": "Proposed", "Placement": "Outdoor", "CabinetSz": "630*470*416mm", "NoOfSpltt": "3", "Spltt_ID's": null, "Permit_ID": "FS18-AR191-BC-MIA", "Lot_No": null, "FSA_No": "HURON SHORES FSA18", "OLT_ID": "201", "Subdiv": "2", "PermApplOn": null, "PermApprOn": null, "Contractor": null, "DtAsgCnstr": null, "DtInstald": null, "SKU": "FDH72-SCAPC-132-30M", "spltt_ids": "SP5000212,SP5000213,SP5000214", "layer": null, "path": null }, "geometry": { "type": "Point", "coordinates": [ 303629.555614851531573, 5131714.560691848397255 ] } },
{ "type": "Feature", "properties": { "ID": "FDH201014", "Size": "72", "Owner": "Rock Networks", "NoOfRes": null, "NoOfBus": null, "NoOfResPro": null, "UsedPorts": "56", "FreePorts": "16", "Location": "136, INGRAM ROAD", "Struct_ID": "P202368", "Status": "Proposed", "Placement": "Outdoor", "CabinetSz": "630*470*416mm", "NoOfSpltt": "3", "Spltt_ID's": null, "Permit_ID": "FS18-AR95-HO-NS", "Lot_No": null, "FSA_No": "HURON SHORES FSA18", "OLT_ID": "201", "Subdiv": "2", "PermApplOn": null, "PermApprOn": null, "Contractor": null, "DtAsgCnstr": null, "DtInstald": null, "SKU": "FDH72-SCAPC-132-30M", "spltt_ids": "SP2000057,SP2000055,SP2000056", "layer": null, "path": null }, "geometry": { "type": "Point", "coordinates": [ 312639.309799848939292, 5129925.920158914290369 ] } },
{ "type": "Feature", "properties": { "ID": "FDH201012", "Size": "288", "Owner": "Rock Networks", "NoOfRes": null, "NoOfBus": null, "NoOfResPro": null, "UsedPorts": "136", "FreePorts": "152", "Location": "1097, Basswood Lake Road", "Struct_ID": "P202586", "Status": "Proposed", "Placement": "Outdoor", "CabinetSz": "1050*506*470mm", "NoOfSpltt": "9", "Spltt_ID's": null, "Permit_ID": "FS18-AR64-BC-NS", "Lot_No": null, "FSA_No": "HURON SHORES FSA18", "OLT_ID": "201", "Subdiv": "2", "PermApplOn": null, "PermApprOn": null, "Contractor": null, "DtAsgCnstr": null, "DtInstald": null, "SKU": "FDH288-SCAPC-132-30M", "spltt_ids": "SP2000097,SP2000098,SP2000099,SP2000100,SP2000101,SP2000122,SP2000123,SP2000124,SP2000125", "layer": null, "path": null }, "geometry": { "type": "Point", "coordinates": [ 315803.554130178061314, 5130665.014805739745498 ] } },
{ "type": "Feature", "properties": { "ID": "FDH201039", "Size": "288", "Owner": "Rock Networks", "NoOfRes": null, "NoOfBus": null, "NoOfResPro": null, "UsedPorts": "130", "FreePorts": "158", "Location": "NV, WATER STREET", "Struct_ID": "P203853", "Status": "Proposed", "Placement": "Outdoor", "CabinetSz": "1050*506*470mm", "NoOfSpltt": "9", "Spltt_ID's": null, "Permit_ID": "FS38-AR13-HO-OL", "Lot_No": null, "FSA_No": "THESSALON FSA38", "OLT_ID": "201", "Subdiv": "2", "PermApplOn": null, "PermApprOn": null, "Contractor": null, "DtAsgCnstr": null, "DtInstald": null, "SKU": "FDH288-SCAPC-132-30M", "spltt_ids": "SP2000145,SP2000149,SP2000150,SP2000151,SP2000152,SP2000153,SP2000146,SP2000147,SP2000148", "layer": null, "path": null }, "geometry": { "type": "Point", "coordinates": [ 302808.8288919654442, 5126058.047881375066936 ] } },
{ "type": "Feature", "properties": { "ID": "FDH202006", "Size": "72", "Owner": "Rock Networks", "NoOfRes": null, "NoOfBus": null, "NoOfResPro": null, "UsedPorts": "46", "FreePorts": "26", "Location": "398, LAKE DUBORNE ROAD", "Struct_ID": "P200047", "Status": "Proposed", "Placement": "Outdoor", "CabinetSz": "630*470*416mm", "NoOfSpltt": "3", "Spltt_ID's": null, "Permit_ID": "FS06-AR11-HO-OL", "Lot_No": null, "FSA_No": "BLIND RIVER FSA6", "OLT_ID": "202", "Subdiv": "2", "PermApplOn": null, "PermApprOn": null, "Contractor": null, "DtAsgCnstr": null, "DtInstald": null, "SKU": "FDH72-SCAPC-132-30M", "spltt_ids": "SP2000031,SP2000032,SP2000033", "layer": null, "path": null }, "geometry": { "type": "Point", "coordinates": [ 351456.973495712853037, 5122331.679217494092882 ] } },
{ "type": "Feature", "properties": { "ID": "FDH202001", "Size": "72", "Owner": "Rock Networks", "NoOfRes": null, "NoOfBus": null, "NoOfResPro": null, "UsedPorts": "64", "FreePorts": "8", "Location": "3, DAWSY STREET", "Struct_ID": "P200954", "Status": "Proposed", "Placement": "Outdoor", "CabinetSz": "630*470*416mm", "NoOfSpltt": "3", "Spltt_ID's": null, "Permit_ID": "FS06-AR30-HO-OL", "Lot_No": null, "FSA_No": "BLIND RIVER FSA6", "OLT_ID": "202", "Subdiv": "2", "PermApplOn": null, "PermApprOn": null, "Contractor": null, "DtAsgCnstr": null, "DtInstald": null, "SKU": "FDH72-SCAPC-132-30M", "spltt_ids": "SP2000043,SP2000044,SP2000045", "layer": null, "path": null }, "geometry": { "type": "Point", "coordinates": [ 350006.767285880632699, 5117093.730752819217741 ] } },
{ "type": "Feature", "properties": { "ID": "FDH202005", "Size": "72", "Owner": "Rock Networks", "NoOfRes": null, "NoOfBus": null, "NoOfResPro": null, "UsedPorts": "56", "FreePorts": "16", "Location": "1853, High Road", "Struct_ID": "P200449", "Status": "Proposed", "Placement": "Outdoor", "CabinetSz": "630*470*416mm", "NoOfSpltt": "3", "Spltt_ID's": null, "Permit_ID": "FS06-AR04-HO-OL", "Lot_No": null, "FSA_No": "BLIND RIVER FSA6", "OLT_ID": "202", "Subdiv": "2", "PermApplOn": null, "PermApprOn": null, "Contractor": null, "DtAsgCnstr": null, "DtInstald": null, "SKU": "FDH72-SCAPC-132-30M", "spltt_ids": "SP2000022,SP2000023,SP2000024", "layer": null, "path": null }, "geometry": { "type": "Point", "coordinates": [ 354847.153216579521541, 5120842.509581245481968 ] } },
{ "type": "Feature", "properties": { "ID": "FDH202019", "Size": "144", "Owner": "Rock Networks", "NoOfRes": null, "NoOfBus": null, "NoOfResPro": null, "UsedPorts": "72", "FreePorts": "72", "Location": "26060, HIGHWAY 17", "Struct_ID": "P203198", "Status": "Proposed", "Placement": "Outdoor", "CabinetSz": "640*506*470mm", "NoOfSpltt": "5", "Spltt_ID's": null, "Permit_ID": "FS06-AR47-HO-NS", "Lot_No": null, "FSA_No": "BLIND RIVER FSA6", "OLT_ID": "202", "Subdiv": "2", "PermApplOn": null, "PermApprOn": null, "Contractor": null, "DtAsgCnstr": null, "DtInstald": null, "SKU": "FDH144-SCAPC-132-30M", "spltt_ids": "SP2000127,SP2000052,SP2000053,SP2000054,SP2000126", "layer": null, "path": null }, "geometry": { "type": "Point", "coordinates": [ 343772.798848749371246, 5118120.848746947012842 ] } },
{ "type": "Feature", "properties": { "ID": "FDH202007", "Size": "144", "Owner": "Rock Networks", "NoOfRes": null, "NoOfBus": null, "NoOfResPro": null, "UsedPorts": "100", "FreePorts": "44", "Location": "22644, Highway 17 (Trans-Canada)", "Struct_ID": "P202747", "Status": "Proposed", "Placement": "Outdoor", "CabinetSz": "640*506*470mm", "NoOfSpltt": "5", "Spltt_ID's": null, "Permit_ID": "FS18-AR75-HO-OL", "Lot_No": null, "FSA_No": "HURON SHORES FSA18", "OLT_ID": "202", "Subdiv": "2", "PermApplOn": null, "PermApprOn": null, "Contractor": null, "DtAsgCnstr": null, "DtInstald": null, "SKU": "FDH144-SCAPC-132-30M", "spltt_ids": "SP2000061,SP2000062,SP2000063,SP2000112,SP2000111", "layer": null, "path": null }, "geometry": { "type": "Point", "coordinates": [ 330264.004796912020538, 5125989.910050613805652 ] } },
{ "type": "Feature", "properties": { "ID": "FDH201004", "Size": "144", "Owner": "Rock Networks", "NoOfRes": null, "NoOfBus": null, "NoOfResPro": null, "UsedPorts": "68", "FreePorts": "76", "Location": "14, ALLEN STREET", "Struct_ID": "P203323", "Status": "Proposed", "Placement": "Outdoor", "CabinetSz": "640*506*470mm", "NoOfSpltt": "5", "Spltt_ID's": null, "Permit_ID": "FS18-AR83-HO-OL", "Lot_No": null, "FSA_No": "HURON SHORES FSA18", "OLT_ID": "201", "Subdiv": "2", "PermApplOn": null, "PermApprOn": null, "Contractor": null, "DtAsgCnstr": null, "DtInstald": null, "SKU": "FDH144-SCAPC-132-30M", "spltt_ids": "SP2000064,SP2000065,SP2000066,SP2000109,SP2000110", "layer": null, "path": null }, "geometry": { "type": "Point", "coordinates": [ 329156.111258679185994, 5128108.328612453304231 ] } },
{ "type": "Feature", "properties": { "ID": "FDH201035", "Size": "72", "Owner": "Rock Networks", "NoOfRes": null, "NoOfBus": null, "NoOfResPro": null, "UsedPorts": null, "FreePorts": null, "Location": "144, Highway 129", "Struct_ID": "P203600", "Status": "Proposed", "Placement": "Outdoor", "CabinetSz": "630*470*416mm", "NoOfSpltt": "3", "Spltt_ID's": null, "Permit_ID": "FS18-AR134-HO-NS", "Lot_No": null, "FSA_No": "HURON SHORES FSA18", "OLT_ID": "201", "Subdiv": "2", "PermApplOn": null, "PermApprOn": null, "Contractor": null, "DtAsgCnstr": null, "DtInstald": null, "SKU": "FDH72-SCAPC-132-30M", "spltt_ids": "SP5000215,SP5000216,SP5000217", "layer": null, "path": null }, "geometry": { "type": "Point", "coordinates": [ 303757.813616641797125, 5129040.895567616447806 ] } },
{ "type": "Feature", "properties": { "ID": "FDH201016", "Size": "72", "Owner": "Rock Networks", "NoOfRes": null, "NoOfBus": null, "NoOfResPro": null, "UsedPorts": "72", "FreePorts": "0", "Location": "13614, Highway 17", "Struct_ID": "P205500", "Status": "Proposed", "Placement": "Outdoor", "CabinetSz": "630*470*416mm", "NoOfSpltt": "3", "Spltt_ID's": null, "Permit_ID": "FS18-AR150-BC-MIA", "Lot_No": null, "FSA_No": "HURON SHORES FSA18", "OLT_ID": "201", "Subdiv": "2", "PermApplOn": null, "PermApprOn": null, "Contractor": null, "DtAsgCnstr": null, "DtInstald": null, "SKU": "FDH72-SCAPC-132-30M", "spltt_ids": "SP5000209,SP5000210,SP5000211", "layer": null, "path": null }, "geometry": { "type": "Point", "coordinates": [ 307738.029862844850868, 5126829.66458344925195 ] } },
{ "type": "Feature", "properties": { "ID": "FDH202022", "Size": "72", "Owner": "Rock Networks", "NoOfRes": null, "NoOfBus": null, "NoOfResPro": null, "UsedPorts": "60", "FreePorts": "12", "Location": "0, Robb Road", "Struct_ID": "P200030", "Status": "Proposed", "Placement": "Outdoor", "CabinetSz": "630*470*416mm", "NoOfSpltt": "3", "Spltt_ID's": null, "Permit_ID": "FS06-AR16-HO-OL", "Lot_No": null, "FSA_No": "BLIND RIVER FSA6", "OLT_ID": "202", "Subdiv": "2", "PermApplOn": null, "PermApprOn": null, "Contractor": null, "DtAsgCnstr": null, "DtInstald": null, "SKU": "FDH72-SCAPC-132-30M", "spltt_ids": "SP2000019,SP2000020,SP2000021", "layer": null, "path": null }, "geometry": { "type": "Point", "coordinates": [ 352220.079454061808065, 5117650.933703395538032 ] } },
{ "type": "Feature", "properties": { "ID": "FDH202002", "Size": "72", "Owner": "Rock Networks", "NoOfRes": null, "NoOfBus": null, "NoOfResPro": null, "UsedPorts": null, "FreePorts": null, "Location": "42, Leacock St", "Struct_ID": "P201840", "Status": "Proposed", "Placement": "Outdoor", "CabinetSz": "630*470*416mm", "NoOfSpltt": "3", "Spltt_ID's": null, "Permit_ID": "FS06-AR60-HO-OL", "Lot_No": null, "FSA_No": "BLIND RIVER FSA6", "OLT_ID": "202", "Subdiv": "2", "PermApplOn": null, "PermApprOn": null, "Contractor": null, "DtAsgCnstr": null, "DtInstald": null, "SKU": "FDH72-SCAPC-132-30M", "spltt_ids": "SP5000218,SP5000219,SP5000220", "layer": null, "path": null }, "geometry": { "type": "Point", "coordinates": [ 349811.177473039948381, 5116369.357199187390506 ] } },
{ "type": "Feature", "properties": { "ID": "FDH201051", "Size": "72", "Owner": "Rock Networks", "NoOfRes": null, "NoOfBus": null, "NoOfResPro": null, "UsedPorts": "48", "FreePorts": "24", "Location": "16246, Highway 17", "Struct_ID": "P204495", "Status": "Proposed", "Placement": "Outdoor", "CabinetSz": "630*470*416mm", "NoOfSpltt": "3", "Spltt_ID's": null, "Permit_ID": "FS18-AR117-BC-MIA", "Lot_No": null, "FSA_No": "HURON SHORES FSA18", "OLT_ID": "201", "Subdiv": "2", "PermApplOn": null, "PermApprOn": null, "Contractor": null, "DtAsgCnstr": null, "DtInstald": null, "SKU": "FDH72-SCAPC-132-30M", "spltt_ids": "SP2000193,SP2000194,SP2000195", "layer": null, "path": null }, "geometry": { "type": "Point", "coordinates": [ 320074.310169821546879, 5129262.832711263559759 ] } },
{ "type": "Feature", "properties": { "ID": "FDH202030", "Size": "72", "Owner": "Rock Networks", "NoOfRes": null, "NoOfBus": null, "NoOfResPro": null, "UsedPorts": "62", "FreePorts": "10", "Location": "74 B, Rocky Road", "Struct_ID": "P200438", "Status": "Proposed", "Placement": "Outdoor", "CabinetSz": "630*470*416mm", "NoOfSpltt": "3", "Spltt_ID's": null, "Permit_ID": "FS06-AR92-HO-OL", "Lot_No": null, "FSA_No": "BLIND RIVER FSA6", "OLT_ID": "202", "Subdiv": "2", "PermApplOn": null, "PermApprOn": null, "Contractor": null, "DtAsgCnstr": null, "DtInstald": null, "SKU": "FDH72-SCAPC-132-30M", "spltt_ids": "SP2000034,SP2000035,SP2000036", "layer": null, "path": null }, "geometry": { "type": "Point", "coordinates": [ 354041.489056544494815, 5119822.693356091156602 ] } },
{ "type": "Feature", "properties": { "ID": "FDH202046", "Size": "144", "Owner": "Rock Networks", "NoOfRes": null, "NoOfBus": null, "NoOfResPro": null, "UsedPorts": "98", "FreePorts": "46", "Location": "202, YOUNGFOX ROAD", "Struct_ID": "P202241", "Status": "Proposed", "Placement": "Outdoor", "CabinetSz": "640*506*470mm", "NoOfSpltt": "5", "Spltt_ID's": null, "Permit_ID": "FS06-AR56-HO-OL", "Lot_No": null, "FSA_No": "BLIND RIVER FSA6", "OLT_ID": "202", "Subdiv": "2", "PermApplOn": null, "PermApprOn": null, "Contractor": null, "DtAsgCnstr": null, "DtInstald": null, "SKU": "FDH144-SCAPC-132-30M", "spltt_ids": "SP2000092,SP2000093,SP2000094,SP2000095,SP2000096", "layer": null, "path": null }, "geometry": { "type": "Point", "coordinates": [ 347674.402373250573874, 5116502.536070230416954 ] } },
{ "type": "Feature", "properties": { "ID": "FDH303001", "Size": "72", "Owner": "Rock Networks", "NoOfRes": "30", "NoOfBus": "1", "NoOfResPro": null, "UsedPorts": "60", "FreePorts": "12", "Location": "Birch Lake Road", "Struct_ID": "P300037", "Status": "Proposed", "Placement": "Outdoor", "CabinetSz": "630*470*416mm", "NoOfSpltt": "3", "Spltt_ID's": null, "Permit_ID": "FS27-AR01-HO-OL", "Lot_No": null, "FSA_No": "SABLES-SPANISH RIVERS", "OLT_ID": "303", "Subdiv": "3", "PermApplOn": null, "PermApprOn": null, "Contractor": null, "DtAsgCnstr": null, "DtInstald": null, "SKU": "FDH72-SCAPC-132-30M", "spltt_ids": "SP3000050,SP3000051,SP3000052", "layer": null, "path": null }, "geometry": { "type": "Point", "coordinates": [ 417684.034663446596824, 5119105.181803482584655 ] } },
{ "type": "Feature", "properties": { "ID": "FDH301045", "Size": "144", "Owner": "Rock Networks", "NoOfRes": "50", "NoOfBus": null, "NoOfResPro": null, "UsedPorts": "82", "FreePorts": "62", "Location": "108 Highway", "Struct_ID": "P300519", "Status": "Proposed", "Placement": "Outdoor", "CabinetSz": "640*506*470mm", "NoOfSpltt": "5", "Spltt_ID's": null, "Permit_ID": "FS11-AR19-HO-OL", "Lot_No": null, "FSA_No": "ELLIOT LAKE", "OLT_ID": "301", "Subdiv": "3", "PermApplOn": null, "PermApprOn": null, "Contractor": null, "DtAsgCnstr": null, "DtInstald": null, "SKU": "FDH144-SCAPC-132-30M", "spltt_ids": "SP3000089,SP3000090,SP3000022,SP3000023,SP3000024", "layer": null, "path": null }, "geometry": { "type": "Point", "coordinates": [ 372994.515677891147789, 5147147.417487559840083 ] } },
{ "type": "Feature", "properties": { "ID": "FDH302038", "Size": "72", "Owner": "Rock Networks", "NoOfRes": "24", "NoOfBus": null, "NoOfResPro": null, "UsedPorts": "52", "FreePorts": "20", "Location": "TransCanada Highway", "Struct_ID": "P308840", "Status": "Proposed", "Placement": "Outdoor", "CabinetSz": "630*470*416mm", "NoOfSpltt": "3", "Spltt_ID's": null, "Permit_ID": "FS37-AR08-HO-OL", "Lot_No": null, "FSA_No": "THE NORTH SHORE", "OLT_ID": "302", "Subdiv": "3", "PermApplOn": null, "PermApprOn": null, "Contractor": null, "DtAsgCnstr": null, "DtInstald": null, "SKU": "FDH72-SCAPC-132-30M", "spltt_ids": "SP3000038,SP3000039,SP3000040", "layer": null, "path": null }, "geometry": { "type": "Point", "coordinates": [ 360999.28205091052223, 5116938.099043362773955 ] } },
{ "type": "Feature", "properties": { "ID": "FDH302023", "Size": "144", "Owner": "Rock Networks", "NoOfRes": "28", "NoOfBus": null, "NoOfResPro": null, "UsedPorts": "66", "FreePorts": "78", "Location": "Martin Rd", "Struct_ID": "P309916", "Status": "Proposed", "Placement": "Outdoor", "CabinetSz": "640*506*470mm", "NoOfSpltt": "5", "Spltt_ID's": null, "Permit_ID": "FS37-AR14-BC-MIA", "Lot_No": null, "FSA_No": "THE NORTH SHORE", "OLT_ID": "302", "Subdiv": "3", "PermApplOn": null, "PermApprOn": null, "Contractor": null, "DtAsgCnstr": null, "DtInstald": null, "SKU": "FDH144-SCAPC-132-30M", "spltt_ids": "SP3000140,SP3000136,SP3000137,SP3000138,SP3000139", "layer": null, "path": null }, "geometry": { "type": "Point", "coordinates": [ 377756.685403644223697, 5118808.831537341699004 ] } },
{ "type": "Feature", "properties": { "ID": "FDH301042", "Size": "144", "Owner": "Rock Networks", "NoOfRes": "30", "NoOfBus": "11", "NoOfResPro": null, "UsedPorts": "92", "FreePorts": "52", "Location": "108 Highway", "Struct_ID": "P301563", "Status": "Proposed", "Placement": "Outdoor", "CabinetSz": "640*506*470mm", "NoOfSpltt": "5", "Spltt_ID's": null, "Permit_ID": "FS11-AR13-HO-OL", "Lot_No": null, "FSA_No": "ELLIOT LAKE", "OLT_ID": "301", "Subdiv": "3", "PermApplOn": null, "PermApprOn": null, "Contractor": null, "DtAsgCnstr": null, "DtInstald": null, "SKU": "FDH144-SCAPC-132-30M", "spltt_ids": "SP3000132,SP3000133,SP3000134,SP3000135,SP3000016", "layer": null, "path": null }, "geometry": { "type": "Point", "coordinates": [ 372652.185686056793202, 5139451.203134469687939 ] } },
{ "type": "Feature", "properties": { "ID": "FDH303041", "Size": "144", "Owner": "Rock Networks", "NoOfRes": "43", "NoOfBus": null, "NoOfResPro": null, "UsedPorts": "70", "FreePorts": "74", "Location": "Highway 17 (Trans-Canada)", "Struct_ID": "P300618", "Status": "Proposed", "Placement": "Outdoor", "CabinetSz": "640*506*470mm", "NoOfSpltt": "5", "Spltt_ID's": null, "Permit_ID": "FS27-AR42-BC-MIA", "Lot_No": null, "FSA_No": "SABLES-SPANISH RIVERS", "OLT_ID": "303", "Subdiv": "3", "PermApplOn": null, "PermApprOn": null, "Contractor": null, "DtAsgCnstr": null, "DtInstald": null, "SKU": "FDH144-SCAPC-132-30M", "spltt_ids": "SP3000001,SP3000002,SP3000003,SP3000162,SP3000163", "layer": null, "path": null }, "geometry": { "type": "Point", "coordinates": [ 433258.523377709672786, 5124820.434023727662861 ] } },
{ "type": "Feature", "properties": { "ID": "FDH302024", "Size": "144", "Owner": "Rock Networks", "NoOfRes": "39", "NoOfBus": null, "NoOfResPro": null, "UsedPorts": "66", "FreePorts": "78", "Location": "Highway 17 (Trans-Canada)", "Struct_ID": "P310139", "Status": "Proposed", "Placement": "Outdoor", "CabinetSz": "640*506*470mm", "NoOfSpltt": "5", "Spltt_ID's": null, "Permit_ID": "FS37-AR23-BC-MIA", "Lot_No": null, "FSA_No": "THE NORTH SHORE", "OLT_ID": "302", "Subdiv": "3", "PermApplOn": null, "PermApprOn": null, "Contractor": null, "DtAsgCnstr": null, "DtInstald": null, "SKU": "FDH144-SCAPC-132-30M", "spltt_ids": "SP3000068,SP3000069,SP3000070,SP3000170,SP3000171", "layer": null, "path": null }, "geometry": { "type": "Point", "coordinates": [ 368565.512502154277172, 5117739.036719916388392 ] } },
{ "type": "Feature", "properties": { "ID": "FDH302027", "Size": "144", "Owner": "Rock Networks", "NoOfRes": "26", "NoOfBus": "1", "NoOfResPro": null, "UsedPorts": "60", "FreePorts": "84", "Location": "Riverview Road", "Struct_ID": "P307240", "Status": "Proposed", "Placement": "Outdoor", "CabinetSz": "640*506*470mm", "NoOfSpltt": "5", "Spltt_ID's": null, "Permit_ID": "FS37-AR30-HO-OL", "Lot_No": null, "FSA_No": "THE NORTH SHORE", "OLT_ID": "302", "Subdiv": "3", "PermApplOn": null, "PermApprOn": null, "Contractor": null, "DtAsgCnstr": null, "DtInstald": null, "SKU": "FDH144-SCAPC-132-30M", "spltt_ids": "SP3000141,SP3000142,SP3000143,SP3000144,SP3000027", "layer": null, "path": null }, "geometry": { "type": "Point", "coordinates": [ 381263.007799810206052, 5118530.46666044741869 ] } },
{ "type": "Feature", "properties": { "ID": "FDH302026", "Size": "144", "Owner": "Rock Networks", "NoOfRes": "36", "NoOfBus": "1", "NoOfResPro": null, "UsedPorts": "66", "FreePorts": "78", "Location": "TransCanada Highway", "Struct_ID": "P309616", "Status": "Proposed", "Placement": "Outdoor", "CabinetSz": "640*506*470mm", "NoOfSpltt": "5", "Spltt_ID's": null, "Permit_ID": "FS37-AR18-BC-MIA", "Lot_No": null, "FSA_No": "THE NORTH SHORE", "OLT_ID": "302", "Subdiv": "3", "PermApplOn": null, "PermApprOn": null, "Contractor": null, "DtAsgCnstr": null, "DtInstald": null, "SKU": "FDH144-SCAPC-132-30M", "spltt_ids": "SP3000145,SP3000146,SP3000147,SP3000148,SP3000149", "layer": null, "path": null }, "geometry": { "type": "Point", "coordinates": [ 375135.741351162432693, 5118711.117275647819042 ] } },
{ "type": "Feature", "properties": { "ID": "FDH303012", "Size": "144", "Owner": "Rock Networks", "NoOfRes": "84", "NoOfBus": null, "NoOfResPro": null, "UsedPorts": "126", "FreePorts": "18", "Location": "Algoma Street W", "Struct_ID": "P310245", "Status": "Proposed", "Placement": "Outdoor", "CabinetSz": "640*506*470mm", "NoOfSpltt": "5", "Spltt_ID's": null, "Permit_ID": "FS27-AR124-BC-MIA", "Lot_No": null, "FSA_No": "SABLES-SPANISH RIVERS", "OLT_ID": "303", "Subdiv": "3", "PermApplOn": null, "PermApprOn": null, "Contractor": null, "DtAsgCnstr": null, "DtInstald": null, "SKU": "FDH144-SCAPC-132-30M", "spltt_ids": "SP3000123,SP3000124,SP3000125,SP3000126,SP3000127", "layer": null, "path": null }, "geometry": { "type": "Point", "coordinates": [ 416139.816619368677493, 5118325.449155093170702 ] } },
{ "type": "Feature", "properties": { "ID": "FDH303011", "Size": "72", "Owner": "Rock Networks", "NoOfRes": "24", "NoOfBus": null, "NoOfResPro": null, "UsedPorts": "64", "FreePorts": "8", "Location": "Tracy Road", "Struct_ID": "P303420", "Status": "Proposed", "Placement": "Outdoor", "CabinetSz": "630*470*416mm", "NoOfSpltt": "3", "Spltt_ID's": null, "Permit_ID": "FS27-AR02-HO-NS", "Lot_No": null, "FSA_No": "SABLES-SPANISH RIVERS", "OLT_ID": "303", "Subdiv": "3", "PermApplOn": null, "PermApprOn": null, "Contractor": null, "DtAsgCnstr": null, "DtInstald": null, "SKU": "FDH72-SCAPC-132-30M", "spltt_ids": "SP3000055,SP3000053,SP3000054", "layer": null, "path": null }, "geometry": { "type": "Point", "coordinates": [ 421035.847472254303284, 5122328.752804620191455 ] } },
{ "type": "Feature", "properties": { "ID": "FDH303002", "Size": "72", "Owner": "Rock Networks", "NoOfRes": "12", "NoOfBus": null, "NoOfResPro": null, "UsedPorts": "52", "FreePorts": "20", "Location": "Highway 17 (Trans-Canada)", "Struct_ID": "P304692", "Status": "Proposed", "Placement": "Outdoor", "CabinetSz": "630*470*416mm", "NoOfSpltt": "3", "Spltt_ID's": null, "Permit_ID": "FS27-AR50-BC-MIA", "Lot_No": null, "FSA_No": "SABLES-SPANISH RIVERS", "OLT_ID": "303", "Subdiv": "3", "PermApplOn": null, "PermApprOn": null, "Contractor": null, "DtAsgCnstr": null, "DtInstald": null, "SKU": "FDH72-SCAPC-132-30M", "spltt_ids": "SP3000078,SP3000079,SP3000080", "layer": null, "path": null }, "geometry": { "type": "Point", "coordinates": [ 424959.877529781952035, 5120269.865922722034156 ] } },
{ "type": "Feature", "properties": { "ID": "FDH303007", "Size": "144", "Owner": "Rock Networks", "NoOfRes": "27", "NoOfBus": null, "NoOfResPro": null, "UsedPorts": "68", "FreePorts": "76", "Location": "Lee Valley Road", "Struct_ID": "P305286", "Status": "Proposed", "Placement": "Outdoor", "CabinetSz": "640*506*470mm", "NoOfSpltt": "5", "Spltt_ID's": null, "Permit_ID": "FS27-AR17-HO-OL", "Lot_No": null, "FSA_No": "SABLES-SPANISH RIVERS", "OLT_ID": "303", "Subdiv": "3", "PermApplOn": null, "PermApprOn": null, "Contractor": null, "DtAsgCnstr": null, "DtInstald": null, "SKU": "FDH144-SCAPC-132-30M", "spltt_ids": "SP3000091,SP3000092,SP3000093,SP3000094,SP3000095", "layer": null, "path": null }, "geometry": { "type": "Point", "coordinates": [ 420806.818904701271094, 5117609.790688933804631 ] } },
{ "type": "Feature", "properties": { "ID": "FDH303014", "Size": "288", "Owner": "Rock Networks", "NoOfRes": "59", "NoOfBus": null, "NoOfResPro": null, "UsedPorts": "140", "FreePorts": "148", "Location": "Highway 17 (Trans-Canada)", "Struct_ID": "P306202", "Status": "Proposed", "Placement": "Outdoor", "CabinetSz": "1050*506*470mm", "NoOfSpltt": "9", "Spltt_ID's": null, "Permit_ID": "FS27-AR113-HO-OL", "Lot_No": null, "FSA_No": "SABLES-SPANISH RIVERS", "OLT_ID": "303", "Subdiv": "3", "PermApplOn": null, "PermApprOn": null, "Contractor": null, "DtAsgCnstr": null, "DtInstald": null, "SKU": "FDH288-SCAPC-132-30M", "spltt_ids": "SP3000030,SP3000031,SP3000032,SP3000033,SP3000113,SP3000168,SP3000169,SP3000166,SP3000167", "layer": null, "path": null }, "geometry": { "type": "Point", "coordinates": [ 409579.997114054684062, 5117338.674218522384763 ] } },
{ "type": "Feature", "properties": { "ID": "FDH301043", "Size": "144", "Owner": "Rock Networks", "NoOfRes": "40", "NoOfBus": null, "NoOfResPro": null, "UsedPorts": "66", "FreePorts": "78", "Location": "Stanrock Rd", "Struct_ID": "P300901", "Status": "Proposed", "Placement": "Outdoor", "CabinetSz": "640*506*470mm", "NoOfSpltt": "5", "Spltt_ID's": null, "Permit_ID": "FS11-AR24-HO-NS", "Lot_No": null, "FSA_No": "ELLIOT LAKE", "OLT_ID": "301", "Subdiv": "3", "PermApplOn": null, "PermApprOn": null, "Contractor": null, "DtAsgCnstr": null, "DtInstald": null, "SKU": "FDH144-SCAPC-132-30M", "spltt_ids": "SP3000101,SP3000102,SP3000103,SP3000025,SP3000026", "layer": null, "path": null }, "geometry": { "type": "Point", "coordinates": [ 380585.486745917296503, 5145271.888251427561045 ] } },
{ "type": "Feature", "properties": { "ID": "FDH302020", "Size": "72", "Owner": "Rock Networks", "NoOfRes": "42", "NoOfBus": null, "NoOfResPro": null, "UsedPorts": "58", "FreePorts": "14", "Location": "Kecil Lake Rd", "Struct_ID": "P305959", "Status": "Proposed", "Placement": "Outdoor", "CabinetSz": "630*470*416mm", "NoOfSpltt": "3", "Spltt_ID's": null, "Permit_ID": "FS32-AR08-HO-NS", "Lot_No": null, "FSA_No": "SPANISH", "OLT_ID": "302", "Subdiv": "3", "PermApplOn": null, "PermApprOn": null, "Contractor": null, "DtAsgCnstr": null, "DtInstald": null, "SKU": "FDH72-SCAPC-132-30M", "spltt_ids": "SP3000153,SP3000154,SP3000034", "layer": null, "path": null }, "geometry": { "type": "Point", "coordinates": [ 398384.301048224093392, 5124630.473051652312279 ] } },
{ "type": "Feature", "properties": { "ID": "FDH302040", "Size": "144", "Owner": "Rock Networks", "NoOfRes": "70", "NoOfBus": null, "NoOfResPro": null, "UsedPorts": "82", "FreePorts": "62", "Location": "South Ridge Road", "Struct_ID": "P309889", "Status": "Proposed", "Placement": "Outdoor", "CabinetSz": "640*506*470mm", "NoOfSpltt": "5", "Spltt_ID's": null, "Permit_ID": "FS37-AR09-BC-MIA", "Lot_No": null, "FSA_No": "THE NORTH SHORE", "OLT_ID": "302", "Subdiv": "3", "PermApplOn": null, "PermApprOn": null, "Contractor": null, "DtAsgCnstr": null, "DtInstald": null, "SKU": "FDH144-SCAPC-132-30M", "spltt_ids": "SP3000157,SP3000158,SP3000159,SP3000160,SP3000161", "layer": null, "path": null }, "geometry": { "type": "Point", "coordinates": [ 359305.495855956920423, 5117486.177373060956597 ] } },
{ "type": "Feature", "properties": { "ID": "FDH303035", "Size": "72", "Owner": "Rock Networks", "NoOfRes": "39", "NoOfBus": null, "NoOfResPro": null, "UsedPorts": "64", "FreePorts": "8", "Location": "Sugar Lake Road", "Struct_ID": "P306286", "Status": "Proposed", "Placement": "Outdoor", "CabinetSz": "630*470*416mm", "NoOfSpltt": "3", "Spltt_ID's": null, "Permit_ID": "FS27-AR128-HO-OL", "Lot_No": null, "FSA_No": "SABLES-SPANISH RIVERS", "OLT_ID": "303", "Subdiv": "3", "PermApplOn": null, "PermApprOn": null, "Contractor": null, "DtAsgCnstr": null, "DtInstald": null, "SKU": "FDH72-SCAPC-132-30M", "spltt_ids": "SP3000004,SP3000005,SP3000006", "layer": null, "path": null }, "geometry": { "type": "Point", "coordinates": [ 404975.542091972660273, 5118326.158906958065927 ] } },
{ "type": "Feature", "properties": { "ID": "FDH302030", "Size": "144", "Owner": "Rock Networks", "NoOfRes": "40", "NoOfBus": null, "NoOfResPro": null, "UsedPorts": "92", "FreePorts": "52", "Location": "Victoria Back Line", "Struct_ID": "P306465", "Status": "Proposed", "Placement": "Outdoor", "CabinetSz": "640*506*470mm", "NoOfSpltt": "5", "Spltt_ID's": null, "Permit_ID": "FS27-AR119-HO-NS", "Lot_No": null, "FSA_No": "SABLES-SPANISH RIVERS", "OLT_ID": "302", "Subdiv": "3", "PermApplOn": null, "PermApprOn": null, "Contractor": null, "DtAsgCnstr": null, "DtInstald": null, "SKU": "FDH144-SCAPC-132-30M", "spltt_ids": "SP3000096,SP3000097,SP3000098,SP3000099,SP3000100", "layer": null, "path": null }, "geometry": { "type": "Point", "coordinates": [ 400690.785871994623449, 5119225.572416278533638 ] } },
{ "type": "Feature", "properties": { "ID": "FDH302018", "Size": "72", "Owner": "Rock Networks", "NoOfRes": "23", "NoOfBus": "4", "NoOfResPro": null, "UsedPorts": "60", "FreePorts": "12", "Location": "Highway 17 (Trans-Canada)", "Struct_ID": "P307764", "Status": "Proposed", "Placement": "Outdoor", "CabinetSz": "630*470*416mm", "NoOfSpltt": "3", "Spltt_ID's": null, "Permit_ID": "FS29-AR03-HO-OL", "Lot_No": null, "FSA_No": "SERPENT RIVER 7", "OLT_ID": "302", "Subdiv": "3", "PermApplOn": null, "PermApprOn": null, "Contractor": null, "DtAsgCnstr": null, "DtInstald": null, "SKU": "FDH72-SCAPC-132-30M", "spltt_ids": "SP3000047,SP3000048,SP3000049", "layer": null, "path": null }, "geometry": { "type": "Point", "coordinates": [ 388315.649212541640736, 5117785.424797689542174 ] } },
{ "type": "Feature", "properties": { "ID": "FDH303032", "Size": "144", "Owner": "Rock Networks", "NoOfRes": "27", "NoOfBus": null, "NoOfResPro": null, "UsedPorts": "76", "FreePorts": "68", "Location": "Mailloux Road", "Struct_ID": "P306443", "Status": "Proposed", "Placement": "Outdoor", "CabinetSz": "640*506*470mm", "NoOfSpltt": "5", "Spltt_ID's": null, "Permit_ID": "FS27-AR117-HO-NS", "Lot_No": null, "FSA_No": "SABLES-SPANISH RIVERS", "OLT_ID": "303", "Subdiv": "3", "PermApplOn": null, "PermApprOn": null, "Contractor": null, "DtAsgCnstr": null, "DtInstald": null, "SKU": "FDH144-SCAPC-132-30M", "spltt_ids": "SP3000118,SP3000119,SP3000120,SP3000121,SP3000122", "layer": null, "path": null }, "geometry": { "type": "Point", "coordinates": [ 401342.008980856509879, 5117731.33037818223238 ] } },
{ "type": "Feature", "properties": { "ID": "FDH303015", "Size": "72", "Owner": "Rock Networks", "NoOfRes": "33", "NoOfBus": null, "NoOfResPro": null, "UsedPorts": "48", "FreePorts": "24", "Location": "Government Road W", "Struct_ID": "P304852", "Status": "Proposed", "Placement": "Outdoor", "CabinetSz": "630*470*416mm", "NoOfSpltt": "3", "Spltt_ID's": null, "Permit_ID": "FS27-AR26-HO-NS", "Lot_No": null, "FSA_No": "SABLES-SPANISH RIVERS", "OLT_ID": "303", "Subdiv": "3", "PermApplOn": null, "PermApprOn": null, "Contractor": null, "DtAsgCnstr": null, "DtInstald": null, "SKU": "FDH72-SCAPC-132-30M", "spltt_ids": "SP3000059,SP3000060,SP3000061", "layer": null, "path": null }, "geometry": { "type": "Point", "coordinates": [ 416499.480391417164356, 5117523.490124576725066 ] } },
{ "type": "Feature", "properties": { "ID": "FDH303003", "Size": "144", "Owner": "Rock Networks", "NoOfRes": "57", "NoOfBus": null, "NoOfResPro": null, "UsedPorts": "128", "FreePorts": "16", "Location": "Highway 17 (Trans-Canada)", "Struct_ID": "P304651", "Status": "Proposed", "Placement": "Outdoor", "CabinetSz": "640*506*470mm", "NoOfSpltt": "5", "Spltt_ID's": null, "Permit_ID": "FS27-AR65-BC-MIA", "Lot_No": null, "FSA_No": "SABLES-SPANISH RIVERS", "OLT_ID": "303", "Subdiv": "3", "PermApplOn": null, "PermApprOn": null, "Contractor": null, "DtAsgCnstr": null, "DtInstald": null, "SKU": "FDH144-SCAPC-132-30M", "spltt_ids": "SP3000104,SP3000105,SP3000106,SP3000107,SP3000108", "layer": null, "path": null }, "geometry": { "type": "Point", "coordinates": [ 419862.48993389646057, 5118797.222143199294806 ] } },
{ "type": "Feature", "properties": { "ID": "FDH303004", "Size": "72", "Owner": "Rock Networks", "NoOfRes": "22", "NoOfBus": null, "NoOfResPro": null, "UsedPorts": "62", "FreePorts": "10", "Location": "Lee Valley Road", "Struct_ID": "P302309", "Status": "Proposed", "Placement": "Outdoor", "CabinetSz": "630*470*416mm", "NoOfSpltt": "3", "Spltt_ID's": null, "Permit_ID": "FS27-AR03-HO-OL", "Lot_No": null, "FSA_No": "SABLES-SPANISH RIVERS", "OLT_ID": "303", "Subdiv": "3", "PermApplOn": null, "PermApprOn": null, "Contractor": null, "DtAsgCnstr": null, "DtInstald": null, "SKU": "FDH72-SCAPC-132-30M", "spltt_ids": "SP3000044,SP3000045,SP3000046", "layer": null, "path": null }, "geometry": { "type": "Point", "coordinates": [ 430230.5944843183388, 5119005.800638030283153 ] } },
{ "type": "Feature", "properties": { "ID": "FDH303005", "Size": "72", "Owner": "Rock Networks", "NoOfRes": "25", "NoOfBus": null, "NoOfResPro": null, "UsedPorts": "64", "FreePorts": "8", "Location": "Lee Valley Road", "Struct_ID": "P302317", "Status": "Proposed", "Placement": "Outdoor", "CabinetSz": "630*470*416mm", "NoOfSpltt": "3", "Spltt_ID's": null, "Permit_ID": "FS27-AR03-HO-OL", "Lot_No": null, "FSA_No": "SABLES-SPANISH RIVERS", "OLT_ID": "303", "Subdiv": "3", "PermApplOn": null, "PermApprOn": null, "Contractor": null, "DtAsgCnstr": null, "DtInstald": null, "SKU": "FDH72-SCAPC-132-30M", "spltt_ids": "SP3000065,SP3000066,SP3000067", "layer": null, "path": null }, "geometry": { "type": "Point", "coordinates": [ 428143.891231726564001, 5117240.231056301854551 ] } },
{ "type": "Feature", "properties": { "ID": "FDH303009", "Size": "72", "Owner": "Rock Networks", "NoOfRes": "22", "NoOfBus": null, "NoOfResPro": null, "UsedPorts": "64", "FreePorts": "8", "Location": "River Road E", "Struct_ID": "P304422", "Status": "Proposed", "Placement": "Outdoor", "CabinetSz": "630*470*416mm", "NoOfSpltt": "3", "Spltt_ID's": null, "Permit_ID": "FS27-AR11-HO-OL", "Lot_No": null, "FSA_No": "SABLES-SPANISH RIVERS", "OLT_ID": "303", "Subdiv": "3", "PermApplOn": null, "PermApprOn": null, "Contractor": null, "DtAsgCnstr": null, "DtInstald": null, "SKU": "FDH72-SCAPC-132-30M", "spltt_ids": "SP3000035,SP3000036,SP3000037", "layer": null, "path": null }, "geometry": { "type": "Point", "coordinates": [ 415301.290953094547149, 5114423.175701140426099 ] } },
{ "type": "Feature", "properties": { "ID": "FDH301036", "Size": "72", "Owner": "Rock Networks", "NoOfRes": "30", "NoOfBus": null, "NoOfResPro": null, "UsedPorts": "30", "FreePorts": "42", "Location": "Dunlop Shores Rd", "Struct_ID": "315", "Status": "Proposed", "Placement": "Outdoor", "CabinetSz": "630*470*416mm", "NoOfSpltt": "3", "Spltt_ID's": null, "Permit_ID": "FS32-MC06-UG-P1", "Lot_No": null, "FSA_No": "ELLIOT LAKE", "OLT_ID": "301", "Subdiv": "3", "PermApplOn": null, "PermApprOn": null, "Contractor": null, "DtAsgCnstr": null, "DtInstald": null, "SKU": "FDH72-SCAPC-132-30M", "spltt_ids": "SP3000150,SP3000151,SP3000152", "layer": null, "path": null }, "geometry": { "type": "Point", "coordinates": [ 362865.056646414741408, 5150084.351638640277088 ] } },
{ "type": "Feature", "properties": { "ID": "FDH301044", "Size": "72", "Owner": "Rock Networks", "NoOfRes": "31", "NoOfBus": null, "NoOfResPro": null, "UsedPorts": "52", "FreePorts": "20", "Location": "W Bobcat Trail", "Struct_ID": "P300979", "Status": "Proposed", "Placement": "Outdoor", "CabinetSz": "630*470*416mm", "NoOfSpltt": "3", "Spltt_ID's": null, "Permit_ID": "FS11-AR28-HO-NS", "Lot_No": null, "FSA_No": "ELLIOT LAKE", "OLT_ID": "301", "Subdiv": "3", "PermApplOn": null, "PermApprOn": null, "Contractor": null, "DtAsgCnstr": null, "DtInstald": null, "SKU": "FDH72-SCAPC-132-30M", "spltt_ids": "SP3000020,SP3000021,SP3000071", "layer": null, "path": null }, "geometry": { "type": "Point", "coordinates": [ 379139.854843073582742, 5146591.898086157627404 ] } },
{ "type": "Feature", "properties": { "ID": "FDH303006", "Size": "72", "Owner": "Rock Networks", "NoOfRes": "26", "NoOfBus": null, "NoOfResPro": null, "UsedPorts": "66", "FreePorts": "6", "Location": "Brohart Road", "Struct_ID": "P303187", "Status": "Proposed", "Placement": "Outdoor", "CabinetSz": "630*470*416mm", "NoOfSpltt": "3", "Spltt_ID's": null, "Permit_ID": "FS27-AR29-HO-NS", "Lot_No": null, "FSA_No": "SABLES-SPANISH RIVERS", "OLT_ID": "303", "Subdiv": "3", "PermApplOn": null, "PermApprOn": null, "Contractor": null, "DtAsgCnstr": null, "DtInstald": null, "SKU": "FDH72-SCAPC-132-30M", "spltt_ids": "SP3000075,SP3000076,SP3000077", "layer": null, "path": null }, "geometry": { "type": "Point", "coordinates": [ 419189.134747532312758, 5114468.025970729999244 ] } },
{ "type": "Feature", "properties": { "ID": "FDH301028", "Size": "144", "Owner": "Rock Networks", "NoOfRes": "52", "NoOfBus": null, "NoOfResPro": null, "UsedPorts": "52", "FreePorts": "92", "Location": "Dunlop Shores Rd", "Struct_ID": "157", "Status": "Proposed", "Placement": "Outdoor", "CabinetSz": "640*506*470mm", "NoOfSpltt": "5", "Spltt_ID's": null, "Permit_ID": "FS32-MC05-UG-P2", "Lot_No": null, "FSA_No": "ELLIOT LAKE", "OLT_ID": "301", "Subdiv": "3", "PermApplOn": null, "PermApprOn": null, "Contractor": null, "DtAsgCnstr": null, "DtInstald": null, "SKU": "FDH144-SCAPC-132-30M", "spltt_ids": "SP3000128,SP3000129,SP3000130,SP3000014,SP3000015", "layer": null, "path": null }, "geometry": { "type": "Point", "coordinates": [ 368101.989425622159615, 5149969.865005846135318 ] } },
{ "type": "Feature", "properties": { "ID": "FDH301037", "Size": "72", "Owner": "Rock Networks", "NoOfRes": "44", "NoOfBus": null, "NoOfResPro": null, "UsedPorts": "44", "FreePorts": "28", "Location": "Beaver Pond Rd", "Struct_ID": "251", "Status": "Proposed", "Placement": "Outdoor", "CabinetSz": "630*470*416mm", "NoOfSpltt": "3", "Spltt_ID's": null, "Permit_ID": "FS32-MC05-UG-P1", "Lot_No": null, "FSA_No": "ELLIOT LAKE", "OLT_ID": "301", "Subdiv": "3", "PermApplOn": null, "PermApprOn": null, "Contractor": null, "DtAsgCnstr": null, "DtInstald": null, "SKU": "FDH72-SCAPC-132-30M", "spltt_ids": "SP3000011,SP3000012,SP3000013", "layer": null, "path": null }, "geometry": { "type": "Point", "coordinates": [ 365640.698148735158611, 5150260.909679993055761 ] } },
{ "type": "Feature", "properties": { "ID": "FDH303016", "Size": "72", "Owner": "Rock Networks", "NoOfRes": "49", "NoOfBus": null, "NoOfResPro": null, "UsedPorts": "58", "FreePorts": "14", "Location": "W Branch Rd", "Struct_ID": "P310235", "Status": "Proposed", "Placement": "Outdoor", "CabinetSz": "630*470*416mm", "NoOfSpltt": "3", "Spltt_ID's": null, "Permit_ID": "FS27-AR39-BC-MIA", "Lot_No": null, "FSA_No": "SABLES-SPANISH RIVERS", "OLT_ID": "303", "Subdiv": "3", "PermApplOn": null, "PermApprOn": null, "Contractor": null, "DtAsgCnstr": null, "DtInstald": null, "SKU": "FDH72-SCAPC-132-30M", "spltt_ids": "SP3000084,SP3000085,SP3000086", "layer": null, "path": null }, "geometry": { "type": "Point", "coordinates": [ 428309.622412822965998, 5129967.944384723901749 ] } },
{ "type": "Feature", "properties": { "ID": "FDH302022", "Size": "144", "Owner": "Rock Networks", "NoOfRes": "31", "NoOfBus": null, "NoOfResPro": null, "UsedPorts": "108", "FreePorts": "36", "Location": "477, Waterfalls Road", "Struct_ID": "P306530", "Status": "Proposed", "Placement": "Outdoor", "CabinetSz": "640*506*470mm", "NoOfSpltt": "5", "Spltt_ID's": null, "Permit_ID": "FS27-AR132-HO-NS", "Lot_No": null, "FSA_No": "SABLES-SPANISH RIVERS", "OLT_ID": "302", "Subdiv": "3", "PermApplOn": null, "PermApprOn": null, "Contractor": null, "DtAsgCnstr": null, "DtInstald": null, "SKU": "FDH144-SCAPC-132-30M", "spltt_ids": "SP3000007,SP3000008,SP3000009,SP3000164,SP3000165", "layer": null, "path": null }, "geometry": { "type": "Point", "coordinates": [ 399430.970214346598368, 5121633.68282887339592 ] } },
{ "type": "Feature", "properties": { "ID": "FDH302029", "Size": "72", "Owner": "Rock Networks", "NoOfRes": "28", "NoOfBus": null, "NoOfResPro": null, "UsedPorts": "48", "FreePorts": "24", "Location": "Waterfalls Road", "Struct_ID": "P306520", "Status": "Proposed", "Placement": "Outdoor", "CabinetSz": "630*470*416mm", "NoOfSpltt": "3", "Spltt_ID's": null, "Permit_ID": "FS27-AR159-HO-OL", "Lot_No": null, "FSA_No": "SABLES-SPANISH RIVERS", "OLT_ID": "302", "Subdiv": "3", "PermApplOn": null, "PermApprOn": null, "Contractor": null, "DtAsgCnstr": null, "DtInstald": null, "SKU": "FDH72-SCAPC-132-30M", "spltt_ids": "SP3000131,SP3000155,SP3000156", "layer": null, "path": null }, "geometry": { "type": "Point", "coordinates": [ 399945.646030068048276, 5121259.660096999257803 ] } },
{ "type": "Feature", "properties": { "ID": "FDH303034", "Size": "72", "Owner": "Rock Networks", "NoOfRes": "19", "NoOfBus": null, "NoOfResPro": null, "UsedPorts": "36", "FreePorts": "36", "Location": "Sugar Lake Road", "Struct_ID": "P306304", "Status": "Proposed", "Placement": "Outdoor", "CabinetSz": "630*470*416mm", "NoOfSpltt": "3", "Spltt_ID's": null, "Permit_ID": "FS27-AR134-HO-NS", "Lot_No": null, "FSA_No": "SABLES-SPANISH RIVERS", "OLT_ID": "303", "Subdiv": "3", "PermApplOn": null, "PermApprOn": null, "Contractor": null, "DtAsgCnstr": null, "DtInstald": null, "SKU": "FDH72-SCAPC-132-30M", "spltt_ids": "SP3000087,SP3000088,SP3000010", "layer": null, "path": null }, "geometry": { "type": "Point", "coordinates": [ 404684.592546535131987, 5120010.676027173176408 ] } },
{ "type": "Feature", "properties": { "ID": "FDH303017", "Size": "72", "Owner": "Rock Networks", "NoOfRes": "32", "NoOfBus": null, "NoOfResPro": null, "UsedPorts": "64", "FreePorts": "8", "Location": "Agnew Lake Road", "Struct_ID": "P304386", "Status": "Proposed", "Placement": "Outdoor", "CabinetSz": "630*470*416mm", "NoOfSpltt": "3", "Spltt_ID's": null, "Permit_ID": "FS27-AR32-BC-MIA", "Lot_No": null, "FSA_No": "SABLES-SPANISH RIVERS", "OLT_ID": "303", "Subdiv": "3", "PermApplOn": null, "PermApprOn": null, "Contractor": null, "DtAsgCnstr": null, "DtInstald": null, "SKU": "FDH72-SCAPC-132-30M", "spltt_ids": "SP3000041,SP3000042,SP3000043", "layer": null, "path": null }, "geometry": { "type": "Point", "coordinates": [ 431810.992497516970616, 5126523.230138844810426 ] } },
{ "type": "Feature", "properties": { "ID": "FDH303008", "Size": "72", "Owner": "Rock Networks", "NoOfRes": "27", "NoOfBus": null, "NoOfResPro": null, "UsedPorts": "62", "FreePorts": "10", "Location": "River Road E", "Struct_ID": "P303955", "Status": "Proposed", "Placement": "Outdoor", "CabinetSz": "630*470*416mm", "NoOfSpltt": "3", "Spltt_ID's": null, "Permit_ID": "FS27-AR07-BC-MIA", "Lot_No": null, "FSA_No": "SABLES-SPANISH RIVERS", "OLT_ID": "303", "Subdiv": "3", "PermApplOn": null, "PermApprOn": null, "Contractor": null, "DtAsgCnstr": null, "DtInstald": null, "SKU": "FDH72-SCAPC-132-30M", "spltt_ids": "SP3000056,SP3000057,SP3000058", "layer": null, "path": null }, "geometry": { "type": "Point", "coordinates": [ 410451.984835274866782, 5114492.060771144926548 ] } },
{ "type": "Feature", "properties": { "ID": "FDH303010", "Size": "72", "Owner": "Rock Networks", "NoOfRes": "38", "NoOfBus": null, "NoOfResPro": null, "UsedPorts": "56", "FreePorts": "16", "Location": "Lee Valley Road", "Struct_ID": "P303119", "Status": "Proposed", "Placement": "Outdoor", "CabinetSz": "630*470*416mm", "NoOfSpltt": "3", "Spltt_ID's": null, "Permit_ID": "FS27-AR05-HO-OL", "Lot_No": null, "FSA_No": "SABLES-SPANISH RIVERS", "OLT_ID": "303", "Subdiv": "3", "PermApplOn": null, "PermApprOn": null, "Contractor": null, "DtAsgCnstr": null, "DtInstald": null, "SKU": "FDH72-SCAPC-132-30M", "spltt_ids": "SP3000062,SP3000063,SP3000064", "layer": null, "path": null }, "geometry": { "type": "Point", "coordinates": [ 418111.212931067333557, 5117519.330874339677393 ] } },
{ "type": "Feature", "properties": { "ID": "FDH303013", "Size": "72", "Owner": "Rock Networks", "NoOfRes": "24", "NoOfBus": null, "NoOfResPro": null, "UsedPorts": "52", "FreePorts": "20", "Location": "Salter Back Line", "Struct_ID": "P306583", "Status": "Proposed", "Placement": "Outdoor", "CabinetSz": "630*470*416mm", "NoOfSpltt": "3", "Spltt_ID's": null, "Permit_ID": "FS27-AR74-HO-OL", "Lot_No": null, "FSA_No": "SABLES-SPANISH RIVERS", "OLT_ID": "303", "Subdiv": "3", "PermApplOn": null, "PermApprOn": null, "Contractor": null, "DtAsgCnstr": null, "DtInstald": null, "SKU": "FDH72-SCAPC-132-30M", "spltt_ids": "SP3000017,SP3000018,SP3000019", "layer": null, "path": null }, "geometry": { "type": "Point", "coordinates": [ 412679.493045262643136, 5119985.595153257250786 ] } },
{ "type": "Feature", "properties": { "ID": "FDH302019", "Size": "144", "Owner": "Rock Networks", "NoOfRes": "36", "NoOfBus": "10", "NoOfResPro": null, "UsedPorts": "90", "FreePorts": "54", "Location": "Highway 17 (Trans-Canada)", "Struct_ID": "P307909", "Status": "Proposed", "Placement": "Outdoor", "CabinetSz": "640*506*470mm", "NoOfSpltt": "5", "Spltt_ID's": null, "Permit_ID": "FS32-AR07-HO-OL", "Lot_No": null, "FSA_No": "SPANISH", "OLT_ID": "302", "Subdiv": "3", "PermApplOn": null, "PermApprOn": null, "Contractor": null, "DtAsgCnstr": null, "DtInstald": null, "SKU": "FDH144-SCAPC-132-30M", "spltt_ids": "SP3000029,SP3000109,SP3000110,SP3000111,SP3000112", "layer": null, "path": null }, "geometry": { "type": "Point", "coordinates": [ 398225.140390205313452, 5117132.981439155526459 ] } },
{ "type": "Feature", "properties": { "ID": "FDH303033", "Size": "72", "Owner": "Rock Networks", "NoOfRes": "38", "NoOfBus": null, "NoOfResPro": null, "UsedPorts": "64", "FreePorts": "8", "Location": "Highway 17 (Trans-Canada)", "Struct_ID": "P306670", "Status": "Proposed", "Placement": "Outdoor", "CabinetSz": "630*470*416mm", "NoOfSpltt": "3", "Spltt_ID's": null, "Permit_ID": "FS27-AR70-HO-NS", "Lot_No": null, "FSA_No": "SABLES-SPANISH RIVERS", "OLT_ID": "303", "Subdiv": "3", "PermApplOn": null, "PermApprOn": null, "Contractor": null, "DtAsgCnstr": null, "DtInstald": null, "SKU": "FDH72-SCAPC-132-30M", "spltt_ids": "SP3000072,SP3000073,SP3000074", "layer": null, "path": null }, "geometry": { "type": "Point", "coordinates": [ 403285.007191699522082, 5117676.849533605389297 ] } },
{ "type": "Feature", "properties": { "ID": "FDH302025", "Size": "72", "Owner": "Rock Networks", "NoOfRes": "32", "NoOfBus": null, "NoOfResPro": null, "UsedPorts": "58", "FreePorts": "14", "Location": "TransCanada Highway", "Struct_ID": "P309832", "Status": "Proposed", "Placement": "Outdoor", "CabinetSz": "630*470*416mm", "NoOfSpltt": "3", "Spltt_ID's": null, "Permit_ID": "FS37-AR21-BC-MIA", "Lot_No": null, "FSA_No": "THE NORTH SHORE", "OLT_ID": "302", "Subdiv": "3", "PermApplOn": null, "PermApprOn": null, "Contractor": null, "DtAsgCnstr": null, "DtInstald": null, "SKU": "FDH72-SCAPC-132-30M", "spltt_ids": "SP3000081,SP3000082,SP3000083", "layer": null, "path": null }, "geometry": { "type": "Point", "coordinates": [ 371980.622245018428657, 5118470.480448229238391 ] } },
{ "type": "Feature", "properties": { "ID": "FDH303039", "Size": "144", "Owner": "Rock Networks", "NoOfRes": "53", "NoOfBus": null, "NoOfResPro": null, "UsedPorts": "82", "FreePorts": "62", "Location": "Powell Drive", "Struct_ID": "P304526", "Status": "Proposed", "Placement": "Outdoor", "CabinetSz": "640*506*470mm", "NoOfSpltt": "5", "Spltt_ID's": null, "Permit_ID": "FS27-AR36-BC-MIA", "Lot_No": null, "FSA_No": "SABLES-SPANISH RIVERS", "OLT_ID": "303", "Subdiv": "3", "PermApplOn": null, "PermApprOn": null, "Contractor": null, "DtAsgCnstr": null, "DtInstald": null, "SKU": "FDH144-SCAPC-132-30M", "spltt_ids": "SP3000028,SP3000114,SP3000115,SP3000116,SP3000117", "layer": null, "path": null }, "geometry": { "type": "Point", "coordinates": [ 433078.108756382600404, 5132205.543603190220892 ] } },
{ "type": "Feature", "properties": { "ID": "FDH502012", "Size": "144", "Owner": "Rock Networks", "NoOfRes": "79", "NoOfBus": "0", "NoOfResPro": null, "UsedPorts": "104", "FreePorts": "40", "Location": "2 BLACK LAKE ROAD", "Struct_ID": "P503078", "Status": "Proposed", "Placement": "Outdoor", "CabinetSz": "640*506*470mm", "NoOfSpltt": "5", "Spltt_ID's": null, "Permit_ID": "FS43-AR74-HO-OL", "Lot_No": null, "FSA_No": "Lively FSA 43", "OLT_ID": "502", "Subdiv": "5", "PermApplOn": null, "PermApprOn": null, "Contractor": null, "DtAsgCnstr": null, "DtInstald": null, "SKU": "FDH144-SCAPC-132-30M", "spltt_ids": null, "layer": null, "path": null }, "geometry": { "type": "Point", "coordinates": [ 489437.43226745526772, 5140706.757105861790478 ] } },
{ "type": "Feature", "properties": { "ID": "FDH502013", "Size": "144", "Owner": "Rock Networks", "NoOfRes": "69", "NoOfBus": "0", "NoOfResPro": null, "UsedPorts": "92", "FreePorts": "52", "Location": "OLD SOO RD", "Struct_ID": "P503484", "Status": "Proposed", "Placement": "Outdoor", "CabinetSz": "640*506*470mm", "NoOfSpltt": "5", "Spltt_ID's": null, "Permit_ID": "FS43-AR63-BC-MIA", "Lot_No": null, "FSA_No": "Lively FSA 43", "OLT_ID": "502", "Subdiv": "5", "PermApplOn": null, "PermApprOn": null, "Contractor": null, "DtAsgCnstr": null, "DtInstald": null, "SKU": "FDH144-SCAPC-132-30M", "spltt_ids": null, "layer": null, "path": null }, "geometry": { "type": "Point", "coordinates": [ 487920.384884013561532, 5139961.4787881905213 ] } },
{ "type": "Feature", "properties": { "ID": "FDH502014", "Size": "288", "Owner": "Rock Networks", "NoOfRes": "210", "NoOfBus": "0", "NoOfResPro": null, "UsedPorts": "260", "FreePorts": "28", "Location": "26 MARY", "Struct_ID": "P503406", "Status": "Proposed", "Placement": "Outdoor", "CabinetSz": "1050*506*470mm", "NoOfSpltt": "9", "Spltt_ID's": null, "Permit_ID": "FS43-AR77-HO-OL", "Lot_No": null, "FSA_No": "Lively FSA 43", "OLT_ID": "502", "Subdiv": "5", "PermApplOn": null, "PermApprOn": null, "Contractor": null, "DtAsgCnstr": null, "DtInstald": null, "SKU": "FDH288-SCAPC-132-30M", "spltt_ids": null, "layer": null, "path": null }, "geometry": { "type": "Point", "coordinates": [ 485057.284199229965452, 5138585.143417803570628 ] } },
{ "type": "Feature", "properties": { "ID": "FDH502015", "Size": "144", "Owner": "Rock Networks", "NoOfRes": "97", "NoOfBus": "0", "NoOfResPro": null, "UsedPorts": "126", "FreePorts": "18", "Location": "1765 REGIONAL ROAD 55", "Struct_ID": "P503454", "Status": "Completed", "Placement": "Outdoor", "CabinetSz": "640*506*470mm", "NoOfSpltt": "5", "Spltt_ID's": null, "Permit_ID": "FS43-AR72-BC-MIA", "Lot_No": null, "FSA_No": "Lively FSA 43", "OLT_ID": "502", "Subdiv": "5", "PermApplOn": null, "PermApprOn": null, "Contractor": null, "DtAsgCnstr": null, "DtInstald": null, "SKU": "FDH144-SCAPC-132-30M", "spltt_ids": null, "layer": null, "path": null }, "geometry": { "type": "Point", "coordinates": [ 485508.151582280057482, 5138875.261791654862463 ] } },
{ "type": "Feature", "properties": { "ID": "FDH502016", "Size": "288", "Owner": "Rock Networks", "NoOfRes": "153", "NoOfBus": "0", "NoOfResPro": null, "UsedPorts": "234", "FreePorts": "54", "Location": "84 PAUL ST", "Struct_ID": "P504448", "Status": "Proposed", "Placement": "Outdoor", "CabinetSz": "1050*506*470mm", "NoOfSpltt": "9", "Spltt_ID's": null, "Permit_ID": "FS43-AR70-HO-OL", "Lot_No": null, "FSA_No": "Lively FSA 43", "OLT_ID": "502", "Subdiv": "5", "PermApplOn": null, "PermApprOn": null, "Contractor": null, "DtAsgCnstr": null, "DtInstald": null, "SKU": "FDH288-SCAPC-132-30M", "spltt_ids": null, "layer": null, "path": null }, "geometry": { "type": "Point", "coordinates": [ 476769.696622734889388, 5136695.42793673928827 ] } },
{ "type": "Feature", "properties": { "ID": "FDH501004", "Size": "288", "Owner": "Rock Networks", "NoOfRes": "94", "NoOfBus": "0", "NoOfResPro": null, "UsedPorts": "136", "FreePorts": "152", "Location": "497 MEAD BLVD", "Struct_ID": "P503930", "Status": "Proposed", "Placement": "Outdoor", "CabinetSz": "1050*506*470mm", "NoOfSpltt": "9", "Spltt_ID's": null, "Permit_ID": "FS12-AR14-ESP-OL", "Lot_No": null, "FSA_No": "ESPANOLA FSA12", "OLT_ID": "501", "Subdiv": "5", "PermApplOn": null, "PermApprOn": null, "Contractor": null, "DtAsgCnstr": null, "DtInstald": null, "SKU": "FDH288-SCAPC-132-30M", "spltt_ids": null, "layer": null, "path": null }, "geometry": { "type": "Point", "coordinates": [ 440115.469822633021977, 5122941.360658596269786 ] } },
{ "type": "Feature", "properties": { "ID": "FDH501005", "Size": "144", "Owner": "Rock Networks", "NoOfRes": "36", "NoOfBus": "0", "NoOfResPro": null, "UsedPorts": "64", "FreePorts": "80", "Location": "1892 BASS LAKE ROAD", "Struct_ID": "P501182", "Status": "Proposed", "Placement": "Outdoor", "CabinetSz": "640*506*470mm", "NoOfSpltt": "5", "Spltt_ID's": null, "Permit_ID": "FS12-AR09-BC-MIA", "Lot_No": null, "FSA_No": "ESPANOLA FSA12", "OLT_ID": "501", "Subdiv": "5", "PermApplOn": null, "PermApprOn": null, "Contractor": null, "DtAsgCnstr": null, "DtInstald": null, "SKU": "FDH144-SCAPC-132-30M", "spltt_ids": null, "layer": null, "path": null }, "geometry": { "type": "Point", "coordinates": [ 438116.624585751618724, 5117828.264194749295712 ] } },
{ "type": "Feature", "properties": { "ID": "FDH502010", "Size": "144", "Owner": "Rock Networks", "NoOfRes": "70", "NoOfBus": "0", "NoOfResPro": null, "UsedPorts": "122", "FreePorts": "22", "Location": "1829 REGIONAL RD 10", "Struct_ID": "P502240", "Status": "Proposed", "Placement": "Outdoor", "CabinetSz": "640*506*470mm", "NoOfSpltt": "5", "Spltt_ID's": null, "Permit_ID": "FS44-AR32-BC-MIA", "Lot_No": null, "FSA_No": "Lively FSA 43", "OLT_ID": "502", "Subdiv": "5", "PermApplOn": null, "PermApprOn": null, "Contractor": null, "DtAsgCnstr": null, "DtInstald": null, "SKU": "FDH144-SCAPC-132-30M", "spltt_ids": null, "layer": null, "path": null }, "geometry": { "type": "Point", "coordinates": [ 472989.227478439046536, 5124790.983780680224299 ] } },
{ "type": "Feature", "properties": { "ID": "FDH502011", "Size": "288", "Owner": "Rock Networks", "NoOfRes": "172", "NoOfBus": "0", "NoOfResPro": null, "UsedPorts": "232", "FreePorts": "56", "Location": "MAANI ST", "Struct_ID": "P502851", "Status": "Proposed", "Placement": "Outdoor", "CabinetSz": "1050*506*470mm", "NoOfSpltt": "9", "Spltt_ID's": null, "Permit_ID": "FS43-AR81-HO-OL", "Lot_No": null, "FSA_No": "Lively FSA 43", "OLT_ID": "502", "Subdiv": "5", "PermApplOn": null, "PermApprOn": null, "Contractor": null, "DtAsgCnstr": null, "DtInstald": null, "SKU": "FDH288-SCAPC-132-30M", "spltt_ids": null, "layer": null, "path": null }, "geometry": { "type": "Point", "coordinates": [ 486155.533773502218537, 5138260.006209654733539 ] } },
{ "type": "Feature", "properties": { "ID": "FDH501006", "Size": "288", "Owner": "Rock Networks", "NoOfRes": "117", "NoOfBus": "0", "NoOfResPro": null, "UsedPorts": "178", "FreePorts": "110", "Location": "LANG LAKE RD", "Struct_ID": "P500720", "Status": "Proposed", "Placement": "Outdoor", "CabinetSz": "1050*506*470mm", "NoOfSpltt": "9", "Spltt_ID's": null, "Permit_ID": "FS34-AR13-BC-MIA", "Lot_No": null, "FSA_No": "SW Greater Sudbury FSA 34", "OLT_ID": "501", "Subdiv": "5", "PermApplOn": null, "PermApprOn": null, "Contractor": null, "DtAsgCnstr": null, "DtInstald": null, "SKU": "FDH288-SCAPC-132-30M", "spltt_ids": null, "layer": null, "path": null }, "geometry": { "type": "Point", "coordinates": [ 445553.939897733682301, 5112671.116361619904637 ] } },
{ "type": "Feature", "properties": { "ID": "FDH501007", "Size": "144", "Owner": "Rock Networks", "NoOfRes": "37", "NoOfBus": "0", "NoOfResPro": null, "UsedPorts": "56", "FreePorts": "88", "Location": "1115 MAIN STREET", "Struct_ID": "P500801", "Status": "Proposed", "Placement": "Outdoor", "CabinetSz": "640*506*470mm", "NoOfSpltt": "5", "Spltt_ID's": null, "Permit_ID": "FS34-AR10-HO-OL", "Lot_No": null, "FSA_No": "SW Greater Sudbury FSA 34", "OLT_ID": "501", "Subdiv": "5", "PermApplOn": null, "PermApprOn": null, "Contractor": null, "DtAsgCnstr": null, "DtInstald": null, "SKU": "FDH144-SCAPC-132-30M", "spltt_ids": null, "layer": null, "path": null }, "geometry": { "type": "Point", "coordinates": [ 443296.545999172143638, 5107117.590385703369975 ] } },
{ "type": "Feature", "properties": { "ID": "FDH501009", "Size": "144", "Owner": "Rock Networks", "NoOfRes": "99", "NoOfBus": "0", "NoOfResPro": null, "UsedPorts": "128", "FreePorts": "16", "Location": "1400 Bay of Islands", "Struct_ID": "P500616", "Status": "Proposed", "Placement": "Outdoor", "CabinetSz": "640*506*470mm", "NoOfSpltt": "5", "Spltt_ID's": null, "Permit_ID": "FS34-AR08-HO-OL", "Lot_No": null, "FSA_No": "SW Greater Sudbury FSA 34", "OLT_ID": "501", "Subdiv": "5", "PermApplOn": null, "PermApprOn": null, "Contractor": null, "DtAsgCnstr": null, "DtInstald": null, "SKU": "FDH144-SCAPC-132-30M", "spltt_ids": null, "layer": null, "path": null }, "geometry": { "type": "Point", "coordinates": [ 441393.221540881553665, 5106334.171332440339029 ] } },
{ "type": "Feature", "properties": { "ID": "FDH502004", "Size": "144", "Owner": "Rock Networks", "NoOfRes": "37", "NoOfBus": "0", "NoOfResPro": null, "UsedPorts": "92", "FreePorts": "52", "Location": "7121 HWY 17 WEST", "Struct_ID": "P504586", "Status": "Completed", "Placement": "Outdoor", "CabinetSz": "640*506*470mm", "NoOfSpltt": "5", "Spltt_ID's": null, "Permit_ID": "FS43-AR123-BC-MIA", "Lot_No": null, "FSA_No": "Lively FSA 43", "OLT_ID": "502", "Subdiv": "5", "PermApplOn": null, "PermApprOn": null, "Contractor": null, "DtAsgCnstr": null, "DtInstald": null, "SKU": "FDH144-SCAPC-132-30M", "spltt_ids": null, "layer": null, "path": null }, "geometry": { "type": "Point", "coordinates": [ 469542.027184728125576, 5134866.121458592824638 ] } },
{ "type": "Feature", "properties": { "ID": "FDH502005", "Size": "288", "Owner": "Rock Networks", "NoOfRes": "80", "NoOfBus": "0", "NoOfResPro": null, "UsedPorts": "138", "FreePorts": "150", "Location": "11 DEN LOU ROAD", "Struct_ID": "P504549", "Status": "Completed", "Placement": "Outdoor", "CabinetSz": "1050*506*470mm", "NoOfSpltt": "9", "Spltt_ID's": null, "Permit_ID": "FS43-AR122-BC-MIA", "Lot_No": null, "FSA_No": "Lively FSA 43", "OLT_ID": "502", "Subdiv": "5", "PermApplOn": null, "PermApprOn": null, "Contractor": null, "DtAsgCnstr": null, "DtInstald": null, "SKU": "FDH288-SCAPC-132-30M", "spltt_ids": null, "layer": null, "path": null }, "geometry": { "type": "Point", "coordinates": [ 471519.185612453729846, 5135155.057482845149934 ] } },
{ "type": "Feature", "properties": { "ID": "FDH502006", "Size": "144", "Owner": "Rock Networks", "NoOfRes": "62", "NoOfBus": "0", "NoOfResPro": null, "UsedPorts": "128", "FreePorts": "16", "Location": "45 KRATS ROAD", "Struct_ID": "P502681", "Status": "Completed", "Placement": "Outdoor", "CabinetSz": "640*506*470mm", "NoOfSpltt": "5", "Spltt_ID's": null, "Permit_ID": "FS43-AR23-BC-MIA", "Lot_No": null, "FSA_No": "Lively FSA 43", "OLT_ID": "502", "Subdiv": "5", "PermApplOn": null, "PermApprOn": null, "Contractor": null, "DtAsgCnstr": null, "DtInstald": null, "SKU": "FDH144-SCAPC-132-30M", "spltt_ids": null, "layer": null, "path": null }, "geometry": { "type": "Point", "coordinates": [ 473239.424455247179139, 5133016.019393411464989 ] } },
{ "type": "Feature", "properties": { "ID": "FDH502007", "Size": "144", "Owner": "Rock Networks", "NoOfRes": "63", "NoOfBus": "0", "NoOfResPro": null, "UsedPorts": "126", "FreePorts": "18", "Location": "GRASSY LAKE RD", "Struct_ID": "P502115", "Status": "Completed", "Placement": "Outdoor", "CabinetSz": "640*506*470mm", "NoOfSpltt": "5", "Spltt_ID's": null, "Permit_ID": "FS44-AR27-BC-MIA", "Lot_No": null, "FSA_No": "Lively FSA 43", "OLT_ID": "502", "Subdiv": "5", "PermApplOn": null, "PermApprOn": null, "Contractor": null, "DtAsgCnstr": null, "DtInstald": null, "SKU": "FDH144-SCAPC-132-30M", "spltt_ids": null, "layer": null, "path": null }, "geometry": { "type": "Point", "coordinates": [ 471235.814022991165984, 5131542.306698842905462 ] } },
{ "type": "Feature", "properties": { "ID": "FDH502008", "Size": "144", "Owner": "Rock Networks", "NoOfRes": "66", "NoOfBus": "0", "NoOfResPro": null, "UsedPorts": "114", "FreePorts": "30", "Location": "PANACHE LAKE RD", "Struct_ID": "P504384", "Status": "Proposed", "Placement": "Outdoor", "CabinetSz": "640*506*470mm", "NoOfSpltt": "5", "Spltt_ID's": null, "Permit_ID": "FS44-AR43-BC-NS", "Lot_No": null, "FSA_No": "Lively FSA 43", "OLT_ID": "502", "Subdiv": "5", "PermApplOn": null, "PermApprOn": null, "Contractor": null, "DtAsgCnstr": null, "DtInstald": null, "SKU": "FDH144-SCAPC-132-30M", "spltt_ids": null, "layer": null, "path": null }, "geometry": { "type": "Point", "coordinates": [ 472595.868646540387999, 5128118.721441466361284 ] } },
{ "type": "Feature", "properties": { "ID": "FDH501003", "Size": "144", "Owner": "Rock Networks", "NoOfRes": "58", "NoOfBus": "0", "NoOfResPro": null, "UsedPorts": "104", "FreePorts": "40", "Location": "600 HARDWOOD ROAD", "Struct_ID": "P500471", "Status": "Proposed", "Placement": "Outdoor", "CabinetSz": "640*506*470mm", "NoOfSpltt": "5", "Spltt_ID's": null, "Permit_ID": "FS03-AR11-BC-MIA", "Lot_No": null, "FSA_No": "BALDWIN FSA3", "OLT_ID": "501", "Subdiv": "5", "PermApplOn": null, "PermApprOn": null, "Contractor": null, "DtAsgCnstr": null, "DtInstald": null, "SKU": "FDH144-SCAPC-132-30M", "spltt_ids": null, "layer": null, "path": null }, "geometry": { "type": "Point", "coordinates": [ 441270.898233466839883, 5131071.367042260244489 ] } },
{ "type": "Feature", "properties": { "ID": "FDH501001", "Size": "288", "Owner": "Rock Networks", "NoOfRes": "141", "NoOfBus": "0", "NoOfResPro": null, "UsedPorts": "184", "FreePorts": "104", "Location": "30 BELLE BAY CRESCENT", "Struct_ID": "45", "Status": "Proposed", "Placement": "Outdoor", "CabinetSz": "1050*506*470mm", "NoOfSpltt": "9", "Spltt_ID's": null, "Permit_ID": "FS24-MC01-UG", "Lot_No": null, "FSA_No": "NAIRN AND HYMAN FSA24", "OLT_ID": "501", "Subdiv": "5", "PermApplOn": null, "PermApprOn": null, "Contractor": null, "DtAsgCnstr": null, "DtInstald": null, "SKU": "FDH288-SCAPC-132-30M", "spltt_ids": null, "layer": null, "path": null }, "geometry": { "type": "Point", "coordinates": [ 448990.700213992211502, 5135438.2142045609653 ] } },
{ "type": "Feature", "properties": { "ID": "FDH501002", "Size": "288", "Owner": "Rock Networks", "NoOfRes": "73", "NoOfBus": "4", "NoOfResPro": null, "UsedPorts": "148", "FreePorts": "140", "Location": "383 HIGHWAY 17", "Struct_ID": "P503507", "Status": "Proposed", "Placement": "Outdoor", "CabinetSz": "1050*506*470mm", "NoOfSpltt": "9", "Spltt_ID's": null, "Permit_ID": "FS03-AR17-HO-OL", "Lot_No": null, "FSA_No": "BALDWIN FSA3", "OLT_ID": "501", "Subdiv": "5", "PermApplOn": null, "PermApprOn": null, "Contractor": null, "DtAsgCnstr": null, "DtInstald": null, "SKU": "FDH288-SCAPC-132-30M", "spltt_ids": null, "layer": null, "path": null }, "geometry": { "type": "Point", "coordinates": [ 440691.518867958628107, 5126046.083073772490025 ] } },
{ "type": "Feature", "properties": { "ID": "FDH502001", "Size": "288", "Owner": "Rock Networks", "NoOfRes": "105", "NoOfBus": "0", "NoOfResPro": null, "UsedPorts": "158", "FreePorts": "130", "Location": "403 MERRITT ST", "Struct_ID": "P500799", "Status": "Proposed", "Placement": "Outdoor", "CabinetSz": "1050*506*470mm", "NoOfSpltt": "9", "Spltt_ID's": null, "Permit_ID": "FS12-AR15-ESP-OL", "Lot_No": null, "FSA_No": "ESPANOLA FSA12", "OLT_ID": "501", "Subdiv": "5", "PermApplOn": null, "PermApprOn": null, "Contractor": null, "DtAsgCnstr": null, "DtInstald": null, "SKU": "FDH288-SCAPC-132-30M", "spltt_ids": null, "layer": null, "path": null }, "geometry": { "type": "Point", "coordinates": [ 440851.389013157575391, 5122114.377326603978872 ] } },
{ "type": "Feature", "properties": { "ID": "FDH502002", "Size": "144", "Owner": "Rock Networks", "NoOfRes": "62", "NoOfBus": "0", "NoOfResPro": null, "UsedPorts": "118", "FreePorts": "26", "Location": "WABAGISHK RD", "Struct_ID": "P500313", "Status": "Proposed", "Placement": "Outdoor", "CabinetSz": "640*506*470mm", "NoOfSpltt": "5", "Spltt_ID's": null, "Permit_ID": "FS44-AR10-BC-MIA", "Lot_No": null, "FSA_No": "Lively FSA 43", "OLT_ID": "502", "Subdiv": "5", "PermApplOn": null, "PermApprOn": null, "Contractor": null, "DtAsgCnstr": null, "DtInstald": null, "SKU": "FDH144-SCAPC-132-30M", "spltt_ids": null, "layer": null, "path": null }, "geometry": { "type": "Point", "coordinates": [ 457491.363162872381508, 5129574.30253600794822 ] } },
{ "type": "Feature", "properties": { "ID": "FDH502009", "Size": "144", "Owner": "Rock Networks", "NoOfRes": "48", "NoOfBus": "1", "NoOfResPro": null, "UsedPorts": "82", "FreePorts": "62", "Location": "HIGHWAY 17", "Struct_ID": "P501341", "Status": "Proposed", "Placement": "Outdoor", "CabinetSz": "640*506*470mm", "NoOfSpltt": "5", "Spltt_ID's": null, "Permit_ID": "FS24-AR03-HO-OL", "Lot_No": null, "FSA_No": "NAIRN AND HYMAN FSA24", "OLT_ID": "502", "Subdiv": "5", "PermApplOn": null, "PermApprOn": null, "Contractor": null, "DtAsgCnstr": null, "DtInstald": null, "SKU": "FDH144-SCAPC-132-30M", "spltt_ids": null, "layer": null, "path": null }, "geometry": { "type": "Point", "coordinates": [ 448750.347075007040985, 5128203.295119474641979 ] } },
{ "type": "Feature", "properties": { "ID": "FDH502003", "Size": "288", "Owner": "Rock Networks", "NoOfRes": "74", "NoOfBus": "0", "NoOfResPro": null, "UsedPorts": "130", "FreePorts": "158", "Location": "LORNE FALLS RD", "Struct_ID": "P500076", "Status": "Proposed", "Placement": "Outdoor", "CabinetSz": "1050*506*470mm", "NoOfSpltt": "9", "Spltt_ID's": null, "Permit_ID": "FS43-AR13-BC-MIA", "Lot_No": null, "FSA_No": "Lively FSA 43", "OLT_ID": "502", "Subdiv": "5", "PermApplOn": null, "PermApprOn": null, "Contractor": null, "DtAsgCnstr": null, "DtInstald": null, "SKU": "FDH288-SCAPC-132-30M", "spltt_ids": null, "layer": null, "path": null }, "geometry": { "type": "Point", "coordinates": [ 460971.34254726069048, 5130974.533279056660831 ] } },
{ "type": "Feature", "properties": { "ID": "FDH502021", "Size": "288", "Owner": "Rock Networks", "NoOfRes": "109", "NoOfBus": "0", "NoOfResPro": null, "UsedPorts": "196", "FreePorts": "92", "Location": "66 HENNESSY RD", "Struct_ID": "P502378", "Status": "Proposed", "Placement": "Outdoor", "CabinetSz": "1050*506*470mm", "NoOfSpltt": "9", "Spltt_ID's": null, "Permit_ID": "FS44-AR50-BC-MIA", "Lot_No": null, "FSA_No": "Lively FSA 43", "OLT_ID": "502", "Subdiv": "5", "PermApplOn": null, "PermApprOn": null, "Contractor": null, "DtAsgCnstr": null, "DtInstald": null, "SKU": "FDH288-SCAPC-132-30M", "spltt_ids": null, "layer": null, "path": null }, "geometry": { "type": "Point", "coordinates": [ 473062.351159234007355, 5123981.774169980548322 ] } },
{ "type": "Feature", "properties": { "ID": "FDH502018", "Size": "144", "Owner": "Rock Networks", "NoOfRes": "60", "NoOfBus": "0", "NoOfResPro": null, "UsedPorts": "132", "FreePorts": "12", "Location": "7515 HWY 17 W", "Struct_ID": "P501274", "Status": "Proposed", "Placement": "Outdoor", "CabinetSz": "640*506*470mm", "NoOfSpltt": "5", "Spltt_ID's": null, "Permit_ID": "FS43-AR44-HO-OL", "Lot_No": null, "FSA_No": "Lively FSA 43", "OLT_ID": "502", "Subdiv": "5", "PermApplOn": null, "PermApprOn": null, "Contractor": null, "DtAsgCnstr": null, "DtInstald": null, "SKU": "FDH144-SCAPC-132-30M", "spltt_ids": null, "layer": null, "path": null }, "geometry": { "type": "Point", "coordinates": [ 463638.319088641903363, 5132052.330319979228079 ] } },
{ "type": "Feature", "properties": { "ID": "FDH501008", "Size": "288", "Owner": "Rock Networks", "NoOfRes": "56", "NoOfBus": "0", "NoOfResPro": null, "UsedPorts": "130", "FreePorts": "158", "Location": "HIGHWAY 17", "Struct_ID": "P501131", "Status": "Proposed", "Placement": "Outdoor", "CabinetSz": "1050*506*470mm", "NoOfSpltt": "9", "Spltt_ID's": null, "Permit_ID": "FS03-AR13-BC-MIA", "Lot_No": null, "FSA_No": "BALDWIN FSA3", "OLT_ID": "501", "Subdiv": "5", "PermApplOn": null, "PermApprOn": null, "Contractor": null, "DtAsgCnstr": null, "DtInstald": null, "SKU": "FDH288-SCAPC-132-30M", "spltt_ids": null, "layer": null, "path": null }, "geometry": { "type": "Point", "coordinates": [ 443138.516170449496713, 5126424.080954163335264 ] } },
{ "type": "Feature", "properties": { "ID": "FDH502017", "Size": "144", "Owner": "Rock Networks", "NoOfRes": "63", "NoOfBus": "0", "NoOfResPro": null, "UsedPorts": "126", "FreePorts": "18", "Location": "MANNINEN RD", "Struct_ID": "P503037", "Status": "Proposed", "Placement": "Outdoor", "CabinetSz": "640*506*470mm", "NoOfSpltt": "5", "Spltt_ID's": null, "Permit_ID": "FS43-AR03-BC-MIA", "Lot_No": null, "FSA_No": "Lively FSA 43", "OLT_ID": "502", "Subdiv": "5", "PermApplOn": null, "PermApprOn": null, "Contractor": null, "DtAsgCnstr": null, "DtInstald": null, "SKU": "FDH144-SCAPC-132-30M", "spltt_ids": null, "layer": null, "path": null }, "geometry": { "type": "Point", "coordinates": [ 460991.790035231853835, 5134814.107134745456278 ] } },
{ "type": "Feature", "properties": { "ID": "FDH502019", "Size": "288", "Owner": "Rock Networks", "NoOfRes": "65", "NoOfBus": "0", "NoOfResPro": null, "UsedPorts": "108", "FreePorts": "180", "Location": "RESERVE CAMP RD", "Struct_ID": "P502440", "Status": "Proposed", "Placement": "Outdoor", "CabinetSz": "1050*506*470mm", "NoOfSpltt": "9", "Spltt_ID's": null, "Permit_ID": "FS44-AR45-BC-MIA", "Lot_No": null, "FSA_No": "Lively FSA 43", "OLT_ID": "502", "Subdiv": "5", "PermApplOn": null, "PermApprOn": null, "Contractor": null, "DtAsgCnstr": null, "DtInstald": null, "SKU": "FDH288-SCAPC-132-30M", "spltt_ids": null, "layer": null, "path": null }, "geometry": { "type": "Point", "coordinates": [ 476796.874519187957048, 5125169.720293904654682 ] } },
{ "type": "Feature", "properties": { "ID": "FDH502020", "Size": "288", "Owner": "Rock Networks", "NoOfRes": "53", "NoOfBus": "0", "NoOfResPro": null, "UsedPorts": "94", "FreePorts": "194", "Location": "5049 REGIONAL RD 55", "Struct_ID": "P503138", "Status": "Proposed", "Placement": "Outdoor", "CabinetSz": "1050*506*470mm1050*506*470mm", "NoOfSpltt": "9", "Spltt_ID's": null, "Permit_ID": "FS44-AR55-BC-MIA", "Lot_No": null, "FSA_No": "Lively FSA 43", "OLT_ID": "502", "Subdiv": "5", "PermApplOn": null, "PermApprOn": null, "Contractor": null, "DtAsgCnstr": null, "DtInstald": null, "SKU": "FDH288-SCAPC-132-30M", "spltt_ids": null, "layer": null, "path": null }, "geometry": { "type": "Point", "coordinates": [ 475364.469031915999949, 5136001.062827667221427 ] } }
]
}
