terminal_id,type,fdh_id,trunk_id,has_stub,distance_to_fdh_m,reclassify_as,has_virtual_fiber_link
T1002750,Aerial Terminal,FDH107002,TRUNK10755,False,,virtual_stub_cable,True
T1002751,Aerial Terminal,FDH107002,TRUNK10755,False,,virtual_stub_cable,True
T1002752,Aerial Terminal,FDH107002,TRUNK10755,False,,virtual_stub_cable,True
T1002753,Aerial Terminal,FDH107002,TRUNK10755,False,,virtual_stub_cable,True
T1002754,Aerial Terminal,FDH107002,TRUNK10754,False,,virtual_stub_cable,True
T1002755,Aerial Terminal,FDH107002,TRUNK10753,False,,virtual_stub_cable,True
T1002756,Aerial Terminal,FDH107002,TRUNK10753,False,,virtual_stub_cable,True
T1002759,Aerial Terminal,FDH107002,TRUNK10745,False,,virtual_stub_cable,True
T1002760,Aerial Terminal,FDH107002,TRUNK10751,False,,virtual_stub_cable,True
T1002761,Aerial Terminal,FDH107002,TRUNK10752,False,,virtual_stub_cable,True
T1002762,Aerial Terminal,FDH107002,TRUNK10752,False,,virtual_stub_cable,True
T1002763,Aerial Terminal,FDH107002,TRUNK10752,False,,virtual_stub_cable,True
T1002764,Aerial Terminal,FDH107002,TRUNK10747,False,,virtual_stub_cable,True
T1002765,Aerial Terminal,FDH107002,TRUNK10747,False,,virtual_stub_cable,True
T1002766,Aerial Terminal,FDH107002,TRUNK10746,False,,virtual_stub_cable,True
T1002767,Aerial Terminal,FDH107002,TRUNK10746,False,,virtual_stub_cable,True
T1002768,Aerial Terminal,FDH107002,TRUNK10746,False,,virtual_stub_cable,True
T1002769,Aerial Terminal,FDH107002,TRUNK10767,False,,virtual_stub_cable,True
T1002770,Aerial Terminal,FDH107002,TRUNK10767,False,,virtual_stub_cable,True
T1002771,Aerial Terminal,FDH107002,TRUNK10749,False,,virtual_stub_cable,True
T1002773,Aerial Terminal,FDH107003,TRUNK10749,False,,virtual_stub_cable,True
T1002774,Aerial Terminal,FDH107003,TRUNK10744,False,,virtual_stub_cable,True
T1002775,Aerial Terminal,FDH107003,TRUNK10744,False,,virtual_stub_cable,True
T1002776,Aerial Terminal,FDH107003,TRUNK10742,False,,virtual_stub_cable,True
T1002777,Aerial Terminal,FDH107003,TRUNK10742,False,,virtual_stub_cable,True
T1002779,Aerial Terminal,FDH107003,TRUNK10743,False,,virtual_stub_cable,True
T1002780,Aerial Terminal,FDH107003,TRUNK10743,False,,virtual_stub_cable,True
T1002783,Aerial Terminal,FDH107002,TRUNK10745,False,,virtual_stub_cable,True
T1002784,Aerial Terminal,FDH107004,TRUNK10769,False,,virtual_stub_cable,True
T1002785,Aerial Terminal,FDH107001,TRUNK10770,False,,virtual_stub_cable,True
T1002786,Aerial Terminal,FDH107001,TRUNK10770,False,,virtual_stub_cable,True
T1002789,Aerial Terminal,FDH107001,TRUNK10774,False,,virtual_stub_cable,True
T1002795,Aerial Terminal,FDH107001,TRUNK10772,False,,virtual_stub_cable,True
T1002797,Aerial Terminal,FDH107001,TRUNK10772,False,,virtual_stub_cable,True
T1002798,Aerial Terminal,FDH107001,TRUNK10772,False,,virtual_stub_cable,True
T1002799,Aerial Terminal,FDH107001,TRUNK10772,False,,virtual_stub_cable,True
T1002800,Aerial Terminal,FDH107001,TRUNK10771,False,,virtual_stub_cable,True
T1002801,Aerial Terminal,FDH107001,TRUNK10771,False,,virtual_stub_cable,True
T1002802,Aerial Terminal,FDH107001,TRUNK10771,False,,virtual_stub_cable,True
T1002805,Aerial Terminal,FDH107001,TRUNK10773,False,,virtual_stub_cable,True
T1002810,Aerial Terminal,FDH107001,TRUNK10772,False,,virtual_stub_cable,True
T1002811,Aerial Terminal,FDH107001,TRUNK10771,False,,virtual_stub_cable,True
T1002812,Aerial Terminal,FDH107001,TRUNK10771,False,,virtual_stub_cable,True
T1002813,Aerial Terminal,FDH107001,TRUNK10773,False,,virtual_stub_cable,True
T1002814,Aerial Terminal,FDH107001,TRUNK10774,False,,virtual_stub_cable,True
T1002815,Aerial Terminal,FDH107003,TRUNK10765,False,,virtual_stub_cable,True
T1002816,Aerial Terminal,FDH107003,TRUNK10765,False,,virtual_stub_cable,True
T1002822,Aerial Terminal,FDH107004,TRUNK10734,False,,virtual_stub_cable,True
T1002823,Aerial Terminal,FDH107003,TRUNK10734,False,,virtual_stub_cable,True
T1002824,Aerial Terminal,FDH107003,TRUNK10740,False,,virtual_stub_cable,True
T1002825,Aerial Terminal,FDH107003,TRUNK10740,False,,virtual_stub_cable,True
T1002826,Aerial Terminal,FDH107003,TRUNK10740,False,,virtual_stub_cable,True
T1002827,Aerial Terminal,FDH107003,TRUNK10757,False,,virtual_stub_cable,True
T1002832,Aerial Terminal,FDH107003,TRUNK10740,False,,virtual_stub_cable,True
T1002842,Aerial Terminal,FDH107001,TRUNK10736,False,,virtual_stub_cable,True
T1002844,Aerial Terminal,FDH107003,TRUNK10738,False,,virtual_stub_cable,True
T1002845,Aerial Terminal,FDH107003,TRUNK10738,False,,virtual_stub_cable,True
T1002847,Aerial Terminal,FDH107003,TRUNK10765,False,,virtual_stub_cable,True
T1002848,Aerial Terminal,FDH107003,TRUNK10757,False,,virtual_stub_cable,True
T1002854,Aerial Terminal,FDH107005,TRUNK10789,False,,virtual_stub_cable,True
T1002856,Aerial Terminal,FDH107006,TRUNK10795,False,,virtual_stub_cable,True
T1002860,Aerial Terminal,FDH107005,TRUNK10733,False,,virtual_stub_cable,True
T1002861,Aerial Terminal,FDH107005,TRUNK10731,False,,virtual_stub_cable,True
T1002864,Aerial Terminal,FDH107006,TRUNK10794,False,,virtual_stub_cable,True
T1002865,Aerial Terminal,FDH107005,TRUNK10759,False,,virtual_stub_cable,True
T1002866,Aerial Terminal,FDH107005,TRUNK10782,False,,virtual_stub_cable,True
T1002868,Aerial Terminal,FDH107005,TRUNK10733,False,,virtual_stub_cable,True
T1002869,Aerial Terminal,FDH107005,TRUNK10731,False,,virtual_stub_cable,True
T1002873,Aerial Terminal,FDH107006,TRUNK10784,False,,virtual_stub_cable,True
T1002874,Aerial Terminal,FDH107006,TRUNK10784,False,,virtual_stub_cable,True
T1002875,Aerial Terminal,FDH107005,TRUNK10789,False,,virtual_stub_cable,True
T1002876,Aerial Terminal,FDH107005,TRUNK10733,False,,virtual_stub_cable,True
T1002877,Aerial Terminal,FDH107006,TRUNK10779,False,,virtual_stub_cable,True
T1002878,Aerial Terminal,FDH107006,TRUNK10779,False,,virtual_stub_cable,True
T1002879,Aerial Terminal,FDH107006,TRUNK10778,False,,virtual_stub_cable,True
T1002880,Aerial Terminal,FDH107004,TRUNK10780,False,,virtual_stub_cable,True
T1002881,Aerial Terminal,FDH107004,TRUNK10734,False,,virtual_stub_cable,True
T1002882,Aerial Terminal,FDH107004,TRUNK10734,False,,virtual_stub_cable,True
T1002883,Aerial Terminal,FDH107004,TRUNK10734,False,,virtual_stub_cable,True
T1002884,Aerial Terminal,FDH107004,TRUNK10776,False,,virtual_stub_cable,True
T1002885,Aerial Terminal,FDH107004,TRUNK10776,False,,virtual_stub_cable,True
T1002886,Aerial Terminal,FDH107004,TRUNK10776,False,,virtual_stub_cable,True
T1002887,Aerial Terminal,FDH107004,TRUNK10776,False,,virtual_stub_cable,True
T1002888,Aerial Terminal,FDH107004,TRUNK10781,False,,virtual_stub_cable,True
T1002889,Aerial Terminal,FDH107004,TRUNK10781,False,,virtual_stub_cable,True
T1002890,Aerial Terminal,FDH107004,TRUNK10777,False,,virtual_stub_cable,True
T1002891,Aerial Terminal,FDH107004,TRUNK10781,False,,virtual_stub_cable,True
T1002892,Aerial Terminal,FDH107004,TRUNK10777,False,,virtual_stub_cable,True
T1002895,Aerial Terminal,FDH107004,TRUNK10792,False,,virtual_stub_cable,True
T1002896,Aerial Terminal,FDH107004,TRUNK10792,False,,virtual_stub_cable,True
T1002897,Aerial Terminal,FDH107005,TRUNK10782,False,,virtual_stub_cable,True
T1002898,Aerial Terminal,FDH107005,TRUNK10782,False,,virtual_stub_cable,True
T1002899,Aerial Terminal,FDH107005,TRUNK10730,False,,virtual_stub_cable,True
T1002900,Aerial Terminal,FDH107005,TRUNK10731,False,,virtual_stub_cable,True
T1002901,Aerial Terminal,FDH107005,TRUNK10731,False,,virtual_stub_cable,True
T1002902,Aerial Terminal,FDH107005,TRUNK10733,False,,virtual_stub_cable,True
T1002903,Aerial Terminal,FDH107005,TRUNK10733,False,,virtual_stub_cable,True
T1002904,Aerial Terminal,FDH107005,TRUNK10733,False,,virtual_stub_cable,True
T1002905,Aerial Terminal,FDH107005,TRUNK10733,False,,virtual_stub_cable,True
T1002906,Aerial Terminal,FDH107005,TRUNK10732,False,,virtual_stub_cable,True
T1002908,Aerial Terminal,FDH107005,TRUNK10783,False,,virtual_stub_cable,True
T1002910,Aerial Terminal,FDH107006,TRUNK10763,False,,virtual_stub_cable,True
T1002911,Aerial Terminal,FDH107006,TRUNK10763,False,,virtual_stub_cable,True
T1002912,Aerial Terminal,FDH107006,TRUNK10763,False,,virtual_stub_cable,True
T1002913,Aerial Terminal,FDH107006,TRUNK10763,False,,virtual_stub_cable,True
T1002914,Aerial Terminal,FDH107006,TRUNK10784,False,,virtual_stub_cable,True
T1002915,Aerial Terminal,FDH107006,TRUNK10784,False,,virtual_stub_cable,True
T1002917,Aerial Terminal,FDH107006,TRUNK10795,False,,virtual_stub_cable,True
T1002918,Aerial Terminal,FDH107006,TRUNK10795,False,,virtual_stub_cable,True
T1002919,Aerial Terminal,FDH107006,TRUNK10795,False,,virtual_stub_cable,True
T1002926,Aerial Terminal,FDH107006,TRUNK10795,False,,virtual_stub_cable,True
T1002927,Aerial Terminal,FDH107005,TRUNK10759,False,,virtual_stub_cable,True
T1002930,Aerial Terminal,FDH107005,TRUNK10789,False,,virtual_stub_cable,True
T1002931,Aerial Terminal,FDH107005,TRUNK10789,False,,virtual_stub_cable,True
T1002932,Aerial Terminal,FDH107005,TRUNK10788,False,,virtual_stub_cable,True
T1002933,Aerial Terminal,FDH107005,TRUNK10788,False,,virtual_stub_cable,True
T1002934,Aerial Terminal,FDH107005,TRUNK10788,False,,virtual_stub_cable,True
T1002935,Aerial Terminal,FDH107005,TRUNK10787,False,,virtual_stub_cable,True
T1002936,Aerial Terminal,FDH107005,TRUNK10787,False,,virtual_stub_cable,True
T1002937,Aerial Terminal,FDH107005,TRUNK10787,False,,virtual_stub_cable,True
T1002938,Aerial Terminal,FDH107006,TRUNK10786,False,,virtual_stub_cable,True
T1002939,Aerial Terminal,FDH107006,TRUNK10793,False,,virtual_stub_cable,True
T1002941,Aerial Terminal,FDH107006,TRUNK10785,False,,virtual_stub_cable,True
T1002942,Aerial Terminal,FDH107006,TRUNK10785,False,,virtual_stub_cable,True
T1002943,Aerial Terminal,FDH107006,TRUNK10786,False,,virtual_stub_cable,True
T1002944,Aerial Terminal,FDH107006,TRUNK10786,False,,virtual_stub_cable,True
T1002947,Aerial Terminal,FDH107006,TRUNK10786,False,,virtual_stub_cable,True
T1002948,Aerial Terminal,FDH107006,TRUNK10793,False,,virtual_stub_cable,True
T1002951,Aerial Terminal,FDH107004,TRUNK10734,False,,virtual_stub_cable,True
T1002952,Aerial Terminal,FDH107005,TRUNK10783,False,,virtual_stub_cable,True
T1002953,Aerial Terminal,FDH107001,TRUNK10736,False,,virtual_stub_cable,True
T1002954,Aerial Terminal,FDH107001,TRUNK10736,False,,virtual_stub_cable,True
T1002959,Aerial Terminal,FDH107006,TRUNK10785,False,,virtual_stub_cable,True
T1002960,Aerial Terminal,FDH107002,TRUNK10767,False,,virtual_stub_cable,True
T1002961,Aerial Terminal,FDH107002,TRUNK10767,False,,virtual_stub_cable,True
T1002500,Aerial Terminal,FDH106001,TRUNK10691,False,,virtual_stub_cable,True
T1002502,Aerial Terminal,FDH106001,TRUNK10694,False,,virtual_stub_cable,True
T1002503,Aerial Terminal,FDH106001,TRUNK10696,False,,virtual_stub_cable,True
T1002504,Aerial Terminal,FDH106001,TRUNK10696,False,,virtual_stub_cable,True
T1002505,Aerial Terminal,FDH106001,TRUNK10696,False,,virtual_stub_cable,True
T1002506,Aerial Terminal,FDH106001,TRUNK10696,False,,virtual_stub_cable,True
T1002507,Aerial Terminal,FDH106001,TRUNK10696,False,,virtual_stub_cable,True
T1002508,Aerial Terminal,FDH106001,TRUNK10696,False,,virtual_stub_cable,True
T1002509,Aerial Terminal,FDH106001,TRUNK10694,False,,virtual_stub_cable,True
T1002510,Aerial Terminal,FDH106001,TRUNK10694,False,,virtual_stub_cable,True
T1002511,Aerial Terminal,FDH106001,TRUNK10709,False,,virtual_stub_cable,True
T1002512,Aerial Terminal,FDH106001,TRUNK10709,False,,virtual_stub_cable,True
T1002513,Aerial Terminal,FDH106001,TRUNK10709,False,,virtual_stub_cable,True
T1002514,Aerial Terminal,FDH106001,TRUNK10709,False,,virtual_stub_cable,True
T1002515,Aerial Terminal,FDH106001,TRUNK10709,False,,virtual_stub_cable,True
T1002516,Aerial Terminal,FDH106001,TRUNK10695,False,,virtual_stub_cable,True
T1002517,Aerial Terminal,FDH106001,TRUNK10695,False,,virtual_stub_cable,True
T1002518,Aerial Terminal,FDH106001,TRUNK10695,False,,virtual_stub_cable,True
T1002519,Aerial Terminal,FDH106001,TRUNK10704,False,,virtual_stub_cable,True
T1002520,Aerial Terminal,FDH106001,TRUNK10697,False,,virtual_stub_cable,True
T1002521,Aerial Terminal,FDH106001,TRUNK10697,False,,virtual_stub_cable,True
T1002522,Aerial Terminal,FDH106001,TRUNK10697,False,,virtual_stub_cable,True
T1002523,Aerial Terminal,FDH106001,TRUNK10703,False,,virtual_stub_cable,True
T1002524,Aerial Terminal,FDH106001,TRUNK10703,False,,virtual_stub_cable,True
T1002525,Aerial Terminal,FDH106001,TRUNK10699,False,,virtual_stub_cable,True
T1002526,Aerial Terminal,FDH106001,TRUNK10700,False,,virtual_stub_cable,True
T1002527,Aerial Terminal,FDH106001,TRUNK10702,False,,virtual_stub_cable,True
T1002528,Aerial Terminal,FDH106001,TRUNK10703,False,,virtual_stub_cable,True
T1002529,Aerial Terminal,FDH106001,TRUNK10703,False,,virtual_stub_cable,True
T1002530,Aerial Terminal,FDH106001,TRUNK10703,False,,virtual_stub_cable,True
T1002531,Aerial Terminal,FDH106001,TRUNK10697,False,,virtual_stub_cable,True
T1002532,Aerial Terminal,FDH106001,TRUNK10698,False,,virtual_stub_cable,True
T1002533,Aerial Terminal,FDH106001,TRUNK10698,False,,virtual_stub_cable,True
T1002534,Aerial Terminal,FDH106001,TRUNK10694,False,,virtual_stub_cable,True
T1002535,Aerial Terminal,FDH106001,TRUNK10669,False,,virtual_stub_cable,True
T1002536,Aerial Terminal,FDH106001,TRUNK10669,False,,virtual_stub_cable,True
T1002537,Aerial Terminal,FDH106001,TRUNK10705,False,,virtual_stub_cable,True
T1002538,Aerial Terminal,FDH106001,TRUNK10705,False,,virtual_stub_cable,True
T1002539,Aerial Terminal,FDH106001,TRUNK10705,False,,virtual_stub_cable,True
T1002540,Aerial Terminal,FDH106001,TRUNK10711,False,,virtual_stub_cable,True
T1002541,Aerial Terminal,FDH106001,TRUNK10711,False,,virtual_stub_cable,True
T1002542,Aerial Terminal,FDH106001,TRUNK10711,False,,virtual_stub_cable,True
T1002543,Aerial Terminal,FDH106005,TRUNK10706,False,,virtual_stub_cable,True
T1002544,Aerial Terminal,FDH106005,TRUNK10706,False,,virtual_stub_cable,True
T1002545,Aerial Terminal,FDH106005,TRUNK10706,False,,virtual_stub_cable,True
T1002546,Aerial Terminal,FDH106005,TRUNK10706,False,,virtual_stub_cable,True
T1002547,Aerial Terminal,FDH106005,TRUNK10706,False,,virtual_stub_cable,True
T1002548,Aerial Terminal,FDH106005,TRUNK10706,False,,virtual_stub_cable,True
T1002549,Aerial Terminal,FDH106005,TRUNK10688,False,,virtual_stub_cable,True
T1002550,Aerial Terminal,FDH106005,TRUNK10688,False,,virtual_stub_cable,True
T1002551,Aerial Terminal,FDH106005,TRUNK10688,False,,virtual_stub_cable,True
T1002552,Aerial Terminal,FDH106005,TRUNK10712,False,,virtual_stub_cable,True
T1002553,Aerial Terminal,FDH106005,TRUNK10712,False,,virtual_stub_cable,True
T1002554,Aerial Terminal,FDH106005,TRUNK10712,False,,virtual_stub_cable,True
T1002559,Aerial Terminal,FDH106005,TRUNK10707,False,,virtual_stub_cable,True
T1002560,Aerial Terminal,FDH106005,TRUNK10707,False,,virtual_stub_cable,True
T1002561,Aerial Terminal,FDH106005,TRUNK10708,False,,virtual_stub_cable,True
T1002562,Aerial Terminal,FDH106005,TRUNK10708,False,,virtual_stub_cable,True
T1002563,Aerial Terminal,FDH106005,TRUNK10646,False,,virtual_stub_cable,True
T1002564,Aerial Terminal,FDH106005,TRUNK10708,False,,virtual_stub_cable,True
T1002565,Aerial Terminal,FDH106005,TRUNK10708,False,,virtual_stub_cable,True
T1002568,Aerial Terminal,FDH106005,TRUNK10646,False,,virtual_stub_cable,True
T1002571,Aerial Terminal,FDH106005,TRUNK10688,False,,virtual_stub_cable,True
T1002572,Aerial Terminal,FDH106005,TRUNK10706,False,,virtual_stub_cable,True
T1002573,Aerial Terminal,FDH106005,TRUNK10706,False,,virtual_stub_cable,True
T1002575,Aerial Terminal,FDH106005,TRUNK10646,False,,virtual_stub_cable,True
T1002576,Aerial Terminal,FDH106004,TRUNK10650,False,,virtual_stub_cable,True
T1002580,Aerial Terminal,FDH106004,TRUNK10649,False,,virtual_stub_cable,True
T1002585,Aerial Terminal,FDH106004,TRUNK10649,False,,virtual_stub_cable,True
T1002587,Aerial Terminal,FDH106004,TRUNK10668,False,,virtual_stub_cable,True
T1002588,Aerial Terminal,FDH106004,TRUNK10668,False,,virtual_stub_cable,True
T1002589,Aerial Terminal,FDH106004,TRUNK10668,False,,virtual_stub_cable,True
T1002590,Aerial Terminal,FDH106004,TRUNK10668,False,,virtual_stub_cable,True
T1002591,Aerial Terminal,FDH106004,TRUNK10668,False,,virtual_stub_cable,True
T1002592,Aerial Terminal,FDH106004,TRUNK10647,False,,virtual_stub_cable,True
T1002593,Aerial Terminal,FDH106004,TRUNK10647,False,,virtual_stub_cable,True
T1002594,Aerial Terminal,FDH106004,TRUNK10647,False,,virtual_stub_cable,True
T1002598,Aerial Terminal,FDH106004,TRUNK10648,False,,virtual_stub_cable,True
T1002599,Aerial Terminal,FDH106004,TRUNK10648,False,,virtual_stub_cable,True
T1002602,Aerial Terminal,FDH106004,TRUNK10647,False,,virtual_stub_cable,True
T1002603,Aerial Terminal,FDH106004,TRUNK10647,False,,virtual_stub_cable,True
T1002604,Aerial Terminal,FDH106002,TRUNK10689,False,,virtual_stub_cable,True
T1002605,Aerial Terminal,FDH106002,TRUNK10689,False,,virtual_stub_cable,True
T1002607,Aerial Terminal,FDH106002,TRUNK10651,False,,virtual_stub_cable,True
T1002610,Aerial Terminal,FDH106002,TRUNK10689,False,,virtual_stub_cable,True
T1002611,Aerial Terminal,FDH106002,TRUNK10689,False,,virtual_stub_cable,True
T1002613,Aerial Terminal,FDH106002,TRUNK10652,False,,virtual_stub_cable,True
T1002614,Aerial Terminal,FDH106002,TRUNK10652,False,,virtual_stub_cable,True
T1002615,Aerial Terminal,FDH106002,TRUNK10652,False,,virtual_stub_cable,True
T1002622,Aerial Terminal,FDH106002,TRUNK10676,False,,virtual_stub_cable,True
T1002623,Aerial Terminal,FDH106002,TRUNK10676,False,,virtual_stub_cable,True
T1002624,Aerial Terminal,FDH106002,TRUNK10676,False,,virtual_stub_cable,True
T1002626,Aerial Terminal,FDH106002,TRUNK10675,False,,virtual_stub_cable,True
T1002627,Aerial Terminal,FDH106002,TRUNK10675,False,,virtual_stub_cable,True
T1002628,Aerial Terminal,FDH106002,TRUNK10675,False,,virtual_stub_cable,True
T1002630,Aerial Terminal,FDH106002,TRUNK10653,False,,virtual_stub_cable,True
T1002631,Aerial Terminal,FDH106002,TRUNK10653,False,,virtual_stub_cable,True
T1002632,Aerial Terminal,FDH106002,TRUNK10653,False,,virtual_stub_cable,True
T1002633,Aerial Terminal,FDH106002,TRUNK10653,False,,virtual_stub_cable,True
T1002634,Aerial Terminal,FDH106002,TRUNK10654,False,,virtual_stub_cable,True
T1002635,Aerial Terminal,FDH106002,TRUNK10654,False,,virtual_stub_cable,True
T1002636,Aerial Terminal,FDH106002,TRUNK10654,False,,virtual_stub_cable,True
T1002637,Aerial Terminal,FDH106002,TRUNK10654,False,,virtual_stub_cable,True
T1002638,Aerial Terminal,FDH106002,TRUNK10654,False,,virtual_stub_cable,True
T1002639,Aerial Terminal,FDH106002,TRUNK10655,False,,virtual_stub_cable,True
T1002640,Aerial Terminal,FDH106002,TRUNK10653,False,,virtual_stub_cable,True
T1002641,Aerial Terminal,FDH106002,TRUNK10655,False,,virtual_stub_cable,True
T1002642,Aerial Terminal,FDH106002,TRUNK10655,False,,virtual_stub_cable,True
T1002645,Aerial Terminal,FDH106002,TRUNK10658,False,,virtual_stub_cable,True
T1002646,Aerial Terminal,FDH106002,TRUNK10656,False,,virtual_stub_cable,True
T1002647,Aerial Terminal,FDH106002,TRUNK10656,False,,virtual_stub_cable,True
T1002648,Aerial Terminal,FDH106001,TRUNK10691,False,,virtual_stub_cable,True
T1002649,Aerial Terminal,FDH106005,TRUNK10692,False,,virtual_stub_cable,True
T1002650,Aerial Terminal,FDH106005,TRUNK10661,False,,virtual_stub_cable,True
T1002651,Aerial Terminal,FDH106005,TRUNK10662,False,,virtual_stub_cable,True
T1002652,Aerial Terminal,FDH106005,TRUNK10662,False,,virtual_stub_cable,True
T1002653,Aerial Terminal,FDH106005,TRUNK10662,False,,virtual_stub_cable,True
T1002654,Aerial Terminal,FDH106005,TRUNK10663,False,,virtual_stub_cable,True
T1002655,Aerial Terminal,FDH106005,TRUNK10663,False,,virtual_stub_cable,True
T1002656,Aerial Terminal,FDH106005,TRUNK10663,False,,virtual_stub_cable,True
T1002657,Aerial Terminal,FDH106005,TRUNK10665,False,,virtual_stub_cable,True
T1002658,Aerial Terminal,FDH106005,TRUNK10665,False,,virtual_stub_cable,True
T1002659,Aerial Terminal,FDH106005,TRUNK10665,False,,virtual_stub_cable,True
T1002660,Aerial Terminal,FDH106005,TRUNK10661,False,,virtual_stub_cable,True
T1002663,Aerial Terminal,FDH106001,TRUNK10669,False,,virtual_stub_cable,True
T1002664,Aerial Terminal,FDH106002,TRUNK10674,False,,virtual_stub_cable,True
T1002665,Aerial Terminal,FDH106002,TRUNK10674,False,,virtual_stub_cable,True
T1002666,Aerial Terminal,FDH106002,TRUNK10674,False,,virtual_stub_cable,True
T1002667,Aerial Terminal,FDH106002,TRUNK10673,False,,virtual_stub_cable,True
T1002668,Aerial Terminal,FDH106002,TRUNK10683,False,,virtual_stub_cable,True
T1002669,Aerial Terminal,FDH106002,TRUNK10671,False,,virtual_stub_cable,True
T1002670,Aerial Terminal,FDH106002,TRUNK10671,False,,virtual_stub_cable,True
T1002671,Aerial Terminal,FDH106002,TRUNK10671,False,,virtual_stub_cable,True
T1002672,Aerial Terminal,FDH106002,TRUNK10682,False,,virtual_stub_cable,True
T1002673,Aerial Terminal,FDH106002,TRUNK10682,False,,virtual_stub_cable,True
T1002674,Aerial Terminal,FDH106002,TRUNK10682,False,,virtual_stub_cable,True
T1002675,Aerial Terminal,FDH106001,TRUNK10669,False,,virtual_stub_cable,True
T1002676,Aerial Terminal,FDH106001,TRUNK10669,False,,virtual_stub_cable,True
T1002677,Aerial Terminal,FDH106001,TRUNK10669,False,,virtual_stub_cable,True
T1002678,Aerial Terminal,FDH106001,TRUNK10702,False,,virtual_stub_cable,True
T1002679,Aerial Terminal,FDH106001,TRUNK10702,False,,virtual_stub_cable,True
T1002680,Aerial Terminal,FDH106001,TRUNK10700,False,,virtual_stub_cable,True
T1002681,Aerial Terminal,FDH106005,TRUNK10670,False,,virtual_stub_cable,True
T1002682,Aerial Terminal,FDH106005,TRUNK10662,False,,virtual_stub_cable,True
T1002683,Aerial Terminal,FDH106001,TRUNK10711,False,,virtual_stub_cable,True
T1002684,Aerial Terminal,FDH106004,TRUNK10668,False,,virtual_stub_cable,True
T1001001,Aerial Terminal,FDH103015,TRUNK10284,False,,virtual_stub_cable,True
T1001002,Aerial Terminal,FDH103015,TRUNK10284,False,,virtual_stub_cable,True
T1001003,Aerial Terminal,FDH103015,TRUNK10285,False,,virtual_stub_cable,True
T1001004,Aerial Terminal,FDH103015,TRUNK10285,False,,virtual_stub_cable,True
T1001005,Aerial Terminal,FDH103015,TRUNK10285,False,,virtual_stub_cable,True
T1001006,Aerial Terminal,FDH103015,TRUNK10285,False,,virtual_stub_cable,True
T1001008,Aerial Terminal,FDH103015,TRUNK10282,False,,virtual_stub_cable,True
T1001018,Aerial Terminal,FDH103006,TRUNK10280,False,,virtual_stub_cable,True
T1001020,Aerial Terminal,FDH103006,TRUNK10289,False,,virtual_stub_cable,True
T1001098,Aerial Terminal,FDH103006,TRUNK10289,False,,virtual_stub_cable,True
T1001022,Aerial Terminal,FDH103006,TRUNK10289,False,,virtual_stub_cable,True
T1001024,Aerial Terminal,FDH103006,TRUNK10289,False,,virtual_stub_cable,True
T1001025,Aerial Terminal,FDH103006,TRUNK10289,False,,virtual_stub_cable,True
T1001026,Aerial Terminal,FDH103006,TRUNK10288,False,,virtual_stub_cable,True
T1001027,Aerial Terminal,FDH103006,TRUNK10288,False,,virtual_stub_cable,True
T1001028,Aerial Terminal,FDH103006,TRUNK10288,False,,virtual_stub_cable,True
T1001029,Aerial Terminal,FDH103006,TRUNK10288,False,,virtual_stub_cable,True
T1001030,Aerial Terminal,FDH103006,TRUNK10288,False,,virtual_stub_cable,True
T1001031,Aerial Terminal,FDH103006,TRUNK10288,False,,virtual_stub_cable,True
T1001032,Aerial Terminal,FDH103006,TRUNK10288,False,,virtual_stub_cable,True
T1001033,Aerial Terminal,FDH103006,TRUNK10288,False,,virtual_stub_cable,True
T1001034,Aerial Terminal,FDH103006,TRUNK10287,False,,virtual_stub_cable,True
T1001035,Aerial Terminal,FDH103006,TRUNK10287,False,,virtual_stub_cable,True
T1001044,Aerial Terminal,FDH103006,TRUNK10287,False,,virtual_stub_cable,True
T1001045,Aerial Terminal,FDH103006,TRUNK10287,False,,virtual_stub_cable,True
T1001047,Aerial Terminal,FDH103004,TRUNK10264,False,,virtual_stub_cable,True
T1001048,Aerial Terminal,FDH103004,TRUNK10264,False,,virtual_stub_cable,True
T1001049,Aerial Terminal,FDH103004,TRUNK10366,False,,virtual_stub_cable,True
T1001050,Aerial Terminal,FDH103004,TRUNK10366,False,,virtual_stub_cable,True
T1001051,Aerial Terminal,FDH103004,TRUNK10263,False,,virtual_stub_cable,True
T1001052,Aerial Terminal,FDH103004,TRUNK10263,False,,virtual_stub_cable,True
T1001053,Aerial Terminal,FDH103004,TRUNK10263,False,,virtual_stub_cable,True
T1001059,Aerial Terminal,FDH103004,TRUNK10261,False,,virtual_stub_cable,True
T1001060,Aerial Terminal,FDH103004,TRUNK10261,False,,virtual_stub_cable,True
T1001061,Aerial Terminal,FDH103004,TRUNK10261,False,,virtual_stub_cable,True
T1001062,Aerial Terminal,FDH103005,TRUNK10362,False,,virtual_stub_cable,True
T1001063,Aerial Terminal,FDH103005,TRUNK10362,False,,virtual_stub_cable,True
T1001064,Aerial Terminal,FDH103006,TRUNK10273,False,,virtual_stub_cable,True
T1001065,Aerial Terminal,FDH103006,TRUNK10362,False,,virtual_stub_cable,True
T1001066,Aerial Terminal,FDH103006,TRUNK10272,False,,virtual_stub_cable,True
T1001067,Aerial Terminal,FDH103006,TRUNK10272,False,,virtual_stub_cable,True
T1001068,Aerial Terminal,FDH103006,TRUNK10272,False,,virtual_stub_cable,True
T1001073,Aerial Terminal,FDH103006,TRUNK10280,False,,virtual_stub_cable,True
T1001076,Aerial Terminal,FDH103004,TRUNK10267,False,,virtual_stub_cable,True
T1001077,Aerial Terminal,FDH103004,TRUNK10267,False,,virtual_stub_cable,True
T1001078,Aerial Terminal,FDH103004,TRUNK10267,False,,virtual_stub_cable,True
T1001079,Aerial Terminal,FDH103004,TRUNK10268,False,,virtual_stub_cable,True
T1001080,Aerial Terminal,FDH103004,TRUNK10268,False,,virtual_stub_cable,True
T1001081,Aerial Terminal,FDH103004,TRUNK10269,False,,virtual_stub_cable,True
T1001082,Aerial Terminal,FDH103004,TRUNK10269,False,,virtual_stub_cable,True
T1001083,Aerial Terminal,FDH103004,TRUNK10271,False,,virtual_stub_cable,True
T1001088,Aerial Terminal,FDH103004,TRUNK10270,False,,virtual_stub_cable,True
T1001092,Aerial Terminal,FDH103004,TRUNK10271,False,,virtual_stub_cable,True
T1001093,Aerial Terminal,FDH103004,TRUNK10271,False,,virtual_stub_cable,True
T1001094,Aerial Terminal,FDH103006,TRUNK10273,False,,virtual_stub_cable,True
T1001095,Aerial Terminal,FDH103006,TRUNK10273,False,,virtual_stub_cable,True
T1001096,Aerial Terminal,FDH103006,TRUNK10272,False,,virtual_stub_cable,True
T1001100,Aerial Terminal,FDH103005,TRUNK10362,False,,virtual_stub_cable,True
T1001109,Aerial Terminal,FDH103003,TRUNK10257,False,,virtual_stub_cable,True
T1001110,Aerial Terminal,FDH103003,TRUNK10257,False,,virtual_stub_cable,True
T1001111,Aerial Terminal,FDH103003,TRUNK10257,False,,virtual_stub_cable,True
T1001112,Aerial Terminal,FDH103003,TRUNK10257,False,,virtual_stub_cable,True
T1001113,Aerial Terminal,FDH103003,TRUNK10259,False,,virtual_stub_cable,True
T1001114,Aerial Terminal,FDH103003,TRUNK10259,False,,virtual_stub_cable,True
T1001115,Aerial Terminal,FDH103003,TRUNK10259,False,,virtual_stub_cable,True
T1001116,Aerial Terminal,FDH103003,TRUNK10259,False,,virtual_stub_cable,True
T1001117,Aerial Terminal,FDH103003,TRUNK10259,False,,virtual_stub_cable,True
T1001118,Aerial Terminal,FDH103005,TRUNK10362,False,,virtual_stub_cable,True
T1001119,Aerial Terminal,FDH103005,TRUNK10258,False,,virtual_stub_cable,True
T1001120,Aerial Terminal,FDH103005,TRUNK10258,False,,virtual_stub_cable,True
T1001121,Aerial Terminal,FDH103005,TRUNK10362,False,,virtual_stub_cable,True
T1001122,Aerial Terminal,FDH103005,TRUNK10258,False,,virtual_stub_cable,True
T1001124,Aerial Terminal,FDH103005,TRUNK10258,False,,virtual_stub_cable,True
T1001127,Aerial Terminal,FDH103005,TRUNK10303,False,,virtual_stub_cable,True
T1001128,Aerial Terminal,FDH103005,TRUNK10303,False,,virtual_stub_cable,True
T1001129,Aerial Terminal,FDH103005,TRUNK10303,False,,virtual_stub_cable,True
T1001130,Aerial Terminal,FDH103005,TRUNK10302,False,,virtual_stub_cable,True
T1001131,Aerial Terminal,FDH103005,TRUNK10302,False,,virtual_stub_cable,True
T1001132,Aerial Terminal,FDH103005,TRUNK10302,False,,virtual_stub_cable,True
T1001133,Aerial Terminal,FDH103005,TRUNK10275,False,,virtual_stub_cable,True
T1001134,Aerial Terminal,FDH103005,TRUNK10276,False,,virtual_stub_cable,True
T1001135,Aerial Terminal,FDH103005,TRUNK10276,False,,virtual_stub_cable,True
T1001138,Aerial Terminal,FDH103005,TRUNK10275,False,,virtual_stub_cable,True
T1001139,Aerial Terminal,FDH103005,TRUNK10275,False,,virtual_stub_cable,True
T1001140,Aerial Terminal,FDH103005,TRUNK10362,False,,virtual_stub_cable,True
T1001141,Aerial Terminal,FDH103005,TRUNK10362,False,,virtual_stub_cable,True
T1001142,Aerial Terminal,FDH103003,TRUNK10304,False,,virtual_stub_cable,True
T1001143,Aerial Terminal,FDH103003,TRUNK10304,False,,virtual_stub_cable,True
T1001144,Aerial Terminal,FDH103003,TRUNK10260,False,,virtual_stub_cable,True
T1001145,Aerial Terminal,FDH103005,TRUNK10362,False,,virtual_stub_cable,True
T1001146,Aerial Terminal,FDH103005,TRUNK10276,False,,virtual_stub_cable,True
T1001147,Aerial Terminal,FDH103005,TRUNK10275,False,,virtual_stub_cable,True
T1001148,Aerial Terminal,FDH103005,TRUNK10275,False,,virtual_stub_cable,True
T1001149,Aerial Terminal,FDH103003,TRUNK10260,False,,virtual_stub_cable,True
T1001151,Aerial Terminal,FDH103003,TRUNK10260,False,,virtual_stub_cable,True
T1001152,Aerial Terminal,FDH103003,TRUNK10304,False,,virtual_stub_cable,True
T1001158,Aerial Terminal,FDH103014,TRUNK10296,False,,virtual_stub_cable,True
T1001164,Aerial Terminal,FDH103014,TRUNK10298,False,,virtual_stub_cable,True
T1001165,Aerial Terminal,FDH103014,TRUNK10298,False,,virtual_stub_cable,True
T1001166,Aerial Terminal,FDH103001,TRUNK10294,False,,virtual_stub_cable,True
T1001167,Aerial Terminal,FDH103014,TRUNK10295,False,,virtual_stub_cable,True
T1001168,Aerial Terminal,FDH103014,TRUNK10295,False,,virtual_stub_cable,True
T1001169,Aerial Terminal,FDH103014,TRUNK10295,False,,virtual_stub_cable,True
T1001172,Aerial Terminal,FDH103001,TRUNK10294,False,,virtual_stub_cable,True
T1001180,Aerial Terminal,FDH103014,TRUNK10295,False,,virtual_stub_cable,True
T1001181,Aerial Terminal,FDH103001,TRUNK10299,False,,virtual_stub_cable,True
T1001183,Aerial Terminal,FDH103015,TRUNK10291,False,,virtual_stub_cable,True
T1001184,Aerial Terminal,FDH103015,TRUNK10290,False,,virtual_stub_cable,True
T1001185,Aerial Terminal,FDH103015,TRUNK10277,False,,virtual_stub_cable,True
T1001186,Aerial Terminal,FDH103015,TRUNK10291,False,,virtual_stub_cable,True
T1001189,Aerial Terminal,FDH103014,TRUNK10296,False,,virtual_stub_cable,True
T1001206,Aerial Terminal,FDH103014,TRUNK10295,False,,virtual_stub_cable,True
T1001207,Aerial Terminal,FDH103015,TRUNK10290,False,,virtual_stub_cable,True
T1001216,Aerial Terminal,FDH103014,TRUNK10296,False,,virtual_stub_cable,True
T1001220,Aerial Terminal,FDH103002,TRUNK10252,False,,virtual_stub_cable,True
T1001223,Aerial Terminal,FDH103003,TRUNK10257,False,,virtual_stub_cable,True
T1001224,Aerial Terminal,FDH103003,TRUNK10255,False,,virtual_stub_cable,True
T1001225,Aerial Terminal,FDH103003,TRUNK10255,False,,virtual_stub_cable,True
T1001226,Aerial Terminal,FDH103003,TRUNK10255,False,,virtual_stub_cable,True
T1001227,Aerial Terminal,FDH103003,TRUNK10255,False,,virtual_stub_cable,True
T1001234,Aerial Terminal,FDH103002,TRUNK10252,False,,virtual_stub_cable,True
T1001235,Aerial Terminal,FDH103002,TRUNK10252,False,,virtual_stub_cable,True
T1001236,Aerial Terminal,FDH103002,TRUNK10252,False,,virtual_stub_cable,True
T1001239,Aerial Terminal,FDH103002,TRUNK10251,False,,virtual_stub_cable,True
T1001240,Aerial Terminal,FDH103002,TRUNK10251,False,,virtual_stub_cable,True
T1001241,Aerial Terminal,FDH103002,TRUNK10251,False,,virtual_stub_cable,True
T1001249,Aerial Terminal,FDH103002,TRUNK10252,False,,virtual_stub_cable,True
T1001250,Aerial Terminal,FDH103002,TRUNK10251,False,,virtual_stub_cable,True
T1001251,Aerial Terminal,FDH103006,TRUNK10281,False,,virtual_stub_cable,True
T1001252,Aerial Terminal,FDH103007,TRUNK10317,False,,virtual_stub_cable,True
T1001253,Aerial Terminal,FDH103007,TRUNK10317,False,,virtual_stub_cable,True
T1001254,Aerial Terminal,FDH103007,TRUNK10317,False,,virtual_stub_cable,True
T1001255,Aerial Terminal,FDH103007,TRUNK10317,False,,virtual_stub_cable,True
T1001258,Aerial Terminal,FDH103007,TRUNK10313,False,,virtual_stub_cable,True
T1001259,Aerial Terminal,FDH103007,TRUNK10313,False,,virtual_stub_cable,True
T1001260,Aerial Terminal,FDH103007,TRUNK10318,False,,virtual_stub_cable,True
T1001261,Aerial Terminal,FDH103007,TRUNK10318,False,,virtual_stub_cable,True
T1001262,Aerial Terminal,FDH103007,TRUNK10319,False,,virtual_stub_cable,True
T1001263,Aerial Terminal,FDH103007,TRUNK10318,False,,virtual_stub_cable,True
T1001264,Aerial Terminal,FDH103007,TRUNK10319,False,,virtual_stub_cable,True
T1001265,Aerial Terminal,FDH103007,TRUNK10319,False,,virtual_stub_cable,True
T1001268,Aerial Terminal,FDH103007,TRUNK10365,False,,virtual_stub_cable,True
T1001270,Aerial Terminal,FDH103007,TRUNK10365,False,,virtual_stub_cable,True
T1001271,Aerial Terminal,FDH103007,TRUNK10322,False,,virtual_stub_cable,True
T1001272,Aerial Terminal,FDH103007,TRUNK10322,False,,virtual_stub_cable,True
T1001273,Aerial Terminal,FDH103007,TRUNK10322,False,,virtual_stub_cable,True
T1001274,Aerial Terminal,FDH103007,TRUNK10322,False,,virtual_stub_cable,True
T1001275,Aerial Terminal,FDH103007,TRUNK10322,False,,virtual_stub_cable,True
T1001277,Aerial Terminal,FDH103007,TRUNK10324,False,,virtual_stub_cable,True
T1001278,Aerial Terminal,FDH103007,TRUNK10324,False,,virtual_stub_cable,True
T1001279,Aerial Terminal,FDH103007,TRUNK10324,False,,virtual_stub_cable,True
T1001280,Aerial Terminal,FDH103007,TRUNK10324,False,,virtual_stub_cable,True
T1001281,Aerial Terminal,FDH103007,TRUNK10361,False,,virtual_stub_cable,True
T1001282,Aerial Terminal,FDH103007,TRUNK10323,False,,virtual_stub_cable,True
T1001283,Aerial Terminal,FDH103007,TRUNK10323,False,,virtual_stub_cable,True
T1001285,Aerial Terminal,FDH103007,TRUNK10323,False,,virtual_stub_cable,True
T1001286,Aerial Terminal,FDH103007,TRUNK10322,False,,virtual_stub_cable,True
T1001287,Aerial Terminal,FDH103007,TRUNK10365,False,,virtual_stub_cable,True
T1001293,Aerial Terminal,FDH103001,TRUNK10308,False,,virtual_stub_cable,True
T1001294,Aerial Terminal,FDH103001,TRUNK10308,False,,virtual_stub_cable,True
T1001295,Aerial Terminal,FDH103001,TRUNK10308,False,,virtual_stub_cable,True
T1001296,Aerial Terminal,FDH103001,TRUNK10308,False,,virtual_stub_cable,True
T1001297,Aerial Terminal,FDH103001,TRUNK10308,False,,virtual_stub_cable,True
T1001298,Aerial Terminal,FDH103008,TRUNK10309,False,,virtual_stub_cable,True
T1001299,Aerial Terminal,FDH103008,TRUNK10310,False,,virtual_stub_cable,True
T1001300,Aerial Terminal,FDH103008,TRUNK10310,False,,virtual_stub_cable,True
T1001301,Aerial Terminal,FDH103008,TRUNK10310,False,,virtual_stub_cable,True
T1001302,Aerial Terminal,FDH103008,TRUNK10310,False,,virtual_stub_cable,True
T1001303,Aerial Terminal,FDH103008,TRUNK10311,False,,virtual_stub_cable,True
T1001304,Aerial Terminal,FDH103008,TRUNK10312,False,,virtual_stub_cable,True
T1001305,Aerial Terminal,FDH103008,TRUNK10312,False,,virtual_stub_cable,True
T1001306,Aerial Terminal,FDH103008,TRUNK10312,False,,virtual_stub_cable,True
T1001307,Aerial Terminal,FDH103008,TRUNK10312,False,,virtual_stub_cable,True
T1001308,Aerial Terminal,FDH103008,TRUNK10312,False,,virtual_stub_cable,True
T1001309,Aerial Terminal,FDH103008,TRUNK10312,False,,virtual_stub_cable,True
T1001310,Aerial Terminal,FDH103008,TRUNK10312,False,,virtual_stub_cable,True
T1001311,Aerial Terminal,FDH103008,TRUNK10312,False,,virtual_stub_cable,True
T1001312,Aerial Terminal,FDH103008,TRUNK10312,False,,virtual_stub_cable,True
T1001313,Aerial Terminal,FDH103008,TRUNK10312,False,,virtual_stub_cable,True
T1001314,Aerial Terminal,FDH103008,TRUNK10312,False,,virtual_stub_cable,True
T1001316,Aerial Terminal,FDH103008,TRUNK10367,False,,virtual_stub_cable,True
T1001318,Aerial Terminal,FDH103008,TRUNK10367,False,,virtual_stub_cable,True
T1001320,Aerial Terminal,FDH103008,TRUNK10367,False,,virtual_stub_cable,True
T1001321,Aerial Terminal,FDH103001,TRUNK10307,False,,virtual_stub_cable,True
T1001322,Aerial Terminal,FDH103001,TRUNK10306,False,,virtual_stub_cable,True
T1001323,Aerial Terminal,FDH103001,TRUNK10306,False,,virtual_stub_cable,True
T1001325,Aerial Terminal,FDH103008,TRUNK10367,False,,virtual_stub_cable,True
T1001328,Aerial Terminal,FDH103013,TRUNK10354,False,,virtual_stub_cable,True
T1001331,Aerial Terminal,FDH103013,TRUNK10354,False,,virtual_stub_cable,True
T1001332,Aerial Terminal,FDH103013,TRUNK10354,False,,virtual_stub_cable,True
T1001336,Aerial Terminal,FDH103013,TRUNK10356,False,,virtual_stub_cable,True
T1001337,Aerial Terminal,FDH103013,TRUNK10356,False,,virtual_stub_cable,True
T1001340,Aerial Terminal,FDH103013,TRUNK10358,False,,virtual_stub_cable,True
T1001341,Aerial Terminal,FDH103013,TRUNK10358,False,,virtual_stub_cable,True
T1001342,Aerial Terminal,FDH103013,TRUNK10358,False,,virtual_stub_cable,True
T1001343,Aerial Terminal,FDH103013,TRUNK10358,False,,virtual_stub_cable,True
T1001344,Aerial Terminal,FDH103013,TRUNK10358,False,,virtual_stub_cable,True
T1001345,Aerial Terminal,FDH103013,TRUNK10357,False,,virtual_stub_cable,True
T1001346,Aerial Terminal,FDH103013,TRUNK10357,False,,virtual_stub_cable,True
T1001347,Aerial Terminal,FDH103010,TRUNK10352,False,,virtual_stub_cable,True
T1001348,Aerial Terminal,FDH103010,TRUNK10352,False,,virtual_stub_cable,True
T1001349,Aerial Terminal,FDH103010,TRUNK10352,False,,virtual_stub_cable,True
T1001351,Aerial Terminal,FDH103013,TRUNK10353,False,,virtual_stub_cable,True
T1001353,Aerial Terminal,FDH103010,TRUNK10350,False,,virtual_stub_cable,True
T1001354,Aerial Terminal,FDH103010,TRUNK10348,False,,virtual_stub_cable,True
T1001355,Aerial Terminal,FDH103010,TRUNK10348,False,,virtual_stub_cable,True
T1001365,Aerial Terminal,FDH103010,TRUNK10351,False,,virtual_stub_cable,True
T1001366,Aerial Terminal,FDH103010,TRUNK10351,False,,virtual_stub_cable,True
T1001367,Aerial Terminal,FDH103009,TRUNK10333,False,,virtual_stub_cable,True
T1001368,Aerial Terminal,FDH103009,TRUNK10333,False,,virtual_stub_cable,True
T1001369,Aerial Terminal,FDH103009,TRUNK10333,False,,virtual_stub_cable,True
T1001370,Aerial Terminal,FDH103009,TRUNK10333,False,,virtual_stub_cable,True
T1001376,Aerial Terminal,FDH103010,TRUNK10351,False,,virtual_stub_cable,True
T1001377,Aerial Terminal,FDH103010,TRUNK10351,False,,virtual_stub_cable,True
T1001379,Aerial Terminal,FDH103009,TRUNK10347,False,,virtual_stub_cable,True
T1001380,Aerial Terminal,FDH103009,TRUNK10347,False,,virtual_stub_cable,True
T1001381,Aerial Terminal,FDH103009,TRUNK10347,False,,virtual_stub_cable,True
T1001382,Aerial Terminal,FDH103009,TRUNK10347,False,,virtual_stub_cable,True
T1001401,Aerial Terminal,FDH103010,TRUNK10364,False,,virtual_stub_cable,True
T1001404,Aerial Terminal,FDH103010,TRUNK10351,False,,virtual_stub_cable,True
T1001421,Aerial Terminal,FDH103012,TRUNK10328,False,,virtual_stub_cable,True
T1001422,Aerial Terminal,FDH103012,TRUNK10328,False,,virtual_stub_cable,True
T1001423,Aerial Terminal,FDH103012,TRUNK10329,False,,virtual_stub_cable,True
T1001424,Aerial Terminal,FDH103012,TRUNK10329,False,,virtual_stub_cable,True
T1001425,Aerial Terminal,FDH103012,TRUNK10330,False,,virtual_stub_cable,True
T1001426,Aerial Terminal,FDH103012,TRUNK10330,False,,virtual_stub_cable,True
T1001427,Aerial Terminal,FDH103012,TRUNK10330,False,,virtual_stub_cable,True
T1001428,Aerial Terminal,FDH103012,TRUNK10330,False,,virtual_stub_cable,True
T1001429,Aerial Terminal,FDH103012,TRUNK10330,False,,virtual_stub_cable,True
T1001430,Aerial Terminal,FDH103012,TRUNK10330,False,,virtual_stub_cable,True
T1001431,Aerial Terminal,FDH103012,TRUNK10330,False,,virtual_stub_cable,True
T1001436,Aerial Terminal,FDH103012,TRUNK10331,False,,virtual_stub_cable,True
T1001437,Aerial Terminal,FDH103012,TRUNK10331,False,,virtual_stub_cable,True
T1001438,Aerial Terminal,FDH103012,TRUNK10331,False,,virtual_stub_cable,True
T1001439,Aerial Terminal,FDH103012,TRUNK10328,False,,virtual_stub_cable,True
T1001444,Aerial Terminal,FDH103011,TRUNK10342,False,,virtual_stub_cable,True
T1001445,Aerial Terminal,FDH103011,TRUNK10342,False,,virtual_stub_cable,True
T1001446,Aerial Terminal,FDH103011,TRUNK10342,False,,virtual_stub_cable,True
T1001447,Aerial Terminal,FDH103011,TRUNK10342,False,,virtual_stub_cable,True
T1001448,Aerial Terminal,FDH103011,TRUNK10342,False,,virtual_stub_cable,True
T1001449,Aerial Terminal,FDH103011,TRUNK10341,False,,virtual_stub_cable,True
T1001450,Aerial Terminal,FDH103011,TRUNK10369,False,,virtual_stub_cable,True
T1001451,Aerial Terminal,FDH103011,TRUNK10369,False,,virtual_stub_cable,True
T1001454,Aerial Terminal,FDH103011,TRUNK10340,False,,virtual_stub_cable,True
T1001457,Aerial Terminal,FDH103011,TRUNK10343,False,,virtual_stub_cable,True
T1001458,Aerial Terminal,FDH103011,TRUNK10343,False,,virtual_stub_cable,True
T1001459,Aerial Terminal,FDH103011,TRUNK10340,False,,virtual_stub_cable,True
T1001460,Aerial Terminal,FDH103011,TRUNK10340,False,,virtual_stub_cable,True
T1001463,Aerial Terminal,FDH103011,TRUNK10337,False,,virtual_stub_cable,True
T1001464,Aerial Terminal,FDH103011,TRUNK10337,False,,virtual_stub_cable,True
T1001466,Aerial Terminal,FDH103011,TRUNK10337,False,,virtual_stub_cable,True
T1001467,Aerial Terminal,FDH103011,TRUNK10336,False,,virtual_stub_cable,True
T1001468,Aerial Terminal,FDH103011,TRUNK10336,False,,virtual_stub_cable,True
T1001469,Aerial Terminal,FDH103011,TRUNK10336,False,,virtual_stub_cable,True
T1001470,Aerial Terminal,FDH103011,TRUNK10336,False,,virtual_stub_cable,True
T1001471,Aerial Terminal,FDH103011,TRUNK10339,False,,virtual_stub_cable,True
T1001472,Aerial Terminal,FDH103011,TRUNK10339,False,,virtual_stub_cable,True
T1001474,Aerial Terminal,FDH103011,TRUNK10334,False,,virtual_stub_cable,True
T1001475,Aerial Terminal,FDH103011,TRUNK10334,False,,virtual_stub_cable,True
T1001476,Aerial Terminal,FDH103011,TRUNK10334,False,,virtual_stub_cable,True
T1001488,Aerial Terminal,FDH103008,TRUNK10367,False,,virtual_stub_cable,True
T1001489,Aerial Terminal,FDH103007,TRUNK10321,False,,virtual_stub_cable,True
T1001490,Aerial Terminal,FDH103006,TRUNK10289,False,,virtual_stub_cable,True
T1001491,Aerial Terminal,FDH103007,TRUNK10323,False,,virtual_stub_cable,True
T1001493,Aerial Terminal,FDH103015,TRUNK10282,False,,virtual_stub_cable,True
T1001012,Aerial Terminal,FDH103008,TRUNK10309,False,,virtual_stub_cable,True
T1001021,Aerial Terminal,FDH103002,TRUNK10252,False,,virtual_stub_cable,True
T1001456,Aerial Terminal,FDH104002,TRUNK10402,False,,virtual_stub_cable,True
T1001722,Aerial Terminal,FDH104002,TRUNK10403,False,,virtual_stub_cable,True
T1001502,Aerial Terminal,FDH104002,TRUNK10403,False,,virtual_stub_cable,True
T1001503,Aerial Terminal,FDH104001,TRUNK10412,False,,virtual_stub_cable,True
T1001504,Aerial Terminal,FDH104001,TRUNK10412,False,,virtual_stub_cable,True
T1001508,Aerial Terminal,FDH104004,TRUNK10399,False,,virtual_stub_cable,True
T1001509,Aerial Terminal,FDH104005,TRUNK10370,False,,virtual_stub_cable,True
T1001510,Aerial Terminal,FDH104005,TRUNK10370,False,,virtual_stub_cable,True
T1001513,Aerial Terminal,FDH104001,TRUNK10410,False,,virtual_stub_cable,True
T1001514,Aerial Terminal,FDH104001,TRUNK10410,False,,virtual_stub_cable,True
T1001517,Aerial Terminal,FDH104002,TRUNK10439,False,,virtual_stub_cable,True
T1001519,Aerial Terminal,FDH104003,TRUNK10395,False,,virtual_stub_cable,True
T1001520,Aerial Terminal,FDH104007,TRUNK10370,False,,virtual_stub_cable,True
T1001522,Aerial Terminal,FDH104001,TRUNK10399,False,,virtual_stub_cable,True
T1001524,Aerial Terminal,FDH104005,TRUNK10370,False,,virtual_stub_cable,True
T1001528,Aerial Terminal,FDH104003,TRUNK10395,False,,virtual_stub_cable,True
T1001530,Aerial Terminal,FDH104004,TRUNK10401,False,,virtual_stub_cable,True
T1001536,Aerial Terminal,FDH104002,TRUNK10403,False,,virtual_stub_cable,True
T1001538,Aerial Terminal,FDH104004,TRUNK10400,False,,virtual_stub_cable,True
T1001539,Aerial Terminal,FDH104004,TRUNK10399,False,,virtual_stub_cable,True
T1001540,Aerial Terminal,FDH104004,TRUNK10399,False,,virtual_stub_cable,True
T1001541,Aerial Terminal,FDH104004,TRUNK10399,False,,virtual_stub_cable,True
T1001542,Aerial Terminal,FDH104004,TRUNK10399,False,,virtual_stub_cable,True
T1001544,Aerial Terminal,FDH104003,TRUNK10395,False,,virtual_stub_cable,True
T1001545,Aerial Terminal,FDH104007,TRUNK10370,False,,virtual_stub_cable,True
T1001546,Aerial Terminal,FDH104001,TRUNK10484,False,,virtual_stub_cable,True
T1001547,Aerial Terminal,FDH104001,TRUNK10484,False,,virtual_stub_cable,True
T1001548,Aerial Terminal,FDH104001,TRUNK10408,False,,virtual_stub_cable,True
T1001551,Aerial Terminal,FDH104004,TRUNK10399,False,,virtual_stub_cable,True
T1001552,Aerial Terminal,FDH104005,TRUNK10370,False,,virtual_stub_cable,True
T1001559,Aerial Terminal,FDH104002,TRUNK10439,False,,virtual_stub_cable,True
T1001560,Aerial Terminal,FDH104002,TRUNK10401,False,,virtual_stub_cable,True
T1001563,Aerial Terminal,FDH104001,TRUNK10410,False,,virtual_stub_cable,True
T1001564,Aerial Terminal,FDH104002,TRUNK10403,False,,virtual_stub_cable,True
T1001565,Aerial Terminal,FDH104002,TRUNK10403,False,,virtual_stub_cable,True
T1001567,Aerial Terminal,FDH104004,TRUNK10399,False,,virtual_stub_cable,True
T1001570,Aerial Terminal,FDH104005,TRUNK10370,False,,virtual_stub_cable,True
T1001571,Aerial Terminal,FDH104001,TRUNK10410,False,,virtual_stub_cable,True
T1001572,Aerial Terminal,FDH104001,TRUNK10412,False,,virtual_stub_cable,True
T1001578,Aerial Terminal,FDH104004,TRUNK10404,False,,virtual_stub_cable,True
T1001579,Aerial Terminal,FDH104017,TRUNK10404,False,,virtual_stub_cable,True
T1001591,Aerial Terminal,FDH104005,TRUNK10370,False,,virtual_stub_cable,True
T1001593,Aerial Terminal,FDH104007,TRUNK10370,False,,virtual_stub_cable,True
T1001594,Aerial Terminal,FDH104001,TRUNK10410,False,,virtual_stub_cable,True
T1001598,Aerial Terminal,FDH104004,TRUNK10401,False,,virtual_stub_cable,True
T1001599,Aerial Terminal,FDH104002,TRUNK10402,False,,virtual_stub_cable,True
T1001600,Aerial Terminal,FDH104004,TRUNK10400,False,,virtual_stub_cable,True
T1001601,Aerial Terminal,FDH104017,TRUNK10404,False,,virtual_stub_cable,True
T1001607,Aerial Terminal,FDH104008,TRUNK10383,False,,virtual_stub_cable,True
T1001608,Aerial Terminal,FDH104008,TRUNK10383,False,,virtual_stub_cable,True
T1001609,Aerial Terminal,FDH104009,TRUNK10386,False,,virtual_stub_cable,True
T1001610,Aerial Terminal,FDH104009,TRUNK10440,False,,virtual_stub_cable,True
T1001611,Aerial Terminal,FDH104009,TRUNK10376,False,,virtual_stub_cable,True
T1001612,Aerial Terminal,FDH104009,TRUNK10440,False,,virtual_stub_cable,True
T1001616,Aerial Terminal,FDH104008,TRUNK10391,False,,virtual_stub_cable,True
T1001617,Aerial Terminal,FDH104006,TRUNK10381,False,,virtual_stub_cable,True
T1001618,Aerial Terminal,FDH104008,TRUNK10385,False,,virtual_stub_cable,True
T1001619,Aerial Terminal,FDH104007,TRUNK10373,False,,virtual_stub_cable,True
T1001620,Aerial Terminal,FDH104006,TRUNK10443,False,,virtual_stub_cable,True
T1001621,Aerial Terminal,FDH104006,TRUNK10443,False,,virtual_stub_cable,True
T1001622,Aerial Terminal,FDH104006,TRUNK10379,False,,virtual_stub_cable,True
T1001623,Aerial Terminal,FDH104008,TRUNK10388,False,,virtual_stub_cable,True
T1001624,Aerial Terminal,FDH104008,TRUNK10388,False,,virtual_stub_cable,True
T1001625,Aerial Terminal,FDH104009,TRUNK10442,False,,virtual_stub_cable,True
T1001626,Aerial Terminal,FDH104009,TRUNK10442,False,,virtual_stub_cable,True
T1001627,Aerial Terminal,FDH104009,TRUNK10376,False,,virtual_stub_cable,True
T1001632,Aerial Terminal,FDH104007,TRUNK10371,False,,virtual_stub_cable,True
T1001634,Aerial Terminal,FDH104007,TRUNK10373,False,,virtual_stub_cable,True
T1001635,Aerial Terminal,FDH104007,TRUNK10372,False,,virtual_stub_cable,True
T1001636,Aerial Terminal,FDH104006,TRUNK10443,False,,virtual_stub_cable,True
T1001637,Aerial Terminal,FDH104006,TRUNK10379,False,,virtual_stub_cable,True
T1001638,Aerial Terminal,FDH104006,TRUNK10379,False,,virtual_stub_cable,True
T1001639,Aerial Terminal,FDH104006,TRUNK10380,False,,virtual_stub_cable,True
T1001640,Aerial Terminal,FDH104008,TRUNK10389,False,,virtual_stub_cable,True
T1001641,Aerial Terminal,FDH104008,TRUNK10388,False,,virtual_stub_cable,True
T1001642,Aerial Terminal,FDH104008,TRUNK10383,False,,virtual_stub_cable,True
T1001643,Aerial Terminal,FDH104008,TRUNK10385,False,,virtual_stub_cable,True
T1001644,Aerial Terminal,FDH104009,TRUNK10392,False,,virtual_stub_cable,True
T1001647,Aerial Terminal,FDH104009,TRUNK10386,False,,virtual_stub_cable,True
T1001648,Aerial Terminal,FDH104009,TRUNK10376,False,,virtual_stub_cable,True
T1001649,Aerial Terminal,FDH104009,TRUNK10387,False,,virtual_stub_cable,True
T1001650,Aerial Terminal,FDH104007,TRUNK10371,False,,virtual_stub_cable,True
T1001651,Aerial Terminal,FDH104007,TRUNK10373,False,,virtual_stub_cable,True
T1001652,Aerial Terminal,FDH104007,TRUNK10372,False,,virtual_stub_cable,True
T1001653,Aerial Terminal,FDH104007,TRUNK10374,False,,virtual_stub_cable,True
T1001654,Aerial Terminal,FDH104007,TRUNK10374,False,,virtual_stub_cable,True
T1001655,Aerial Terminal,FDH104007,TRUNK10374,False,,virtual_stub_cable,True
T1001656,Aerial Terminal,FDH104006,TRUNK10377,False,,virtual_stub_cable,True
T1001657,Aerial Terminal,FDH104006,TRUNK10382,False,,virtual_stub_cable,True
T1001658,Aerial Terminal,FDH104006,TRUNK10379,False,,virtual_stub_cable,True
T1001659,Aerial Terminal,FDH104006,TRUNK10380,False,,virtual_stub_cable,True
T1001660,Aerial Terminal,FDH104008,TRUNK10383,False,,virtual_stub_cable,True
T1001662,Aerial Terminal,FDH104009,TRUNK10387,False,,virtual_stub_cable,True
T1001664,Aerial Terminal,FDH104007,TRUNK10374,False,,virtual_stub_cable,True
T1001665,Aerial Terminal,FDH104007,TRUNK10372,False,,virtual_stub_cable,True
T1001666,Aerial Terminal,FDH104007,TRUNK10372,False,,virtual_stub_cable,True
T1001667,Aerial Terminal,FDH104007,TRUNK10374,False,,virtual_stub_cable,True
T1001668,Aerial Terminal,FDH104006,TRUNK10378,False,,virtual_stub_cable,True
T1001670,Aerial Terminal,FDH104008,TRUNK10383,False,,virtual_stub_cable,True
T1001671,Aerial Terminal,FDH104008,TRUNK10385,False,,virtual_stub_cable,True
T1001672,Aerial Terminal,FDH104009,TRUNK10386,False,,virtual_stub_cable,True
T1001673,Aerial Terminal,FDH104009,TRUNK10386,False,,virtual_stub_cable,True
T1001674,Aerial Terminal,FDH104009,TRUNK10387,False,,virtual_stub_cable,True
T1001675,Aerial Terminal,FDH104007,TRUNK10371,False,,virtual_stub_cable,True
T1001676,Aerial Terminal,FDH104007,TRUNK10372,False,,virtual_stub_cable,True
T1001677,Aerial Terminal,FDH104007,TRUNK10372,False,,virtual_stub_cable,True
T1001678,Aerial Terminal,FDH104006,TRUNK10378,False,,virtual_stub_cable,True
T1001679,Aerial Terminal,FDH104006,TRUNK10443,False,,virtual_stub_cable,True
T1001680,Aerial Terminal,FDH104008,TRUNK10383,False,,virtual_stub_cable,True
T1001681,Aerial Terminal,FDH104008,TRUNK10385,False,,virtual_stub_cable,True
T1001682,Aerial Terminal,FDH104009,TRUNK10387,False,,virtual_stub_cable,True
T1001684,Aerial Terminal,FDH104006,TRUNK10378,False,,virtual_stub_cable,True
T1001685,Aerial Terminal,FDH104006,TRUNK10379,False,,virtual_stub_cable,True
T1001686,Aerial Terminal,FDH104008,TRUNK10383,False,,virtual_stub_cable,True
T1001687,Aerial Terminal,FDH104009,TRUNK10386,False,,virtual_stub_cable,True
T1001688,Aerial Terminal,FDH104009,TRUNK10386,False,,virtual_stub_cable,True
T1001690,Aerial Terminal,FDH104014,TRUNK10450,False,,virtual_stub_cable,True
T1001692,Aerial Terminal,FDH104013,TRUNK10427,False,,virtual_stub_cable,True
T1001693,Aerial Terminal,FDH104013,TRUNK10427,False,,virtual_stub_cable,True
T1001694,Aerial Terminal,FDH104013,TRUNK10427,False,,virtual_stub_cable,True
T1001697,Aerial Terminal,FDH104011,TRUNK10431,False,,virtual_stub_cable,True
T1001699,Aerial Terminal,FDH104010,TRUNK10415,False,,virtual_stub_cable,True
T1001700,Aerial Terminal,FDH104010,TRUNK10413,False,,virtual_stub_cable,True
T1001701,Aerial Terminal,FDH104010,TRUNK10436,False,,virtual_stub_cable,True
T1001702,Aerial Terminal,FDH104010,TRUNK10418,False,,virtual_stub_cable,True
T1001703,Aerial Terminal,FDH104010,TRUNK10414,False,,virtual_stub_cable,True
T1001704,Aerial Terminal,FDH104012,TRUNK10422,False,,virtual_stub_cable,True
T1001705,Aerial Terminal,FDH104013,TRUNK10427,False,,virtual_stub_cable,True
T1001706,Aerial Terminal,FDH104013,TRUNK10427,False,,virtual_stub_cable,True
T1001707,Aerial Terminal,FDH104013,TRUNK10427,False,,virtual_stub_cable,True
T1001708,Aerial Terminal,FDH104012,TRUNK10424,False,,virtual_stub_cable,True
T1001709,Aerial Terminal,FDH104011,TRUNK10433,False,,virtual_stub_cable,True
T1001711,Aerial Terminal,FDH104011,TRUNK10431,False,,virtual_stub_cable,True
T1001712,Aerial Terminal,FDH104011,TRUNK10441,False,,virtual_stub_cable,True
T1001714,Aerial Terminal,FDH104011,TRUNK10431,False,,virtual_stub_cable,True
T1001715,Aerial Terminal,FDH104011,TRUNK10431,False,,virtual_stub_cable,True
T1001723,Aerial Terminal,FDH104010,TRUNK10417,False,,virtual_stub_cable,True
T1001724,Aerial Terminal,FDH104010,TRUNK10415,False,,virtual_stub_cable,True
T1001729,Aerial Terminal,FDH104010,TRUNK10413,False,,virtual_stub_cable,True
T1001730,Aerial Terminal,FDH104010,TRUNK10413,False,,virtual_stub_cable,True
T1001731,Aerial Terminal,FDH104010,TRUNK10436,False,,virtual_stub_cable,True
T1001732,Aerial Terminal,FDH104010,TRUNK10436,False,,virtual_stub_cable,True
T1001734,Aerial Terminal,FDH104010,TRUNK10418,False,,virtual_stub_cable,True
T1001735,Aerial Terminal,FDH104010,TRUNK10418,False,,virtual_stub_cable,True
T1001736,Aerial Terminal,FDH104010,TRUNK10419,False,,virtual_stub_cable,True
T1001737,Aerial Terminal,FDH104010,TRUNK10419,False,,virtual_stub_cable,True
T1001738,Aerial Terminal,FDH104010,TRUNK10419,False,,virtual_stub_cable,True
T1001739,Aerial Terminal,FDH104012,TRUNK10437,False,,virtual_stub_cable,True
T1001740,Aerial Terminal,FDH104012,TRUNK10437,False,,virtual_stub_cable,True
T1001742,Aerial Terminal,FDH104012,TRUNK10421,False,,virtual_stub_cable,True
T1001743,Aerial Terminal,FDH104012,TRUNK10421,False,,virtual_stub_cable,True
T1001744,Aerial Terminal,FDH104012,TRUNK10421,False,,virtual_stub_cable,True
T1001745,Aerial Terminal,FDH104012,TRUNK10422,False,,virtual_stub_cable,True
T1001746,Aerial Terminal,FDH104012,TRUNK10422,False,,virtual_stub_cable,True
T1001749,Aerial Terminal,FDH104013,TRUNK10425,False,,virtual_stub_cable,True
T1001750,Aerial Terminal,FDH104013,TRUNK10425,False,,virtual_stub_cable,True
T1001751,Aerial Terminal,FDH104013,TRUNK10425,False,,virtual_stub_cable,True
T1001752,Aerial Terminal,FDH104013,TRUNK10428,False,,virtual_stub_cable,True
T1001753,Aerial Terminal,FDH104013,TRUNK10428,False,,virtual_stub_cable,True
T1001754,Aerial Terminal,FDH104013,TRUNK10428,False,,virtual_stub_cable,True
T1001755,Aerial Terminal,FDH104013,TRUNK10426,False,,virtual_stub_cable,True
T1001758,Aerial Terminal,FDH104013,TRUNK10426,False,,virtual_stub_cable,True
T1001759,Aerial Terminal,FDH104012,TRUNK10424,False,,virtual_stub_cable,True
T1001760,Aerial Terminal,FDH104011,TRUNK10433,False,,virtual_stub_cable,True
T1001761,Aerial Terminal,FDH104011,TRUNK10433,False,,virtual_stub_cable,True
T1001763,Aerial Terminal,FDH104011,TRUNK10431,False,,virtual_stub_cable,True
T1001764,Aerial Terminal,FDH104011,TRUNK10431,False,,virtual_stub_cable,True
T1001765,Aerial Terminal,FDH104012,TRUNK10449,False,,virtual_stub_cable,True
T1001767,Aerial Terminal,FDH104012,TRUNK10430,False,,virtual_stub_cable,True
T1001769,Aerial Terminal,FDH104011,TRUNK10431,False,,virtual_stub_cable,True
T1001772,Aerial Terminal,FDH104012,TRUNK10422,False,,virtual_stub_cable,True
T1001773,Aerial Terminal,FDH104012,TRUNK10422,False,,virtual_stub_cable,True
T1001774,Aerial Terminal,FDH104014,TRUNK10450,False,,virtual_stub_cable,True
T1001775,Aerial Terminal,FDH104014,TRUNK10450,False,,virtual_stub_cable,True
T1001776,Aerial Terminal,FDH104012,TRUNK10424,False,,virtual_stub_cable,True
T1001778,Aerial Terminal,FDH104011,TRUNK10433,False,,virtual_stub_cable,True
T1001779,Aerial Terminal,FDH104011,TRUNK10433,False,,virtual_stub_cable,True
T1001780,Aerial Terminal,FDH104011,TRUNK10431,False,,virtual_stub_cable,True
T1001781,Aerial Terminal,FDH104013,TRUNK10426,False,,virtual_stub_cable,True
T1001784,Aerial Terminal,FDH104015,TRUNK10434,False,,virtual_stub_cable,True
T1001785,Aerial Terminal,FDH104014,TRUNK10451,False,,virtual_stub_cable,True
T1001786,Aerial Terminal,FDH104014,TRUNK10451,False,,virtual_stub_cable,True
T1001788,Aerial Terminal,FDH104016,TRUNK10473,False,,virtual_stub_cable,True
T1001789,Aerial Terminal,FDH104014,TRUNK10453,False,,virtual_stub_cable,True
T1001790,Aerial Terminal,FDH104014,TRUNK10453,False,,virtual_stub_cable,True
T1001791,Aerial Terminal,FDH104017,TRUNK10456,False,,virtual_stub_cable,True
T1001792,Aerial Terminal,FDH104017,TRUNK10457,False,,virtual_stub_cable,True
T1001793,Aerial Terminal,FDH104017,TRUNK10462,False,,virtual_stub_cable,True
T1001794,Aerial Terminal,FDH104017,TRUNK10462,False,,virtual_stub_cable,True
T1001795,Aerial Terminal,FDH104017,TRUNK10460,False,,virtual_stub_cable,True
T1001796,Aerial Terminal,FDH104017,TRUNK10460,False,,virtual_stub_cable,True
T1001797,Aerial Terminal,FDH104017,TRUNK10463,False,,virtual_stub_cable,True
T1001798,Aerial Terminal,FDH104017,TRUNK10463,False,,virtual_stub_cable,True
T1001800,Aerial Terminal,FDH104017,TRUNK10463,False,,virtual_stub_cable,True
T1001804,Aerial Terminal,FDH104017,TRUNK10461,False,,virtual_stub_cable,True
T1001806,Aerial Terminal,FDH104015,TRUNK10469,False,,virtual_stub_cable,True
T1001807,Aerial Terminal,FDH104015,TRUNK10469,False,,virtual_stub_cable,True
T1001808,Aerial Terminal,FDH104014,TRUNK10451,False,,virtual_stub_cable,True
T1001809,Aerial Terminal,FDH104014,TRUNK10451,False,,virtual_stub_cable,True
T1001810,Aerial Terminal,FDH104016,TRUNK10471,False,,virtual_stub_cable,True
T1001811,Aerial Terminal,FDH104015,TRUNK10465,False,,virtual_stub_cable,True
T1001813,Aerial Terminal,FDH104016,TRUNK10472,False,,virtual_stub_cable,True
T1001814,Aerial Terminal,FDH104016,TRUNK10472,False,,virtual_stub_cable,True
T1001815,Aerial Terminal,FDH104016,TRUNK10472,False,,virtual_stub_cable,True
T1001816,Aerial Terminal,FDH104016,TRUNK10472,False,,virtual_stub_cable,True
T1001817,Aerial Terminal,FDH104015,TRUNK10467,False,,virtual_stub_cable,True
T1001818,Aerial Terminal,FDH104015,TRUNK10467,False,,virtual_stub_cable,True
T1001819,Aerial Terminal,FDH104016,TRUNK10471,False,,virtual_stub_cable,True
T1001820,Aerial Terminal,FDH104017,TRUNK10462,False,,virtual_stub_cable,True
T1001821,Aerial Terminal,FDH104016,TRUNK10472,False,,virtual_stub_cable,True
T1001823,Aerial Terminal,FDH104014,TRUNK10450,False,,virtual_stub_cable,True
T1001824,Aerial Terminal,FDH104014,TRUNK10470,False,,virtual_stub_cable,True
T1001825,Aerial Terminal,FDH104014,TRUNK10470,False,,virtual_stub_cable,True
T1001826,Aerial Terminal,FDH104016,TRUNK10471,False,,virtual_stub_cable,True
T1001827,Aerial Terminal,FDH104016,TRUNK10473,False,,virtual_stub_cable,True
T1001828,Aerial Terminal,FDH104014,TRUNK10453,False,,virtual_stub_cable,True
T1001829,Aerial Terminal,FDH104014,TRUNK10453,False,,virtual_stub_cable,True
T1001831,Aerial Terminal,FDH104017,TRUNK10456,False,,virtual_stub_cable,True
T1001833,Aerial Terminal,FDH104017,TRUNK10462,False,,virtual_stub_cable,True
T1001834,Aerial Terminal,FDH104017,TRUNK10461,False,,virtual_stub_cable,True
T1001835,Aerial Terminal,FDH104017,TRUNK10460,False,,virtual_stub_cable,True
T1001837,Aerial Terminal,FDH104014,TRUNK10398,False,,virtual_stub_cable,True
T1001839,Aerial Terminal,FDH104016,TRUNK10472,False,,virtual_stub_cable,True
T1001840,Aerial Terminal,FDH104017,TRUNK10462,False,,virtual_stub_cable,True
T1001841,Aerial Terminal,FDH104017,TRUNK10460,False,,virtual_stub_cable,True
T1001842,Aerial Terminal,FDH104015,TRUNK10469,False,,virtual_stub_cable,True
T1001843,Aerial Terminal,FDH104017,TRUNK10460,False,,virtual_stub_cable,True
T1001844,Aerial Terminal,FDH104015,TRUNK10464,False,,virtual_stub_cable,True
T1001845,Aerial Terminal,FDH104014,TRUNK10450,False,,virtual_stub_cable,True
T1001846,Aerial Terminal,FDH104016,TRUNK10473,False,,virtual_stub_cable,True
T1001847,Aerial Terminal,FDH104014,TRUNK10455,False,,virtual_stub_cable,True
T1001848,Aerial Terminal,FDH104017,TRUNK10455,False,,virtual_stub_cable,True
T1001850,Aerial Terminal,FDH104017,TRUNK10456,False,,virtual_stub_cable,True
T1001851,Aerial Terminal,FDH104017,TRUNK10461,False,,virtual_stub_cable,True
T1001854,Aerial Terminal,FDH104017,TRUNK10463,False,,virtual_stub_cable,True
T1001855,Aerial Terminal,FDH104015,TRUNK10469,False,,virtual_stub_cable,True
T1001858,Aerial Terminal,FDH104016,TRUNK10471,False,,virtual_stub_cable,True
T1001859,Aerial Terminal,FDH104016,TRUNK10472,False,,virtual_stub_cable,True
T1001860,Aerial Terminal,FDH104016,TRUNK10472,False,,virtual_stub_cable,True
T1001861,Aerial Terminal,FDH104015,TRUNK10469,False,,virtual_stub_cable,True
T1001863,Aerial Terminal,FDH104016,TRUNK10473,False,,virtual_stub_cable,True
T1001864,Aerial Terminal,FDH104017,TRUNK10464,False,,virtual_stub_cable,True
T1001867,Aerial Terminal,FDH104016,TRUNK10471,False,,virtual_stub_cable,True
T1001868,Aerial Terminal,FDH104017,TRUNK10457,False,,virtual_stub_cable,True
T1001870,Aerial Terminal,FDH104017,TRUNK10461,False,,virtual_stub_cable,True
T1001873,Aerial Terminal,FDH104015,TRUNK10434,False,,virtual_stub_cable,True
T1001874,Aerial Terminal,FDH104017,TRUNK10464,False,,virtual_stub_cable,True
T1001877,Aerial Terminal,FDH104016,TRUNK10471,False,,virtual_stub_cable,True
T1001878,Aerial Terminal,FDH104016,TRUNK10473,False,,virtual_stub_cable,True
T1001879,Aerial Terminal,FDH104016,TRUNK10473,False,,virtual_stub_cable,True
T1001882,Aerial Terminal,FDH104017,TRUNK10464,False,,virtual_stub_cable,True
T1001883,Aerial Terminal,FDH104016,TRUNK10472,False,,virtual_stub_cable,True
T1001884,Aerial Terminal,FDH104017,TRUNK10458,False,,virtual_stub_cable,True
T1001886,Aerial Terminal,FDH104015,TRUNK10467,False,,virtual_stub_cable,True
T1001887,Aerial Terminal,FDH104017,TRUNK10457,False,,virtual_stub_cable,True
T1001888,Aerial Terminal,FDH104015,TRUNK10465,False,,virtual_stub_cable,True
T1001890,Aerial Terminal,FDH104017,TRUNK10464,False,,virtual_stub_cable,True
T1001891,Aerial Terminal,FDH104016,TRUNK10472,False,,virtual_stub_cable,True
T1001893,Aerial Terminal,FDH104015,TRUNK10469,False,,virtual_stub_cable,True
T1001894,Aerial Terminal,FDH104015,TRUNK10467,False,,virtual_stub_cable,True
T1001897,Aerial Terminal,FDH104015,TRUNK10434,False,,virtual_stub_cable,True
T1001899,Aerial Terminal,FDH104017,TRUNK10464,False,,virtual_stub_cable,True
T1001901,Aerial Terminal,FDH104015,TRUNK10465,False,,virtual_stub_cable,True
T1001904,Aerial Terminal,FDH104015,TRUNK10469,False,,virtual_stub_cable,True
T1001604,Aerial Terminal,FDH104007,TRUNK10371,False,,virtual_stub_cable,True
T1001912,Aerial Terminal,FDH104002,TRUNK10402,False,,virtual_stub_cable,True
T1001595,Aerial Terminal,FDH104001,TRUNK10399,False,,virtual_stub_cable,True
T1002003,Aerial Terminal,FDH105001,TRUNK10605,False,,virtual_stub_cable,True
T1002004,Aerial Terminal,FDH105001,TRUNK10582,False,,virtual_stub_cable,True
T1002007,Aerial Terminal,FDH105001,TRUNK10538,False,,virtual_stub_cable,True
T1002008,Aerial Terminal,FDH105001,TRUNK10538,False,,virtual_stub_cable,True
T1002009,Aerial Terminal,FDH105001,TRUNK10538,False,,virtual_stub_cable,True
T1002013,Aerial Terminal,FDH105001,TRUNK10538,False,,virtual_stub_cable,True
T1002014,Aerial Terminal,FDH105001,TRUNK10538,False,,virtual_stub_cable,True
T1002020,Aerial Terminal,FDH105001,TRUNK10502,False,,virtual_stub_cable,True
T1002021,Aerial Terminal,FDH105001,TRUNK10502,False,,virtual_stub_cable,True
T1002022,Aerial Terminal,FDH105001,TRUNK10502,False,,virtual_stub_cable,True
T1002023,Aerial Terminal,FDH105001,TRUNK10502,False,,virtual_stub_cable,True
T1002024,Aerial Terminal,FDH105001,TRUNK10501,False,,virtual_stub_cable,True
T1002025,Aerial Terminal,FDH105001,TRUNK10501,False,,virtual_stub_cable,True
T1002026,Aerial Terminal,FDH105001,TRUNK10501,False,,virtual_stub_cable,True
T1002027,Aerial Terminal,FDH105001,TRUNK10501,False,,virtual_stub_cable,True
T1002028,Aerial Terminal,FDH105001,TRUNK10501,False,,virtual_stub_cable,True
T1002029,Aerial Terminal,FDH105001,TRUNK10582,False,,virtual_stub_cable,True
T1002032,Aerial Terminal,FDH105003,TRUNK10601,False,,virtual_stub_cable,True
T1002034,Aerial Terminal,FDH105001,TRUNK10605,False,,virtual_stub_cable,True
T1002038,Aerial Terminal,FDH105002,TRUNK10601,False,,virtual_stub_cable,True
T1002039,Aerial Terminal,FDH105002,TRUNK10601,False,,virtual_stub_cable,True
T1002043,Aerial Terminal,FDH105002,TRUNK10505,False,,virtual_stub_cable,True
T1002044,Aerial Terminal,FDH105002,TRUNK10506,False,,virtual_stub_cable,True
T1002045,Aerial Terminal,FDH105002,TRUNK10506,False,,virtual_stub_cable,True
T1002046,Aerial Terminal,FDH105002,TRUNK10505,False,,virtual_stub_cable,True
T1002047,Aerial Terminal,FDH105002,TRUNK10505,False,,virtual_stub_cable,True
T1002048,Aerial Terminal,FDH105002,TRUNK10506,False,,virtual_stub_cable,True
T1002049,Aerial Terminal,FDH105002,TRUNK10506,False,,virtual_stub_cable,True
T1002050,Aerial Terminal,FDH105002,TRUNK10506,False,,virtual_stub_cable,True
T1002051,Aerial Terminal,FDH105002,TRUNK10506,False,,virtual_stub_cable,True
T1002052,Aerial Terminal,FDH105002,TRUNK10507,False,,virtual_stub_cable,True
T1002053,Aerial Terminal,FDH105002,TRUNK10507,False,,virtual_stub_cable,True
T1002054,Aerial Terminal,FDH105002,TRUNK10507,False,,virtual_stub_cable,True
T1002055,Aerial Terminal,FDH105002,TRUNK10507,False,,virtual_stub_cable,True
T1002056,Aerial Terminal,FDH105003,TRUNK10509,False,,virtual_stub_cable,True
T1002058,Aerial Terminal,FDH105003,TRUNK10509,False,,virtual_stub_cable,True
T1002059,Aerial Terminal,FDH105003,TRUNK10508,False,,virtual_stub_cable,True
T1002060,Aerial Terminal,FDH105003,TRUNK10608,False,,virtual_stub_cable,True
T1002062,Aerial Terminal,FDH105003,TRUNK10508,False,,virtual_stub_cable,True
T1002063,Aerial Terminal,FDH105003,TRUNK10508,False,,virtual_stub_cable,True
T1002065,Aerial Terminal,FDH105003,TRUNK10509,False,,virtual_stub_cable,True
T1002066,Aerial Terminal,FDH105003,TRUNK10509,False,,virtual_stub_cable,True
T1002068,Aerial Terminal,FDH105003,TRUNK10608,False,,virtual_stub_cable,True
T1002069,Aerial Terminal,FDH105003,TRUNK10608,False,,virtual_stub_cable,True
T1002070,Aerial Terminal,FDH105003,TRUNK10609,False,,virtual_stub_cable,True
T1002072,Aerial Terminal,FDH105004,TRUNK10510,False,,virtual_stub_cable,True
T1002073,Aerial Terminal,FDH105004,TRUNK10510,False,,virtual_stub_cable,True
T1002074,Aerial Terminal,FDH105004,TRUNK10513,False,,virtual_stub_cable,True
T1002075,Aerial Terminal,FDH105004,TRUNK10514,False,,virtual_stub_cable,True
T1002076,Aerial Terminal,FDH105004,TRUNK10514,False,,virtual_stub_cable,True
T1002077,Aerial Terminal,FDH105004,TRUNK10514,False,,virtual_stub_cable,True
T1002078,Aerial Terminal,FDH105004,TRUNK10512,False,,virtual_stub_cable,True
T1002079,Aerial Terminal,FDH105004,TRUNK10512,False,,virtual_stub_cable,True
T1002080,Aerial Terminal,FDH105004,TRUNK10512,False,,virtual_stub_cable,True
T1002081,Aerial Terminal,FDH105004,TRUNK10512,False,,virtual_stub_cable,True
T1002082,Aerial Terminal,FDH105004,TRUNK10512,False,,virtual_stub_cable,True
T1002083,Aerial Terminal,FDH105004,TRUNK10512,False,,virtual_stub_cable,True
T1002084,Aerial Terminal,FDH105004,TRUNK10512,False,,virtual_stub_cable,True
T1002085,Aerial Terminal,FDH105004,TRUNK10512,False,,virtual_stub_cable,True
T1002086,Aerial Terminal,FDH105004,TRUNK10511,False,,virtual_stub_cable,True
T1002087,Aerial Terminal,FDH105004,TRUNK10513,False,,virtual_stub_cable,True
T1002088,Aerial Terminal,FDH105004,TRUNK10514,False,,virtual_stub_cable,True
T1002089,Aerial Terminal,FDH105005,TRUNK10523,False,,virtual_stub_cable,True
T1002090,Aerial Terminal,FDH105005,TRUNK10523,False,,virtual_stub_cable,True
T1002091,Aerial Terminal,FDH105005,TRUNK10523,False,,virtual_stub_cable,True
T1002096,Aerial Terminal,FDH105005,TRUNK10522,False,,virtual_stub_cable,True
T1002097,Aerial Terminal,FDH105005,TRUNK10522,False,,virtual_stub_cable,True
T1002098,Aerial Terminal,FDH105005,TRUNK10521,False,,virtual_stub_cable,True
T1002099,Aerial Terminal,FDH105005,TRUNK10521,False,,virtual_stub_cable,True
T1002100,Aerial Terminal,FDH105005,TRUNK10521,False,,virtual_stub_cable,True
T1002101,Aerial Terminal,FDH105005,TRUNK10520,False,,virtual_stub_cable,True
T1002103,Aerial Terminal,FDH105005,TRUNK10520,False,,virtual_stub_cable,True
T1002104,Aerial Terminal,FDH105005,TRUNK10524,False,,virtual_stub_cable,True
T1002105,Aerial Terminal,FDH105005,TRUNK10524,False,,virtual_stub_cable,True
T1002106,Aerial Terminal,FDH105005,TRUNK10524,False,,virtual_stub_cable,True
T1002107,Aerial Terminal,FDH105005,TRUNK10525,False,,virtual_stub_cable,True
T1002108,Aerial Terminal,FDH105005,TRUNK10525,False,,virtual_stub_cable,True
T1002109,Aerial Terminal,FDH105005,TRUNK10525,False,,virtual_stub_cable,True
T1002110,Aerial Terminal,FDH105005,TRUNK10525,False,,virtual_stub_cable,True
T1002111,Aerial Terminal,FDH105005,TRUNK10526,False,,virtual_stub_cable,True
T1002112,Aerial Terminal,FDH105005,TRUNK10526,False,,virtual_stub_cable,True
T1002113,Aerial Terminal,FDH105005,TRUNK10526,False,,virtual_stub_cable,True
T1002114,Aerial Terminal,FDH105005,TRUNK10526,False,,virtual_stub_cable,True
T1002116,Aerial Terminal,FDH105005,TRUNK10526,False,,virtual_stub_cable,True
T1002117,Aerial Terminal,FDH105005,TRUNK10527,False,,virtual_stub_cable,True
T1002118,Aerial Terminal,FDH105005,TRUNK10527,False,,virtual_stub_cable,True
T1002119,Aerial Terminal,FDH105005,TRUNK10528,False,,virtual_stub_cable,True
T1002120,Aerial Terminal,FDH105005,TRUNK10528,False,,virtual_stub_cable,True
T1002121,Aerial Terminal,FDH105005,TRUNK10528,False,,virtual_stub_cable,True
T1002131,Aerial Terminal,FDH105005,TRUNK10527,False,,virtual_stub_cable,True
T1002132,Aerial Terminal,FDH105006,TRUNK10531,False,,virtual_stub_cable,True
T1002133,Aerial Terminal,FDH105006,TRUNK10531,False,,virtual_stub_cable,True
T1002134,Aerial Terminal,FDH105006,TRUNK10530,False,,virtual_stub_cable,True
T1002135,Aerial Terminal,FDH105006,TRUNK10530,False,,virtual_stub_cable,True
T1002136,Aerial Terminal,FDH105006,TRUNK10529,False,,virtual_stub_cable,True
T1002137,Aerial Terminal,FDH105006,TRUNK10540,False,,virtual_stub_cable,True
T1002138,Aerial Terminal,FDH105006,TRUNK10540,False,,virtual_stub_cable,True
T1002139,Aerial Terminal,FDH105006,TRUNK10533,False,,virtual_stub_cable,True
T1002140,Aerial Terminal,FDH105006,TRUNK10533,False,,virtual_stub_cable,True
T1002141,Aerial Terminal,FDH105006,TRUNK10533,False,,virtual_stub_cable,True
T1002142,Aerial Terminal,FDH105006,TRUNK10533,False,,virtual_stub_cable,True
T1002143,Aerial Terminal,FDH105006,TRUNK10624,False,,virtual_stub_cable,True
T1002144,Aerial Terminal,FDH105006,TRUNK10532,False,,virtual_stub_cable,True
T1002145,Aerial Terminal,FDH105006,TRUNK10532,False,,virtual_stub_cable,True
T1002146,Aerial Terminal,FDH105006,TRUNK10532,False,,virtual_stub_cable,True
T1002147,Aerial Terminal,FDH105006,TRUNK10532,False,,virtual_stub_cable,True
T1002148,Aerial Terminal,FDH105006,TRUNK10532,False,,virtual_stub_cable,True
T1002149,Aerial Terminal,FDH105006,TRUNK10532,False,,virtual_stub_cable,True
T1002150,Aerial Terminal,FDH105006,TRUNK10534,False,,virtual_stub_cable,True
T1002151,Aerial Terminal,FDH105006,TRUNK10534,False,,virtual_stub_cable,True
T1002152,Aerial Terminal,FDH105006,TRUNK10536,False,,virtual_stub_cable,True
T1002153,Aerial Terminal,FDH105006,TRUNK10536,False,,virtual_stub_cable,True
T1002154,Aerial Terminal,FDH105006,TRUNK10536,False,,virtual_stub_cable,True
T1002155,Aerial Terminal,FDH105006,TRUNK10536,False,,virtual_stub_cable,True
T1002157,Aerial Terminal,FDH105006,TRUNK10535,False,,virtual_stub_cable,True
T1002158,Aerial Terminal,FDH105006,TRUNK10535,False,,virtual_stub_cable,True
T1002159,Aerial Terminal,FDH105006,TRUNK10621,False,,virtual_stub_cable,True
T1002160,Aerial Terminal,FDH105006,TRUNK10621,False,,virtual_stub_cable,True
T1002162,Aerial Terminal,FDH105006,TRUNK10535,False,,virtual_stub_cable,True
T1002163,Aerial Terminal,FDH105004,TRUNK10604,False,,virtual_stub_cable,True
T1002164,Aerial Terminal,FDH105005,TRUNK10603,False,,virtual_stub_cable,True
T1002165,Aerial Terminal,FDH105005,TRUNK10603,False,,virtual_stub_cable,True
T1002166,Aerial Terminal,FDH105004,TRUNK10538,False,,virtual_stub_cable,True
T1002167,Aerial Terminal,FDH105004,TRUNK10604,False,,virtual_stub_cable,True
T1002168,Aerial Terminal,FDH105004,TRUNK10538,False,,virtual_stub_cable,True
T1002169,Aerial Terminal,FDH105007,TRUNK10542,False,,virtual_stub_cable,True
T1002170,Aerial Terminal,FDH105007,TRUNK10542,False,,virtual_stub_cable,True
T1002171,Aerial Terminal,FDH105007,TRUNK10542,False,,virtual_stub_cable,True
T1002172,Aerial Terminal,FDH105007,TRUNK10542,False,,virtual_stub_cable,True
T1002173,Aerial Terminal,FDH105007,TRUNK10542,False,,virtual_stub_cable,True
T1002174,Aerial Terminal,FDH105007,TRUNK10543,False,,virtual_stub_cable,True
T1002175,Aerial Terminal,FDH105007,TRUNK10543,False,,virtual_stub_cable,True
T1002176,Aerial Terminal,FDH105007,TRUNK10543,False,,virtual_stub_cable,True
T1002177,Aerial Terminal,FDH105007,TRUNK10543,False,,virtual_stub_cable,True
T1002178,Aerial Terminal,FDH105007,TRUNK10544,False,,virtual_stub_cable,True
T1002180,Aerial Terminal,FDH105007,TRUNK10547,False,,virtual_stub_cable,True
T1002181,Aerial Terminal,FDH105007,TRUNK10547,False,,virtual_stub_cable,True
T1002182,Aerial Terminal,FDH105007,TRUNK10547,False,,virtual_stub_cable,True
T1002183,Aerial Terminal,FDH105007,TRUNK10547,False,,virtual_stub_cable,True
T1002184,Aerial Terminal,FDH105007,TRUNK10545,False,,virtual_stub_cable,True
T1002185,Aerial Terminal,FDH105007,TRUNK10545,False,,virtual_stub_cable,True
T1002186,Aerial Terminal,FDH105007,TRUNK10545,False,,virtual_stub_cable,True
T1002187,Aerial Terminal,FDH105007,TRUNK10546,False,,virtual_stub_cable,True
T1002188,Aerial Terminal,FDH105008,TRUNK10553,False,,virtual_stub_cable,True
T1002189,Aerial Terminal,FDH105008,TRUNK10550,False,,virtual_stub_cable,True
T1002191,Aerial Terminal,FDH105008,TRUNK10551,False,,virtual_stub_cable,True
T1002193,Aerial Terminal,FDH105008,TRUNK10551,False,,virtual_stub_cable,True
T1002194,Aerial Terminal,FDH105008,TRUNK10552,False,,virtual_stub_cable,True
T1002195,Aerial Terminal,FDH105008,TRUNK10552,False,,virtual_stub_cable,True
T1002196,Aerial Terminal,FDH105008,TRUNK10557,False,,virtual_stub_cable,True
T1002198,Aerial Terminal,FDH105008,TRUNK10557,False,,virtual_stub_cable,True
T1002199,Aerial Terminal,FDH105008,TRUNK10555,False,,virtual_stub_cable,True
T1002201,Aerial Terminal,FDH105008,TRUNK10553,False,,virtual_stub_cable,True
T1002202,Aerial Terminal,FDH105008,TRUNK10553,False,,virtual_stub_cable,True
T1002203,Aerial Terminal,FDH105008,TRUNK10555,False,,virtual_stub_cable,True
T1002204,Aerial Terminal,FDH105008,TRUNK10554,False,,virtual_stub_cable,True
T1002205,Aerial Terminal,FDH105008,TRUNK10554,False,,virtual_stub_cable,True
T1002206,Aerial Terminal,FDH105008,TRUNK10551,False,,virtual_stub_cable,True
T1002207,Aerial Terminal,FDH105008,TRUNK10556,False,,virtual_stub_cable,True
T1002208,Aerial Terminal,FDH105008,TRUNK10557,False,,virtual_stub_cable,True
T1002209,Aerial Terminal,FDH105008,TRUNK10556,False,,virtual_stub_cable,True
T1002210,Aerial Terminal,FDH105008,TRUNK10555,False,,virtual_stub_cable,True
T1002214,Aerial Terminal,FDH105010,TRUNK10622,False,,virtual_stub_cable,True
T1002215,Aerial Terminal,FDH105010,TRUNK10622,False,,virtual_stub_cable,True
T1002217,Aerial Terminal,FDH105010,TRUNK10584,False,,virtual_stub_cable,True
T1002218,Aerial Terminal,FDH105010,TRUNK10583,False,,virtual_stub_cable,True
T1002219,Aerial Terminal,FDH105010,TRUNK10583,False,,virtual_stub_cable,True
T1002225,Aerial Terminal,FDH105010,TRUNK10586,False,,virtual_stub_cable,True
T1002226,Aerial Terminal,FDH105010,TRUNK10585,False,,virtual_stub_cable,True
T1002227,Aerial Terminal,FDH105010,TRUNK10587,False,,virtual_stub_cable,True
T1002011,Aerial Terminal,FDH105008,TRUNK10566,False,,virtual_stub_cable,True
T1002229,Aerial Terminal,FDH105008,TRUNK10567,False,,virtual_stub_cable,True
T1002230,Aerial Terminal,FDH105008,TRUNK10567,False,,virtual_stub_cable,True
T1002231,Aerial Terminal,FDH105008,TRUNK10567,False,,virtual_stub_cable,True
T1002232,Aerial Terminal,FDH105008,TRUNK10568,False,,virtual_stub_cable,True
T1002233,Aerial Terminal,FDH105008,TRUNK10568,False,,virtual_stub_cable,True
T1002234,Aerial Terminal,FDH105008,TRUNK10568,False,,virtual_stub_cable,True
T1002235,Aerial Terminal,FDH105008,TRUNK10568,False,,virtual_stub_cable,True
T1002236,Aerial Terminal,FDH105008,TRUNK10568,False,,virtual_stub_cable,True
T1002237,Aerial Terminal,FDH105009,TRUNK10563,False,,virtual_stub_cable,True
T1002238,Aerial Terminal,FDH105009,TRUNK10563,False,,virtual_stub_cable,True
T1002239,Aerial Terminal,FDH105009,TRUNK10562,False,,virtual_stub_cable,True
T1002240,Aerial Terminal,FDH105009,TRUNK10562,False,,virtual_stub_cable,True
T1002241,Aerial Terminal,FDH105009,TRUNK10562,False,,virtual_stub_cable,True
T1002242,Aerial Terminal,FDH105009,TRUNK10562,False,,virtual_stub_cable,True
T1002243,Aerial Terminal,FDH105009,TRUNK10561,False,,virtual_stub_cable,True
T1002244,Aerial Terminal,FDH105009,TRUNK10561,False,,virtual_stub_cable,True
T1002245,Aerial Terminal,FDH105009,TRUNK10563,False,,virtual_stub_cable,True
T1002246,Aerial Terminal,FDH105008,TRUNK10608,False,,virtual_stub_cable,True
T1002247,Aerial Terminal,FDH105008,TRUNK10560,False,,virtual_stub_cable,True
T1002248,Aerial Terminal,FDH105008,TRUNK10560,False,,virtual_stub_cable,True
T1002249,Aerial Terminal,FDH105008,TRUNK10560,False,,virtual_stub_cable,True
T1002250,Aerial Terminal,FDH105008,TRUNK10560,False,,virtual_stub_cable,True
T1002251,Aerial Terminal,FDH105009,TRUNK10559,False,,virtual_stub_cable,True
T1002252,Aerial Terminal,FDH105009,TRUNK10559,False,,virtual_stub_cable,True
T1002253,Aerial Terminal,FDH105009,TRUNK10559,False,,virtual_stub_cable,True
T1002254,Aerial Terminal,FDH105009,TRUNK10559,False,,virtual_stub_cable,True
T1002257,Aerial Terminal,FDH105010,TRUNK10573,False,,virtual_stub_cable,True
T1002259,Aerial Terminal,FDH105009,TRUNK10578,False,,virtual_stub_cable,True
T1002260,Aerial Terminal,FDH105009,TRUNK10578,False,,virtual_stub_cable,True
T1002261,Aerial Terminal,FDH105009,TRUNK10577,False,,virtual_stub_cable,True
T1002262,Aerial Terminal,FDH105009,TRUNK10593,False,,virtual_stub_cable,True
T1002263,Aerial Terminal,FDH105009,TRUNK10593,False,,virtual_stub_cable,True
T1002264,Aerial Terminal,FDH105009,TRUNK10579,False,,virtual_stub_cable,True
T1002265,Aerial Terminal,FDH105010,TRUNK10574,False,,virtual_stub_cable,True
T1002266,Aerial Terminal,FDH105010,TRUNK10574,False,,virtual_stub_cable,True
T1002267,Aerial Terminal,FDH105010,TRUNK10574,False,,virtual_stub_cable,True
T1002268,Aerial Terminal,FDH105010,TRUNK10574,False,,virtual_stub_cable,True
T1002269,Aerial Terminal,FDH105010,TRUNK10573,False,,virtual_stub_cable,True
T1002270,Aerial Terminal,FDH105010,TRUNK10573,False,,virtual_stub_cable,True
T1002271,Aerial Terminal,FDH105010,TRUNK10573,False,,virtual_stub_cable,True
T1002272,Aerial Terminal,FDH105010,TRUNK10572,False,,virtual_stub_cable,True
T1002273,Aerial Terminal,FDH105010,TRUNK10572,False,,virtual_stub_cable,True
T1002274,Aerial Terminal,FDH105010,TRUNK10572,False,,virtual_stub_cable,True
T1002279,Aerial Terminal,FDH105009,TRUNK10579,False,,virtual_stub_cable,True
T1002280,Aerial Terminal,FDH105009,TRUNK10579,False,,virtual_stub_cable,True
T1002281,Aerial Terminal,FDH105009,TRUNK10579,False,,virtual_stub_cable,True
T1002282,Aerial Terminal,FDH105009,TRUNK10579,False,,virtual_stub_cable,True
T1002285,Aerial Terminal,FDH105007,TRUNK10549,False,,virtual_stub_cable,True
T1002286,Aerial Terminal,FDH105002,TRUNK10601,False,,virtual_stub_cable,True
T1002349,Aerial Terminal,FDH105007,TRUNK10614,False,,virtual_stub_cable,True
T1002397,Aerial Terminal,FDH105009,TRUNK10565,False,,virtual_stub_cable,True
T1002398,Aerial Terminal,FDH105009,TRUNK10565,False,,virtual_stub_cable,True
T1002222,Aerial Terminal,FDH105007,TRUNK10614,False,,virtual_stub_cable,True
T1002275,Aerial Terminal,FDH105007,TRUNK10616,False,,virtual_stub_cable,True
T1002277,Aerial Terminal,FDH105007,TRUNK10617,False,,virtual_stub_cable,True
T1002386,Aerial Terminal,FDH105007,TRUNK10617,False,,virtual_stub_cable,True
T1002391,Aerial Terminal,FDH105007,TRUNK10617,False,,virtual_stub_cable,True
T1002392,Aerial Terminal,FDH105007,TRUNK10618,False,,virtual_stub_cable,True
T1002396,Aerial Terminal,FDH105007,TRUNK10618,False,,virtual_stub_cable,True
T1002405,Aerial Terminal,FDH105007,TRUNK10619,False,,virtual_stub_cable,True
T1002406,Aerial Terminal,FDH105007,TRUNK10619,False,,virtual_stub_cable,True
T1002407,Aerial Terminal,FDH105007,TRUNK10619,False,,virtual_stub_cable,True
T1002408,Aerial Terminal,FDH105007,TRUNK10619,False,,virtual_stub_cable,True
T1002409,Aerial Terminal,FDH105007,TRUNK10620,False,,virtual_stub_cable,True
T1002410,Aerial Terminal,FDH105007,TRUNK10620,False,,virtual_stub_cable,True
T1002411,Aerial Terminal,FDH105007,TRUNK10620,False,,virtual_stub_cable,True
T1002364,Aerial Terminal,FDH105010,TRUNK10518,False,,virtual_stub_cable,True
T1002365,Aerial Terminal,FDH105010,TRUNK10518,False,,virtual_stub_cable,True
T1002228,Aerial Terminal,FDH105008,TRUNK10566,False,,virtual_stub_cable,True
T1002415,Aerial Terminal,FDH105009,TRUNK10565,False,,virtual_stub_cable,True
T1002416,Aerial Terminal,FDH105005,TRUNK10603,False,,virtual_stub_cable,True
T1002417,Aerial Terminal,FDH105005,TRUNK10522,False,,virtual_stub_cable,True
T1000491,Aerial Terminal,FDH102002,TRUNK10139,False,,virtual_stub_cable,True
T1000492,Aerial Terminal,FDH102002,TRUNK10140,False,,virtual_stub_cable,True
T1000493,Aerial Terminal,FDH102002,TRUNK10140,False,,virtual_stub_cable,True
T1000494,Aerial Terminal,FDH102002,TRUNK10140,False,,virtual_stub_cable,True
T1000501,Aerial Terminal,FDH102001,TRUNK10145,False,,virtual_stub_cable,True
T1000502,Aerial Terminal,FDH102001,TRUNK10145,False,,virtual_stub_cable,True
T1000503,Aerial Terminal,FDH102001,TRUNK10145,False,,virtual_stub_cable,True
T1000504,Aerial Terminal,FDH102001,TRUNK10145,False,,virtual_stub_cable,True
T1000505,Aerial Terminal,FDH102001,TRUNK10145,False,,virtual_stub_cable,True
T1000506,Aerial Terminal,FDH102001,TRUNK10144,False,,virtual_stub_cable,True
T1000507,Aerial Terminal,FDH102001,TRUNK10144,False,,virtual_stub_cable,True
T1000508,Aerial Terminal,FDH102001,TRUNK10144,False,,virtual_stub_cable,True
T1000509,Aerial Terminal,FDH102001,TRUNK10144,False,,virtual_stub_cable,True
T1000510,Aerial Terminal,FDH102001,TRUNK10144,False,,virtual_stub_cable,True
T1000512,Aerial Terminal,FDH102001,TRUNK10144,False,,virtual_stub_cable,True
T1000513,Aerial Terminal,FDH102001,TRUNK10145,False,,virtual_stub_cable,True
T1000514,Aerial Terminal,FDH102002,TRUNK10139,False,,virtual_stub_cable,True
T1000518,Aerial Terminal,FDH102002,TRUNK10152,False,,virtual_stub_cable,True
T1000519,Aerial Terminal,FDH102002,TRUNK10152,False,,virtual_stub_cable,True
T1000520,Aerial Terminal,FDH102002,TRUNK10149,False,,virtual_stub_cable,True
T1000522,Aerial Terminal,FDH102002,TRUNK10149,False,,virtual_stub_cable,True
T1000523,Aerial Terminal,FDH102002,TRUNK10149,False,,virtual_stub_cable,True
T1000524,Aerial Terminal,FDH102002,TRUNK10149,False,,virtual_stub_cable,True
T1000525,Aerial Terminal,FDH102002,TRUNK10148,False,,virtual_stub_cable,True
T1000526,Aerial Terminal,FDH102002,TRUNK10148,False,,virtual_stub_cable,True
T1000527,Aerial Terminal,FDH102002,TRUNK10147,False,,virtual_stub_cable,True
T1000528,Aerial Terminal,FDH102002,TRUNK10147,False,,virtual_stub_cable,True
T1000529,Aerial Terminal,FDH102002,TRUNK10138,False,,virtual_stub_cable,True
T1000530,Aerial Terminal,FDH102002,TRUNK10138,False,,virtual_stub_cable,True
T1000531,Aerial Terminal,FDH102002,TRUNK10138,False,,virtual_stub_cable,True
T1000537,Aerial Terminal,FDH102002,TRUNK10152,False,,virtual_stub_cable,True
T1000538,Aerial Terminal,FDH102002,TRUNK10167,False,,virtual_stub_cable,True
T1000543,Aerial Terminal,FDH102002,TRUNK10153,False,,virtual_stub_cable,True
T1000545,Aerial Terminal,FDH102002,TRUNK10159,False,,virtual_stub_cable,True
T1000550,Aerial Terminal,FDH102002,TRUNK10159,False,,virtual_stub_cable,True
T1000551,Aerial Terminal,FDH102002,TRUNK10159,False,,virtual_stub_cable,True
T1000552,Aerial Terminal,FDH102002,TRUNK10159,False,,virtual_stub_cable,True
T1000557,Aerial Terminal,FDH102002,TRUNK10137,False,,virtual_stub_cable,True
T1000561,Aerial Terminal,FDH102009,TRUNK10118,False,,virtual_stub_cable,True
T1000562,Aerial Terminal,FDH102009,TRUNK10118,False,,virtual_stub_cable,True
T1000563,Aerial Terminal,FDH102004,TRUNK10118,False,,virtual_stub_cable,True
T1000564,Aerial Terminal,FDH102004,TRUNK10129,False,,virtual_stub_cable,True
T1000565,Aerial Terminal,FDH102004,TRUNK10129,False,,virtual_stub_cable,True
T1000566,Aerial Terminal,FDH102004,TRUNK10129,False,,virtual_stub_cable,True
T1000567,Aerial Terminal,FDH102004,TRUNK10128,False,,virtual_stub_cable,True
T1000568,Aerial Terminal,FDH102004,TRUNK10128,False,,virtual_stub_cable,True
T1000569,Aerial Terminal,FDH102004,TRUNK10128,False,,virtual_stub_cable,True
T1000570,Aerial Terminal,FDH102004,TRUNK10128,False,,virtual_stub_cable,True
T1000571,Aerial Terminal,FDH102004,TRUNK10130,False,,virtual_stub_cable,True
T1000572,Aerial Terminal,FDH102004,TRUNK10130,False,,virtual_stub_cable,True
T1000573,Aerial Terminal,FDH102004,TRUNK10130,False,,virtual_stub_cable,True
T1000574,Aerial Terminal,FDH102004,TRUNK10131,False,,virtual_stub_cable,True
T1000575,Aerial Terminal,FDH102004,TRUNK10131,False,,virtual_stub_cable,True
T1000576,Aerial Terminal,FDH102004,TRUNK10131,False,,virtual_stub_cable,True
T1000581,Aerial Terminal,FDH102004,TRUNK10127,False,,virtual_stub_cable,True
T1000582,Aerial Terminal,FDH102004,TRUNK10127,False,,virtual_stub_cable,True
T1000583,Aerial Terminal,FDH102004,TRUNK10127,False,,virtual_stub_cable,True
T1000584,Aerial Terminal,FDH102004,TRUNK10127,False,,virtual_stub_cable,True
T1000585,Aerial Terminal,FDH102004,TRUNK10127,False,,virtual_stub_cable,True
T1000586,Aerial Terminal,FDH102004,TRUNK10125,False,,virtual_stub_cable,True
T1000587,Aerial Terminal,FDH102004,TRUNK10125,False,,virtual_stub_cable,True
T1000588,Aerial Terminal,FDH102004,TRUNK10125,False,,virtual_stub_cable,True
T1000589,Aerial Terminal,FDH102004,TRUNK10125,False,,virtual_stub_cable,True
T1000590,Aerial Terminal,FDH102004,TRUNK10126,False,,virtual_stub_cable,True
T1000591,Aerial Terminal,FDH102003,TRUNK10126,False,,virtual_stub_cable,True
T1000592,Aerial Terminal,FDH102003,TRUNK10126,False,,virtual_stub_cable,True
T1000593,Aerial Terminal,FDH102003,TRUNK10126,False,,virtual_stub_cable,True
T1000594,Aerial Terminal,FDH102003,TRUNK10126,False,,virtual_stub_cable,True
T1000596,Aerial Terminal,FDH102003,TRUNK10123,False,,virtual_stub_cable,True
T1000597,Aerial Terminal,FDH102003,TRUNK10123,False,,virtual_stub_cable,True
T1000598,Aerial Terminal,FDH102003,TRUNK10123,False,,virtual_stub_cable,True
T1000599,Aerial Terminal,FDH102003,TRUNK10123,False,,virtual_stub_cable,True
T1000600,Aerial Terminal,FDH102003,TRUNK10122,False,,virtual_stub_cable,True
T1000601,Aerial Terminal,FDH102003,TRUNK10122,False,,virtual_stub_cable,True
T1000602,Aerial Terminal,FDH102003,TRUNK10124,False,,virtual_stub_cable,True
T1000605,Aerial Terminal,FDH102003,TRUNK10124,False,,virtual_stub_cable,True
T1000606,Aerial Terminal,FDH102003,TRUNK10124,False,,virtual_stub_cable,True
T1000607,Aerial Terminal,FDH102003,TRUNK10121,False,,virtual_stub_cable,True
T1000608,Aerial Terminal,FDH102003,TRUNK10120,False,,virtual_stub_cable,True
T1000609,Aerial Terminal,FDH102003,TRUNK10120,False,,virtual_stub_cable,True
T1000610,Aerial Terminal,FDH102003,TRUNK10120,False,,virtual_stub_cable,True
T1000613,Aerial Terminal,FDH102003,TRUNK10132,False,,virtual_stub_cable,True
T1000614,Aerial Terminal,FDH102003,TRUNK10120,False,,virtual_stub_cable,True
T1000615,Aerial Terminal,FDH102003,TRUNK10136,False,,virtual_stub_cable,True
T1000617,Aerial Terminal,FDH102003,TRUNK10116,False,,virtual_stub_cable,True
T1000618,Aerial Terminal,FDH102003,TRUNK10116,False,,virtual_stub_cable,True
T1000619,Aerial Terminal,FDH102003,TRUNK10116,False,,virtual_stub_cable,True
T1000621,Aerial Terminal,FDH102003,TRUNK10136,False,,virtual_stub_cable,True
T1000622,Aerial Terminal,FDH102003,TRUNK10136,False,,virtual_stub_cable,True
T1000623,Aerial Terminal,FDH102003,TRUNK10136,False,,virtual_stub_cable,True
T1000624,Aerial Terminal,FDH102003,TRUNK10135,False,,virtual_stub_cable,True
T1000625,Aerial Terminal,FDH102003,TRUNK10135,False,,virtual_stub_cable,True
T1000626,Aerial Terminal,FDH102003,TRUNK10135,False,,virtual_stub_cable,True
T1000627,Aerial Terminal,FDH102003,TRUNK10134,False,,virtual_stub_cable,True
T1000628,Aerial Terminal,FDH102003,TRUNK10117,False,,virtual_stub_cable,True
T1000629,Aerial Terminal,FDH102003,TRUNK10117,False,,virtual_stub_cable,True
T1000630,Aerial Terminal,FDH102003,TRUNK10117,False,,virtual_stub_cable,True
T1000631,Aerial Terminal,FDH102003,TRUNK10117,False,,virtual_stub_cable,True
T1000632,Aerial Terminal,FDH102003,TRUNK10134,False,,virtual_stub_cable,True
T1000633,Aerial Terminal,FDH102003,TRUNK10134,False,,virtual_stub_cable,True
T1000634,Aerial Terminal,FDH102003,TRUNK10133,False,,virtual_stub_cable,True
T1000635,Aerial Terminal,FDH102003,TRUNK10133,False,,virtual_stub_cable,True
T1000636,Aerial Terminal,FDH102003,TRUNK10133,False,,virtual_stub_cable,True
T1000637,Aerial Terminal,FDH102003,TRUNK10126,False,,virtual_stub_cable,True
T1000639,Aerial Terminal,FDH102005,TRUNK10187,False,,virtual_stub_cable,True
T1000640,Aerial Terminal,FDH102005,TRUNK10187,False,,virtual_stub_cable,True
T1000641,Aerial Terminal,FDH102005,TRUNK10190,False,,virtual_stub_cable,True
T1000642,Aerial Terminal,FDH102005,TRUNK10190,False,,virtual_stub_cable,True
T1000643,Aerial Terminal,FDH102005,TRUNK10190,False,,virtual_stub_cable,True
T1000644,Aerial Terminal,FDH102005,TRUNK10190,False,,virtual_stub_cable,True
T1000645,Aerial Terminal,FDH102005,TRUNK10190,False,,virtual_stub_cable,True
T1000646,Aerial Terminal,FDH102005,TRUNK10190,False,,virtual_stub_cable,True
T1000647,Aerial Terminal,FDH102005,TRUNK10191,False,,virtual_stub_cable,True
T1000648,Aerial Terminal,FDH102005,TRUNK10191,False,,virtual_stub_cable,True
T1000649,Aerial Terminal,FDH102005,TRUNK10191,False,,virtual_stub_cable,True
T1000650,Aerial Terminal,FDH102005,TRUNK10192,False,,virtual_stub_cable,True
T1000651,Aerial Terminal,FDH102005,TRUNK10192,False,,virtual_stub_cable,True
T1000652,Aerial Terminal,FDH102003,TRUNK10192,False,,virtual_stub_cable,True
T1000653,Aerial Terminal,FDH102003,TRUNK10192,False,,virtual_stub_cable,True
T1000658,Aerial Terminal,FDH102005,TRUNK10188,False,,virtual_stub_cable,True
T1000663,Aerial Terminal,FDH102006,TRUNK10236,False,,virtual_stub_cable,True
T1000664,Aerial Terminal,FDH102006,TRUNK10236,False,,virtual_stub_cable,True
T1000670,Aerial Terminal,FDH102005,TRUNK10187,False,,virtual_stub_cable,True
T1000672,Aerial Terminal,FDH102006,TRUNK10236,False,,virtual_stub_cable,True
T1000673,Aerial Terminal,FDH102006,TRUNK10169,False,,virtual_stub_cable,True
T1000674,Aerial Terminal,FDH102006,TRUNK10169,False,,virtual_stub_cable,True
T1000675,Aerial Terminal,FDH102006,TRUNK10169,False,,virtual_stub_cable,True
T1000676,Aerial Terminal,FDH102006,TRUNK10169,False,,virtual_stub_cable,True
T1000677,Aerial Terminal,FDH102006,TRUNK10169,False,,virtual_stub_cable,True
T1000678,Aerial Terminal,FDH102006,TRUNK10169,False,,virtual_stub_cable,True
T1000679,Aerial Terminal,FDH102006,TRUNK10174,False,,virtual_stub_cable,True
T1000680,Aerial Terminal,FDH102006,TRUNK10174,False,,virtual_stub_cable,True
T1000681,Aerial Terminal,FDH102006,TRUNK10174,False,,virtual_stub_cable,True
T1000682,Aerial Terminal,FDH102006,TRUNK10175,False,,virtual_stub_cable,True
T1000683,Aerial Terminal,FDH102006,TRUNK10175,False,,virtual_stub_cable,True
T1000684,Aerial Terminal,FDH102006,TRUNK10175,False,,virtual_stub_cable,True
T1000685,Aerial Terminal,FDH102006,TRUNK10169,False,,virtual_stub_cable,True
T1000686,Aerial Terminal,FDH102006,TRUNK10169,False,,virtual_stub_cable,True
T1000687,Aerial Terminal,FDH102006,TRUNK10169,False,,virtual_stub_cable,True
T1000688,Aerial Terminal,FDH102018,TRUNK10170,False,,virtual_stub_cable,True
T1000691,Aerial Terminal,FDH102018,TRUNK10171,False,,virtual_stub_cable,True
T1000692,Aerial Terminal,FDH102018,TRUNK10171,False,,virtual_stub_cable,True
T1000693,Aerial Terminal,FDH102018,TRUNK10171,False,,virtual_stub_cable,True
T1000694,Aerial Terminal,FDH102018,TRUNK10170,False,,virtual_stub_cable,True
T1000696,Aerial Terminal,FDH102018,TRUNK10170,False,,virtual_stub_cable,True
T1000698,Aerial Terminal,FDH102006,TRUNK10187,False,,virtual_stub_cable,True
T1000700,Aerial Terminal,FDH102006,TRUNK10173,False,,virtual_stub_cable,True
T1000701,Aerial Terminal,FDH102006,TRUNK10173,False,,virtual_stub_cable,True
T1000704,Aerial Terminal,FDH102018,TRUNK10171,False,,virtual_stub_cable,True
T1000705,Aerial Terminal,FDH102018,TRUNK10171,False,,virtual_stub_cable,True
T1000710,Aerial Terminal,FDH102008,TRUNK10165,False,,virtual_stub_cable,True
T1000711,Aerial Terminal,FDH102008,TRUNK10166,False,,virtual_stub_cable,True
T1000712,Aerial Terminal,FDH102008,TRUNK10185,False,,virtual_stub_cable,True
T1000713,Aerial Terminal,FDH102008,TRUNK10185,False,,virtual_stub_cable,True
T1000714,Aerial Terminal,FDH102017,TRUNK10185,False,,virtual_stub_cable,True
T1000715,Aerial Terminal,FDH102008,TRUNK10166,False,,virtual_stub_cable,True
T1000719,Aerial Terminal,FDH102008,TRUNK10163,False,,virtual_stub_cable,True
T1000724,Aerial Terminal,FDH102008,TRUNK10162,False,,virtual_stub_cable,True
T1000726,Aerial Terminal,FDH102008,TRUNK10164,False,,virtual_stub_cable,True
T1000727,Aerial Terminal,FDH102008,TRUNK10165,False,,virtual_stub_cable,True
T1000730,Aerial Terminal,FDH102007,TRUNK10162,False,,virtual_stub_cable,True
T1000739,Aerial Terminal,FDH102017,TRUNK10168,False,,virtual_stub_cable,True
T1000740,Aerial Terminal,FDH102017,TRUNK10168,False,,virtual_stub_cable,True
T1000741,Aerial Terminal,FDH102017,TRUNK10168,False,,virtual_stub_cable,True
T1000742,Aerial Terminal,FDH102017,TRUNK10168,False,,virtual_stub_cable,True
T1000743,Aerial Terminal,FDH102017,TRUNK10168,False,,virtual_stub_cable,True
T1000744,Aerial Terminal,FDH102017,TRUNK10172,False,,virtual_stub_cable,True
T1000745,Aerial Terminal,FDH102017,TRUNK10172,False,,virtual_stub_cable,True
T1000746,Aerial Terminal,FDH102017,TRUNK10240,False,,virtual_stub_cable,True
T1000747,Aerial Terminal,FDH102017,TRUNK10240,False,,virtual_stub_cable,True
T1000748,Aerial Terminal,FDH102017,TRUNK10240,False,,virtual_stub_cable,True
T1000749,Aerial Terminal,FDH102017,TRUNK10240,False,,virtual_stub_cable,True
T1000750,Aerial Terminal,FDH102017,TRUNK10240,False,,virtual_stub_cable,True
T1000751,Aerial Terminal,FDH102017,TRUNK10240,False,,virtual_stub_cable,True
T1000752,Aerial Terminal,FDH102017,TRUNK10240,False,,virtual_stub_cable,True
T1000753,Aerial Terminal,FDH102017,TRUNK10240,False,,virtual_stub_cable,True
T1000760,Aerial Terminal,FDH102006,TRUNK10160,False,,virtual_stub_cable,True
T1000762,Aerial Terminal,FDH102006,TRUNK10160,False,,virtual_stub_cable,True
T1000764,Aerial Terminal,FDH102008,TRUNK10163,False,,virtual_stub_cable,True
T1000766,Aerial Terminal,FDH102008,TRUNK10165,False,,virtual_stub_cable,True
T1000767,Aerial Terminal,FDH102008,TRUNK10165,False,,virtual_stub_cable,True
T1000769,Aerial Terminal,FDH102017,TRUNK10168,False,,virtual_stub_cable,True
T1000771,Aerial Terminal,FDH102007,TRUNK10180,False,,virtual_stub_cable,True
T1000773,Aerial Terminal,FDH102009,TRUNK10179,False,,virtual_stub_cable,True
T1000774,Aerial Terminal,FDH102009,TRUNK10179,False,,virtual_stub_cable,True
T1000775,Aerial Terminal,FDH102009,TRUNK10179,False,,virtual_stub_cable,True
T1000776,Aerial Terminal,FDH102009,TRUNK10179,False,,virtual_stub_cable,True
T1000777,Aerial Terminal,FDH102009,TRUNK10179,False,,virtual_stub_cable,True
T1000778,Aerial Terminal,FDH102009,TRUNK10178,False,,virtual_stub_cable,True
T1000779,Aerial Terminal,FDH102009,TRUNK10178,False,,virtual_stub_cable,True
T1000780,Aerial Terminal,FDH102009,TRUNK10178,False,,virtual_stub_cable,True
T1000781,Aerial Terminal,FDH102009,TRUNK10178,False,,virtual_stub_cable,True
T1000782,Aerial Terminal,FDH102009,TRUNK10177,False,,virtual_stub_cable,True
T1000783,Aerial Terminal,FDH102009,TRUNK10177,False,,virtual_stub_cable,True
T1000784,Aerial Terminal,FDH102009,TRUNK10177,False,,virtual_stub_cable,True
T1000785,Aerial Terminal,FDH102009,TRUNK10177,False,,virtual_stub_cable,True
T1000786,Aerial Terminal,FDH102009,TRUNK10177,False,,virtual_stub_cable,True
T1000787,Aerial Terminal,FDH102009,TRUNK10176,False,,virtual_stub_cable,True
T1000788,Aerial Terminal,FDH102009,TRUNK10176,False,,virtual_stub_cable,True
T1000789,Aerial Terminal,FDH102009,TRUNK10176,False,,virtual_stub_cable,True
T1000792,Aerial Terminal,FDH102009,TRUNK10118,False,,virtual_stub_cable,True
T1000793,Aerial Terminal,FDH102009,TRUNK10118,False,,virtual_stub_cable,True
T1000794,Aerial Terminal,FDH102010,TRUNK10181,False,,virtual_stub_cable,True
T1000797,Aerial Terminal,FDH102010,TRUNK10183,False,,virtual_stub_cable,True
T1000798,Aerial Terminal,FDH102010,TRUNK10183,False,,virtual_stub_cable,True
T1000799,Aerial Terminal,FDH102010,TRUNK10183,False,,virtual_stub_cable,True
T1000800,Aerial Terminal,FDH102010,TRUNK10154,False,,virtual_stub_cable,True
T1000801,Aerial Terminal,FDH102010,TRUNK10154,False,,virtual_stub_cable,True
T1000802,Aerial Terminal,FDH102010,TRUNK10181,False,,virtual_stub_cable,True
T1000804,Aerial Terminal,FDH102010,TRUNK10181,False,,virtual_stub_cable,True
T1000805,Aerial Terminal,FDH102010,TRUNK10182,False,,virtual_stub_cable,True
T1000806,Aerial Terminal,FDH102010,TRUNK10182,False,,virtual_stub_cable,True
T1000807,Aerial Terminal,FDH102010,TRUNK10182,False,,virtual_stub_cable,True
T1000808,Aerial Terminal,FDH102010,TRUNK10182,False,,virtual_stub_cable,True
T1000815,Aerial Terminal,FDH102014,TRUNK10224,False,,virtual_stub_cable,True
T1000817,Aerial Terminal,FDH102016,TRUNK10115,False,,virtual_stub_cable,True
T1000819,Aerial Terminal,FDH102016,TRUNK10115,False,,virtual_stub_cable,True
T1000820,Aerial Terminal,FDH102011,TRUNK10200,False,,virtual_stub_cable,True
T1000822,Aerial Terminal,FDH102011,TRUNK10195,False,,virtual_stub_cable,True
T1000824,Aerial Terminal,FDH102014,TRUNK10225,False,,virtual_stub_cable,True
T1000835,Aerial Terminal,FDH102014,TRUNK10225,False,,virtual_stub_cable,True
T1000838,Aerial Terminal,FDH102014,TRUNK10228,False,,virtual_stub_cable,True
T1000839,Aerial Terminal,FDH102014,TRUNK10228,False,,virtual_stub_cable,True
T1000841,Aerial Terminal,FDH102014,TRUNK10224,False,,virtual_stub_cable,True
T1000845,Aerial Terminal,FDH102015,TRUNK10226,False,,virtual_stub_cable,True
T1000846,Aerial Terminal,FDH102016,TRUNK10115,False,,virtual_stub_cable,True
T1000849,Aerial Terminal,FDH102014,TRUNK10229,False,,virtual_stub_cable,True
T1000850,Aerial Terminal,FDH102014,TRUNK10210,False,,virtual_stub_cable,True
T1000851,Aerial Terminal,FDH102012,TRUNK10231,False,,virtual_stub_cable,True
T1000852,Aerial Terminal,FDH102012,TRUNK10211,False,,virtual_stub_cable,True
T1000853,Aerial Terminal,FDH102013,TRUNK10208,False,,virtual_stub_cable,True
T1000854,Aerial Terminal,FDH102013,TRUNK10208,False,,virtual_stub_cable,True
T1000855,Aerial Terminal,FDH102013,TRUNK10212,False,,virtual_stub_cable,True
T1000856,Aerial Terminal,FDH102013,TRUNK10212,False,,virtual_stub_cable,True
T1000857,Aerial Terminal,FDH102013,TRUNK10213,False,,virtual_stub_cable,True
T1000858,Aerial Terminal,FDH102012,TRUNK10186,False,,virtual_stub_cable,True
T1000862,Aerial Terminal,FDH102013,TRUNK10213,False,,virtual_stub_cable,True
T1000865,Aerial Terminal,FDH102012,TRUNK10239,False,,virtual_stub_cable,True
T1000866,Aerial Terminal,FDH102011,TRUNK10200,False,,virtual_stub_cable,True
T1000868,Aerial Terminal,FDH102014,TRUNK10220,False,,virtual_stub_cable,True
T1000870,Aerial Terminal,FDH102011,TRUNK10201,False,,virtual_stub_cable,True
T1000871,Aerial Terminal,FDH102014,TRUNK10220,False,,virtual_stub_cable,True
T1000873,Aerial Terminal,FDH102012,TRUNK10216,False,,virtual_stub_cable,True
T1000874,Aerial Terminal,FDH102014,TRUNK10241,False,,virtual_stub_cable,True
T1000876,Aerial Terminal,FDH102014,TRUNK10241,False,,virtual_stub_cable,True
T1000877,Aerial Terminal,FDH102011,TRUNK10201,False,,virtual_stub_cable,True
T1000878,Aerial Terminal,FDH102011,TRUNK10232,False,,virtual_stub_cable,True
T1000880,Aerial Terminal,FDH102014,TRUNK10219,False,,virtual_stub_cable,True
T1000882,Aerial Terminal,FDH102011,TRUNK10195,False,,virtual_stub_cable,True
T1000883,Aerial Terminal,FDH102011,TRUNK10195,False,,virtual_stub_cable,True
T1000884,Aerial Terminal,FDH102012,TRUNK10216,False,,virtual_stub_cable,True
T1000885,Aerial Terminal,FDH102012,TRUNK10204,False,,virtual_stub_cable,True
T1000886,Aerial Terminal,FDH102012,TRUNK10216,False,,virtual_stub_cable,True
T1000887,Aerial Terminal,FDH102011,TRUNK10203,False,,virtual_stub_cable,True
T1000888,Aerial Terminal,FDH102012,TRUNK10231,False,,virtual_stub_cable,True
T1000889,Aerial Terminal,FDH102012,TRUNK10204,False,,virtual_stub_cable,True
T1000890,Aerial Terminal,FDH102011,TRUNK10200,False,,virtual_stub_cable,True
T1000891,Aerial Terminal,FDH102012,TRUNK10217,False,,virtual_stub_cable,True
T1000895,Aerial Terminal,FDH102014,TRUNK10241,False,,virtual_stub_cable,True
T1000896,Aerial Terminal,FDH102011,TRUNK10161,False,,virtual_stub_cable,True
T1000897,Aerial Terminal,FDH102012,TRUNK10217,False,,virtual_stub_cable,True
T1000898,Aerial Terminal,FDH102011,TRUNK10201,False,,virtual_stub_cable,True
T1000900,Aerial Terminal,FDH102011,TRUNK10202,False,,virtual_stub_cable,True
T1000901,Aerial Terminal,FDH102011,TRUNK10161,False,,virtual_stub_cable,True
T1000907,Aerial Terminal,FDH102011,TRUNK10194,False,,virtual_stub_cable,True
T1000909,Aerial Terminal,FDH102011,TRUNK10194,False,,virtual_stub_cable,True
T1000910,Aerial Terminal,FDH102011,TRUNK10232,False,,virtual_stub_cable,True
T1000911,Aerial Terminal,FDH102011,TRUNK10195,False,,virtual_stub_cable,True
T1000912,Aerial Terminal,FDH102011,TRUNK10195,False,,virtual_stub_cable,True
T1000917,Aerial Terminal,FDH102013,TRUNK10213,False,,virtual_stub_cable,True
T1000925,Aerial Terminal,FDH102015,TRUNK10235,False,,virtual_stub_cable,True
T1000928,Aerial Terminal,FDH102016,TRUNK10238,False,,virtual_stub_cable,True
T1000930,Aerial Terminal,FDH102016,TRUNK10233,False,,virtual_stub_cable,True
T1000932,Aerial Terminal,FDH102016,TRUNK10233,False,,virtual_stub_cable,True
T1000935,Aerial Terminal,FDH102012,TRUNK10239,False,,virtual_stub_cable,True
T1000937,Aerial Terminal,FDH102013,TRUNK10209,False,,virtual_stub_cable,True
T1000938,Aerial Terminal,FDH102014,TRUNK10220,False,,virtual_stub_cable,True
T1000939,Aerial Terminal,FDH102011,TRUNK10201,False,,virtual_stub_cable,True
T1000941,Aerial Terminal,FDH102014,TRUNK10241,False,,virtual_stub_cable,True
T1000943,Aerial Terminal,FDH102011,TRUNK10232,False,,virtual_stub_cable,True
T1000944,Aerial Terminal,FDH102014,TRUNK10219,False,,virtual_stub_cable,True
T1000945,Aerial Terminal,FDH102011,TRUNK10203,False,,virtual_stub_cable,True
T1000946,Aerial Terminal,FDH102014,TRUNK10219,False,,virtual_stub_cable,True
T1000952,Aerial Terminal,FDH102011,TRUNK10200,False,,virtual_stub_cable,True
T1000953,Aerial Terminal,FDH102011,TRUNK10161,False,,virtual_stub_cable,True
T1000958,Aerial Terminal,FDH102014,TRUNK10228,False,,virtual_stub_cable,True
T1000959,Aerial Terminal,FDH102014,TRUNK10225,False,,virtual_stub_cable,True
T1000963,Aerial Terminal,FDH102015,TRUNK10226,False,,virtual_stub_cable,True
T1000964,Aerial Terminal,FDH102015,TRUNK10235,False,,virtual_stub_cable,True
T1000966,Aerial Terminal,FDH102016,TRUNK10233,False,,virtual_stub_cable,True
T1000968,Aerial Terminal,FDH102016,TRUNK10233,False,,virtual_stub_cable,True
T1000970,Aerial Terminal,FDH102011,TRUNK10200,False,,virtual_stub_cable,True
T1000971,Aerial Terminal,FDH102012,TRUNK10217,False,,virtual_stub_cable,True
T1000972,Aerial Terminal,FDH102012,TRUNK10217,False,,virtual_stub_cable,True
T1000975,Aerial Terminal,FDH102001,TRUNK10146,False,,virtual_stub_cable,True
T1000977,Aerial Terminal,FDH102014,TRUNK10220,False,,virtual_stub_cable,True
T1000978,Aerial Terminal,FDH102014,TRUNK10220,False,,virtual_stub_cable,True
T1000979,Aerial Terminal,FDH102014,TRUNK10220,False,,virtual_stub_cable,True
T1000980,Aerial Terminal,FDH102014,TRUNK10220,False,,virtual_stub_cable,True
T1000982,Aerial Terminal,FDH102008,TRUNK10163,False,,virtual_stub_cable,True
T1000983,Aerial Terminal,FDH102008,TRUNK10163,False,,virtual_stub_cable,True
T1000984,Aerial Terminal,FDH102018,TRUNK10171,False,,virtual_stub_cable,True
T1000985,Aerial Terminal,FDH102006,TRUNK10160,False,,virtual_stub_cable,True
T1000986,Aerial Terminal,FDH102018,TRUNK10170,False,,virtual_stub_cable,True
T1000987,Aerial Terminal,FDH102018,TRUNK10170,False,,virtual_stub_cable,True
T1000988,Aerial Terminal,FDH102018,TRUNK10170,False,,virtual_stub_cable,True
T1000990,Aerial Terminal,FDH102015,TRUNK10235,False,,virtual_stub_cable,True
T1000991,Aerial Terminal,FDH102015,TRUNK10235,False,,virtual_stub_cable,True
T1000993,Aerial Terminal,FDH102016,TRUNK10115,False,,virtual_stub_cable,True
T1000840,Aerial Terminal,FDH102014,TRUNK10225,False,,virtual_stub_cable,True
T1000996,Aerial Terminal,FDH102012,TRUNK10216,False,,virtual_stub_cable,True
T1000999,Aerial Terminal,FDH102002,TRUNK10159,False,,virtual_stub_cable,True
T1000872,Aerial Terminal,FDH102017,TRUNK10168,False,,virtual_stub_cable,True
T1000861,Aerial Terminal,FDH102017,TRUNK10172,False,,virtual_stub_cable,True
T1000859,Aerial Terminal,FDH102017,TRUNK10172,False,,virtual_stub_cable,True
T1000875,Aerial Terminal,FDH102017,TRUNK10172,False,,virtual_stub_cable,True
T1000832,Aerial Terminal,FDH102017,TRUNK10240,False,,virtual_stub_cable,True
T1000549,Aerial Terminal,FDH102017,TRUNK10240,False,,virtual_stub_cable,True
T1000816,Aerial Terminal,FDH102017,TRUNK10240,False,,virtual_stub_cable,True
T1000005,Aerial Terminal,FDH101015,TRUNK10087,False,,virtual_stub_cable,True
T1000006,Aerial Terminal,FDH101015,TRUNK10087,False,,virtual_stub_cable,True
T1000008,Aerial Terminal,FDH101007,TRUNK10083,False,,virtual_stub_cable,True
T1000010,Aerial Terminal,FDH101015,TRUNK10083,False,,virtual_stub_cable,True
T1000011,Aerial Terminal,FDH101015,TRUNK10083,False,,virtual_stub_cable,True
T1000013,Aerial Terminal,FDH101010,TRUNK10084,False,,virtual_stub_cable,True
T1000014,Aerial Terminal,FDH101010,TRUNK10085,False,,virtual_stub_cable,True
T1000015,Aerial Terminal,FDH101010,TRUNK10085,False,,virtual_stub_cable,True
T1000016,Aerial Terminal,FDH101015,TRUNK10087,False,,virtual_stub_cable,True
T1000017,Aerial Terminal,FDH101015,TRUNK10088,False,,virtual_stub_cable,True
T1000018,Aerial Terminal,FDH101015,TRUNK10089,False,,virtual_stub_cable,True
T1000020,Aerial Terminal,FDH101015,TRUNK10081,False,,virtual_stub_cable,True
T1000021,Aerial Terminal,FDH101015,TRUNK10089,False,,virtual_stub_cable,True
T1000025,Aerial Terminal,FDH101010,TRUNK10086,False,,virtual_stub_cable,True
T1000026,Aerial Terminal,FDH101010,TRUNK10094,False,,virtual_stub_cable,True
T1000028,Aerial Terminal,FDH101010,TRUNK10094,False,,virtual_stub_cable,True
T1000029,Aerial Terminal,FDH101010,TRUNK10094,False,,virtual_stub_cable,True
T1000030,Aerial Terminal,FDH101010,TRUNK10086,False,,virtual_stub_cable,True
T1000032,Aerial Terminal,FDH101010,TRUNK10084,False,,virtual_stub_cable,True
T1000035,Aerial Terminal,FDH101015,TRUNK10081,False,,virtual_stub_cable,True
T1000036,Aerial Terminal,FDH101010,TRUNK10080,False,,virtual_stub_cable,True
T1000037,Aerial Terminal,FDH101010,TRUNK10092,False,,virtual_stub_cable,True
T1000038,Aerial Terminal,FDH101010,TRUNK10092,False,,virtual_stub_cable,True
T1000049,Aerial Terminal,FDH101010,TRUNK10086,False,,virtual_stub_cable,True
T1000050,Aerial Terminal,FDH101010,TRUNK10109,False,,virtual_stub_cable,True
T1000051,Aerial Terminal,FDH101010,TRUNK10109,False,,virtual_stub_cable,True
T1000052,Aerial Terminal,FDH101005,TRUNK10109,False,,virtual_stub_cable,True
T1000054,Aerial Terminal,FDH101005,TRUNK10017,False,,virtual_stub_cable,True
T1000055,Aerial Terminal,FDH101005,TRUNK10076,False,,virtual_stub_cable,True
T1000056,Aerial Terminal,FDH101005,TRUNK10076,False,,virtual_stub_cable,True
T1000057,Aerial Terminal,FDH101005,TRUNK10076,False,,virtual_stub_cable,True
T1000059,Aerial Terminal,FDH101005,TRUNK10017,False,,virtual_stub_cable,True
T1000063,Aerial Terminal,FDH101010,TRUNK10079,False,,virtual_stub_cable,True
T1000064,Aerial Terminal,FDH101010,TRUNK10079,False,,virtual_stub_cable,True
T1000065,Aerial Terminal,FDH101010,TRUNK10079,False,,virtual_stub_cable,True
T1000066,Aerial Terminal,FDH101010,TRUNK10079,False,,virtual_stub_cable,True
T1000067,Aerial Terminal,FDH101010,TRUNK10078,False,,virtual_stub_cable,True
T1000068,Aerial Terminal,FDH101010,TRUNK10080,False,,virtual_stub_cable,True
T1000069,Aerial Terminal,FDH101010,TRUNK10080,False,,virtual_stub_cable,True
T1000070,Aerial Terminal,FDH101010,TRUNK10080,False,,virtual_stub_cable,True
T1000071,Aerial Terminal,FDH101010,TRUNK10080,False,,virtual_stub_cable,True
T1000072,Aerial Terminal,FDH101010,TRUNK10080,False,,virtual_stub_cable,True
T1000073,Aerial Terminal,FDH101010,TRUNK10078,False,,virtual_stub_cable,True
T1000074,Aerial Terminal,FDH101010,TRUNK10080,False,,virtual_stub_cable,True
T1000077,Aerial Terminal,FDH101008,TRUNK10095,False,,virtual_stub_cable,True
T1000079,Aerial Terminal,FDH101008,TRUNK10001,False,,virtual_stub_cable,True
T1000080,Aerial Terminal,FDH101008,TRUNK10001,False,,virtual_stub_cable,True
T1000081,Aerial Terminal,FDH101008,TRUNK10002,False,,virtual_stub_cable,True
T1000082,Aerial Terminal,FDH101008,TRUNK10095,False,,virtual_stub_cable,True
T1000083,Aerial Terminal,FDH101008,TRUNK10095,False,,virtual_stub_cable,True
T1000084,Aerial Terminal,FDH101008,TRUNK10002,False,,virtual_stub_cable,True
T1000085,Aerial Terminal,FDH101008,TRUNK10002,False,,virtual_stub_cable,True
T1000086,Aerial Terminal,FDH101008,TRUNK10002,False,,virtual_stub_cable,True
T1000087,Aerial Terminal,FDH101008,TRUNK10002,False,,virtual_stub_cable,True
T1000088,Aerial Terminal,FDH101008,TRUNK10002,False,,virtual_stub_cable,True
T1000089,Aerial Terminal,FDH101011,TRUNK10110,False,,virtual_stub_cable,True
T1000092,Aerial Terminal,FDH101011,TRUNK10001,False,,virtual_stub_cable,True
T1000093,Aerial Terminal,FDH101002,TRUNK10062,False,,virtual_stub_cable,True
T1000094,Aerial Terminal,FDH101002,TRUNK10111,False,,virtual_stub_cable,True
T1000095,Aerial Terminal,FDH101002,TRUNK10111,False,,virtual_stub_cable,True
T1000096,Aerial Terminal,FDH101002,TRUNK10062,False,,virtual_stub_cable,True
T1000099,Aerial Terminal,FDH101002,TRUNK10107,False,,virtual_stub_cable,True
T1000100,Aerial Terminal,FDH101002,TRUNK10107,False,,virtual_stub_cable,True
T1000104,Aerial Terminal,FDH101002,TRUNK10107,False,,virtual_stub_cable,True
T1000105,Aerial Terminal,FDH101002,TRUNK10107,False,,virtual_stub_cable,True
T1000106,Aerial Terminal,FDH101002,TRUNK10107,False,,virtual_stub_cable,True
T1000108,Aerial Terminal,FDH101002,TRUNK10111,False,,virtual_stub_cable,True
T1000109,Aerial Terminal,FDH101001,TRUNK10063,False,,virtual_stub_cable,True
T1000111,Aerial Terminal,FDH101002,TRUNK10025,False,,virtual_stub_cable,True
T1000113,Aerial Terminal,FDH101002,TRUNK10062,False,,virtual_stub_cable,True
T1000115,Aerial Terminal,FDH101002,TRUNK10111,False,,virtual_stub_cable,True
T1000116,Aerial Terminal,FDH101002,TRUNK10062,False,,virtual_stub_cable,True
T1000117,Aerial Terminal,FDH101002,TRUNK10106,False,,virtual_stub_cable,True
T1000118,Aerial Terminal,FDH101002,TRUNK10025,False,,virtual_stub_cable,True
T1000119,Aerial Terminal,FDH101002,TRUNK10025,False,,virtual_stub_cable,True
T1000120,Aerial Terminal,FDH101002,TRUNK10025,False,,virtual_stub_cable,True
T1000121,Aerial Terminal,FDH101002,TRUNK10025,False,,virtual_stub_cable,True
T1000122,Aerial Terminal,FDH101008,TRUNK10100,False,,virtual_stub_cable,True
T1000123,Aerial Terminal,FDH101002,TRUNK10025,False,,virtual_stub_cable,True
T1000125,Aerial Terminal,FDH101002,TRUNK10025,False,,virtual_stub_cable,True
T1000126,Aerial Terminal,FDH101008,TRUNK10100,False,,virtual_stub_cable,True
T1000127,Aerial Terminal,FDH101008,TRUNK10100,False,,virtual_stub_cable,True
T1000128,Aerial Terminal,FDH101008,TRUNK10100,False,,virtual_stub_cable,True
T1000129,Aerial Terminal,FDH101008,TRUNK10100,False,,virtual_stub_cable,True
T1000132,Aerial Terminal,FDH101002,TRUNK10019,False,,virtual_stub_cable,True
T1000133,Aerial Terminal,FDH101002,TRUNK10019,False,,virtual_stub_cable,True
T1000134,Aerial Terminal,FDH101002,TRUNK10019,False,,virtual_stub_cable,True
T1000135,Aerial Terminal,FDH101002,TRUNK10019,False,,virtual_stub_cable,True
T1000136,Aerial Terminal,FDH101002,TRUNK10019,False,,virtual_stub_cable,True
T1000140,Aerial Terminal,FDH101003,TRUNK10105,False,,virtual_stub_cable,True
T1000144,Aerial Terminal,FDH101003,TRUNK10105,False,,virtual_stub_cable,True
T1000145,Aerial Terminal,FDH101003,TRUNK10032,False,,virtual_stub_cable,True
T1000150,Aerial Terminal,FDH101003,TRUNK10026,False,,virtual_stub_cable,True
T1000152,Aerial Terminal,FDH101003,TRUNK10026,False,,virtual_stub_cable,True
T1000154,Aerial Terminal,FDH101003,TRUNK10032,False,,virtual_stub_cable,True
T1000155,Aerial Terminal,FDH101009,TRUNK10010,False,,virtual_stub_cable,True
T1000156,Aerial Terminal,FDH101009,TRUNK10010,False,,virtual_stub_cable,True
T1000157,Aerial Terminal,FDH101009,TRUNK10010,False,,virtual_stub_cable,True
T1000158,Aerial Terminal,FDH101009,TRUNK10006,False,,virtual_stub_cable,True
T1000159,Aerial Terminal,FDH101009,TRUNK10006,False,,virtual_stub_cable,True
T1000160,Aerial Terminal,FDH101013,TRUNK10098,False,,virtual_stub_cable,True
T1000163,Aerial Terminal,FDH101009,TRUNK10013,False,,virtual_stub_cable,True
T1000164,Aerial Terminal,FDH101009,TRUNK10013,False,,virtual_stub_cable,True
T1000165,Aerial Terminal,FDH101009,TRUNK10010,False,,virtual_stub_cable,True
T1000166,Aerial Terminal,FDH101009,TRUNK10011,False,,virtual_stub_cable,True
T1000167,Aerial Terminal,FDH101009,TRUNK10011,False,,virtual_stub_cable,True
T1000169,Aerial Terminal,FDH101009,TRUNK10011,False,,virtual_stub_cable,True
T1000172,Aerial Terminal,FDH101012,TRUNK10008,False,,virtual_stub_cable,True
T1000173,Aerial Terminal,FDH101012,TRUNK10008,False,,virtual_stub_cable,True
T1000174,Aerial Terminal,FDH101012,TRUNK10008,False,,virtual_stub_cable,True
T1000175,Aerial Terminal,FDH101009,TRUNK10010,False,,virtual_stub_cable,True
T1000177,Aerial Terminal,FDH101013,TRUNK10012,False,,virtual_stub_cable,True
T1000178,Aerial Terminal,FDH101013,TRUNK10012,False,,virtual_stub_cable,True
T1000181,Aerial Terminal,FDH101012,TRUNK10008,False,,virtual_stub_cable,True
T1000182,Aerial Terminal,FDH101009,TRUNK10010,False,,virtual_stub_cable,True
T1000183,Aerial Terminal,FDH101009,TRUNK10010,False,,virtual_stub_cable,True
T1000184,Aerial Terminal,FDH101012,TRUNK10096,False,,virtual_stub_cable,True
T1000186,Aerial Terminal,FDH101009,TRUNK10013,False,,virtual_stub_cable,True
T1000187,Aerial Terminal,FDH101009,TRUNK10009,False,,virtual_stub_cable,True
T1000188,Aerial Terminal,FDH101009,TRUNK10006,False,,virtual_stub_cable,True
T1000189,Aerial Terminal,FDH101013,TRUNK10012,False,,virtual_stub_cable,True
T1000190,Aerial Terminal,FDH101006,TRUNK10103,False,,virtual_stub_cable,True
T1000191,Aerial Terminal,FDH101006,TRUNK10103,False,,virtual_stub_cable,True
T1000192,Aerial Terminal,FDH101006,TRUNK10103,False,,virtual_stub_cable,True
T1000193,Aerial Terminal,FDH101006,TRUNK10103,False,,virtual_stub_cable,True
T1000196,Aerial Terminal,FDH101006,TRUNK10014,False,,virtual_stub_cable,True
T1000197,Aerial Terminal,FDH101006,TRUNK10056,False,,virtual_stub_cable,True
T1000198,Aerial Terminal,FDH101006,TRUNK10054,False,,virtual_stub_cable,True
T1000199,Aerial Terminal,FDH101006,TRUNK10056,False,,virtual_stub_cable,True
T1000201,Aerial Terminal,FDH101006,TRUNK10054,False,,virtual_stub_cable,True
T1000206,Aerial Terminal,FDH101006,TRUNK10055,False,,virtual_stub_cable,True
T1000207,Aerial Terminal,FDH101006,TRUNK10055,False,,virtual_stub_cable,True
T1000208,Aerial Terminal,FDH101006,TRUNK10055,False,,virtual_stub_cable,True
T1000209,Aerial Terminal,FDH101006,TRUNK10053,False,,virtual_stub_cable,True
T1000210,Aerial Terminal,FDH101006,TRUNK10055,False,,virtual_stub_cable,True
T1000211,Aerial Terminal,FDH101003,TRUNK10022,False,,virtual_stub_cable,True
T1000212,Aerial Terminal,FDH101003,TRUNK10022,False,,virtual_stub_cable,True
T1000213,Aerial Terminal,FDH101003,TRUNK10022,False,,virtual_stub_cable,True
T1000214,Aerial Terminal,FDH101003,TRUNK10022,False,,virtual_stub_cable,True
T1000215,Aerial Terminal,FDH101003,TRUNK10022,False,,virtual_stub_cable,True
T1000216,Aerial Terminal,FDH101003,TRUNK10022,False,,virtual_stub_cable,True
T1000217,Aerial Terminal,FDH101003,TRUNK10093,False,,virtual_stub_cable,True
T1000218,Aerial Terminal,FDH101003,TRUNK10016,False,,virtual_stub_cable,True
T1000219,Aerial Terminal,FDH101003,TRUNK10016,False,,virtual_stub_cable,True
T1000220,Aerial Terminal,FDH101003,TRUNK10016,False,,virtual_stub_cable,True
T1000223,Aerial Terminal,FDH101003,TRUNK10016,False,,virtual_stub_cable,True
T1000224,Aerial Terminal,FDH101003,TRUNK10016,False,,virtual_stub_cable,True
T1000225,Aerial Terminal,FDH101003,TRUNK10022,False,,virtual_stub_cable,True
T1000229,Aerial Terminal,FDH101016,TRUNK10061,False,,virtual_stub_cable,True
T1000233,Aerial Terminal,FDH101016,TRUNK10039,False,,virtual_stub_cable,True
T1000234,Aerial Terminal,FDH101016,TRUNK10039,False,,virtual_stub_cable,True
T1000235,Aerial Terminal,FDH101016,TRUNK10039,False,,virtual_stub_cable,True
T1000236,Aerial Terminal,FDH101016,TRUNK10038,False,,virtual_stub_cable,True
T1000237,Aerial Terminal,FDH101016,TRUNK10038,False,,virtual_stub_cable,True
T1000238,Aerial Terminal,FDH101016,TRUNK10038,False,,virtual_stub_cable,True
T1000239,Aerial Terminal,FDH101016,TRUNK10040,False,,virtual_stub_cable,True
T1000240,Aerial Terminal,FDH101016,TRUNK10040,False,,virtual_stub_cable,True
T1000241,Aerial Terminal,FDH101016,TRUNK10040,False,,virtual_stub_cable,True
T1000242,Aerial Terminal,FDH101016,TRUNK10040,False,,virtual_stub_cable,True
T1000243,Aerial Terminal,FDH101016,TRUNK10040,False,,virtual_stub_cable,True
T1000244,Aerial Terminal,FDH101016,TRUNK10040,False,,virtual_stub_cable,True
T1000245,Aerial Terminal,FDH101016,TRUNK10040,False,,virtual_stub_cable,True
T1000246,Aerial Terminal,FDH101016,TRUNK10040,False,,virtual_stub_cable,True
T1000247,Aerial Terminal,FDH101016,TRUNK10040,False,,virtual_stub_cable,True
T1000248,Aerial Terminal,FDH101016,TRUNK10040,False,,virtual_stub_cable,True
T1000249,Aerial Terminal,FDH101016,TRUNK10061,False,,virtual_stub_cable,True
T1000250,Aerial Terminal,FDH101016,TRUNK10038,False,,virtual_stub_cable,True
T1000251,Aerial Terminal,FDH101016,TRUNK10038,False,,virtual_stub_cable,True
T1000252,Aerial Terminal,FDH101016,TRUNK10024,False,,virtual_stub_cable,True
T1000253,Aerial Terminal,FDH101016,TRUNK10024,False,,virtual_stub_cable,True
T1000254,Aerial Terminal,FDH101016,TRUNK10027,False,,virtual_stub_cable,True
T1000255,Aerial Terminal,FDH101016,TRUNK10024,False,,virtual_stub_cable,True
T1000256,Aerial Terminal,FDH101016,TRUNK10027,False,,virtual_stub_cable,True
T1000257,Aerial Terminal,FDH101016,TRUNK10031,False,,virtual_stub_cable,True
T1000258,Aerial Terminal,FDH101016,TRUNK10030,False,,virtual_stub_cable,True
T1000259,Aerial Terminal,FDH101016,TRUNK10018,False,,virtual_stub_cable,True
T1000260,Aerial Terminal,FDH101016,TRUNK10029,False,,virtual_stub_cable,True
T1000264,Aerial Terminal,FDH101011,TRUNK10065,False,,virtual_stub_cable,True
T1000265,Aerial Terminal,FDH101011,TRUNK10065,False,,virtual_stub_cable,True
T1000272,Aerial Terminal,FDH101011,TRUNK10830,False,,virtual_stub_cable,True
T1000273,Aerial Terminal,FDH101011,TRUNK10110,False,,virtual_stub_cable,True
T1000275,Aerial Terminal,FDH101012,TRUNK10007,False,,virtual_stub_cable,True
T1000276,Aerial Terminal,FDH101012,TRUNK10067,False,,virtual_stub_cable,True
T1000277,Aerial Terminal,FDH101012,TRUNK10069,False,,virtual_stub_cable,True
T1000278,Aerial Terminal,FDH101012,TRUNK10069,False,,virtual_stub_cable,True
T1000279,Aerial Terminal,FDH101012,TRUNK10101,False,,virtual_stub_cable,True
T1000280,Aerial Terminal,FDH101012,TRUNK10101,False,,virtual_stub_cable,True
T1000281,Aerial Terminal,FDH101012,TRUNK10069,False,,virtual_stub_cable,True
T1000282,Aerial Terminal,FDH101012,TRUNK10068,False,,virtual_stub_cable,True
T1000283,Aerial Terminal,FDH101012,TRUNK10067,False,,virtual_stub_cable,True
T1000284,Aerial Terminal,FDH101012,TRUNK10067,False,,virtual_stub_cable,True
T1000285,Aerial Terminal,FDH101012,TRUNK10067,False,,virtual_stub_cable,True
T1000286,Aerial Terminal,FDH101012,TRUNK10101,False,,virtual_stub_cable,True
T1000287,Aerial Terminal,FDH101012,TRUNK10007,False,,virtual_stub_cable,True
T1000288,Aerial Terminal,FDH101012,TRUNK10096,False,,virtual_stub_cable,True
T1000289,Aerial Terminal,FDH101012,TRUNK10069,False,,virtual_stub_cable,True
T1000290,Aerial Terminal,FDH101012,TRUNK10101,False,,virtual_stub_cable,True
T1000293,Aerial Terminal,FDH101012,TRUNK10067,False,,virtual_stub_cable,True
T1000294,Aerial Terminal,FDH101012,TRUNK10067,False,,virtual_stub_cable,True
T1000295,Aerial Terminal,FDH101012,TRUNK10069,False,,virtual_stub_cable,True
T1000296,Aerial Terminal,FDH101012,TRUNK10007,False,,virtual_stub_cable,True
T1000297,Aerial Terminal,FDH101012,TRUNK10007,False,,virtual_stub_cable,True
T1000298,Aerial Terminal,FDH101012,TRUNK10007,False,,virtual_stub_cable,True
T1000299,Aerial Terminal,FDH101014,TRUNK10072,False,,virtual_stub_cable,True
T1000300,Aerial Terminal,FDH101014,TRUNK10072,False,,virtual_stub_cable,True
T1000303,Aerial Terminal,FDH101013,TRUNK10830,False,,virtual_stub_cable,True
T1000304,Aerial Terminal,FDH101013,TRUNK10830,False,,virtual_stub_cable,True
T1000305,Aerial Terminal,FDH101013,TRUNK10830,False,,virtual_stub_cable,True
T1000306,Aerial Terminal,FDH101013,TRUNK10071,False,,virtual_stub_cable,True
T1000307,Aerial Terminal,FDH101013,TRUNK10071,False,,virtual_stub_cable,True
T1000309,Aerial Terminal,FDH101016,TRUNK10071,False,,virtual_stub_cable,True
T1000319,Aerial Terminal,FDH101014,TRUNK10070,False,,virtual_stub_cable,True
T1000320,Aerial Terminal,FDH101014,TRUNK10070,False,,virtual_stub_cable,True
T1000321,Aerial Terminal,FDH101014,TRUNK10070,False,,virtual_stub_cable,True
T1000325,Aerial Terminal,FDH101014,TRUNK10113,False,,virtual_stub_cable,True
T1000326,Aerial Terminal,FDH101014,TRUNK10113,False,,virtual_stub_cable,True
T1000329,Aerial Terminal,FDH101013,TRUNK10098,False,,virtual_stub_cable,True
T1000331,Aerial Terminal,FDH101013,TRUNK10098,False,,virtual_stub_cable,True
T1000333,Aerial Terminal,FDH101013,TRUNK10074,False,,virtual_stub_cable,True
T1000334,Aerial Terminal,FDH101013,TRUNK10104,False,,virtual_stub_cable,True
T1000335,Aerial Terminal,FDH101013,TRUNK10074,False,,virtual_stub_cable,True
T1000341,Aerial Terminal,FDH101014,TRUNK10073,False,,virtual_stub_cable,True
T1000343,Aerial Terminal,FDH101014,TRUNK10073,False,,virtual_stub_cable,True
T1000344,Aerial Terminal,FDH101014,TRUNK10073,False,,virtual_stub_cable,True
T1000345,Aerial Terminal,FDH101014,TRUNK10072,False,,virtual_stub_cable,True
T1000347,Aerial Terminal,FDH101011,TRUNK10001,False,,virtual_stub_cable,True
T1000350,Aerial Terminal,FDH101013,TRUNK10074,False,,virtual_stub_cable,True
T1000351,Aerial Terminal,FDH101013,TRUNK10074,False,,virtual_stub_cable,True
T1000352,Aerial Terminal,FDH101013,TRUNK10074,False,,virtual_stub_cable,True
T1000354,Aerial Terminal,FDH101004,TRUNK10051,False,,virtual_stub_cable,True
T1000355,Aerial Terminal,FDH101004,TRUNK10051,False,,virtual_stub_cable,True
T1000356,Aerial Terminal,FDH101004,TRUNK10051,False,,virtual_stub_cable,True
T1000357,Aerial Terminal,FDH101004,TRUNK10051,False,,virtual_stub_cable,True
T1000358,Aerial Terminal,FDH101004,TRUNK10051,False,,virtual_stub_cable,True
T1000359,Aerial Terminal,FDH101004,TRUNK10051,False,,virtual_stub_cable,True
T1000360,Aerial Terminal,FDH101005,TRUNK10023,False,,virtual_stub_cable,True
T1000361,Aerial Terminal,FDH101005,TRUNK10023,False,,virtual_stub_cable,True
T1000362,Aerial Terminal,FDH101004,TRUNK10035,False,,virtual_stub_cable,True
T1000363,Aerial Terminal,FDH101004,TRUNK10028,False,,virtual_stub_cable,True
T1000364,Aerial Terminal,FDH101004,TRUNK10035,False,,virtual_stub_cable,True
T1000365,Aerial Terminal,FDH101004,TRUNK10051,False,,virtual_stub_cable,True
T1000366,Aerial Terminal,FDH101004,TRUNK10028,False,,virtual_stub_cable,True
T1000367,Aerial Terminal,FDH101004,TRUNK10035,False,,virtual_stub_cable,True
T1000368,Aerial Terminal,FDH101004,TRUNK10028,False,,virtual_stub_cable,True
T1000370,Aerial Terminal,FDH101004,TRUNK10049,False,,virtual_stub_cable,True
T1000371,Aerial Terminal,FDH101004,TRUNK10049,False,,virtual_stub_cable,True
T1000375,Aerial Terminal,FDH101004,TRUNK10048,False,,virtual_stub_cable,True
T1000376,Aerial Terminal,FDH101004,TRUNK10048,False,,virtual_stub_cable,True
T1000377,Aerial Terminal,FDH101004,TRUNK10048,False,,virtual_stub_cable,True
T1000378,Aerial Terminal,FDH101004,TRUNK10048,False,,virtual_stub_cable,True
T1000379,Aerial Terminal,FDH101004,TRUNK10048,False,,virtual_stub_cable,True
T1000380,Aerial Terminal,FDH101004,TRUNK10048,False,,virtual_stub_cable,True
T1000381,Aerial Terminal,FDH101004,TRUNK10047,False,,virtual_stub_cable,True
T1000382,Aerial Terminal,FDH101004,TRUNK10047,False,,virtual_stub_cable,True
T1000383,Aerial Terminal,FDH101004,TRUNK10047,False,,virtual_stub_cable,True
T1000384,Aerial Terminal,FDH101004,TRUNK10047,False,,virtual_stub_cable,True
T1000385,Aerial Terminal,FDH101004,TRUNK10047,False,,virtual_stub_cable,True
T1000386,Aerial Terminal,FDH101004,TRUNK10047,False,,virtual_stub_cable,True
T1000387,Aerial Terminal,FDH101004,TRUNK10047,False,,virtual_stub_cable,True
T1000388,Aerial Terminal,FDH101004,TRUNK10047,False,,virtual_stub_cable,True
T1000389,Aerial Terminal,FDH101004,TRUNK10051,False,,virtual_stub_cable,True
T1000390,Aerial Terminal,FDH101004,TRUNK10049,False,,virtual_stub_cable,True
T1000391,Aerial Terminal,FDH101007,TRUNK10003,False,,virtual_stub_cable,True
T1000398,Aerial Terminal,FDH101007,TRUNK10020,False,,virtual_stub_cable,True
T1000399,Aerial Terminal,FDH101007,TRUNK10003,False,,virtual_stub_cable,True
T1000400,Aerial Terminal,FDH101007,TRUNK10004,False,,virtual_stub_cable,True
T1000401,Aerial Terminal,FDH101007,TRUNK10004,False,,virtual_stub_cable,True
T1000402,Aerial Terminal,FDH101007,TRUNK10004,False,,virtual_stub_cable,True
T1000403,Aerial Terminal,FDH101007,TRUNK10004,False,,virtual_stub_cable,True
T1000404,Aerial Terminal,FDH101007,TRUNK10004,False,,virtual_stub_cable,True
T1000405,Aerial Terminal,FDH101007,TRUNK10004,False,,virtual_stub_cable,True
T1000406,Aerial Terminal,FDH101007,TRUNK10004,False,,virtual_stub_cable,True
T1000407,Aerial Terminal,FDH101007,TRUNK10004,False,,virtual_stub_cable,True
T1000409,Aerial Terminal,FDH101014,TRUNK10057,False,,virtual_stub_cable,True
T1000410,Aerial Terminal,FDH101007,TRUNK10057,False,,virtual_stub_cable,True
T1000411,Aerial Terminal,FDH101014,TRUNK10057,False,,virtual_stub_cable,True
T1000412,Aerial Terminal,FDH101014,TRUNK10057,False,,virtual_stub_cable,True
T1000413,Aerial Terminal,FDH101007,TRUNK10057,False,,virtual_stub_cable,True
T1000420,Aerial Terminal,FDH101005,TRUNK10046,False,,virtual_stub_cable,True
T1000421,Aerial Terminal,FDH101005,TRUNK10046,False,,virtual_stub_cable,True
T1000422,Aerial Terminal,FDH101005,TRUNK10046,False,,virtual_stub_cable,True
T1000112,Aerial Terminal,FDH101005,TRUNK10059,False,,virtual_stub_cable,True
T1000424,Aerial Terminal,FDH101005,TRUNK10097,False,,virtual_stub_cable,True
T1000425,Aerial Terminal,FDH101005,TRUNK10075,False,,virtual_stub_cable,True
T1000426,Aerial Terminal,FDH101005,TRUNK10075,False,,virtual_stub_cable,True
T1000427,Aerial Terminal,FDH101005,TRUNK10102,False,,virtual_stub_cable,True
T1000428,Aerial Terminal,FDH101005,TRUNK10102,False,,virtual_stub_cable,True
T1000430,Aerial Terminal,FDH101005,TRUNK10097,False,,virtual_stub_cable,True
T1000431,Aerial Terminal,FDH101005,TRUNK10023,False,,virtual_stub_cable,True
T1000432,Aerial Terminal,FDH101005,TRUNK10060,False,,virtual_stub_cable,True
T1000433,Aerial Terminal,FDH101005,TRUNK10060,False,,virtual_stub_cable,True
T1000434,Aerial Terminal,FDH101005,TRUNK10046,False,,virtual_stub_cable,True
T1000435,Aerial Terminal,FDH101005,TRUNK10102,False,,virtual_stub_cable,True
T1000436,Aerial Terminal,FDH101005,TRUNK10060,False,,virtual_stub_cable,True
T1000437,Aerial Terminal,FDH101005,TRUNK10097,False,,virtual_stub_cable,True
T1000442,Aerial Terminal,FDH101001,TRUNK10021,False,,virtual_stub_cable,True
T1000443,Aerial Terminal,FDH101001,TRUNK10021,False,,virtual_stub_cable,True
T1000444,Aerial Terminal,FDH101001,TRUNK10021,False,,virtual_stub_cable,True
T1000445,Aerial Terminal,FDH101001,TRUNK10021,False,,virtual_stub_cable,True
T1000446,Aerial Terminal,FDH101001,TRUNK10021,False,,virtual_stub_cable,True
T1000447,Aerial Terminal,FDH101001,TRUNK10021,False,,virtual_stub_cable,True
T1000448,Aerial Terminal,FDH101001,TRUNK10036,False,,virtual_stub_cable,True
T1000450,Aerial Terminal,FDH101001,TRUNK10036,False,,virtual_stub_cable,True
T1000451,Aerial Terminal,FDH101001,TRUNK10108,False,,virtual_stub_cable,True
T1000452,Aerial Terminal,FDH101001,TRUNK10108,False,,virtual_stub_cable,True
T1000453,Aerial Terminal,FDH101001,TRUNK10108,False,,virtual_stub_cable,True
T1000454,Aerial Terminal,FDH101001,TRUNK10036,False,,virtual_stub_cable,True
T1000455,Aerial Terminal,FDH101001,TRUNK10108,False,,virtual_stub_cable,True
T1000456,Aerial Terminal,FDH101001,TRUNK10108,False,,virtual_stub_cable,True
T1000457,Aerial Terminal,FDH101001,TRUNK10108,False,,virtual_stub_cable,True
T1000458,Aerial Terminal,FDH101006,TRUNK10053,False,,virtual_stub_cable,True
T1000459,Aerial Terminal,FDH101001,TRUNK10036,False,,virtual_stub_cable,True
T1000461,Aerial Terminal,FDH101013,TRUNK10830,False,,virtual_stub_cable,True
T1000468,Aerial Terminal,FDH101012,TRUNK10069,False,,virtual_stub_cable,True
T1000473,Aerial Terminal,FDH101016,TRUNK10031,False,,virtual_stub_cable,True
T1000471,Aerial Terminal,FDH101003,TRUNK10016,False,,virtual_stub_cable,True
T1000474,Aerial Terminal,FDH101009,TRUNK10010,False,,virtual_stub_cable,True
T1000476,Aerial Terminal,FDH101009,TRUNK10006,False,,virtual_stub_cable,True
T1000423,Aerial Terminal,FDH101005,TRUNK10059,False,,virtual_stub_cable,True
T1000022,Aerial Terminal,FDH101005,TRUNK10059,False,,virtual_stub_cable,True
T1000002,Aerial Terminal,FDH101006,TRUNK10103,False,,virtual_stub_cable,True
T1000042,Aerial Terminal,FDH101008,TRUNK10095,False,,virtual_stub_cable,True
T2000711,Aerial Terminal,FDH201038,TRUNK20250,False,,virtual_stub_cable,True
T2000834,MST,FDH201008,,False,,virtual_stub_cable,True
T2000835,Aerial Terminal,FDH202007,TRUNK20135,False,,virtual_stub_cable,True
T2000486,Aerial Terminal,FDH202045,TRUNK20159,False,,virtual_stub_cable,True
T2000721,Aerial Terminal,FDH201041,TRUNK20246,False,,virtual_stub_cable,True
T2000465,Aerial Terminal,FDH202045,TRUNK20161,False,,virtual_stub_cable,True
T2000466,Aerial Terminal,FDH202002,TRUNK20302,False,,virtual_stub_cable,True
T2000487,Aerial Terminal,FDH202045,TRUNK20159,False,,virtual_stub_cable,True
T2000044,Aerial Terminal,FDH202045,TRUNK20159,False,,virtual_stub_cable,False
T2000045,Aerial Terminal,FDH202045,TRUNK20397,False,,virtual_stub_cable,True
T2000046,Aerial Terminal,FDH202045,TRUNK20397,False,,virtual_stub_cable,True
T2000041,Aerial Terminal,FDH202045,TRUNK20159,False,,virtual_stub_cable,True
T2000004,Aerial Terminal,FDH202046,TRUNK20297,False,,virtual_stub_cable,True
T2000061,Aerial Terminal,FDH202001,TRUNK20075,False,,virtual_stub_cable,True
T2000002,Aerial Terminal,FDH202001,TRUNK20075,False,,virtual_stub_cable,True
T2000064,Aerial Terminal,FDH202022,TRUNK20008,False,,virtual_stub_cable,True
T2000065,Aerial Terminal,FDH202022,TRUNK20008,False,,virtual_stub_cable,True
T2000147,Aerial Terminal,FDH202022,TRUNK20008,False,,virtual_stub_cable,True
T2000066,Aerial Terminal,FDH202022,TRUNK20008,False,,virtual_stub_cable,True
T2000090,Aerial Terminal,FDH202022,TRUNK20008,False,,virtual_stub_cable,True
T2000079,Aerial Terminal,FDH202030,TRUNK20013,False,,virtual_stub_cable,True
T2000080,Aerial Terminal,FDH202030,TRUNK20018,False,,virtual_stub_cable,True
T2000081,Aerial Terminal,FDH202030,TRUNK20018,False,,virtual_stub_cable,True
T2000049,Aerial Terminal,FDH202046,TRUNK20297,False,,virtual_stub_cable,True
T2000050,Aerial Terminal,FDH202046,TRUNK20297,False,,virtual_stub_cable,True
T2000051,Aerial Terminal,FDH202046,TRUNK20297,False,,virtual_stub_cable,True
T2000006,Aerial Terminal,FDH202046,TRUNK20297,False,,virtual_stub_cable,True
T2000069,Aerial Terminal,FDH202022,TRUNK20025,False,,virtual_stub_cable,True
T2000082,Aerial Terminal,FDH202030,TRUNK20018,False,,virtual_stub_cable,True
T2000094,Aerial Terminal,FDH202005,TRUNK20016,False,,virtual_stub_cable,True
T2000095,Aerial Terminal,FDH202005,TRUNK20016,False,,virtual_stub_cable,True
T2000489,Aerial Terminal,FDH202005,TRUNK20017,False,,virtual_stub_cable,True
T2000490,Aerial Terminal,FDH202005,TRUNK20017,False,,virtual_stub_cable,True
T2000491,Aerial Terminal,FDH202005,TRUNK20017,False,,virtual_stub_cable,True
T2000492,Aerial Terminal,FDH202022,TRUNK20007,False,,virtual_stub_cable,True
T2000493,Aerial Terminal,FDH202029,TRUNK20007,False,,virtual_stub_cable,True
T2000100,Aerial Terminal,FDH202029,TRUNK20007,False,,virtual_stub_cable,True
T2000101,Aerial Terminal,FDH202029,TRUNK20007,False,,virtual_stub_cable,True
T2000117,Aerial Terminal,FDH202029,TRUNK20049,False,,virtual_stub_cable,True
T2000118,Aerial Terminal,FDH202029,TRUNK20048,False,,virtual_stub_cable,True
T2000119,Aerial Terminal,FDH202029,TRUNK20048,False,,virtual_stub_cable,True
T2000801,Aerial Terminal,FDH201015,TRUNK20241,False,,virtual_stub_cable,True
T2000121,Aerial Terminal,FDH202028,TRUNK20044,False,,virtual_stub_cable,True
T2000146,Aerial Terminal,FDH202045,TRUNK20159,False,,virtual_stub_cable,True
T2000053,Aerial Terminal,FDH202046,TRUNK20334,False,,virtual_stub_cable,True
T2000488,Aerial Terminal,FDH202002,TRUNK20388,False,,virtual_stub_cable,True
T2000054,Aerial Terminal,FDH202002,TRUNK20391,False,,virtual_stub_cable,True
T2000096,Aerial Terminal,FDH202005,TRUNK20017,False,,virtual_stub_cable,True
T2000097,Aerial Terminal,FDH202005,TRUNK20017,False,,virtual_stub_cable,True
T2000098,Aerial Terminal,FDH202005,TRUNK20017,False,,virtual_stub_cable,True
T2000099,Aerial Terminal,FDH202005,TRUNK20017,False,,virtual_stub_cable,True
T2000122,Aerial Terminal,FDH202028,TRUNK20044,False,,virtual_stub_cable,True
T2000089,Aerial Terminal,FDH202028,TRUNK20044,False,,virtual_stub_cable,True
T2000123,Aerial Terminal,FDH202028,TRUNK20044,False,,virtual_stub_cable,True
T2000124,Aerial Terminal,FDH202028,TRUNK20044,False,,virtual_stub_cable,True
T2000125,Aerial Terminal,FDH202028,TRUNK20044,False,,virtual_stub_cable,True
T2000126,Aerial Terminal,FDH202028,TRUNK20043,False,,virtual_stub_cable,True
T2000009,Aerial Terminal,FDH202028,TRUNK20067,False,,virtual_stub_cable,True
T2000010,Aerial Terminal,FDH202028,TRUNK20067,False,,virtual_stub_cable,True
T2000011,Aerial Terminal,FDH202028,TRUNK20067,False,,virtual_stub_cable,True
T2000055,Aerial Terminal,FDH202002,TRUNK20391,False,,virtual_stub_cable,True
T2000060,Aerial Terminal,FDH202001,TRUNK20391,False,,virtual_stub_cable,True
T2000077,Aerial Terminal,FDH202030,TRUNK20013,False,,virtual_stub_cable,True
T2000205,Aerial Terminal,FDH202029,TRUNK20007,False,,virtual_stub_cable,True
T2000102,Aerial Terminal,FDH202029,TRUNK20007,False,,virtual_stub_cable,True
T2000127,Aerial Terminal,FDH202028,TRUNK20067,False,,virtual_stub_cable,True
T2000128,Aerial Terminal,FDH202028,TRUNK20042,False,,virtual_stub_cable,True
T2000129,Aerial Terminal,FDH202028,,False,,virtual_stub_cable,True
T2000130,Aerial Terminal,FDH202031,TRUNK20040,False,,virtual_stub_cable,True
T2000131,Aerial Terminal,FDH202031,TRUNK20038,False,,virtual_stub_cable,True
T2000132,Aerial Terminal,FDH202031,TRUNK20038,False,,virtual_stub_cable,True
T2000133,Aerial Terminal,FDH202031,TRUNK20038,False,,virtual_stub_cable,True
T2000135,Aerial Terminal,FDH202031,TRUNK20063,False,,virtual_stub_cable,True
T2000136,Aerial Terminal,FDH202031,TRUNK20063,False,,virtual_stub_cable,True
T2000137,Aerial Terminal,FDH202031,TRUNK20063,False,,virtual_stub_cable,True
T2000138,Aerial Terminal,FDH202031,TRUNK20063,False,,virtual_stub_cable,True
T2000143,Aerial Terminal,FDH202027,TRUNK20001,False,,virtual_stub_cable,True
T2000144,Aerial Terminal,FDH202027,TRUNK20001,False,,virtual_stub_cable,True
T2000012,Aerial Terminal,FDH202027,TRUNK20001,False,,virtual_stub_cable,True
T2000078,Aerial Terminal,FDH202030,TRUNK20013,False,,virtual_stub_cable,True
T2000145,Aerial Terminal,FDH202027,TRUNK20002,False,,virtual_stub_cable,True
T2000148,Aerial Terminal,FDH202027,TRUNK20002,False,,virtual_stub_cable,True
T2000149,Aerial Terminal,FDH202027,TRUNK20002,False,,virtual_stub_cable,True
T2000150,Aerial Terminal,FDH202027,TRUNK20002,False,,virtual_stub_cable,True
T2000151,Aerial Terminal,FDH202027,TRUNK20002,False,,virtual_stub_cable,True
T2000152,Aerial Terminal,FDH202027,TRUNK20003,False,,virtual_stub_cable,True
T2000153,Aerial Terminal,FDH202027,TRUNK20003,False,,virtual_stub_cable,True
T2000154,Aerial Terminal,FDH202027,TRUNK20003,False,,virtual_stub_cable,True
T2000155,Aerial Terminal,FDH202027,TRUNK20006,False,,virtual_stub_cable,True
T2000156,Aerial Terminal,FDH202027,TRUNK20006,False,,virtual_stub_cable,True
T2000157,Aerial Terminal,FDH202027,TRUNK20006,False,,virtual_stub_cable,True
T2000158,Aerial Terminal,FDH202027,TRUNK20006,False,,virtual_stub_cable,True
T2000159,Aerial Terminal,FDH202027,TRUNK20006,False,,virtual_stub_cable,True
T2000160,Aerial Terminal,FDH202027,TRUNK20003,False,,virtual_stub_cable,True
T2000161,Aerial Terminal,FDH202027,TRUNK20003,False,,virtual_stub_cable,True
T2000494,Aerial Terminal,FDH202044,TRUNK20009,False,,virtual_stub_cable,True
T2000499,Aerial Terminal,FDH202044,TRUNK20028,False,,virtual_stub_cable,True
T2000500,Aerial Terminal,FDH202044,TRUNK20384,False,,virtual_stub_cable,True
T2000162,Aerial Terminal,FDH202044,TRUNK20010,False,,virtual_stub_cable,True
T2000163,Aerial Terminal,FDH202044,TRUNK20010,False,,virtual_stub_cable,True
T2000164,Aerial Terminal,FDH202044,TRUNK20010,False,,virtual_stub_cable,True
T2000165,Aerial Terminal,FDH202044,TRUNK20010,False,,virtual_stub_cable,True
T2000056,Aerial Terminal,FDH202001,TRUNK20391,False,,virtual_stub_cable,True
T2000103,Aerial Terminal,FDH202029,TRUNK20027,False,,virtual_stub_cable,True
T2000166,Aerial Terminal,FDH202047,TRUNK20012,False,,virtual_stub_cable,True
T2000324,Aerial Terminal,FDH202047,TRUNK20012,False,,virtual_stub_cable,True
T2000169,Aerial Terminal,FDH202047,TRUNK20012,False,,virtual_stub_cable,True
T2000170,Aerial Terminal,FDH202047,TRUNK20015,False,,virtual_stub_cable,True
T2000171,Aerial Terminal,FDH202047,TRUNK20015,False,,virtual_stub_cable,True
T2000325,Aerial Terminal,FDH202047,TRUNK20015,False,,virtual_stub_cable,True
T2000013,Aerial Terminal,FDH202049,TRUNK20065,False,,virtual_stub_cable,True
T2000173,Aerial Terminal,FDH202049,TRUNK20065,False,,virtual_stub_cable,True
T2000174,Aerial Terminal,FDH202049,TRUNK20065,False,,virtual_stub_cable,True
T2000175,Aerial Terminal,FDH202049,TRUNK20065,False,,virtual_stub_cable,True
T2000179,Aerial Terminal,FDH202049,TRUNK20032,False,,virtual_stub_cable,True
T2000180,Aerial Terminal,FDH202047,TRUNK20015,False,,virtual_stub_cable,True
T2000181,Aerial Terminal,FDH202049,TRUNK20033,False,,virtual_stub_cable,True
T2000182,Aerial Terminal,FDH202049,TRUNK20033,False,,virtual_stub_cable,True
T2000183,Aerial Terminal,FDH202049,TRUNK20033,False,,virtual_stub_cable,True
T2000184,Aerial Terminal,FDH202049,TRUNK20033,False,,virtual_stub_cable,True
T2000185,Aerial Terminal,FDH202049,TRUNK20033,False,,virtual_stub_cable,True
T2000192,Aerial Terminal,FDH202006,TRUNK20037,False,,virtual_stub_cable,True
T2000015,Aerial Terminal,FDH202027,TRUNK20005,False,,virtual_stub_cable,True
T2000042,Aerial Terminal,FDH202045,TRUNK20159,False,,virtual_stub_cable,False
T2000057,Aerial Terminal,FDH202001,TRUNK20391,False,,virtual_stub_cable,True
T2000058,Aerial Terminal,FDH202001,TRUNK20391,False,,virtual_stub_cable,True
T2000059,Aerial Terminal,FDH202001,TRUNK20391,False,,virtual_stub_cable,True
T2000001,Aerial Terminal,FDH202001,TRUNK20075,False,,virtual_stub_cable,True
T2000104,Aerial Terminal,FDH202029,TRUNK20027,False,,virtual_stub_cable,True
T2000105,Aerial Terminal,FDH202029,TRUNK20027,False,,virtual_stub_cable,True
T2000115,Aerial Terminal,FDH202029,TRUNK20049,False,,virtual_stub_cable,True
T2000196,Aerial Terminal,FDH202019,TRUNK20385,False,,virtual_stub_cable,True
T2000016,Aerial Terminal,FDH202019,TRUNK20385,False,,virtual_stub_cable,True
T2000017,Aerial Terminal,FDH202019,TRUNK20385,False,,virtual_stub_cable,True
T2000197,Aerial Terminal,FDH202019,TRUNK20176,False,,virtual_stub_cable,True
T2000198,Aerial Terminal,FDH202019,TRUNK20385,False,,virtual_stub_cable,True
T2000018,Aerial Terminal,FDH202019,TRUNK20176,False,,virtual_stub_cable,True
T2000019,Aerial Terminal,FDH202019,TRUNK20175,False,,virtual_stub_cable,True
T2000450,Aerial Terminal,FDH202021,TRUNK20167,False,,virtual_stub_cable,True
T2000451,Aerial Terminal,FDH202021,TRUNK20167,False,,virtual_stub_cable,True
T2000452,Aerial Terminal,FDH202021,TRUNK20167,False,,virtual_stub_cable,True
T2000453,Aerial Terminal,FDH202021,TRUNK20166,False,,virtual_stub_cable,True
T2000454,Aerial Terminal,FDH202021,TRUNK20166,False,,virtual_stub_cable,True
T2000455,Aerial Terminal,FDH202021,TRUNK20166,False,,virtual_stub_cable,True
T2000456,Aerial Terminal,FDH202021,TRUNK20163,False,,virtual_stub_cable,True
T2000463,Aerial Terminal,FDH202045,TRUNK20161,False,,virtual_stub_cable,True
T2000464,Aerial Terminal,FDH202045,TRUNK20161,False,,virtual_stub_cable,True
T2000116,Aerial Terminal,FDH202029,TRUNK20072,False,,virtual_stub_cable,True
T2000047,Aerial Terminal,FDH202045,TRUNK20397,False,,virtual_stub_cable,True
T2000482,Aerial Terminal,FDH202002,TRUNK20302,False,,virtual_stub_cable,True
T2000485,Aerial Terminal,FDH202002,TRUNK20302,False,,virtual_stub_cable,True
T2000048,Aerial Terminal,FDH202045,TRUNK20297,False,,virtual_stub_cable,True
T2000003,Aerial Terminal,FDH202046,TRUNK20297,False,,virtual_stub_cable,True
T2000062,Aerial Terminal,FDH202001,TRUNK20075,False,,virtual_stub_cable,True
T2000063,Aerial Terminal,FDH202001,TRUNK20075,False,,virtual_stub_cable,True
T2000083,Aerial Terminal,FDH202030,TRUNK20019,False,,virtual_stub_cable,True
T2000084,Aerial Terminal,FDH202005,TRUNK20018,False,,virtual_stub_cable,True
T2000085,Aerial Terminal,FDH202005,TRUNK20016,False,,virtual_stub_cable,True
T2000092,Aerial Terminal,FDH202005,TRUNK20016,False,,virtual_stub_cable,True
T2000093,Aerial Terminal,FDH202005,TRUNK20016,False,,virtual_stub_cable,True
T2000106,Aerial Terminal,FDH202029,TRUNK20050,False,,virtual_stub_cable,True
T2000107,Aerial Terminal,FDH202029,TRUNK20050,False,,virtual_stub_cable,True
T2000108,Aerial Terminal,FDH202029,TRUNK20049,False,,virtual_stub_cable,True
T2000109,Aerial Terminal,FDH202029,TRUNK20049,False,,virtual_stub_cable,True
T2000110,Aerial Terminal,FDH202029,TRUNK20049,False,,virtual_stub_cable,True
T2000111,Aerial Terminal,FDH202029,TRUNK20049,False,,virtual_stub_cable,True
T2000112,Aerial Terminal,FDH202029,TRUNK20049,False,,virtual_stub_cable,True
T2000113,Aerial Terminal,FDH202029,TRUNK20049,False,,virtual_stub_cable,True
T2000114,Aerial Terminal,FDH202029,TRUNK20049,False,,virtual_stub_cable,True
T2000120,Aerial Terminal,FDH202029,TRUNK20046,False,,virtual_stub_cable,True
T2000086,Aerial Terminal,FDH202029,TRUNK20045,False,,virtual_stub_cable,True
T2000087,Aerial Terminal,FDH202029,TRUNK20044,False,,virtual_stub_cable,True
T2000088,Aerial Terminal,FDH202029,TRUNK20044,False,,virtual_stub_cable,True
T2000139,Aerial Terminal,FDH202031,TRUNK20063,False,,virtual_stub_cable,True
T2000140,Aerial Terminal,FDH202031,TRUNK20039,False,,virtual_stub_cable,True
T2000141,Aerial Terminal,FDH202031,TRUNK20039,False,,virtual_stub_cable,True
T2000142,Aerial Terminal,FDH202031,TRUNK20039,False,,virtual_stub_cable,True
T2000172,Aerial Terminal,FDH202047,TRUNK20015,False,,virtual_stub_cable,True
T2000495,Aerial Terminal,FDH202044,TRUNK20009,False,,virtual_stub_cable,True
T2000496,Aerial Terminal,FDH202044,TRUNK20009,False,,virtual_stub_cable,True
T2000497,Aerial Terminal,FDH202044,TRUNK20009,False,,virtual_stub_cable,True
T2000498,Aerial Terminal,FDH202044,TRUNK20009,False,,virtual_stub_cable,True
T2000176,Aerial Terminal,FDH202049,TRUNK20386,False,,virtual_stub_cable,True
T2000177,Aerial Terminal,FDH202049,TRUNK20064,False,,virtual_stub_cable,True
T2000178,Aerial Terminal,FDH202049,TRUNK20064,False,,virtual_stub_cable,True
T2000186,Aerial Terminal,FDH202006,TRUNK20035,False,,virtual_stub_cable,True
T2000187,Aerial Terminal,FDH202006,TRUNK20034,False,,virtual_stub_cable,True
T2000188,Aerial Terminal,FDH202006,TRUNK20034,False,,virtual_stub_cable,True
T2000189,Aerial Terminal,FDH202006,TRUNK20037,False,,virtual_stub_cable,True
T2000190,Aerial Terminal,FDH202006,TRUNK20037,False,,virtual_stub_cable,True
T2000191,Aerial Terminal,FDH202006,TRUNK20037,False,,virtual_stub_cable,True
T2000467,Aerial Terminal,FDH202006,TRUNK20037,False,,virtual_stub_cable,True
T2000014,Aerial Terminal,FDH202027,TRUNK20005,False,,virtual_stub_cable,True
T2000020,Aerial Terminal,FDH202019,TRUNK20175,False,,virtual_stub_cable,True
T2000021,Aerial Terminal,FDH202019,TRUNK20175,False,,virtual_stub_cable,True
T2000199,Aerial Terminal,FDH202019,TRUNK20174,False,,virtual_stub_cable,True
T2000200,Aerial Terminal,FDH202019,TRUNK20171,False,,virtual_stub_cable,True
T2000201,Aerial Terminal,FDH202019,TRUNK20171,False,,virtual_stub_cable,True
T2000206,Aerial Terminal,FDH202019,TRUNK20174,False,,virtual_stub_cable,True
T2000207,Aerial Terminal,FDH202019,TRUNK20174,False,,virtual_stub_cable,True
T2000208,Aerial Terminal,FDH202020,TRUNK20365,False,,virtual_stub_cable,True
T2000209,Aerial Terminal,FDH202020,TRUNK20169,False,,virtual_stub_cable,True
T2000211,Aerial Terminal,FDH202020,TRUNK20338,False,,virtual_stub_cable,True
T2000212,Aerial Terminal,FDH202020,TRUNK20338,False,,virtual_stub_cable,True
T2000213,Aerial Terminal,FDH202020,TRUNK20108,False,,virtual_stub_cable,True
T2000214,Aerial Terminal,FDH202020,TRUNK20108,False,,virtual_stub_cable,True
T2000215,Aerial Terminal,FDH202020,TRUNK20108,False,,virtual_stub_cable,True
T2000501,Aerial Terminal,FDH202020,TRUNK20108,False,,virtual_stub_cable,True
T2000502,Aerial Terminal,FDH202020,TRUNK20110,False,,virtual_stub_cable,True
T2000503,Aerial Terminal,FDH202020,TRUNK20110,False,,virtual_stub_cable,True
T2000504,Aerial Terminal,FDH202020,TRUNK20111,False,,virtual_stub_cable,True
T2000505,Aerial Terminal,FDH202020,TRUNK20111,False,,virtual_stub_cable,True
T2000506,Aerial Terminal,FDH202007,TRUNK20306,False,,virtual_stub_cable,True
T2000507,Aerial Terminal,FDH202007,TRUNK20309,False,,virtual_stub_cable,True
T2000210,Aerial Terminal,FDH202020,TRUNK20168,False,,virtual_stub_cable,True
T2000022,Aerial Terminal,FDH202020,TRUNK20168,False,,virtual_stub_cable,True
T2000508,Aerial Terminal,FDH202007,TRUNK20309,False,,virtual_stub_cable,True
T2000509,Aerial Terminal,FDH202007,TRUNK20309,False,,virtual_stub_cable,True
T2000510,Aerial Terminal,FDH202003,TRUNK20107,False,,virtual_stub_cable,True
T2000511,Aerial Terminal,FDH202003,TRUNK20107,False,,virtual_stub_cable,True
T2000512,Aerial Terminal,FDH202003,TRUNK20107,False,,virtual_stub_cable,True
T2000513,Aerial Terminal,FDH202003,TRUNK20107,False,,virtual_stub_cable,True
T2000514,Aerial Terminal,FDH202003,TRUNK20106,False,,virtual_stub_cable,True
T2000515,Aerial Terminal,FDH202003,TRUNK20106,False,,virtual_stub_cable,True
T2000216,Aerial Terminal,FDH202003,TRUNK20106,False,,virtual_stub_cable,True
T2000221,Aerial Terminal,FDH202003,TRUNK20104,False,,virtual_stub_cable,True
T2000222,Aerial Terminal,FDH202003,TRUNK20104,False,,virtual_stub_cable,True
T2000223,Aerial Terminal,FDH202003,TRUNK20104,False,,virtual_stub_cable,True
T2000225,Aerial Terminal,FDH202003,TRUNK20101,False,,virtual_stub_cable,True
T2000226,Aerial Terminal,FDH202003,TRUNK20101,False,,virtual_stub_cable,True
T2000517,Aerial Terminal,FDH202003,TRUNK20101,False,,virtual_stub_cable,True
T2000518,Aerial Terminal,FDH202003,TRUNK20103,False,,virtual_stub_cable,True
T2000227,Aerial Terminal,FDH202003,TRUNK20103,False,,virtual_stub_cable,True
T2000228,Aerial Terminal,FDH202003,TRUNK20103,False,,virtual_stub_cable,True
T2000229,Aerial Terminal,FDH202003,TRUNK20100,False,,virtual_stub_cable,True
T2000224,Aerial Terminal,FDH202003,TRUNK20101,False,,virtual_stub_cable,True
T2000230,Aerial Terminal,FDH202003,TRUNK20100,False,,virtual_stub_cable,True
T2000468,Aerial Terminal,FDH201008,TRUNK20055,False,,virtual_stub_cable,True
T2000217,Aerial Terminal,FDH202003,TRUNK20105,False,,virtual_stub_cable,True
T2000218,Aerial Terminal,FDH202003,TRUNK20104,False,,virtual_stub_cable,True
T2000219,Aerial Terminal,FDH202003,TRUNK20104,False,,virtual_stub_cable,True
T2000220,Aerial Terminal,FDH202003,TRUNK20104,False,,virtual_stub_cable,True
T2000516,Aerial Terminal,FDH202003,TRUNK20104,False,,virtual_stub_cable,True
T2000231,Aerial Terminal,FDH202003,TRUNK20100,False,,virtual_stub_cable,True
T2000232,Aerial Terminal,FDH202003,TRUNK20100,False,,virtual_stub_cable,True
T2000233,Aerial Terminal,FDH202007,TRUNK20279,False,,virtual_stub_cable,True
T2000246,Aerial Terminal,FDH201008,TRUNK20052,False,,virtual_stub_cable,True
T2000247,Aerial Terminal,FDH201008,TRUNK20052,False,,virtual_stub_cable,True
T2000326,Aerial Terminal,FDH201008,TRUNK20051,False,,virtual_stub_cable,True
T2000248,Aerial Terminal,FDH201008,TRUNK20051,False,,virtual_stub_cable,True
T2000249,Aerial Terminal,FDH201008,TRUNK20389,False,,virtual_stub_cable,True
T2000250,Aerial Terminal,FDH201008,TRUNK20389,False,,virtual_stub_cable,True
T2000252,Aerial Terminal,FDH201008,TRUNK20055,False,,virtual_stub_cable,True
T2000469,Aerial Terminal,FDH201008,TRUNK20055,False,,virtual_stub_cable,True
T2000253,Aerial Terminal,FDH201009,TRUNK20054,False,,virtual_stub_cable,True
T2000254,Aerial Terminal,FDH201009,TRUNK20054,False,,virtual_stub_cable,True
T2000255,Aerial Terminal,FDH201009,TRUNK20054,False,,virtual_stub_cable,True
T2000234,Aerial Terminal,FDH202007,TRUNK20279,False,,virtual_stub_cable,True
T2000235,Aerial Terminal,FDH202007,TRUNK20279,False,,virtual_stub_cable,True
T2000236,Aerial Terminal,FDH202007,TRUNK20358,False,,virtual_stub_cable,True
T2000237,Aerial Terminal,FDH202007,TRUNK20358,False,,virtual_stub_cable,True
T2000238,Aerial Terminal,FDH202007,TRUNK20328,False,,virtual_stub_cable,True
T2000239,Aerial Terminal,FDH202007,TRUNK20328,False,,virtual_stub_cable,True
T2000240,Aerial Terminal,FDH202007,TRUNK20137,False,,virtual_stub_cable,True
T2000241,Aerial Terminal,FDH202007,TRUNK20135,False,,virtual_stub_cable,True
T2000243,Aerial Terminal,FDH202007,TRUNK20135,False,,virtual_stub_cable,True
T2000244,Aerial Terminal,FDH202027,TRUNK20004,False,,virtual_stub_cable,True
T2000245,Aerial Terminal,FDH201008,TRUNK20051,False,,virtual_stub_cable,True
T2000202,Aerial Terminal,FDH201008,TRUNK20051,False,,virtual_stub_cable,True
T2000256,Aerial Terminal,FDH201009,TRUNK20057,False,,virtual_stub_cable,True
T2000257,Aerial Terminal,FDH201009,TRUNK20057,False,,virtual_stub_cable,True
T2000258,Aerial Terminal,FDH201009,TRUNK20057,False,,virtual_stub_cable,True
T2000519,Aerial Terminal,FDH201009,TRUNK20060,False,,virtual_stub_cable,True
T2000520,Aerial Terminal,FDH201009,TRUNK20059,False,,virtual_stub_cable,True
T2000387,Aerial Terminal,FDH201009,TRUNK20059,False,,virtual_stub_cable,True
T2000286,Aerial Terminal,FDH201004,TRUNK20376,False,,virtual_stub_cable,True
T2000273,Aerial Terminal,FDH201010,TRUNK20133,False,,virtual_stub_cable,True
T2000251,Aerial Terminal,FDH201008,TRUNK20389,False,,virtual_stub_cable,True
T2000521,Aerial Terminal,FDH201009,TRUNK20059,False,,virtual_stub_cable,True
T2000522,Aerial Terminal,FDH201009,TRUNK20059,False,,virtual_stub_cable,True
T2000523,Aerial Terminal,FDH201048,TRUNK20059,False,,virtual_stub_cable,True
T2000524,Aerial Terminal,FDH201048,TRUNK20059,False,,virtual_stub_cable,True
T2000553,Aerial Terminal,FDH201048,TRUNK20059,False,,virtual_stub_cable,True
T2000525,Aerial Terminal,FDH201048,TRUNK20209,False,,virtual_stub_cable,True
T2000526,Aerial Terminal,FDH201048,TRUNK20184,False,,virtual_stub_cable,True
T2000268,Aerial Terminal,FDH201048,TRUNK20081,False,,virtual_stub_cable,True
T2000291,Aerial Terminal,FDH201004,TRUNK20244,False,,virtual_stub_cable,True
T2000306,Aerial Terminal,FDH201050,TRUNK20113,False,,virtual_stub_cable,True
T2000313,Aerial Terminal,FDH201050,TRUNK20117,False,,virtual_stub_cable,True
T2000314,Aerial Terminal,FDH201050,TRUNK20117,False,,virtual_stub_cable,True
T2000315,Aerial Terminal,FDH201050,TRUNK20117,False,,virtual_stub_cable,True
T2000316,Aerial Terminal,FDH201050,TRUNK20117,False,,virtual_stub_cable,True
T2000317,Aerial Terminal,FDH201011,TRUNK20207,False,,virtual_stub_cable,True
T2000318,Aerial Terminal,FDH201011,TRUNK20207,False,,virtual_stub_cable,True
T2000319,Aerial Terminal,FDH201011,TRUNK20186,False,,virtual_stub_cable,True
T2000320,Aerial Terminal,FDH201011,TRUNK20186,False,,virtual_stub_cable,True
T2000285,Aerial Terminal,FDH201004,TRUNK20376,False,,virtual_stub_cable,True
T2000269,Aerial Terminal,FDH201010,TRUNK20133,False,,virtual_stub_cable,True
T2000272,Aerial Terminal,FDH201010,TRUNK20133,False,,virtual_stub_cable,True
T2000260,Aerial Terminal,FDH201004,TRUNK20135,False,,virtual_stub_cable,True
T2000527,Aerial Terminal,FDH201048,TRUNK20193,False,,virtual_stub_cable,True
T2000528,Aerial Terminal,FDH201048,TRUNK20193,False,,virtual_stub_cable,True
T2000529,Aerial Terminal,FDH201004,TRUNK20193,False,,virtual_stub_cable,True
T2000261,Aerial Terminal,FDH201048,TRUNK20184,False,,virtual_stub_cable,True
T2000265,Aerial Terminal,FDH201048,TRUNK20184,False,,virtual_stub_cable,True
T2000266,Aerial Terminal,FDH201048,TRUNK20184,False,,virtual_stub_cable,True
T2000270,Aerial Terminal,FDH201010,TRUNK20133,False,,virtual_stub_cable,True
T2000271,Aerial Terminal,FDH201010,TRUNK20133,False,,virtual_stub_cable,True
T2000530,Aerial Terminal,FDH201011,TRUNK20186,False,,virtual_stub_cable,True
T2000531,Aerial Terminal,FDH201011,TRUNK20186,False,,virtual_stub_cable,True
T2000532,Aerial Terminal,FDH201011,TRUNK20186,False,,virtual_stub_cable,True
T2000274,Aerial Terminal,FDH201010,TRUNK20133,False,,virtual_stub_cable,True
T2000288,Aerial Terminal,FDH201004,TRUNK20376,False,,virtual_stub_cable,True
T2000275,Aerial Terminal,FDH201010,TRUNK20080,False,,virtual_stub_cable,True
T2000276,Aerial Terminal,FDH201010,TRUNK20080,False,,virtual_stub_cable,True
T2000277,Aerial Terminal,FDH201010,TRUNK20083,False,,virtual_stub_cable,True
T2000278,Aerial Terminal,FDH201010,TRUNK20083,False,,virtual_stub_cable,True
T2000279,Aerial Terminal,FDH201010,TRUNK20082,False,,virtual_stub_cable,True
T2000280,Aerial Terminal,FDH201010,TRUNK20082,False,,virtual_stub_cable,True
T2000281,Aerial Terminal,FDH201004,TRUNK20375,False,,virtual_stub_cable,True
T2000282,Aerial Terminal,FDH201004,TRUNK20087,False,,virtual_stub_cable,True
T2000283,Aerial Terminal,FDH201004,TRUNK20086,False,,virtual_stub_cable,True
T2000284,Aerial Terminal,FDH201004,TRUNK20087,False,,virtual_stub_cable,True
T2000289,Aerial Terminal,FDH201004,TRUNK20244,False,,virtual_stub_cable,True
T2000290,Aerial Terminal,FDH201004,TRUNK20244,False,,virtual_stub_cable,True
T2000533,Aerial Terminal,FDH201011,TRUNK20185,False,,virtual_stub_cable,True
T2000534,Aerial Terminal,FDH201011,TRUNK20185,False,,virtual_stub_cable,True
T2000535,Aerial Terminal,FDH201011,TRUNK20185,False,,virtual_stub_cable,True
T2000536,Aerial Terminal,FDH201011,TRUNK20185,False,,virtual_stub_cable,True
T2000321,Aerial Terminal,FDH201011,TRUNK20127,False,,virtual_stub_cable,True
T2000537,Aerial Terminal,FDH201011,TRUNK20127,False,,virtual_stub_cable,True
T2000023,Aerial Terminal,FDH201011,TRUNK20127,False,,virtual_stub_cable,True
T2000538,Aerial Terminal,FDH201011,TRUNK20126,False,,virtual_stub_cable,True
T2000539,Aerial Terminal,FDH201011,TRUNK20126,False,,virtual_stub_cable,True
T2000322,Aerial Terminal,FDH201011,TRUNK20126,False,,virtual_stub_cable,True
T2000328,Aerial Terminal,FDH201011,TRUNK20131,False,,virtual_stub_cable,True
T2000329,Aerial Terminal,FDH201011,TRUNK20194,False,,virtual_stub_cable,True
T2000330,Aerial Terminal,FDH201011,TRUNK20201,False,,virtual_stub_cable,True
T2000331,Aerial Terminal,FDH201011,TRUNK20201,False,,virtual_stub_cable,True
T2000332,Aerial Terminal,FDH201051,TRUNK20187,False,,virtual_stub_cable,True
T2000333,Aerial Terminal,FDH201011,TRUNK20221,False,,virtual_stub_cable,True
T2000335,Aerial Terminal,FDH201051,TRUNK20191,False,,virtual_stub_cable,True
T2000336,Aerial Terminal,FDH201051,TRUNK20191,False,,virtual_stub_cable,True
T2000339,Aerial Terminal,FDH201051,TRUNK20158,False,,virtual_stub_cable,True
T2000334,Aerial Terminal,FDH201051,TRUNK20191,False,,virtual_stub_cable,True
T2000340,Aerial Terminal,FDH201051,TRUNK20158,False,,virtual_stub_cable,True
T2000341,Aerial Terminal,FDH201051,TRUNK20158,False,,virtual_stub_cable,True
T2000307,Aerial Terminal,FDH201050,TRUNK20113,False,,virtual_stub_cable,True
T2000308,Aerial Terminal,FDH201050,TRUNK20113,False,,virtual_stub_cable,True
T2000309,Aerial Terminal,FDH201050,TRUNK20117,False,,virtual_stub_cable,True
T2000310,Aerial Terminal,FDH201050,TRUNK20117,False,,virtual_stub_cable,True
T2000024,Aerial Terminal,FDH201011,TRUNK20127,False,,virtual_stub_cable,True
T2000364,Aerial Terminal,FDH201012,TRUNK20150,False,,virtual_stub_cable,True
T2000365,Aerial Terminal,FDH201012,TRUNK20150,False,,virtual_stub_cable,True
T2000366,Aerial Terminal,FDH201012,TRUNK20150,False,,virtual_stub_cable,True
T2000367,Aerial Terminal,FDH201012,TRUNK20149,False,,virtual_stub_cable,True
T2000368,Aerial Terminal,FDH201012,TRUNK20149,False,,virtual_stub_cable,True
T2000542,Aerial Terminal,FDH201014,TRUNK20143,False,,virtual_stub_cable,True
T2000380,Aerial Terminal,FDH201014,TRUNK20143,False,,virtual_stub_cable,True
T2000543,Aerial Terminal,FDH201014,TRUNK20143,False,,virtual_stub_cable,True
T2000544,Aerial Terminal,FDH201014,TRUNK20143,False,,virtual_stub_cable,True
T2000545,Aerial Terminal,FDH201014,TRUNK20143,False,,virtual_stub_cable,True
T2000311,Aerial Terminal,FDH201050,TRUNK20117,False,,virtual_stub_cable,True
T2000312,Aerial Terminal,FDH201050,TRUNK20117,False,,virtual_stub_cable,True
T2000327,Aerial Terminal,FDH201011,TRUNK20131,False,,virtual_stub_cable,True
T2000323,Aerial Terminal,FDH201011,TRUNK20131,False,,virtual_stub_cable,True
T2000342,Aerial Terminal,FDH201012,TRUNK20155,False,,virtual_stub_cable,True
T2000344,Aerial Terminal,FDH201012,TRUNK20155,False,,virtual_stub_cable,True
T2000345,Aerial Terminal,FDH201012,TRUNK20155,False,,virtual_stub_cable,True
T2000348,Aerial Terminal,FDH201012,TRUNK20197,False,,virtual_stub_cable,True
T2000349,Aerial Terminal,FDH201012,TRUNK20197,False,,virtual_stub_cable,True
T2000350,Aerial Terminal,FDH201012,TRUNK20197,False,,virtual_stub_cable,True
T2000356,Aerial Terminal,FDH201015,TRUNK20286,False,,virtual_stub_cable,True
T2000357,Aerial Terminal,FDH201015,TRUNK20286,False,,virtual_stub_cable,True
T2000351,Aerial Terminal,FDH201012,TRUNK20197,False,,virtual_stub_cable,True
T2000352,Aerial Terminal,FDH201012,TRUNK20197,False,,virtual_stub_cable,True
T2000353,Aerial Terminal,FDH201015,TRUNK20196,False,,virtual_stub_cable,True
T2000355,Aerial Terminal,FDH201015,TRUNK20241,False,,virtual_stub_cable,True
T2000359,Aerial Terminal,FDH201015,TRUNK20290,False,,virtual_stub_cable,True
T2000360,Aerial Terminal,FDH201012,TRUNK20151,False,,virtual_stub_cable,True
T2000361,Aerial Terminal,FDH201012,TRUNK20151,False,,virtual_stub_cable,True
T2000362,Aerial Terminal,FDH201012,TRUNK20151,False,,virtual_stub_cable,True
T2000363,Aerial Terminal,FDH201012,TRUNK20151,False,,virtual_stub_cable,True
T2000546,Aerial Terminal,FDH201015,TRUNK20146,False,,virtual_stub_cable,True
T2000388,Aerial Terminal,FDH201015,TRUNK20141,False,,virtual_stub_cable,True
T2000389,Aerial Terminal,FDH201015,TRUNK20141,False,,virtual_stub_cable,True
T2000390,Aerial Terminal,FDH201015,TRUNK20290,False,,virtual_stub_cable,True
T2000369,Aerial Terminal,FDH201012,TRUNK20149,False,,virtual_stub_cable,True
T2000370,Aerial Terminal,FDH201012,TRUNK20148,False,,virtual_stub_cable,True
T2000371,Aerial Terminal,FDH201012,TRUNK20152,False,,virtual_stub_cable,True
T2000372,Aerial Terminal,FDH201012,TRUNK20152,False,,virtual_stub_cable,True
T2000373,Aerial Terminal,FDH201012,TRUNK20152,False,,virtual_stub_cable,True
T2000374,Aerial Terminal,FDH201012,TRUNK20152,False,,virtual_stub_cable,True
T2000375,Aerial Terminal,FDH201012,TRUNK20152,False,,virtual_stub_cable,True
T2000391,Aerial Terminal,FDH201016,TRUNK20139,False,,virtual_stub_cable,True
T2000392,Aerial Terminal,FDH201016,TRUNK20139,False,,virtual_stub_cable,True
T2000393,Aerial Terminal,FDH201016,TRUNK20139,False,,virtual_stub_cable,True
T2000394,Aerial Terminal,FDH201016,TRUNK20139,False,,virtual_stub_cable,True
T2000395,Aerial Terminal,FDH201015,TRUNK20322,False,,virtual_stub_cable,True
T2000396,Aerial Terminal,FDH201015,TRUNK20322,False,,virtual_stub_cable,True
T2000397,Aerial Terminal,FDH201015,TRUNK20271,False,,virtual_stub_cable,True
T2000399,Aerial Terminal,FDH201015,TRUNK20324,False,,virtual_stub_cable,True
T2000400,Aerial Terminal,FDH201015,TRUNK20324,False,,virtual_stub_cable,True
T2000401,Aerial Terminal,FDH201015,TRUNK20324,False,,virtual_stub_cable,True
T2000402,Aerial Terminal,FDH201015,TRUNK20324,False,,virtual_stub_cable,True
T2000381,Aerial Terminal,FDH201015,TRUNK20146,False,,virtual_stub_cable,True
T2000382,Aerial Terminal,FDH201015,TRUNK20142,False,,virtual_stub_cable,True
T2000383,Aerial Terminal,FDH201015,TRUNK20142,False,,virtual_stub_cable,True
T2000384,Aerial Terminal,FDH201015,TRUNK20142,False,,virtual_stub_cable,True
T2000385,Aerial Terminal,FDH201015,TRUNK20142,False,,virtual_stub_cable,True
T2000403,Aerial Terminal,FDH201015,TRUNK20324,False,,virtual_stub_cable,True
T2000414,Aerial Terminal,FDH201016,TRUNK20274,False,,virtual_stub_cable,False
T2000415,Aerial Terminal,FDH201016,TRUNK20274,False,,virtual_stub_cable,True
T2000416,Aerial Terminal,FDH201016,TRUNK20339,False,,virtual_stub_cable,True
T2000417,Aerial Terminal,FDH201025,TRUNK20307,False,,virtual_stub_cable,True
T2000418,Aerial Terminal,FDH201013,,False,,virtual_stub_cable,True
T2000419,Aerial Terminal,FDH201013,,False,,virtual_stub_cable,True
T2000440,Aerial Terminal,FDH201015,TRUNK20140,False,,virtual_stub_cable,True
T2000441,Aerial Terminal,FDH201015,TRUNK20140,False,,virtual_stub_cable,True
T2000548,Aerial Terminal,FDH201017,TRUNK20381,False,,virtual_stub_cable,True
T2000550,Aerial Terminal,FDH201017,TRUNK20381,False,,virtual_stub_cable,True
T2000473,Aerial Terminal,FDH201025,TRUNK20314,False,,virtual_stub_cable,True
T2000474,Aerial Terminal,FDH201025,TRUNK20314,False,,virtual_stub_cable,True
T2000475,Aerial Terminal,FDH201025,TRUNK20314,False,,virtual_stub_cable,True
T2000404,Aerial Terminal,FDH201015,TRUNK20324,False,,virtual_stub_cable,True
T2000405,Aerial Terminal,FDH201016,TRUNK20288,False,,virtual_stub_cable,True
T2000406,Aerial Terminal,FDH201016,TRUNK20288,False,,virtual_stub_cable,True
T2000408,Aerial Terminal,FDH201016,TRUNK20298,False,,virtual_stub_cable,True
T2000409,Aerial Terminal,FDH201016,TRUNK20298,False,,virtual_stub_cable,True
T2000410,Aerial Terminal,FDH201016,TRUNK20298,False,,virtual_stub_cable,True
T2000412,Aerial Terminal,FDH201016,TRUNK20274,False,,virtual_stub_cable,True
T2000476,Aerial Terminal,FDH201025,TRUNK20340,False,,virtual_stub_cable,True
T2000477,Aerial Terminal,FDH201025,TRUNK20314,False,,virtual_stub_cable,True
T2000478,Aerial Terminal,FDH201025,TRUNK20330,False,,virtual_stub_cable,True
T2000479,Aerial Terminal,FDH201025,TRUNK20330,False,,virtual_stub_cable,True
T2000480,Aerial Terminal,FDH201025,TRUNK20220,False,,virtual_stub_cable,True
T2000481,Aerial Terminal,FDH201025,TRUNK20220,False,,virtual_stub_cable,True
T2000554,Aerial Terminal,FDH201025,TRUNK20220,False,,virtual_stub_cable,True
T2000420,Aerial Terminal,FDH201013,,False,,virtual_stub_cable,True
T2000421,Aerial Terminal,FDH201013,,False,,virtual_stub_cable,True
T2000422,Aerial Terminal,FDH201013,,False,,virtual_stub_cable,True
T2000423,Aerial Terminal,FDH201013,,False,,virtual_stub_cable,True
T2000424,Aerial Terminal,FDH201013,,False,,virtual_stub_cable,True
T2000425,Aerial Terminal,FDH201013,,False,,virtual_stub_cable,True
T2000426,Aerial Terminal,FDH201013,,False,,virtual_stub_cable,True
T2000427,Aerial Terminal,FDH201013,,False,,virtual_stub_cable,True
T2000428,Aerial Terminal,FDH201013,,False,,virtual_stub_cable,True
T2000429,Aerial Terminal,FDH201013,TRUNK20119,False,,virtual_stub_cable,True
T2000432,Aerial Terminal,FDH201013,TRUNK20123,False,,virtual_stub_cable,True
T2000434,Aerial Terminal,FDH201013,TRUNK20123,False,,virtual_stub_cable,True
T2000435,Aerial Terminal,FDH201013,TRUNK20123,False,,virtual_stub_cable,True
T2000436,Aerial Terminal,FDH201013,TRUNK20123,False,,virtual_stub_cable,True
T2000574,Aerial Terminal,FDH201026,TRUNK20282,False,,virtual_stub_cable,True
T2000575,Aerial Terminal,FDH201026,TRUNK20282,False,,virtual_stub_cable,True
T2000576,Aerial Terminal,FDH201026,TRUNK20283,False,,virtual_stub_cable,True
T2000577,Aerial Terminal,FDH201026,TRUNK20283,False,,virtual_stub_cable,True
T2000578,Aerial Terminal,FDH201026,TRUNK20285,False,,virtual_stub_cable,True
T2000579,Aerial Terminal,FDH201026,TRUNK20285,False,,virtual_stub_cable,True
T2000580,Aerial Terminal,FDH201026,TRUNK20278,False,,virtual_stub_cable,True
T2000612,Aerial Terminal,FDH201034,TRUNK20189,False,,virtual_stub_cable,True
T2000613,Aerial Terminal,FDH201034,TRUNK20198,False,,virtual_stub_cable,True
T2000614,Aerial Terminal,FDH201034,TRUNK20198,False,,virtual_stub_cable,True
T2000442,Aerial Terminal,FDH201015,TRUNK20140,False,,virtual_stub_cable,True
T2000443,Aerial Terminal,FDH201017,TRUNK20124,False,,virtual_stub_cable,True
T2000444,Aerial Terminal,FDH201017,TRUNK20124,False,,virtual_stub_cable,True
T2000445,Aerial Terminal,FDH201017,TRUNK20341,False,,virtual_stub_cable,True
T2000446,Aerial Terminal,FDH201017,TRUNK20341,False,,virtual_stub_cable,True
T2000447,Aerial Terminal,FDH201017,TRUNK20320,False,,virtual_stub_cable,True
T2000547,Aerial Terminal,FDH201017,TRUNK20320,False,,virtual_stub_cable,True
T2000448,Aerial Terminal,FDH201017,TRUNK20381,False,,virtual_stub_cable,True
T2000449,Aerial Terminal,FDH201017,TRUNK20332,False,,virtual_stub_cable,True
T2000470,Aerial Terminal,FDH201025,TRUNK20361,False,,virtual_stub_cable,True
T2000471,Aerial Terminal,FDH201025,TRUNK20316,False,,virtual_stub_cable,True
T2000472,Aerial Terminal,FDH201025,TRUNK20332,False,,virtual_stub_cable,True
T2000615,Aerial Terminal,FDH201034,TRUNK20198,False,,virtual_stub_cable,True
T2000549,Aerial Terminal,FDH201017,TRUNK20381,False,,virtual_stub_cable,True
T2000035,Aerial Terminal,FDH201023,TRUNK20287,False,,virtual_stub_cable,True
T2000025,Aerial Terminal,FDH201025,TRUNK20220,False,,virtual_stub_cable,True
T2000026,Aerial Terminal,FDH201036,TRUNK20220,False,,virtual_stub_cable,True
T2000027,Aerial Terminal,FDH201036,TRUNK20218,False,,virtual_stub_cable,True
T2000028,Aerial Terminal,FDH201024,TRUNK20313,False,,virtual_stub_cable,True
T2000038,Aerial Terminal,FDH201023,TRUNK20304,False,,virtual_stub_cable,True
T2000029,Aerial Terminal,FDH201024,TRUNK20313,False,,virtual_stub_cable,True
T2000030,Aerial Terminal,FDH201023,TRUNK20325,False,,virtual_stub_cable,True
T2000031,Aerial Terminal,FDH201023,TRUNK20287,False,,virtual_stub_cable,True
T2000032,Aerial Terminal,FDH201023,TRUNK20287,False,,virtual_stub_cable,True
T2000561,Aerial Terminal,FDH201018,TRUNK20310,False,,virtual_stub_cable,True
T2000033,Aerial Terminal,FDH201023,TRUNK20287,False,,virtual_stub_cable,True
T2000034,Aerial Terminal,FDH201023,TRUNK20287,False,,virtual_stub_cable,True
T2000036,Aerial Terminal,FDH201023,TRUNK20304,False,,virtual_stub_cable,True
T2000037,Aerial Terminal,FDH201023,TRUNK20304,False,,virtual_stub_cable,True
T2000555,Aerial Terminal,FDH201023,TRUNK20304,False,,virtual_stub_cable,True
T2000556,Aerial Terminal,FDH201023,TRUNK20304,False,,virtual_stub_cable,True
T2000566,Aerial Terminal,FDH201018,TRUNK20294,False,,virtual_stub_cable,True
T2000558,Aerial Terminal,FDH201023,TRUNK20304,False,,virtual_stub_cable,True
T2000559,Aerial Terminal,FDH201023,TRUNK20304,False,,virtual_stub_cable,True
T2000560,Aerial Terminal,FDH201018,TRUNK20310,False,,virtual_stub_cable,True
T2000570,Aerial Terminal,FDH201018,TRUNK20295,False,,virtual_stub_cable,True
T2000571,Aerial Terminal,FDH201018,TRUNK20295,False,,virtual_stub_cable,True
T2000616,Aerial Terminal,FDH201034,TRUNK20311,False,,virtual_stub_cable,True
T2000562,Aerial Terminal,FDH201018,TRUNK20310,False,,virtual_stub_cable,True
T2000563,Aerial Terminal,FDH201018,TRUNK20310,False,,virtual_stub_cable,True
T2000564,Aerial Terminal,FDH201018,TRUNK20310,False,,virtual_stub_cable,True
T2000565,Aerial Terminal,FDH201018,TRUNK20310,False,,virtual_stub_cable,True
T2000567,Aerial Terminal,FDH201018,TRUNK20294,False,,virtual_stub_cable,True
T2000568,Aerial Terminal,FDH201018,TRUNK20294,False,,virtual_stub_cable,True
T2000569,Aerial Terminal,FDH201018,TRUNK20293,False,,virtual_stub_cable,True
T2000572,Aerial Terminal,FDH201026,TRUNK20284,False,,virtual_stub_cable,True
T2000573,Aerial Terminal,FDH201026,TRUNK20326,False,,virtual_stub_cable,True
T2000665,Aerial Terminal,FDH201043,TRUNK20230,False,,virtual_stub_cable,True
T2000666,Aerial Terminal,FDH201043,TRUNK20231,False,,virtual_stub_cable,True
T2000667,Aerial Terminal,FDH201043,TRUNK20231,False,,virtual_stub_cable,True
T2000668,Aerial Terminal,FDH201043,TRUNK20234,False,,virtual_stub_cable,True
T2000669,Aerial Terminal,FDH201043,TRUNK20232,False,,virtual_stub_cable,True
T2000670,Aerial Terminal,FDH201043,TRUNK20232,False,,virtual_stub_cable,True
T2000672,Aerial Terminal,FDH201036,TRUNK20234,False,,virtual_stub_cable,True
T2000591,Aerial Terminal,FDH201033,TRUNK20289,False,,virtual_stub_cable,True
T2000581,Aerial Terminal,FDH201026,TRUNK20285,False,,virtual_stub_cable,True
T2000583,Aerial Terminal,FDH201026,TRUNK20277,False,,virtual_stub_cable,True
T2000585,Aerial Terminal,FDH201026,TRUNK20277,False,,virtual_stub_cable,True
T2000586,Aerial Terminal,FDH201033,TRUNK20270,False,,virtual_stub_cable,True
T2000587,Aerial Terminal,FDH201033,TRUNK20350,False,,virtual_stub_cable,True
T2000588,Aerial Terminal,FDH201033,TRUNK20350,False,,virtual_stub_cable,True
T2000589,Aerial Terminal,FDH201033,TRUNK20289,False,,virtual_stub_cable,True
T2000590,Aerial Terminal,FDH201033,TRUNK20289,False,,virtual_stub_cable,True
T2000592,Aerial Terminal,FDH201033,TRUNK20289,False,,virtual_stub_cable,True
T2000005,Aerial Terminal,FDH202046,TRUNK20297,False,,virtual_stub_cable,True
T2000007,Aerial Terminal,FDH202046,TRUNK20334,False,,virtual_stub_cable,True
T2000008,Aerial Terminal,FDH202046,TRUNK20334,False,,virtual_stub_cable,True
T2000052,Aerial Terminal,FDH202046,TRUNK20334,False,,virtual_stub_cable,True
T2000594,Aerial Terminal,FDH201033,,False,,virtual_stub_cable,True
T2000595,Aerial Terminal,FDH201033,TRUNK20273,False,,virtual_stub_cable,True
T2000551,Aerial Terminal,FDH201033,TRUNK20269,False,,virtual_stub_cable,True
T2000552,Aerial Terminal,FDH201033,TRUNK20269,False,,virtual_stub_cable,True
T2000596,Aerial Terminal,FDH201033,TRUNK20273,False,,virtual_stub_cable,True
T2000598,Aerial Terminal,FDH201017,TRUNK20331,False,,virtual_stub_cable,True
T2000599,Aerial Terminal,FDH201033,TRUNK20281,False,,virtual_stub_cable,True
T2000600,Aerial Terminal,FDH201018,TRUNK20300,False,,virtual_stub_cable,True
T2000601,Aerial Terminal,FDH201018,TRUNK20300,False,,virtual_stub_cable,True
T2000602,Aerial Terminal,FDH201018,TRUNK20300,False,,virtual_stub_cable,True
T2000603,Aerial Terminal,FDH201034,TRUNK20188,False,,virtual_stub_cable,True
T2000604,Aerial Terminal,FDH201034,TRUNK20387,False,,virtual_stub_cable,True
T2000605,Aerial Terminal,FDH201034,TRUNK20387,False,,virtual_stub_cable,True
T2000606,Aerial Terminal,FDH201034,TRUNK20189,False,,virtual_stub_cable,True
T2000607,Aerial Terminal,FDH201034,TRUNK20189,False,,virtual_stub_cable,True
T2000608,Aerial Terminal,FDH201034,TRUNK20189,False,,virtual_stub_cable,True
T2000609,Aerial Terminal,FDH201034,TRUNK20243,False,,virtual_stub_cable,True
T2000610,Aerial Terminal,FDH201034,TRUNK20243,False,,virtual_stub_cable,True
T2000611,Aerial Terminal,FDH201034,TRUNK20243,False,,virtual_stub_cable,True
T2000673,Aerial Terminal,FDH201043,TRUNK20228,False,,virtual_stub_cable,True
T2000674,Aerial Terminal,FDH201043,TRUNK20228,False,,virtual_stub_cable,True
T2000675,Aerial Terminal,FDH201043,TRUNK20233,False,,virtual_stub_cable,True
T2000676,Aerial Terminal,FDH201036,TRUNK20234,False,,virtual_stub_cable,True
T2000677,Aerial Terminal,FDH201036,TRUNK20234,False,,virtual_stub_cable,True
T2000617,Aerial Terminal,FDH201034,TRUNK20311,False,,virtual_stub_cable,True
T2000618,Aerial Terminal,FDH201034,TRUNK20311,False,,virtual_stub_cable,True
T2000619,Aerial Terminal,FDH201034,TRUNK20305,False,,virtual_stub_cable,True
T2000620,Aerial Terminal,FDH201034,TRUNK20305,False,,virtual_stub_cable,True
T2000621,Aerial Terminal,FDH201034,TRUNK20305,False,,virtual_stub_cable,True
T2000622,Aerial Terminal,FDH201024,TRUNK20276,False,,virtual_stub_cable,True
T2000623,Aerial Terminal,FDH201024,TRUNK20276,False,,virtual_stub_cable,True
T2000624,Aerial Terminal,FDH201024,TRUNK20276,False,,virtual_stub_cable,True
T2000625,Aerial Terminal,FDH201024,TRUNK20276,False,,virtual_stub_cable,True
T2000626,Aerial Terminal,FDH201024,TRUNK20276,False,,virtual_stub_cable,True
T2000627,Aerial Terminal,FDH201024,TRUNK20280,False,,virtual_stub_cable,True
T2000639,Aerial Terminal,FDH201036,TRUNK20219,False,,virtual_stub_cable,True
T2000628,Aerial Terminal,FDH201024,TRUNK20280,False,,virtual_stub_cable,True
T2000629,Aerial Terminal,FDH201024,TRUNK20280,False,,virtual_stub_cable,True
T2000630,Aerial Terminal,FDH201035,TRUNK20276,False,,virtual_stub_cable,True
T2000631,Aerial Terminal,FDH201035,TRUNK20276,False,,virtual_stub_cable,True
T2000640,Aerial Terminal,FDH201036,TRUNK20218,False,,virtual_stub_cable,True
T2000643,Aerial Terminal,FDH201036,TRUNK20218,False,,virtual_stub_cable,True
T2000644,Aerial Terminal,FDH201036,TRUNK20218,False,,virtual_stub_cable,True
T2000645,Aerial Terminal,FDH201036,TRUNK20234,False,,virtual_stub_cable,True
T2000646,Aerial Terminal,FDH201036,TRUNK20218,False,,virtual_stub_cable,True
T2000647,Aerial Terminal,FDH201036,TRUNK20235,False,,virtual_stub_cable,True
T2000648,Aerial Terminal,FDH201036,TRUNK20235,False,,virtual_stub_cable,True
T2000649,Aerial Terminal,FDH201042,TRUNK20321,False,,virtual_stub_cable,True
T2000650,Aerial Terminal,FDH201042,TRUNK20223,False,,virtual_stub_cable,True
T2000652,Aerial Terminal,FDH201042,TRUNK20321,False,,virtual_stub_cable,True
T2000653,Aerial Terminal,FDH201042,TRUNK20223,False,,virtual_stub_cable,True
T2000654,Aerial Terminal,FDH201042,TRUNK20233,False,,virtual_stub_cable,True
T2000655,Aerial Terminal,FDH201042,TRUNK20225,False,,virtual_stub_cable,True
T2000641,Aerial Terminal,FDH201036,TRUNK20218,False,,virtual_stub_cable,True
T2000634,Aerial Terminal,FDH201035,TRUNK20303,False,,virtual_stub_cable,True
T2000635,Aerial Terminal,FDH201035,TRUNK20303,False,,virtual_stub_cable,True
T2000636,Aerial Terminal,FDH201035,,False,,virtual_stub_cable,True
T2000637,Aerial Terminal,FDH201035,,False,,virtual_stub_cable,True
T2000638,Aerial Terminal,FDH201035,TRUNK20395,False,,virtual_stub_cable,True
T2000664,Aerial Terminal,FDH201043,TRUNK20356,False,,virtual_stub_cable,True
T2000678,Aerial Terminal,FDH201036,TRUNK20218,False,,virtual_stub_cable,True
T2000679,Aerial Terminal,FDH201036,TRUNK20315,False,,virtual_stub_cable,True
T2000680,Aerial Terminal,FDH201036,TRUNK20315,False,,virtual_stub_cable,True
T2000682,Aerial Terminal,FDH201037,TRUNK20215,False,,virtual_stub_cable,True
T2000683,Aerial Terminal,FDH201037,TRUNK20215,False,,virtual_stub_cable,True
T2000684,Aerial Terminal,FDH201037,TRUNK20202,False,,virtual_stub_cable,True
T2000685,Aerial Terminal,FDH201037,TRUNK20202,False,,virtual_stub_cable,True
T2000656,Aerial Terminal,FDH201042,TRUNK20224,False,,virtual_stub_cable,True
T2000657,Aerial Terminal,FDH201042,TRUNK20224,False,,virtual_stub_cable,True
T2000658,Aerial Terminal,FDH201042,TRUNK20225,False,,virtual_stub_cable,True
T2000659,Aerial Terminal,FDH201042,TRUNK20229,False,,virtual_stub_cable,True
T2000660,Aerial Terminal,FDH201043,TRUNK20226,False,,virtual_stub_cable,True
T2000661,Aerial Terminal,FDH201043,TRUNK20233,False,,virtual_stub_cable,True
T2000662,Aerial Terminal,FDH201043,TRUNK20230,False,,virtual_stub_cable,True
T2000663,Aerial Terminal,FDH201043,TRUNK20356,False,,virtual_stub_cable,True
T2000686,Aerial Terminal,FDH201037,TRUNK20202,False,,virtual_stub_cable,True
T2000687,Aerial Terminal,FDH201037,TRUNK20202,False,,virtual_stub_cable,True
T2000688,Aerial Terminal,FDH201037,TRUNK20217,False,,virtual_stub_cable,True
T2000689,Aerial Terminal,FDH201037,TRUNK20210,False,,virtual_stub_cable,True
T2000690,Aerial Terminal,FDH201037,TRUNK20211,False,,virtual_stub_cable,True
T2000691,Aerial Terminal,FDH201037,TRUNK20211,False,,virtual_stub_cable,True
T2000693,Aerial Terminal,FDH201037,TRUNK20202,False,,virtual_stub_cable,True
T2000694,Aerial Terminal,FDH201037,TRUNK20202,False,,virtual_stub_cable,True
T2000695,Aerial Terminal,FDH201039,TRUNK20214,False,,virtual_stub_cable,True
T2000696,Aerial Terminal,FDH201039,TRUNK20214,False,,virtual_stub_cable,True
T2000697,Aerial Terminal,FDH201039,TRUNK20214,False,,virtual_stub_cable,True
T2000203,Aerial Terminal,FDH201037,TRUNK20211,False,,virtual_stub_cable,True
T2000699,Aerial Terminal,FDH201039,TRUNK20212,False,,virtual_stub_cable,True
T2000700,Aerial Terminal,FDH201039,TRUNK20250,False,,virtual_stub_cable,True
T2000701,Aerial Terminal,FDH201039,TRUNK20237,False,,virtual_stub_cable,True
T2000702,Aerial Terminal,FDH201039,TRUNK20238,False,,virtual_stub_cable,True
T2000703,Aerial Terminal,FDH201039,TRUNK20238,False,,virtual_stub_cable,True
T2000704,Aerial Terminal,FDH201037,TRUNK20217,False,,virtual_stub_cable,True
T2000705,Aerial Terminal,FDH201039,TRUNK20238,False,,virtual_stub_cable,True
T2000706,Aerial Terminal,FDH201039,TRUNK20250,False,,virtual_stub_cable,True
T2000707,Aerial Terminal,FDH201039,TRUNK20250,False,,virtual_stub_cable,True
T2000709,Aerial Terminal,FDH201039,TRUNK20250,False,,virtual_stub_cable,True
T2000710,Aerial Terminal,FDH201038,TRUNK20250,False,,virtual_stub_cable,True
T2000712,Aerial Terminal,FDH201038,TRUNK20253,False,,virtual_stub_cable,True
T2000713,Aerial Terminal,FDH201038,TRUNK20253,False,,virtual_stub_cable,True
T2000714,Aerial Terminal,FDH201038,TRUNK20252,False,,virtual_stub_cable,True
T2000715,Aerial Terminal,FDH201038,TRUNK20252,False,,virtual_stub_cable,True
T2000717,Aerial Terminal,FDH201041,TRUNK20248,False,,virtual_stub_cable,True
T2000718,Aerial Terminal,FDH201041,TRUNK20248,False,,virtual_stub_cable,True
T2000720,Aerial Terminal,FDH201041,,False,,virtual_stub_cable,True
T2000722,Aerial Terminal,FDH201041,TRUNK20250,False,,virtual_stub_cable,True
T2000723,Aerial Terminal,FDH201041,TRUNK20249,False,,virtual_stub_cable,True
T2000724,Aerial Terminal,FDH201039,TRUNK20238,False,,virtual_stub_cable,True
T2000725,Aerial Terminal,FDH201040,TRUNK20236,False,,virtual_stub_cable,True
T2000726,Aerial Terminal,FDH201040,TRUNK20236,False,,virtual_stub_cable,True
T2000727,Aerial Terminal,FDH201041,TRUNK20246,False,,virtual_stub_cable,True
T2000728,Aerial Terminal,FDH201041,TRUNK20246,False,,virtual_stub_cable,True
T2000729,Aerial Terminal,FDH201040,TRUNK20236,False,,virtual_stub_cable,True
T2000730,Aerial Terminal,FDH201040,TRUNK20227,False,,virtual_stub_cable,True
T2000731,Aerial Terminal,FDH201040,TRUNK20227,False,,virtual_stub_cable,True
T2000733,Aerial Terminal,FDH201040,TRUNK20227,False,,virtual_stub_cable,True
T2000737,Aerial Terminal,FDH201018,TRUNK20293,False,,virtual_stub_cable,True
T2000738,Aerial Terminal,FDH201034,TRUNK20387,False,,virtual_stub_cable,True
T2000739,Aerial Terminal,FDH201034,TRUNK20188,False,,virtual_stub_cable,True
T2000754,Aerial Terminal,FDH202007,TRUNK20135,False,,virtual_stub_cable,True
T2000755,Aerial Terminal,FDH201025,TRUNK20361,False,,virtual_stub_cable,True
T2000756,Aerial Terminal,FDH201036,TRUNK20219,False,,virtual_stub_cable,True
T2000732,Aerial Terminal,FDH201040,TRUNK20227,False,,virtual_stub_cable,True
T2000740,Aerial Terminal,FDH202044,TRUNK20009,False,,virtual_stub_cable,True
T2000741,Aerial Terminal,FDH202031,TRUNK20063,False,,virtual_stub_cable,True
T2000742,Aerial Terminal,FDH201004,TRUNK20086,False,,virtual_stub_cable,True
T2000039,Aerial Terminal,FDH202020,TRUNK20108,False,,virtual_stub_cable,True
T2000040,Aerial Terminal,FDH202046,TRUNK20334,False,,virtual_stub_cable,True
T2000747,Aerial Terminal,FDH201012,TRUNK20155,False,,virtual_stub_cable,True
T2000748,Aerial Terminal,FDH202021,TRUNK20383,False,,virtual_stub_cable,True
T2000751,Aerial Terminal,FDH202007,TRUNK20135,False,,virtual_stub_cable,True
T2000752,Aerial Terminal,FDH202007,TRUNK20135,False,,virtual_stub_cable,True
T2000753,Aerial Terminal,FDH202007,TRUNK20135,False,,virtual_stub_cable,True
T2000743,Aerial Terminal,FDH201013,TRUNK20119,False,,virtual_stub_cable,True
T2000744,Aerial Terminal,FDH201050,TRUNK20113,False,,virtual_stub_cable,False
T2000745,Aerial Terminal,FDH201011,TRUNK20129,False,,virtual_stub_cable,True
T2000746,Aerial Terminal,FDH201012,TRUNK20197,False,,virtual_stub_cable,True
T2000749,Aerial Terminal,FDH202019,TRUNK20171,False,,virtual_stub_cable,True
T2000750,Aerial Terminal,FDH202007,TRUNK20135,False,,virtual_stub_cable,True
T2000782,Aerial Terminal,FDH201004,TRUNK20376,False,,virtual_stub_cable,True
T2000787,Aerial Terminal,FDH201034,TRUNK20305,False,,virtual_stub_cable,True
T2000788,Aerial Terminal,FDH201011,TRUNK20245,False,,virtual_stub_cable,True
T2000789,Aerial Terminal,FDH201035,TRUNK20303,False,,virtual_stub_cable,True
T2000790,Aerial Terminal,FDH201039,TRUNK20214,False,,virtual_stub_cable,True
T2000791,Aerial Terminal,FDH201036,TRUNK20235,False,,virtual_stub_cable,True
T2000792,Aerial Terminal,FDH201042,TRUNK20321,False,,virtual_stub_cable,True
T2000793,Aerial Terminal,FDH201042,TRUNK20224,False,,virtual_stub_cable,True
T2000798,Aerial Terminal,FDH201043,TRUNK20230,False,,virtual_stub_cable,True
T2000800,Aerial Terminal,FDH201015,TRUNK20241,False,,virtual_stub_cable,True
T2000802,Aerial Terminal,FDH201016,TRUNK20288,False,,virtual_stub_cable,True
T2000804,Aerial Terminal,FDH201033,TRUNK20273,False,,virtual_stub_cable,True
T2000805,Aerial Terminal,FDH201026,TRUNK20285,False,,virtual_stub_cable,True
T2000806,Aerial Terminal,FDH201026,,False,,virtual_stub_cable,True
T2000808,Aerial Terminal,FDH201018,TRUNK20293,False,,virtual_stub_cable,True
T2000809,Aerial Terminal,FDH201018,TRUNK20296,False,,virtual_stub_cable,True
T2000810,Aerial Terminal,FDH201024,TRUNK20267,False,,virtual_stub_cable,True
T2000815,Aerial Terminal,FDH201038,TRUNK20253,False,,virtual_stub_cable,True
T2000794,Aerial Terminal,FDH201042,TRUNK20225,False,,virtual_stub_cable,True
T2000795,Aerial Terminal,FDH201042,TRUNK20229,False,,virtual_stub_cable,True
T2000796,Aerial Terminal,FDH201042,TRUNK20225,False,,virtual_stub_cable,True
T2000797,Aerial Terminal,FDH201043,TRUNK20226,False,,virtual_stub_cable,True
T2000823,MST,FDH201016,TRUNK20288,False,,virtual_stub_cable,True
T2000825,Aerial Terminal,FDH201015,TRUNK20271,False,,virtual_stub_cable,True
T2000827,Aerial Terminal,FDH201048,TRUNK20209,False,,virtual_stub_cable,True
T2000828,Aerial Terminal,FDH202019,TRUNK20385,False,,virtual_stub_cable,True
T2000829,Aerial Terminal,FDH201012,TRUNK20149,False,,virtual_stub_cable,True
T2000811,Aerial Terminal,FDH201023,TRUNK20325,False,,virtual_stub_cable,True
T2000812,Aerial Terminal,FDH201035,,False,,virtual_stub_cable,True
T2000813,Aerial Terminal,FDH201041,,False,,virtual_stub_cable,True
T2000814,Aerial Terminal,FDH201041,TRUNK20249,False,,virtual_stub_cable,True
T2000091,Aerial Terminal,FDH202022,TRUNK20008,False,,virtual_stub_cable,True
T2000067,Aerial Terminal,FDH202022,TRUNK20026,False,,virtual_stub_cable,True
T2000068,Aerial Terminal,FDH202022,TRUNK20026,False,,virtual_stub_cable,True
T2000386,Aerial Terminal,FDH202022,TRUNK20025,False,,virtual_stub_cable,True
T2000070,Aerial Terminal,FDH202022,TRUNK20025,False,,virtual_stub_cable,True
T2000071,Aerial Terminal,FDH202030,TRUNK20023,False,,virtual_stub_cable,True
T2000072,Aerial Terminal,FDH202030,TRUNK20024,False,,virtual_stub_cable,True
T2000073,Aerial Terminal,FDH202030,TRUNK20024,False,,virtual_stub_cable,True
T2000074,Aerial Terminal,FDH202030,TRUNK20024,False,,virtual_stub_cable,True
T2000076,Aerial Terminal,FDH202030,TRUNK20022,False,,virtual_stub_cable,True
T2000830,Aerial Terminal,FDH201012,TRUNK20333,False,,virtual_stub_cable,True
T2000831,Aerial Terminal,FDH201012,TRUNK20333,False,,virtual_stub_cable,True
T2000832,Aerial Terminal,FDH201012,TRUNK20155,False,,virtual_stub_cable,True
T3000767,Aerial Terminal,FDH301042,TRUNK30240,False,,virtual_stub_cable,True
T3000525,Aerial Terminal,FDH301043,TRUNK30129,False,,virtual_stub_cable,True
T3000526,Aerial Terminal,FDH301043,TRUNK30129,False,,virtual_stub_cable,True
T3000005,Aerial Terminal,FDH301045,TRUNK30172,False,,virtual_stub_cable,True
T3000196,Aerial Terminal,FDH302027,TRUNK30087,False,,virtual_stub_cable,True
T3000204,Aerial Terminal,FDH302027,TRUNK30056,False,,virtual_stub_cable,True
T3000205,Aerial Terminal,FDH302027,TRUNK30056,False,,virtual_stub_cable,True
T3000206,Aerial Terminal,FDH302027,TRUNK30056,False,,virtual_stub_cable,True
T3000207,Aerial Terminal,FDH302027,TRUNK30056,False,,virtual_stub_cable,True
T3000210,Aerial Terminal,FDH302018,TRUNK30356,False,,virtual_stub_cable,True
T3000213,Aerial Terminal,FDH302018,TRUNK30354,False,,virtual_stub_cable,True
T3000216,Aerial Terminal,FDH302018,TRUNK30354,False,,virtual_stub_cable,True
T3000708,Aerial Terminal,FDH302018,TRUNK30354,False,,virtual_stub_cable,True
T3000226,Aerial Terminal,FDH302019,TRUNK30350,False,,virtual_stub_cable,True
T3000242,Aerial Terminal,FDH302019,TRUNK30349,False,,virtual_stub_cable,True
T3000245,Aerial Terminal,FDH302019,TRUNK30349,False,,virtual_stub_cable,False
T3000248,Aerial Terminal,FDH302030,TRUNK30144,False,,virtual_stub_cable,True
T3000249,Aerial Terminal,FDH302030,TRUNK30136,False,,virtual_stub_cable,True
T3000252,Aerial Terminal,FDH302022,TRUNK30165,False,,virtual_stub_cable,True
T3000253,Aerial Terminal,FDH302022,TRUNK30165,False,,virtual_stub_cable,True
T3000769,Aerial Terminal,FDH303004,TRUNK30029,False,,virtual_stub_cable,False
T3000770,Aerial Terminal,FDH303007,TRUNK30027,False,,virtual_stub_cable,False
T3000771,Aerial Terminal,FDH303007,TRUNK30027,False,,virtual_stub_cable,False
T3000527,Aerial Terminal,FDH301044,TRUNK30221,False,,virtual_stub_cable,True
T3000528,Aerial Terminal,FDH301044,TRUNK30221,False,,virtual_stub_cable,True
T3000529,Aerial Terminal,FDH301044,TRUNK30241,False,,virtual_stub_cable,True
T3000006,Aerial Terminal,FDH301045,TRUNK30172,False,,virtual_stub_cable,True
T3000772,Aerial Terminal,FDH303007,TRUNK30027,False,,virtual_stub_cable,False
T3000009,Aerial Terminal,FDH301045,TRUNK30067,False,,virtual_stub_cable,True
T3000091,Aerial Terminal,FDH301042,TRUNK30301,False,,virtual_stub_cable,True
T3000073,Aerial Terminal,FDH301042,TRUNK30238,False,,virtual_stub_cable,True
T3000138,Aerial Terminal,FDH302024,TRUNK30224,False,,virtual_stub_cable,True
T3000080,Aerial Terminal,FDH301042,TRUNK30239,False,,virtual_stub_cable,True
T3000139,Aerial Terminal,FDH302024,TRUNK30224,False,,virtual_stub_cable,True
T3000140,Aerial Terminal,FDH302024,TRUNK30109,False,,virtual_stub_cable,True
T3000269,Aerial Terminal,FDH302029,FDH302030,False,,virtual_stub_cable,True
T3000270,Aerial Terminal,FDH302029,FDH302030,False,,virtual_stub_cable,True
T3000530,Aerial Terminal,FDH301044,TRUNK30241,False,,virtual_stub_cable,True
T3000531,Aerial Terminal,FDH301044,TRUNK30241,False,,virtual_stub_cable,True
T3000532,Aerial Terminal,FDH301044,TRUNK30241,False,,virtual_stub_cable,True
T3000078,Aerial Terminal,FDH301042,TRUNK30322,False,,virtual_stub_cable,True
T3000079,Aerial Terminal,FDH301042,TRUNK30239,False,,virtual_stub_cable,True
T3000093,Aerial Terminal,FDH301042,TRUNK30053,False,,virtual_stub_cable,True
T3000773,Aerial Terminal,FDH303008,TRUNK30012,False,,virtual_stub_cable,False
T3000255,Aerial Terminal,FDH302022,TRUNK30165,False,,virtual_stub_cable,True
T3000256,Aerial Terminal,FDH302022,TRUNK30165,False,,virtual_stub_cable,True
T3000275,Aerial Terminal,FDH302030,TRUNK30192,False,,virtual_stub_cable,True
T3000533,Aerial Terminal,FDH301044,TRUNK30298,False,,virtual_stub_cable,True
T3000534,Aerial Terminal,FDH301044,TRUNK30309,False,,virtual_stub_cable,True
T3000535,Aerial Terminal,FDH301044,TRUNK30309,False,,virtual_stub_cable,True
T3000131,Aerial Terminal,FDH302038,TRUNK30330,False,,virtual_stub_cable,True
T3000132,Aerial Terminal,FDH302038,TRUNK30330,False,,virtual_stub_cable,True
T3000133,Aerial Terminal,FDH302038,TRUNK30330,False,,virtual_stub_cable,True
T3000134,Aerial Terminal,FDH302038,TRUNK30330,False,,virtual_stub_cable,True
T3000137,Aerial Terminal,FDH302024,TRUNK30224,False,,virtual_stub_cable,True
T3000154,Aerial Terminal,FDH302025,TRUNK30100,False,,virtual_stub_cable,True
T3000155,Aerial Terminal,FDH302025,TRUNK30083,False,,virtual_stub_cable,True
T3000146,Aerial Terminal,FDH302024,TRUNK30105,False,,virtual_stub_cable,False
T3000149,Aerial Terminal,FDH302025,TRUNK30102,False,,virtual_stub_cable,True
T3000150,Aerial Terminal,FDH302025,TRUNK30101,False,,virtual_stub_cable,True
T3000151,Aerial Terminal,FDH302025,TRUNK30101,False,,virtual_stub_cable,True
T3000161,Aerial Terminal,FDH302025,TRUNK30083,False,,virtual_stub_cable,True
T3000163,Aerial Terminal,FDH302026,TRUNK30082,False,,virtual_stub_cable,True
T3000192,Aerial Terminal,FDH302027,TRUNK30088,False,,virtual_stub_cable,True
T3000193,Aerial Terminal,FDH302027,TRUNK30088,False,,virtual_stub_cable,True
T3000195,Aerial Terminal,FDH302027,TRUNK30088,False,,virtual_stub_cable,True
T3000536,Aerial Terminal,FDH301044,TRUNK30309,False,,virtual_stub_cable,True
T3000537,Aerial Terminal,FDH301044,TRUNK30309,False,,virtual_stub_cable,True
T3000543,Aerial Terminal,FDH301045,TRUNK30249,False,,virtual_stub_cable,True
T3000165,Aerial Terminal,FDH302026,TRUNK30078,False,,virtual_stub_cable,True
T3000166,Aerial Terminal,FDH302026,TRUNK30201,False,,virtual_stub_cable,True
T3000167,Aerial Terminal,FDH302026,TRUNK30364,False,,virtual_stub_cable,False
T3000168,Aerial Terminal,FDH302026,TRUNK30364,False,,virtual_stub_cable,False
T3000169,Aerial Terminal,FDH302026,TRUNK30246,False,,virtual_stub_cable,True
T3000170,Aerial Terminal,FDH302026,TRUNK30246,False,,virtual_stub_cable,True
T3000214,Aerial Terminal,FDH302018,TRUNK30354,False,,virtual_stub_cable,True
T3000215,Aerial Terminal,FDH302018,TRUNK30354,False,,virtual_stub_cable,True
T3000547,Aerial Terminal,FDH301045,TRUNK30172,False,,virtual_stub_cable,True
T3000548,Aerial Terminal,FDH301045,TRUNK30172,False,,virtual_stub_cable,True
T3000002,Aerial Terminal,FDH301045,TRUNK30172,False,,virtual_stub_cable,True
T3000004,Aerial Terminal,FDH301045,TRUNK30172,False,,virtual_stub_cable,True
T3000007,Aerial Terminal,FDH301045,TRUNK30067,False,,virtual_stub_cable,False
T3000008,Aerial Terminal,FDH301045,TRUNK30067,False,,virtual_stub_cable,True
T3000251,Aerial Terminal,FDH302022,TRUNK30165,False,,virtual_stub_cable,True
T3000298,Aerial Terminal,FDH302020,TRUNK30180,False,,virtual_stub_cable,True
T3000516,Aerial Terminal,FDH301043,TRUNK30128,False,,virtual_stub_cable,True
T3000517,Aerial Terminal,FDH301043,TRUNK30127,False,,virtual_stub_cable,True
T3000518,Aerial Terminal,FDH301043,TRUNK30129,False,,virtual_stub_cable,True
T3000519,Aerial Terminal,FDH301043,TRUNK30129,False,,virtual_stub_cable,True
T3000520,Aerial Terminal,FDH301043,TRUNK30129,False,,virtual_stub_cable,True
T3000521,Aerial Terminal,FDH301043,TRUNK30129,False,,virtual_stub_cable,True
T3000522,Aerial Terminal,FDH301043,TRUNK30129,False,,virtual_stub_cable,True
T3000523,Aerial Terminal,FDH301043,TRUNK30129,False,,virtual_stub_cable,True
T3000524,Aerial Terminal,FDH301043,TRUNK30129,False,,virtual_stub_cable,True
T3000010,Aerial Terminal,FDH301045,TRUNK30067,False,,virtual_stub_cable,True
T3000011,Aerial Terminal,FDH301045,TRUNK30067,False,,virtual_stub_cable,True
T3000012,Aerial Terminal,FDH301045,TRUNK30067,False,,virtual_stub_cable,True
T3000013,Aerial Terminal,FDH301045,TRUNK30067,False,,virtual_stub_cable,True
T3000014,Aerial Terminal,FDH301045,TRUNK30067,False,,virtual_stub_cable,True
T3000015,Aerial Terminal,FDH301045,TRUNK30067,False,,virtual_stub_cable,True
T3000171,Aerial Terminal,FDH302026,TRUNK30246,False,,virtual_stub_cable,True
T3000174,Aerial Terminal,FDH302026,TRUNK30091,False,,virtual_stub_cable,True
T3000173,Aerial Terminal,FDH302026,TRUNK30091,False,,virtual_stub_cable,True
T3000175,Aerial Terminal,FDH302026,TRUNK30091,False,,virtual_stub_cable,True
T3000178,Aerial Terminal,FDH302023,TRUNK30091,False,,virtual_stub_cable,True
T3000179,Aerial Terminal,FDH302023,TRUNK30091,False,,virtual_stub_cable,True
T3000180,Aerial Terminal,FDH302023,TRUNK30091,False,,virtual_stub_cable,True
T3000182,Aerial Terminal,FDH302023,TRUNK30091,False,,virtual_stub_cable,True
T3000183,Aerial Terminal,FDH302023,TRUNK30090,False,,virtual_stub_cable,True
T3000184,Aerial Terminal,FDH302023,TRUNK30302,False,,virtual_stub_cable,True
T3000185,Aerial Terminal,FDH302023,TRUNK30302,False,,virtual_stub_cable,True
T3000187,Aerial Terminal,FDH302023,TRUNK30090,False,,virtual_stub_cable,True
T3000188,Aerial Terminal,FDH302023,TRUNK30090,False,,virtual_stub_cable,True
T3000317,Aerial Terminal,FDH303032,TRUNK30280,False,,virtual_stub_cable,True
T3000338,Aerial Terminal,FDH303032,TRUNK30073,False,,virtual_stub_cable,True
T3000358,Aerial Terminal,FDH303035,TRUNK30361,False,,virtual_stub_cable,True
T3000087,Aerial Terminal,FDH301042,TRUNK30301,False,,virtual_stub_cable,True
T3000088,Aerial Terminal,FDH301042,TRUNK30301,False,,virtual_stub_cable,True
T3000090,Aerial Terminal,FDH301042,TRUNK30301,False,,virtual_stub_cable,True
T3000364,Aerial Terminal,FDH303034,TRUNK30155,False,,virtual_stub_cable,True
T3000074,Aerial Terminal,FDH301042,TRUNK30238,False,,virtual_stub_cable,True
T3000075,Aerial Terminal,FDH301042,TRUNK30238,False,,virtual_stub_cable,True
T3000077,Aerial Terminal,FDH301042,TRUNK30238,False,,virtual_stub_cable,True
T3000081,Aerial Terminal,FDH301042,TRUNK30208,False,,virtual_stub_cable,True
T3000082,Aerial Terminal,FDH301042,TRUNK30322,False,,virtual_stub_cable,True
T3000084,Aerial Terminal,FDH301042,TRUNK30234,False,,virtual_stub_cable,True
T3000085,Aerial Terminal,FDH301042,TRUNK30234,False,,virtual_stub_cable,False
T3000368,Aerial Terminal,FDH303034,TRUNK30162,False,,virtual_stub_cable,True
T3000089,Aerial Terminal,FDH301042,TRUNK30301,False,,virtual_stub_cable,True
T3000119,Aerial Terminal,FDH302040,TRUNK30182,False,,virtual_stub_cable,True
T3000120,Aerial Terminal,FDH302040,TRUNK30357,False,,virtual_stub_cable,True
T3000121,Aerial Terminal,FDH302040,TRUNK30357,False,,virtual_stub_cable,True
T3000124,Aerial Terminal,FDH302040,TRUNK30357,False,,virtual_stub_cable,True
T3000125,Aerial Terminal,FDH302038,TRUNK30357,False,,virtual_stub_cable,True
T3000126,Aerial Terminal,FDH302038,TRUNK30357,False,,virtual_stub_cable,True
T3000128,Aerial Terminal,FDH302038,TRUNK30357,False,,virtual_stub_cable,True
T3000130,Aerial Terminal,FDH302038,TRUNK30330,False,,virtual_stub_cable,True
T3000209,Aerial Terminal,FDH302018,TRUNK30356,False,,virtual_stub_cable,True
T3000366,Aerial Terminal,FDH303034,TRUNK30155,False,,virtual_stub_cable,True
T3000378,Aerial Terminal,FDH303014,TRUNK30361,False,,virtual_stub_cable,True
T3000387,Aerial Terminal,FDH303014,TRUNK30342,False,,virtual_stub_cable,True
T3000388,Aerial Terminal,FDH303014,TRUNK30247,False,,virtual_stub_cable,True
T3000221,Aerial Terminal,FDH302018,TRUNK30063,False,,virtual_stub_cable,True
T3000222,Aerial Terminal,FDH302018,TRUNK30063,False,,virtual_stub_cable,True
T3000223,Aerial Terminal,FDH302018,TRUNK30353,False,,virtual_stub_cable,True
T3000224,Aerial Terminal,FDH302019,TRUNK30350,False,,virtual_stub_cable,True
T3000129,Aerial Terminal,FDH302038,TRUNK30072,False,,virtual_stub_cable,True
T3000219,Aerial Terminal,FDH302018,TRUNK30355,False,,virtual_stub_cable,True
T3000220,Aerial Terminal,FDH302018,TRUNK30355,False,,virtual_stub_cable,False
T3000225,Aerial Terminal,FDH302019,TRUNK30350,False,,virtual_stub_cable,True
T3000228,Aerial Terminal,FDH302019,TRUNK30350,False,,virtual_stub_cable,True
T3000241,Aerial Terminal,FDH302019,TRUNK30306,False,,virtual_stub_cable,True
T3000243,Aerial Terminal,FDH302019,TRUNK30349,False,,virtual_stub_cable,False
T3000244,Aerial Terminal,FDH302019,TRUNK30349,False,,virtual_stub_cable,True
T3000389,Aerial Terminal,FDH303014,TRUNK30248,False,,virtual_stub_cable,True
T3000409,Aerial Terminal,FDH303013,TRUNK30119,False,,virtual_stub_cable,True
T3000410,Aerial Terminal,FDH303013,TRUNK30119,False,,virtual_stub_cable,True
T3000411,Aerial Terminal,FDH303013,TRUNK30119,False,,virtual_stub_cable,True
T3000417,Aerial Terminal,FDH303014,TRUNK30205,False,,virtual_stub_cable,True
T3000422,Aerial Terminal,FDH303012,TRUNK30152,False,,virtual_stub_cable,True
T3000423,Aerial Terminal,FDH303012,TRUNK30152,False,,virtual_stub_cable,True
T3000424,Aerial Terminal,FDH303012,TRUNK30152,False,,virtual_stub_cable,True
T3000425,Aerial Terminal,FDH303014,TRUNK30206,False,,virtual_stub_cable,True
T3000426,Aerial Terminal,FDH303014,TRUNK30206,False,,virtual_stub_cable,True
T3000427,Aerial Terminal,FDH303009,TRUNK30206,False,,virtual_stub_cable,True
T3000428,Aerial Terminal,FDH303012,TRUNK30123,False,,virtual_stub_cable,True
T3000429,Aerial Terminal,FDH303012,TRUNK30123,False,,virtual_stub_cable,True
T3000430,Aerial Terminal,FDH303012,TRUNK30123,False,,virtual_stub_cable,True
T3000197,Aerial Terminal,FDH302027,TRUNK30087,False,,virtual_stub_cable,True
T3000199,Aerial Terminal,FDH302027,TRUNK30087,False,,virtual_stub_cable,True
T3000200,Aerial Terminal,FDH302027,TRUNK30087,False,,virtual_stub_cable,True
T3000201,Aerial Terminal,FDH302027,TRUNK30086,False,,virtual_stub_cable,True
T3000202,Aerial Terminal,FDH302027,TRUNK30086,False,,virtual_stub_cable,True
T3000277,Aerial Terminal,FDH302030,TRUNK30192,False,,virtual_stub_cable,True
T3000278,Aerial Terminal,FDH302030,TRUNK30192,False,,virtual_stub_cable,True
T3000286,Aerial Terminal,FDH302029,TRUNK30189,False,,virtual_stub_cable,True
T3000287,Aerial Terminal,FDH302022,TRUNK30156,False,,virtual_stub_cable,True
T3000240,Aerial Terminal,FDH302019,TRUNK30306,False,,virtual_stub_cable,True
T3000229,Aerial Terminal,FDH302019,TRUNK30350,False,,virtual_stub_cable,True
T3000230,Aerial Terminal,FDH302019,TRUNK30350,False,,virtual_stub_cable,True
T3000231,Aerial Terminal,FDH302019,TRUNK30350,False,,virtual_stub_cable,True
T3000232,Aerial Terminal,FDH302019,TRUNK30362,False,,virtual_stub_cable,True
T3000233,Aerial Terminal,FDH302019,TRUNK30362,False,,virtual_stub_cable,True
T3000234,Aerial Terminal,FDH302019,TRUNK30362,False,,virtual_stub_cable,True
T3000235,Aerial Terminal,FDH302019,TRUNK30362,False,,virtual_stub_cable,True
T3000236,Aerial Terminal,FDH302019,TRUNK30362,False,,virtual_stub_cable,True
T3000238,Aerial Terminal,FDH302019,TRUNK30362,False,,virtual_stub_cable,True
T3000274,Aerial Terminal,FDH302030,TRUNK30192,False,,virtual_stub_cable,True
T3000266,Aerial Terminal,FDH302022,TRUNK30159,False,,virtual_stub_cable,True
T3000262,Aerial Terminal,FDH302022,TRUNK30158,False,,virtual_stub_cable,True
T3000719,Aerial Terminal,FDH303009,TRUNK30013,False,,virtual_stub_cable,True
T3000267,Aerial Terminal,FDH302022,TRUNK30159,False,,virtual_stub_cable,True
T3000263,Aerial Terminal,FDH302022,TRUNK30159,False,,virtual_stub_cable,True
T3000264,Aerial Terminal,FDH302022,TRUNK30159,False,,virtual_stub_cable,True
T3000432,Aerial Terminal,FDH303012,TRUNK30121,False,,virtual_stub_cable,True
T3000447,Aerial Terminal,FDH303012,TRUNK30120,False,,virtual_stub_cable,True
T3000279,Aerial Terminal,FDH302030,TRUNK30192,False,,virtual_stub_cable,True
T3000280,Aerial Terminal,FDH302029,TRUNK30190,False,,virtual_stub_cable,True
T3000281,Aerial Terminal,FDH302029,TRUNK30190,False,,virtual_stub_cable,True
T3000282,Aerial Terminal,FDH302029,TRUNK30189,False,,virtual_stub_cable,True
T3000284,Aerial Terminal,FDH302029,TRUNK30189,False,,virtual_stub_cable,True
T3000285,Aerial Terminal,FDH302029,TRUNK30189,False,,virtual_stub_cable,True
T3000469,Aerial Terminal,FDH303008,TRUNK30018,False,,virtual_stub_cable,True
T3000470,Aerial Terminal,FDH303008,TRUNK30018,False,,virtual_stub_cable,True
T3000288,Aerial Terminal,FDH302022,TRUNK30156,False,,virtual_stub_cable,True
T3000289,Aerial Terminal,FDH302029,TRUNK30189,False,,virtual_stub_cable,True
T3000290,Aerial Terminal,FDH302029,TRUNK30189,False,,virtual_stub_cable,True
T3000291,Aerial Terminal,FDH302029,TRUNK30189,False,,virtual_stub_cable,True
T3000297,Aerial Terminal,FDH302020,TRUNK30179,False,,virtual_stub_cable,True
T3000152,Aerial Terminal,FDH302025,TRUNK30101,False,,virtual_stub_cable,True
T3000300,Aerial Terminal,FDH302020,TRUNK30180,False,,virtual_stub_cable,True
T3000303,Aerial Terminal,FDH302020,TRUNK30179,False,,virtual_stub_cable,True
T3000305,Aerial Terminal,FDH302020,TRUNK30181,False,,virtual_stub_cable,True
T3000307,Aerial Terminal,FDH302020,TRUNK30181,False,,virtual_stub_cable,True
T3000308,Aerial Terminal,FDH302020,TRUNK30181,False,,virtual_stub_cable,True
T3000471,Aerial Terminal,FDH303008,TRUNK30012,False,,virtual_stub_cable,True
T3000472,Aerial Terminal,FDH303008,TRUNK30012,False,,virtual_stub_cable,True
T3000157,Aerial Terminal,FDH302025,TRUNK30277,False,,virtual_stub_cable,True
T3000162,Aerial Terminal,FDH302026,TRUNK30081,False,,virtual_stub_cable,True
T3000312,Aerial Terminal,FDH302022,TRUNK30158,False,,virtual_stub_cable,True
T3000315,Aerial Terminal,FDH303032,TRUNK30348,False,,virtual_stub_cable,True
T3000474,Aerial Terminal,FDH303008,TRUNK30012,False,,virtual_stub_cable,True
T3000313,Aerial Terminal,FDH303032,TRUNK30349,False,,virtual_stub_cable,True
T3000473,Aerial Terminal,FDH303008,TRUNK30012,False,,virtual_stub_cable,True
T3000330,Aerial Terminal,FDH302030,TRUNK30148,False,,virtual_stub_cable,True
T3000318,Aerial Terminal,FDH303032,TRUNK30280,False,,virtual_stub_cable,True
T3000328,Aerial Terminal,FDH302030,TRUNK30148,False,,virtual_stub_cable,True
T3000319,Aerial Terminal,FDH303032,TRUNK30280,False,,virtual_stub_cable,True
T3000322,Aerial Terminal,FDH303032,TRUNK30347,False,,virtual_stub_cable,True
T3000323,Aerial Terminal,FDH303032,TRUNK30131,False,,virtual_stub_cable,True
T3000324,Aerial Terminal,FDH303032,TRUNK30131,False,,virtual_stub_cable,True
T3000325,Aerial Terminal,FDH303032,TRUNK30131,False,,virtual_stub_cable,True
T3000326,Aerial Terminal,FDH303032,TRUNK30131,False,,virtual_stub_cable,True
T3000329,Aerial Terminal,FDH302030,TRUNK30148,False,,virtual_stub_cable,True
T3000331,Aerial Terminal,FDH302030,TRUNK30148,False,,virtual_stub_cable,True
T3000475,Aerial Terminal,FDH303008,TRUNK30225,False,,virtual_stub_cable,True
T3000476,Aerial Terminal,FDH303008,TRUNK30225,False,,virtual_stub_cable,True
T3000477,Aerial Terminal,FDH303008,TRUNK30225,False,,virtual_stub_cable,True
T3000164,Aerial Terminal,FDH302026,TRUNK30082,False,,virtual_stub_cable,True
T3000268,Aerial Terminal,FDH302022,TRUNK30159,False,,virtual_stub_cable,True
T3000301,Aerial Terminal,FDH302020,TRUNK30180,False,,virtual_stub_cable,True
T3000320,Aerial Terminal,FDH303032,TRUNK30280,False,,virtual_stub_cable,True
T3000327,Aerial Terminal,FDH303032,TRUNK30131,False,,virtual_stub_cable,True
T3000333,Aerial Terminal,FDH302030,TRUNK30148,False,,virtual_stub_cable,True
T3000489,Aerial Terminal,FDH303011,TRUNK30365,False,,virtual_stub_cable,True
T3000490,Aerial Terminal,FDH303011,TRUNK30004,False,,virtual_stub_cable,True
T3000341,Aerial Terminal,FDH303033,TRUNK30345,False,,virtual_stub_cable,True
T3000342,Aerial Terminal,FDH303033,TRUNK30115,False,,virtual_stub_cable,True
T3000344,Aerial Terminal,FDH303033,TRUNK30345,False,,virtual_stub_cable,True
T3000345,Aerial Terminal,FDH303033,TRUNK30345,False,,virtual_stub_cable,True
T3000347,Aerial Terminal,FDH303033,TRUNK30203,False,,virtual_stub_cable,True
T3000359,Aerial Terminal,FDH303014,TRUNK30361,False,,virtual_stub_cable,True
T3000360,Aerial Terminal,FDH303035,TRUNK30343,False,,virtual_stub_cable,True
T3000361,Aerial Terminal,FDH303035,TRUNK30154,False,,virtual_stub_cable,True
T3000488,Aerial Terminal,FDH303011,TRUNK30365,False,,virtual_stub_cable,True
T3000493,Aerial Terminal,FDH303011,TRUNK30034,False,,virtual_stub_cable,True
T3000351,Aerial Terminal,FDH303035,TRUNK30203,False,,virtual_stub_cable,True
T3000352,Aerial Terminal,FDH303035,TRUNK30203,False,,virtual_stub_cable,True
T3000353,Aerial Terminal,FDH303035,TRUNK30203,False,,virtual_stub_cable,True
T3000354,Aerial Terminal,FDH303035,TRUNK30203,False,,virtual_stub_cable,True
T3000355,Aerial Terminal,FDH303035,TRUNK30203,False,,virtual_stub_cable,True
T3000356,Aerial Terminal,FDH303035,TRUNK30343,False,,virtual_stub_cable,True
T3000357,Aerial Terminal,FDH303035,TRUNK30343,False,,virtual_stub_cable,True
T3000362,Aerial Terminal,FDH303035,TRUNK30154,False,,virtual_stub_cable,True
T3000494,Aerial Terminal,FDH303011,TRUNK30035,False,,virtual_stub_cable,True
T3000495,Aerial Terminal,FDH303011,TRUNK30307,False,,virtual_stub_cable,True
T3000498,Aerial Terminal,FDH303003,TRUNK30333,False,,virtual_stub_cable,True
T3000499,Aerial Terminal,FDH303003,TRUNK30311,False,,virtual_stub_cable,True
T3000500,Aerial Terminal,FDH303003,TRUNK30311,False,,virtual_stub_cable,True
T3000502,Aerial Terminal,FDH303003,TRUNK30332,False,,virtual_stub_cable,True
T3000369,Aerial Terminal,FDH303034,TRUNK30162,False,,virtual_stub_cable,True
T3000377,Aerial Terminal,FDH303014,TRUNK30361,False,,virtual_stub_cable,True
T3000379,Aerial Terminal,FDH303014,TRUNK30361,False,,virtual_stub_cable,True
T3000380,Aerial Terminal,FDH303014,TRUNK30370,False,,virtual_stub_cable,True
T3000383,Aerial Terminal,FDH303014,TRUNK30252,False,,virtual_stub_cable,True
T3000384,Aerial Terminal,FDH303014,TRUNK30342,False,,virtual_stub_cable,True
T3000385,Aerial Terminal,FDH303014,TRUNK30342,False,,virtual_stub_cable,True
T3000386,Aerial Terminal,FDH303014,TRUNK30342,False,,virtual_stub_cable,True
T3000390,Aerial Terminal,FDH303014,TRUNK30248,False,,virtual_stub_cable,True
T3000391,Aerial Terminal,FDH303014,TRUNK30248,False,,virtual_stub_cable,True
T3000392,Aerial Terminal,FDH303014,TRUNK30248,False,,virtual_stub_cable,True
T3000393,Aerial Terminal,FDH303014,TRUNK30248,False,,virtual_stub_cable,True
T3000395,Aerial Terminal,FDH303014,TRUNK30342,False,,virtual_stub_cable,True
T3000396,Aerial Terminal,FDH303014,TRUNK30074,False,,virtual_stub_cable,True
T3000397,Aerial Terminal,FDH303014,TRUNK30344,False,,virtual_stub_cable,True
T3000398,Aerial Terminal,FDH303014,TRUNK30199,False,,virtual_stub_cable,True
T3000399,Aerial Terminal,FDH303014,TRUNK30205,False,,virtual_stub_cable,True
T3000412,Aerial Terminal,FDH303013,TRUNK30119,False,,virtual_stub_cable,True
T3000416,Aerial Terminal,FDH303014,TRUNK30205,False,,virtual_stub_cable,True
T3000501,Aerial Terminal,FDH303003,TRUNK30311,False,,virtual_stub_cable,True
T3000400,Aerial Terminal,FDH303014,TRUNK30116,False,,virtual_stub_cable,True
T3000401,Aerial Terminal,FDH303013,TRUNK30116,False,,virtual_stub_cable,True
T3000402,Aerial Terminal,FDH303013,TRUNK30116,False,,virtual_stub_cable,True
T3000403,Aerial Terminal,FDH303013,TRUNK30116,False,,virtual_stub_cable,True
T3000421,Aerial Terminal,FDH303012,TRUNK30152,False,,virtual_stub_cable,True
T3000503,Aerial Terminal,FDH303003,TRUNK30332,False,,virtual_stub_cable,True
T3000504,Aerial Terminal,FDH303003,TRUNK30332,False,,virtual_stub_cable,True
T3000404,Aerial Terminal,FDH303013,TRUNK30116,False,,virtual_stub_cable,True
T3000405,Aerial Terminal,FDH303013,TRUNK30117,False,,virtual_stub_cable,True
T3000406,Aerial Terminal,FDH303013,TRUNK30118,False,,virtual_stub_cable,True
T3000407,Aerial Terminal,FDH303013,TRUNK30118,False,,virtual_stub_cable,True
T3000408,Aerial Terminal,FDH303013,TRUNK30118,False,,virtual_stub_cable,True
T3000508,Aerial Terminal,FDH303003,TRUNK30275,False,,virtual_stub_cable,True
T3000511,Aerial Terminal,FDH303003,TRUNK30341,False,,virtual_stub_cable,True
T3000512,Aerial Terminal,FDH303003,TRUNK30275,False,,virtual_stub_cable,True
T3000513,Aerial Terminal,FDH303003,TRUNK30310,False,,virtual_stub_cable,True
T3000549,Aerial Terminal,FDH303003,TRUNK30332,False,,virtual_stub_cable,True
T3000550,Aerial Terminal,FDH303003,TRUNK30311,False,,virtual_stub_cable,True
T3000563,Aerial Terminal,FDH303003,TRUNK30077,False,,virtual_stub_cable,True
T3000564,Aerial Terminal,FDH303003,TRUNK30077,False,,virtual_stub_cable,True
T3000565,Aerial Terminal,FDH303003,TRUNK30065,False,,virtual_stub_cable,True
T3000566,Aerial Terminal,FDH303003,TRUNK30065,False,,virtual_stub_cable,True
T3000567,Aerial Terminal,FDH303002,TRUNK30338,False,,virtual_stub_cable,True
T3000433,Aerial Terminal,FDH303012,TRUNK30121,False,,virtual_stub_cable,True
T3000434,Aerial Terminal,FDH303012,TRUNK30121,False,,virtual_stub_cable,True
T3000435,Aerial Terminal,FDH303012,TRUNK30121,False,,virtual_stub_cable,True
T3000436,Aerial Terminal,FDH303012,TRUNK30359,False,,virtual_stub_cable,True
T3000437,Aerial Terminal,FDH303012,TRUNK30359,False,,virtual_stub_cable,True
T3000438,Aerial Terminal,FDH303012,TRUNK30359,False,,virtual_stub_cable,True
T3000439,Aerial Terminal,FDH303012,TRUNK30120,False,,virtual_stub_cable,True
T3000440,Aerial Terminal,FDH303012,TRUNK30120,False,,virtual_stub_cable,True
T3000441,Aerial Terminal,FDH303012,TRUNK30120,False,,virtual_stub_cable,True
T3000442,Aerial Terminal,FDH303012,TRUNK30120,False,,virtual_stub_cable,True
T3000443,Aerial Terminal,FDH303012,TRUNK30120,False,,virtual_stub_cable,True
T3000363,Aerial Terminal,FDH303035,TRUNK30154,False,,virtual_stub_cable,True
T3000448,Aerial Terminal,FDH303012,TRUNK30120,False,,virtual_stub_cable,True
T3000449,Aerial Terminal,FDH303012,TRUNK30120,False,,virtual_stub_cable,True
T3000450,Aerial Terminal,FDH303012,TRUNK30120,False,,virtual_stub_cable,True
T3000451,Aerial Terminal,FDH303015,TRUNK30036,False,,virtual_stub_cable,True
T3000452,Aerial Terminal,FDH303015,TRUNK30036,False,,virtual_stub_cable,True
T3000453,Aerial Terminal,FDH303015,TRUNK30036,False,,virtual_stub_cable,True
T3000455,Aerial Terminal,FDH303015,TRUNK30037,False,,virtual_stub_cable,True
T3000456,Aerial Terminal,FDH303015,TRUNK30036,False,,virtual_stub_cable,True
T3000037,Aerial Terminal,FDH303009,TRUNK30013,False,,virtual_stub_cable,True
T3000038,Aerial Terminal,FDH303009,TRUNK30013,False,,virtual_stub_cable,True
T3000459,Aerial Terminal,FDH303009,TRUNK30013,False,,virtual_stub_cable,True
T3000460,Aerial Terminal,FDH303009,TRUNK30013,False,,virtual_stub_cable,True
T3000461,Aerial Terminal,FDH303009,TRUNK30013,False,,virtual_stub_cable,True
T3000444,Aerial Terminal,FDH303009,TRUNK30015,False,,virtual_stub_cable,True
T3000462,Aerial Terminal,FDH303009,TRUNK30016,False,,virtual_stub_cable,True
T3000463,Aerial Terminal,FDH303009,TRUNK30019,False,,virtual_stub_cable,True
T3000568,Aerial Terminal,FDH303002,TRUNK30338,False,,virtual_stub_cable,True
T3000586,Aerial Terminal,FDH303002,TRUNK30328,False,,virtual_stub_cable,True
T3000587,Aerial Terminal,FDH303002,TRUNK30328,False,,virtual_stub_cable,False
T3000588,Aerial Terminal,FDH303002,TRUNK30328,False,,virtual_stub_cable,True
T3000590,Aerial Terminal,FDH303002,TRUNK30064,False,,virtual_stub_cable,False
T3000591,Aerial Terminal,FDH303002,TRUNK30064,False,,virtual_stub_cable,True
T3000466,Aerial Terminal,FDH303009,TRUNK30019,False,,virtual_stub_cable,True
T3000465,Aerial Terminal,FDH303009,TRUNK30019,False,,virtual_stub_cable,True
T3000464,Aerial Terminal,FDH303009,TRUNK30019,False,,virtual_stub_cable,True
T3000467,Aerial Terminal,FDH303008,TRUNK30018,False,,virtual_stub_cable,True
T3000553,Aerial Terminal,FDH303008,TRUNK30018,False,,virtual_stub_cable,True
T3000554,Aerial Terminal,FDH303008,TRUNK30018,False,,virtual_stub_cable,True
T3000555,Aerial Terminal,FDH303008,TRUNK30018,False,,virtual_stub_cable,True
T3000468,Aerial Terminal,FDH303008,TRUNK30018,False,,virtual_stub_cable,True
T3000589,Aerial Terminal,FDH303002,TRUNK30328,False,,virtual_stub_cable,False
T3000593,Aerial Terminal,FDH303002,TRUNK30055,False,,virtual_stub_cable,True
T3000594,Aerial Terminal,FDH303002,TRUNK30055,False,,virtual_stub_cable,False
T3000595,Aerial Terminal,FDH303002,TRUNK30367,False,,virtual_stub_cable,True
T3000556,Aerial Terminal,FDH303002,TRUNK30367,False,,virtual_stub_cable,True
T3000557,Aerial Terminal,FDH303017,TRUNK30319,False,,virtual_stub_cable,True
T3000558,Aerial Terminal,FDH303017,TRUNK30319,False,,virtual_stub_cable,True
T3000478,Aerial Terminal,FDH303008,TRUNK30225,False,,virtual_stub_cable,True
T3000479,Aerial Terminal,FDH303001,TRUNK30001,False,,virtual_stub_cable,True
T3000480,Aerial Terminal,FDH303001,TRUNK30001,False,,virtual_stub_cable,True
T3000481,Aerial Terminal,FDH303001,TRUNK30001,False,,virtual_stub_cable,True
T3000482,Aerial Terminal,FDH303001,TRUNK30001,False,,virtual_stub_cable,True
T3000483,Aerial Terminal,FDH303001,TRUNK30002,False,,virtual_stub_cable,True
T3000484,Aerial Terminal,FDH303001,TRUNK30002,False,,virtual_stub_cable,True
T3000039,Aerial Terminal,FDH303011,TRUNK30002,False,,virtual_stub_cable,True
T3000485,Aerial Terminal,FDH303011,TRUNK30002,False,,virtual_stub_cable,True
T3000486,Aerial Terminal,FDH303011,TRUNK30002,False,,virtual_stub_cable,True
T3000487,Aerial Terminal,FDH303011,TRUNK30002,False,,virtual_stub_cable,True
T3000559,Aerial Terminal,FDH303017,TRUNK30319,False,,virtual_stub_cable,True
T3000596,Aerial Terminal,FDH303017,TRUNK30319,False,,virtual_stub_cable,True
T3000597,Aerial Terminal,FDH303017,TRUNK30319,False,,virtual_stub_cable,True
T3000491,Aerial Terminal,FDH303011,TRUNK30004,False,,virtual_stub_cable,True
T3000492,Aerial Terminal,FDH303011,TRUNK30004,False,,virtual_stub_cable,True
T3000598,Aerial Terminal,FDH303017,TRUNK30319,False,,virtual_stub_cable,True
T3000599,Aerial Terminal,FDH303017,TRUNK30319,False,,virtual_stub_cable,True
T3000600,Aerial Terminal,FDH303017,TRUNK30319,False,,virtual_stub_cable,True
T3000601,Aerial Terminal,FDH303017,TRUNK30335,False,,virtual_stub_cable,True
T3000602,Aerial Terminal,FDH303017,TRUNK30335,False,,virtual_stub_cable,True
T3000603,Aerial Terminal,FDH303017,TRUNK30335,False,,virtual_stub_cable,True
T3000604,Aerial Terminal,FDH303017,TRUNK30335,False,,virtual_stub_cable,True
T3000605,Aerial Terminal,FDH303017,TRUNK30068,False,,virtual_stub_cable,True
T3000606,Aerial Terminal,FDH303017,TRUNK30068,False,,virtual_stub_cable,True
T3000607,Aerial Terminal,FDH303017,TRUNK30320,False,,virtual_stub_cable,True
T3000608,Aerial Terminal,FDH303016,TRUNK30320,False,,virtual_stub_cable,True
T3000621,Aerial Terminal,FDH303039,TRUNK30337,False,,virtual_stub_cable,True
T3000626,Aerial Terminal,FDH303010,TRUNK30014,False,,virtual_stub_cable,True
T3000627,Aerial Terminal,FDH303010,TRUNK30014,False,,virtual_stub_cable,True
T3000105,Aerial Terminal,FDH303010,TRUNK30021,False,,virtual_stub_cable,True
T3000106,Aerial Terminal,FDH303010,TRUNK30021,False,,virtual_stub_cable,True
T3000628,Aerial Terminal,FDH303010,TRUNK30021,False,,virtual_stub_cable,True
T3000629,Aerial Terminal,FDH303010,TRUNK30021,False,,virtual_stub_cable,True
T3000040,Aerial Terminal,FDH303010,TRUNK30021,False,,virtual_stub_cable,True
T3000630,Aerial Terminal,FDH303010,TRUNK30021,False,,virtual_stub_cable,True
T3000631,Aerial Terminal,FDH303010,TRUNK30021,False,,virtual_stub_cable,True
T3000632,Aerial Terminal,FDH303007,TRUNK30022,False,,virtual_stub_cable,True
T3000633,Aerial Terminal,FDH303007,TRUNK30022,False,,virtual_stub_cable,True
T3000634,Aerial Terminal,FDH303007,TRUNK30022,False,,virtual_stub_cable,True
T3000635,Aerial Terminal,FDH303007,TRUNK30022,False,,virtual_stub_cable,True
T3000636,Aerial Terminal,FDH303007,TRUNK30022,False,,virtual_stub_cable,True
T3000637,Aerial Terminal,FDH303007,TRUNK30027,False,,virtual_stub_cable,True
T3000638,Aerial Terminal,FDH303007,TRUNK30023,False,,virtual_stub_cable,True
T3000639,Aerial Terminal,FDH303007,TRUNK30023,False,,virtual_stub_cable,True
T3000640,Aerial Terminal,FDH303007,TRUNK30024,False,,virtual_stub_cable,True
T3000641,Aerial Terminal,FDH303007,TRUNK30024,False,,virtual_stub_cable,True
T3000642,Aerial Terminal,FDH303007,TRUNK30024,False,,virtual_stub_cable,True
T3000655,Aerial Terminal,FDH303007,TRUNK30028,False,,virtual_stub_cable,True
T3000656,Aerial Terminal,FDH303007,TRUNK30028,False,,virtual_stub_cable,True
T3000657,Aerial Terminal,FDH303007,TRUNK30028,False,,virtual_stub_cable,True
T3000658,Aerial Terminal,FDH303007,TRUNK30011,False,,virtual_stub_cable,True
T3000572,Aerial Terminal,FDH303005,TRUNK30009,False,,virtual_stub_cable,True
T3000581,Aerial Terminal,FDH303005,TRUNK30007,False,,virtual_stub_cable,True
T3000665,Aerial Terminal,FDH303004,TRUNK30029,False,,virtual_stub_cable,True
T3000666,Aerial Terminal,FDH303004,TRUNK30030,False,,virtual_stub_cable,True
T3000667,Aerial Terminal,FDH303004,TRUNK30030,False,,virtual_stub_cable,True
T3000668,Aerial Terminal,FDH303004,TRUNK30031,False,,virtual_stub_cable,True
T3000141,Aerial Terminal,FDH302024,TRUNK30109,False,,virtual_stub_cable,True
T3000143,Aerial Terminal,FDH302024,TRUNK30108,False,,virtual_stub_cable,True
T3000148,Aerial Terminal,FDH302025,TRUNK30102,False,,virtual_stub_cable,True
T3000153,Aerial Terminal,FDH302025,TRUNK30101,False,,virtual_stub_cable,True
T3000156,Aerial Terminal,FDH302025,TRUNK30277,False,,virtual_stub_cable,True
T3000158,Aerial Terminal,FDH302025,TRUNK30083,False,,virtual_stub_cable,True
T3000159,Aerial Terminal,FDH302025,TRUNK30083,False,,virtual_stub_cable,True
T3000189,Aerial Terminal,FDH302023,TRUNK30220,False,,virtual_stub_cable,True
T3000190,Aerial Terminal,FDH302023,TRUNK30088,False,,virtual_stub_cable,True
T3000191,Aerial Terminal,FDH302023,TRUNK30088,False,,virtual_stub_cable,True
T3000203,Aerial Terminal,FDH302027,TRUNK30086,False,,virtual_stub_cable,True
T3000609,Aerial Terminal,FDH303039,TRUNK30323,False,,virtual_stub_cable,True
T3000610,Aerial Terminal,FDH303039,TRUNK30323,False,,virtual_stub_cable,True
T3000611,Aerial Terminal,FDH303039,TRUNK30071,False,,virtual_stub_cable,True
T3000612,Aerial Terminal,FDH303039,TRUNK30071,False,,virtual_stub_cable,True
T3000613,Aerial Terminal,FDH303039,TRUNK30071,False,,virtual_stub_cable,True
T3000614,Aerial Terminal,FDH303039,TRUNK30071,False,,virtual_stub_cable,True
T3000615,Aerial Terminal,FDH303039,TRUNK30071,False,,virtual_stub_cable,True
T3000616,Aerial Terminal,FDH303039,TRUNK30071,False,,virtual_stub_cable,True
T3000617,Aerial Terminal,FDH303039,TRUNK30071,False,,virtual_stub_cable,True
T3000618,Aerial Terminal,FDH303039,TRUNK30337,False,,virtual_stub_cable,True
T3000619,Aerial Terminal,FDH303039,TRUNK30337,False,,virtual_stub_cable,True
T3000620,Aerial Terminal,FDH303039,TRUNK30337,False,,virtual_stub_cable,True
T3000622,Aerial Terminal,FDH303039,TRUNK30337,False,,virtual_stub_cable,True
T3000624,Aerial Terminal,FDH303010,TRUNK30020,False,,virtual_stub_cable,True
T3000625,Aerial Terminal,FDH303010,TRUNK30020,False,,virtual_stub_cable,True
T3000670,Aerial Terminal,FDH303004,TRUNK30030,False,,virtual_stub_cable,True
T3000671,Aerial Terminal,FDH303004,TRUNK30030,False,,virtual_stub_cable,True
T3000643,Aerial Terminal,FDH303006,TRUNK30026,False,,virtual_stub_cable,True
T3000644,Aerial Terminal,FDH303006,TRUNK30026,False,,virtual_stub_cable,True
T3000645,Aerial Terminal,FDH303006,TRUNK30026,False,,virtual_stub_cable,True
T3000646,Aerial Terminal,FDH303006,TRUNK30026,False,,virtual_stub_cable,True
T3000647,Aerial Terminal,FDH303006,TRUNK30026,False,,virtual_stub_cable,True
T3000648,Aerial Terminal,FDH303006,TRUNK30045,False,,virtual_stub_cable,True
T3000649,Aerial Terminal,FDH303006,TRUNK30046,False,,virtual_stub_cable,True
T3000650,Aerial Terminal,FDH303006,TRUNK30312,False,,virtual_stub_cable,True
T3000651,Aerial Terminal,FDH303006,TRUNK30312,False,,virtual_stub_cable,True
T3000652,Aerial Terminal,FDH303006,TRUNK30153,False,,virtual_stub_cable,True
T3000653,Aerial Terminal,FDH303006,TRUNK30153,False,,virtual_stub_cable,True
T3000660,Aerial Terminal,FDH303005,TRUNK30011,False,,virtual_stub_cable,True
T3000560,Aerial Terminal,FDH303005,TRUNK30011,False,,virtual_stub_cable,True
T3000569,Aerial Terminal,FDH303005,TRUNK30010,False,,virtual_stub_cable,True
T3000570,Aerial Terminal,FDH303005,TRUNK30010,False,,virtual_stub_cable,True
T3000573,Aerial Terminal,FDH303005,TRUNK30009,False,,virtual_stub_cable,True
T3000575,Aerial Terminal,FDH303005,TRUNK30008,False,,virtual_stub_cable,True
T3000576,Aerial Terminal,FDH303005,TRUNK30008,False,,virtual_stub_cable,True
T3000577,Aerial Terminal,FDH303005,TRUNK30008,False,,virtual_stub_cable,True
T3000578,Aerial Terminal,FDH303005,TRUNK30008,False,,virtual_stub_cable,True
T3000579,Aerial Terminal,FDH303005,TRUNK30007,False,,virtual_stub_cable,True
T3000580,Aerial Terminal,FDH303005,TRUNK30007,False,,virtual_stub_cable,True
T3000584,Aerial Terminal,FDH303004,TRUNK30006,False,,virtual_stub_cable,True
T3000582,Aerial Terminal,FDH303005,TRUNK30007,False,,virtual_stub_cable,True
T3000583,Aerial Terminal,FDH303004,TRUNK30007,False,,virtual_stub_cable,True
T3000661,Aerial Terminal,FDH303004,TRUNK30006,False,,virtual_stub_cable,True
T3000662,Aerial Terminal,FDH303004,TRUNK30006,False,,virtual_stub_cable,True
T3000663,Aerial Terminal,FDH303004,TRUNK30029,False,,virtual_stub_cable,True
T3000664,Aerial Terminal,FDH303004,TRUNK30029,False,,virtual_stub_cable,True
T3000673,Aerial Terminal,FDH303004,TRUNK30030,False,,virtual_stub_cable,True
T3000041,Aerial Terminal,FDH303041,TRUNK30318,False,,virtual_stub_cable,True
T3000042,Aerial Terminal,FDH303041,TRUNK30318,False,,virtual_stub_cable,True
T3000043,Aerial Terminal,FDH303041,TRUNK30318,False,,virtual_stub_cable,True
T3000674,Aerial Terminal,FDH303016,TRUNK30237,False,,virtual_stub_cable,True
T3000044,Aerial Terminal,FDH303041,TRUNK30318,False,,virtual_stub_cable,True
T3000045,Aerial Terminal,FDH303041,TRUNK30318,False,,virtual_stub_cable,True
T3000046,Aerial Terminal,FDH303041,TRUNK30318,False,,virtual_stub_cable,True
T3000047,Aerial Terminal,FDH303041,TRUNK30318,False,,virtual_stub_cable,True
T3000048,Aerial Terminal,FDH303041,TRUNK30318,False,,virtual_stub_cable,True
T3000686,Aerial Terminal,FDH303041,TRUNK30318,False,,virtual_stub_cable,True
T3000687,Aerial Terminal,FDH303041,TRUNK30318,False,,virtual_stub_cable,True
T3000688,Aerial Terminal,FDH303041,TRUNK30318,False,,virtual_stub_cable,True
T3000690,Aerial Terminal,FDH303041,TRUNK30316,False,,virtual_stub_cable,True
T3000691,Aerial Terminal,FDH303041,TRUNK30316,False,,virtual_stub_cable,True
T3000692,Aerial Terminal,FDH303041,TRUNK30316,False,,virtual_stub_cable,True
T3000693,Aerial Terminal,FDH303041,TRUNK30316,False,,virtual_stub_cable,True
T3000694,Aerial Terminal,FDH303011,TRUNK30035,False,,virtual_stub_cable,True
T3000699,Aerial Terminal,FDH303001,TRUNK30032,False,,virtual_stub_cable,True
T3000695,Aerial Terminal,FDH303015,TRUNK30032,False,,virtual_stub_cable,True
T3000696,Aerial Terminal,FDH303015,TRUNK30032,False,,virtual_stub_cable,True
T3000697,Aerial Terminal,FDH303015,TRUNK30032,False,,virtual_stub_cable,True
T3000700,Aerial Terminal,FDH303001,TRUNK30032,False,,virtual_stub_cable,True
T3000704,Aerial Terminal,FDH303001,TRUNK30033,False,,virtual_stub_cable,True
T3000701,Aerial Terminal,FDH303001,TRUNK30033,False,,virtual_stub_cable,True
T3000702,Aerial Terminal,FDH303006,TRUNK30046,False,,virtual_stub_cable,True
T3000703,Aerial Terminal,FDH303011,TRUNK30004,False,,virtual_stub_cable,True
T3000707,Aerial Terminal,FDH303011,TRUNK30034,False,,virtual_stub_cable,True
T3000705,Aerial Terminal,FDH303007,TRUNK30027,False,,virtual_stub_cable,True
T3000706,Aerial Terminal,FDH303006,TRUNK30046,False,,virtual_stub_cable,True
T3000721,Aerial Terminal,FDH302019,TRUNK30317,False,,virtual_stub_cable,True
T3000723,Aerial Terminal,FDH302019,TRUNK30351,False,,virtual_stub_cable,True
T3000217,Aerial Terminal,FDH302018,TRUNK30355,False,,virtual_stub_cable,True
T3000727,Aerial Terminal,FDH302038,TRUNK30314,False,,virtual_stub_cable,True
T3000726,Aerial Terminal,FDH302040,TRUNK30357,False,,virtual_stub_cable,True
T3000763,Aerial Terminal,FDH302023,TRUNK30091,False,,virtual_stub_cable,True
T3000722,Aerial Terminal,FDH301042,TRUNK30238,False,,virtual_stub_cable,True
T3000720,Aerial Terminal,FDH301043,TRUNK30128,False,,virtual_stub_cable,True
T3000514,Aerial Terminal,FDH301043,TRUNK30128,False,,virtual_stub_cable,True
T3000515,Aerial Terminal,FDH301043,TRUNK30128,False,,virtual_stub_cable,True
T3000709,Aerial Terminal,FDH303003,TRUNK30338,False,,virtual_stub_cable,True
T3000742,Aerial Terminal,FDH302024,TRUNK30326,False,,virtual_stub_cable,True
T3000710,Aerial Terminal,FDH302019,TRUNK30317,False,,virtual_stub_cable,True
T3000714,Aerial Terminal,FDH303003,TRUNK30065,False,,virtual_stub_cable,True
T3000715,Aerial Terminal,FDH303003,TRUNK30114,False,,virtual_stub_cable,True
T3000725,Aerial Terminal,FDH303035,TRUNK30203,False,,virtual_stub_cable,True
T3000738,Aerial Terminal,FDH303003,TRUNK30276,False,,virtual_stub_cable,True
T3000740,Aerial Terminal,FDH303039,TRUNK30071,False,,virtual_stub_cable,True
T3000446,Aerial Terminal,FDH303009,TRUNK30016,False,,virtual_stub_cable,True
T3000551,Aerial Terminal,FDH303014,TRUNK30248,False,,virtual_stub_cable,True
T3000420,Aerial Terminal,FDH303012,TRUNK30152,False,,virtual_stub_cable,True
T3000731,Aerial Terminal,FDH302022,TRUNK30157,False,,virtual_stub_cable,True
T3000733,Aerial Terminal,FDH302022,TRUNK30157,False,,virtual_stub_cable,True
T3000743,Aerial Terminal,FDH302022,TRUNK30165,False,,virtual_stub_cable,True
T3000744,Aerial Terminal,FDH303032,TRUNK30347,False,,virtual_stub_cable,True
T3000745,Aerial Terminal,FDH303032,TRUNK30280,False,,virtual_stub_cable,True
T3000752,Aerial Terminal,FDH302018,TRUNK30353,False,,virtual_stub_cable,True
T3000753,Aerial Terminal,FDH303001,TRUNK30033,False,,virtual_stub_cable,True
T3000756,Aerial Terminal,FDH303014,TRUNK30206,False,,virtual_stub_cable,True
T3000757,Aerial Terminal,FDH303014,TRUNK30205,False,,virtual_stub_cable,True
T3000760,Aerial Terminal,FDH302027,TRUNK30087,False,,virtual_stub_cable,False
T3000761,Aerial Terminal,FDH302023,TRUNK30040,False,,virtual_stub_cable,True
T3000762,Aerial Terminal,FDH301042,TRUNK30053,False,,virtual_stub_cable,False
T3000496,Aerial Terminal,FDH303011,TRUNK30307,False,,virtual_stub_cable,True
T3000562,Aerial Terminal,FDH303003,TRUNK30113,False,,virtual_stub_cable,True
T3000592,Aerial Terminal,FDH303002,TRUNK30062,False,,virtual_stub_cable,True
T3000623,Aerial Terminal,FDH303039,TRUNK30337,False,,virtual_stub_cable,True
T3000571,Aerial Terminal,FDH303005,TRUNK30010,False,,virtual_stub_cable,True
T3000574,Aerial Terminal,FDH303005,TRUNK30009,False,,virtual_stub_cable,True
T3000669,Aerial Terminal,FDH303004,TRUNK30031,False,,virtual_stub_cable,True
T3000672,Aerial Terminal,FDH303004,TRUNK30030,False,,virtual_stub_cable,True
T3000698,Aerial Terminal,FDH303001,TRUNK30032,False,,virtual_stub_cable,True
T3000001,Aerial Terminal,FDH301043,TRUNK30127,False,,virtual_stub_cable,True
T3000764,Aerial Terminal,FDH301042,TRUNK30054,False,,virtual_stub_cable,False
T5000030,Aerial Terminal,FDH501003,TRUNK50006,False,,virtual_stub_cable,True
T5000031,Aerial Terminal,FDH501002,TRUNK50001,False,,virtual_stub_cable,True
T5000033,Aerial Terminal,FDH501003,TRUNK50008,False,,virtual_stub_cable,True
T5000034,Aerial Terminal,FDH501003,TRUNK50010,False,,virtual_stub_cable,True
T5000038,Aerial Terminal,FDH501008,TRUNK50011,False,,virtual_stub_cable,True
T5000039,Aerial Terminal,FDH501008,TRUNK50011,False,,virtual_stub_cable,True
T5000175,Aerial Terminal,FDH502002,TRUNK50045,False,,virtual_stub_cable,True
T5000160,Aerial Terminal,FDH502018,TRUNK50078,False,,virtual_stub_cable,True
T5000161,Aerial Terminal,FDH502018,TRUNK50074,False,,virtual_stub_cable,True
T5000135,Aerial Terminal,FDH502018,TRUNK50093,False,,virtual_stub_cable,True
T5000059,Aerial Terminal,FDH502002,TRUNK50067,False,,virtual_stub_cable,True
T5000056,Aerial Terminal,FDH502017,TRUNK50077,False,,virtual_stub_cable,True
T5000042,Aerial Terminal,FDH502002,TRUNK50067,False,,virtual_stub_cable,True
T5000061,Aerial Terminal,FDH501008,TRUNK50031,False,,virtual_stub_cable,True
T5000062,Aerial Terminal,FDH501008,TRUNK50031,False,,virtual_stub_cable,True
T5000022,Aerial Terminal,FDH502017,TRUNK50076,False,,virtual_stub_cable,True
T5000048,Aerial Terminal,FDH502003,TRUNK50068,False,,virtual_stub_cable,True
T5000065,Aerial Terminal,FDH502003,TRUNK50068,False,,virtual_stub_cable,True
T5000066,Aerial Terminal,FDH502003,TRUNK50068,False,,virtual_stub_cable,True
T5000075,Aerial Terminal,FDH502017,TRUNK50088,False,,virtual_stub_cable,True
T5000032,Aerial Terminal,FDH501003,TRUNK50007,False,,virtual_stub_cable,True
T5000067,Aerial Terminal,FDH502003,TRUNK50268,False,,virtual_stub_cable,True
T5000049,Aerial Terminal,FDH502009,TRUNK50042,False,,virtual_stub_cable,True
T5000050,Aerial Terminal,FDH502009,TRUNK50042,False,,virtual_stub_cable,True
T5000068,Aerial Terminal,FDH502002,TRUNK50043,False,,virtual_stub_cable,True
T5000074,Aerial Terminal,FDH502002,TRUNK50043,False,,virtual_stub_cable,True
T5000076,Aerial Terminal,FDH502017,TRUNK50088,False,,virtual_stub_cable,True
T5000077,Aerial Terminal,FDH502017,TRUNK50089,False,,virtual_stub_cable,True
T5000085,Aerial Terminal,FDH502017,TRUNK50089,False,,virtual_stub_cable,True
T5000087,Aerial Terminal,FDH502017,TRUNK50088,False,,virtual_stub_cable,True
T5000088,Aerial Terminal,FDH502017,TRUNK50303,False,,virtual_stub_cable,True
T5000089,Aerial Terminal,FDH502017,TRUNK50085,False,,virtual_stub_cable,True
T5000090,Aerial Terminal,FDH502017,TRUNK50086,False,,virtual_stub_cable,True
T5000091,Aerial Terminal,FDH502017,TRUNK50086,False,,virtual_stub_cable,True
T5000095,Aerial Terminal,FDH501002,TRUNK50311,False,,virtual_stub_cable,False
T5000136,Aerial Terminal,FDH502018,TRUNK50093,False,,virtual_stub_cable,True
T5000096,Aerial Terminal,FDH502003,TRUNK50069,False,,virtual_stub_cable,True
T5000097,Aerial Terminal,FDH502003,TRUNK50072,False,,virtual_stub_cable,True
T5000098,Aerial Terminal,FDH502003,TRUNK50073,False,,virtual_stub_cable,True
T5000117,Aerial Terminal,FDH502003,TRUNK50073,False,,virtual_stub_cable,True
T5000118,Aerial Terminal,FDH502003,TRUNK50073,False,,virtual_stub_cable,True
T5000099,Aerial Terminal,FDH502018,TRUNK50074,False,,virtual_stub_cable,True
T5000100,Aerial Terminal,FDH502003,TRUNK50072,False,,virtual_stub_cable,True
T5000150,Aerial Terminal,FDH502018,TRUNK50092,False,,virtual_stub_cable,True
T5000080,Aerial Terminal,FDH502018,TRUNK50078,False,,virtual_stub_cable,True
T5000101,Aerial Terminal,FDH502017,TRUNK50082,False,,virtual_stub_cable,True
T5000102,Aerial Terminal,FDH502003,TRUNK50069,False,,virtual_stub_cable,True
T5000023,Aerial Terminal,FDH502017,TRUNK50076,False,,virtual_stub_cable,True
T5000069,Aerial Terminal,FDH502003,TRUNK50047,False,,virtual_stub_cable,True
T5000122,Aerial Terminal,FDH501002,TRUNK50036,False,,virtual_stub_cable,True
T5000123,Aerial Terminal,FDH501002,TRUNK50029,False,,virtual_stub_cable,True
T5000124,Aerial Terminal,FDH501002,TRUNK50029,False,,virtual_stub_cable,True
T5000125,Aerial Terminal,FDH501002,TRUNK50028,False,,virtual_stub_cable,True
T5000137,Aerial Terminal,FDH502018,TRUNK50093,False,,virtual_stub_cable,True
T5000232,Aerial Terminal,FDH502004,TRUNK50066,False,,virtual_stub_cable,True
T5000126,Aerial Terminal,FDH501002,TRUNK50027,False,,virtual_stub_cable,True
T5000127,Aerial Terminal,FDH501002,TRUNK50121,False,,virtual_stub_cable,True
T5000128,Aerial Terminal,FDH501002,TRUNK50121,False,,virtual_stub_cable,True
T5000129,Aerial Terminal,FDH501002,TRUNK50121,False,,virtual_stub_cable,True
T5000138,Aerial Terminal,FDH502018,TRUNK50094,False,,virtual_stub_cable,True
T5000139,Aerial Terminal,FDH502018,TRUNK50094,False,,virtual_stub_cable,True
T5000140,Aerial Terminal,FDH502018,TRUNK50094,False,,virtual_stub_cable,True
T5000141,Aerial Terminal,FDH502018,TRUNK50095,False,,virtual_stub_cable,True
T5000142,Aerial Terminal,FDH502018,TRUNK50095,False,,virtual_stub_cable,True
T5000154,Aerial Terminal,FDH501003,TRUNK50010,False,,virtual_stub_cable,True
T5000024,Aerial Terminal,FDH502017,TRUNK50080,False,,virtual_stub_cable,True
T5000025,Aerial Terminal,FDH502017,TRUNK50080,False,,virtual_stub_cable,True
T5000026,Aerial Terminal,FDH502017,TRUNK50079,False,,virtual_stub_cable,True
T5000093,Aerial Terminal,FDH501003,TRUNK50010,False,,virtual_stub_cable,True
T5000156,Aerial Terminal,FDH501002,TRUNK50002,False,,virtual_stub_cable,True
T5000188,Aerial Terminal,FDH501008,TRUNK50011,False,,virtual_stub_cable,True
T5000234,Aerial Terminal,FDH502005,TRUNK50056,False,,virtual_stub_cable,True
T5000235,Aerial Terminal,FDH502005,TRUNK50056,False,,virtual_stub_cable,True
T5000239,Aerial Terminal,FDH502005,TRUNK50100,False,,virtual_stub_cable,True
T5000240,Aerial Terminal,FDH502005,TRUNK50102,False,,virtual_stub_cable,True
T5000241,Aerial Terminal,FDH502005,TRUNK50102,False,,virtual_stub_cable,True
T5000242,Aerial Terminal,FDH502005,TRUNK50102,False,,virtual_stub_cable,True
T5000249,Aerial Terminal,FDH502005,TRUNK50101,False,,virtual_stub_cable,True
T5000253,Aerial Terminal,FDH502005,TRUNK50100,False,,virtual_stub_cable,True
T5000254,Aerial Terminal,FDH502006,TRUNK50106,False,,virtual_stub_cable,True
T5000256,Aerial Terminal,FDH502006,TRUNK50106,False,,virtual_stub_cable,True
T5000257,Aerial Terminal,FDH502005,TRUNK50100,False,,virtual_stub_cable,True
T5000258,Aerial Terminal,FDH502006,TRUNK50105,False,,virtual_stub_cable,True
T5000004,Aerial Terminal,FDH502018,TRUNK50051,False,,virtual_stub_cable,True
T5000005,Aerial Terminal,FDH502018,TRUNK50096,False,,virtual_stub_cable,True
T5000028,Aerial Terminal,FDH502017,TRUNK50079,False,,virtual_stub_cable,True
T5000029,Aerial Terminal,FDH502017,TRUNK50083,False,,virtual_stub_cable,True
T5000046,Aerial Terminal,FDH502003,TRUNK50069,False,,virtual_stub_cable,True
T5000070,Aerial Terminal,FDH502003,TRUNK50047,False,,virtual_stub_cable,True
T5000233,Aerial Terminal,FDH502004,TRUNK50066,False,,virtual_stub_cable,True
T5000259,Aerial Terminal,FDH502004,TRUNK50257,False,,virtual_stub_cable,True
T5000152,Aerial Terminal,FDH502005,TRUNK50099,False,,virtual_stub_cable,True
T5000268,Aerial Terminal,FDH502006,TRUNK50107,False,,virtual_stub_cable,True
T5000270,Aerial Terminal,FDH502008,TRUNK50133,False,,virtual_stub_cable,True
T5000271,Aerial Terminal,FDH502008,TRUNK50133,False,,virtual_stub_cable,True
T5000277,Aerial Terminal,FDH502004,TRUNK50054,False,,virtual_stub_cable,True
T5000278,Aerial Terminal,FDH502008,TRUNK50123,False,,virtual_stub_cable,True
T5000279,Aerial Terminal,FDH502008,TRUNK50125,False,,virtual_stub_cable,True
T5000282,Aerial Terminal,FDH502008,TRUNK50125,False,,virtual_stub_cable,True
T5000283,Aerial Terminal,FDH502008,TRUNK50125,False,,virtual_stub_cable,True
T5000284,Aerial Terminal,FDH502008,TRUNK50130,False,,virtual_stub_cable,True
T5000285,Aerial Terminal,FDH502006,TRUNK50108,False,,virtual_stub_cable,True
T5000286,Aerial Terminal,FDH502006,TRUNK50108,False,,virtual_stub_cable,True
T5000300,Aerial Terminal,FDH502010,TRUNK50170,False,,virtual_stub_cable,True
T5000047,Aerial Terminal,FDH502003,TRUNK50069,False,,virtual_stub_cable,True
T5000155,Aerial Terminal,FDH501002,TRUNK50002,False,,virtual_stub_cable,True
T5000267,Aerial Terminal,FDH502004,TRUNK50054,False,,virtual_stub_cable,True
T5000301,Aerial Terminal,FDH502010,TRUNK50171,False,,virtual_stub_cable,True
T5000302,Aerial Terminal,FDH502021,TRUNK50173,False,,virtual_stub_cable,True
T5000303,Aerial Terminal,FDH502010,TRUNK50170,False,,virtual_stub_cable,True
T5000153,Aerial Terminal,FDH502021,TRUNK50172,False,,virtual_stub_cable,True
T5000304,Aerial Terminal,FDH502021,TRUNK50172,False,,virtual_stub_cable,True
T5000305,Aerial Terminal,FDH502021,TRUNK50172,False,,virtual_stub_cable,True
T5000317,Aerial Terminal,FDH502021,TRUNK50178,False,,virtual_stub_cable,True
T5000318,Aerial Terminal,FDH502021,TRUNK50178,False,,virtual_stub_cable,True
T5000319,Aerial Terminal,FDH502021,TRUNK50177,False,,virtual_stub_cable,True
T5000320,Aerial Terminal,FDH502021,TRUNK50177,False,,virtual_stub_cable,True
T5000321,Aerial Terminal,FDH502021,TRUNK50177,False,,virtual_stub_cable,True
T5000322,Aerial Terminal,FDH502021,TRUNK50177,False,,virtual_stub_cable,True
T5000325,Aerial Terminal,FDH502021,TRUNK50176,False,,virtual_stub_cable,True
T5000326,Aerial Terminal,FDH502021,TRUNK50176,False,,virtual_stub_cable,True
T5000333,Aerial Terminal,FDH502010,TRUNK50128,False,,virtual_stub_cable,True
T5000334,Aerial Terminal,FDH502010,TRUNK50128,False,,virtual_stub_cable,True
T5000335,Aerial Terminal,FDH501003,TRUNK50006,False,,virtual_stub_cable,True
T5000011,Aerial Terminal,FDH501002,TRUNK50002,False,,virtual_stub_cable,True
T5000012,Aerial Terminal,FDH501002,TRUNK50001,False,,virtual_stub_cable,True
T5000013,Aerial Terminal,FDH501003,TRUNK50004,False,,virtual_stub_cable,True
T5000018,Aerial Terminal,FDH501003,TRUNK50006,False,,virtual_stub_cable,True
T5000019,Aerial Terminal,FDH501002,TRUNK50036,False,,virtual_stub_cable,True
T5000071,Aerial Terminal,FDH502003,TRUNK50047,False,,virtual_stub_cable,True
T5000072,Aerial Terminal,FDH502003,TRUNK50047,False,,virtual_stub_cable,True
T5000073,Aerial Terminal,FDH502002,TRUNK50043,False,,virtual_stub_cable,True
T5000336,Aerial Terminal,FDH502010,TRUNK50229,False,,virtual_stub_cable,True
T5000164,Aerial Terminal,FDH501002,TRUNK50001,False,,virtual_stub_cable,True
T5000119,Aerial Terminal,FDH502003,TRUNK50073,False,,virtual_stub_cable,True
T5000255,Aerial Terminal,FDH502005,TRUNK50100,False,,virtual_stub_cable,True
T5000027,Aerial Terminal,FDH502017,TRUNK50079,False,,virtual_stub_cable,True
T5000120,Aerial Terminal,FDH501002,TRUNK50036,False,,virtual_stub_cable,True
T5000121,Aerial Terminal,FDH501002,TRUNK50036,False,,virtual_stub_cable,True
T5000289,Aerial Terminal,FDH502006,TRUNK50108,False,,virtual_stub_cable,True
T5000290,Aerial Terminal,FDH502005,TRUNK50057,False,,virtual_stub_cable,True
T5000291,Aerial Terminal,FDH502005,TRUNK50057,False,,virtual_stub_cable,True
T5000086,Aerial Terminal,FDH502003,TRUNK50048,False,,virtual_stub_cable,True
T5000306,Aerial Terminal,FDH502021,TRUNK50172,False,,virtual_stub_cable,True
T5000307,Aerial Terminal,FDH502021,TRUNK50172,False,,virtual_stub_cable,True
T5000312,Aerial Terminal,FDH502021,TRUNK50179,False,,virtual_stub_cable,True
T5000314,Aerial Terminal,FDH502021,TRUNK50179,False,,virtual_stub_cable,False
T5000103,Aerial Terminal,FDH501002,TRUNK50036,False,,virtual_stub_cable,True
T5000231,Aerial Terminal,FDH502004,TRUNK50066,False,,virtual_stub_cable,True
T5000237,Aerial Terminal,FDH502005,TRUNK50260,False,,virtual_stub_cable,True
T5000238,Aerial Terminal,FDH502005,TRUNK50260,False,,virtual_stub_cable,True
T5000337,Aerial Terminal,FDH502010,TRUNK50229,False,,virtual_stub_cable,True
T5000143,Aerial Terminal,FDH502018,TRUNK50095,False,,virtual_stub_cable,True
T5000144,Aerial Terminal,FDH501003,TRUNK50010,False,,virtual_stub_cable,True
T5000236,Aerial Terminal,FDH502005,TRUNK50260,False,,virtual_stub_cable,True
T5000243,Aerial Terminal,FDH502006,TRUNK50106,False,,virtual_stub_cable,True
T5000338,Aerial Terminal,FDH502010,TRUNK50128,False,,virtual_stub_cable,True
T5000339,Aerial Terminal,FDH502010,TRUNK50229,False,,virtual_stub_cable,True
T5000340,Aerial Terminal,FDH502010,TRUNK50166,False,,virtual_stub_cable,True
T5000341,Aerial Terminal,FDH502010,TRUNK50166,False,,virtual_stub_cable,True
T5000342,Aerial Terminal,FDH502010,TRUNK50166,False,,virtual_stub_cable,True
T5000343,Aerial Terminal,FDH502010,TRUNK50166,False,,virtual_stub_cable,True
T5000344,Aerial Terminal,FDH502010,TRUNK50166,False,,virtual_stub_cable,True
T5000003,Aerial Terminal,FDH501008,TRUNK50034,False,,virtual_stub_cable,True
T5000203,Aerial Terminal,FDH502007,TRUNK50111,False,,virtual_stub_cable,True
T5000204,Aerial Terminal,FDH502007,TRUNK50111,False,,virtual_stub_cable,True
T5000205,Aerial Terminal,FDH502007,TRUNK50110,False,,virtual_stub_cable,True
T5000206,Aerial Terminal,FDH502007,TRUNK50112,False,,virtual_stub_cable,True
T5000207,Aerial Terminal,FDH502007,TRUNK50113,False,,virtual_stub_cable,True
T5000208,Aerial Terminal,FDH502007,TRUNK50113,False,,virtual_stub_cable,True
T5000250,Aerial Terminal,FDH502005,TRUNK50101,False,,virtual_stub_cable,True
T5000315,Aerial Terminal,FDH502021,TRUNK50179,False,,virtual_stub_cable,True
T5000316,Aerial Terminal,FDH502021,TRUNK50179,False,,virtual_stub_cable,True
T5000345,Aerial Terminal,FDH502010,TRUNK50166,False,,virtual_stub_cable,True
T5000347,Aerial Terminal,FDH502010,TRUNK50167,False,,virtual_stub_cable,True
T5000348,Aerial Terminal,FDH502010,TRUNK50167,False,,virtual_stub_cable,True
T5000349,Aerial Terminal,FDH502010,TRUNK50167,False,,virtual_stub_cable,True
T5000209,Aerial Terminal,FDH502007,TRUNK50113,False,,virtual_stub_cable,True
T5000210,Aerial Terminal,FDH502020,TRUNK50237,False,,virtual_stub_cable,True
T5000001,Aerial Terminal,FDH502020,TRUNK50058,False,,virtual_stub_cable,True
T5000213,Aerial Terminal,FDH502004,TRUNK50097,False,,virtual_stub_cable,True
T5000260,Aerial Terminal,FDH502007,TRUNK50129,False,,virtual_stub_cable,True
T5000265,Aerial Terminal,FDH502008,TRUNK50123,False,,virtual_stub_cable,True
T5000266,Aerial Terminal,FDH502006,TRUNK50107,False,,virtual_stub_cable,True
T5000350,Aerial Terminal,FDH502010,TRUNK50167,False,,virtual_stub_cable,True
T5000162,Aerial Terminal,FDH502010,TRUNK50167,False,,virtual_stub_cable,True
T5000163,Aerial Terminal,FDH502010,TRUNK50167,False,,virtual_stub_cable,True
T5000183,Aerial Terminal,FDH502019,TRUNK50168,False,,virtual_stub_cable,True
T5000184,Aerial Terminal,FDH502019,TRUNK50168,False,,virtual_stub_cable,True
T5000185,Aerial Terminal,FDH502019,TRUNK50168,False,,virtual_stub_cable,True
T5000351,Aerial Terminal,FDH502019,TRUNK50168,False,,virtual_stub_cable,True
T5000352,Aerial Terminal,FDH502019,TRUNK50168,False,,virtual_stub_cable,True
T5000186,Aerial Terminal,FDH502019,TRUNK50168,False,,virtual_stub_cable,True
T5000187,Aerial Terminal,FDH502019,TRUNK50168,False,,virtual_stub_cable,True
T5000211,Aerial Terminal,FDH502020,TRUNK50058,False,,virtual_stub_cable,True
T5000212,Aerial Terminal,FDH502007,TRUNK50110,False,,virtual_stub_cable,True
T5000214,Aerial Terminal,FDH502004,TRUNK50097,False,,virtual_stub_cable,True
T5000215,Aerial Terminal,FDH502020,TRUNK50103,False,,virtual_stub_cable,True
T5000216,Aerial Terminal,FDH502004,TRUNK50098,False,,virtual_stub_cable,True
T5000287,Aerial Terminal,FDH502005,TRUNK50057,False,,virtual_stub_cable,True
T5000288,Aerial Terminal,FDH502005,TRUNK50260,False,,virtual_stub_cable,True
T5000353,Aerial Terminal,FDH502019,TRUNK50169,False,,virtual_stub_cable,True
T5000356,Aerial Terminal,FDH502019,TRUNK50169,False,,virtual_stub_cable,True
T5000357,Aerial Terminal,FDH502019,TRUNK50169,False,,virtual_stub_cable,True
T5000358,Aerial Terminal,FDH502019,TRUNK50169,False,,virtual_stub_cable,True
T5000359,Aerial Terminal,FDH502019,TRUNK50169,False,,virtual_stub_cable,True
T5000360,Aerial Terminal,FDH502019,TRUNK50236,False,,virtual_stub_cable,True
T5000367,Aerial Terminal,FDH502020,TRUNK50237,False,,virtual_stub_cable,True
T5000368,Aerial Terminal,FDH502020,TRUNK50059,False,,virtual_stub_cable,True
T5000369,Aerial Terminal,FDH502020,TRUNK50059,False,,virtual_stub_cable,True
T5000370,Aerial Terminal,FDH502020,TRUNK50135,False,,virtual_stub_cable,True
T5000261,Aerial Terminal,FDH502007,TRUNK50242,False,,virtual_stub_cable,True
T5000313,Aerial Terminal,FDH502021,TRUNK50179,False,,virtual_stub_cable,True
T5000371,Aerial Terminal,FDH502020,TRUNK50134,False,,virtual_stub_cable,True
T5000374,Aerial Terminal,FDH502020,TRUNK50059,False,,virtual_stub_cable,True
T5000052,Aerial Terminal,FDH501009,TRUNK50208,False,,virtual_stub_cable,True
T5000379,Aerial Terminal,FDH501009,TRUNK50210,False,,virtual_stub_cable,True
T5000385,Aerial Terminal,FDH501009,TRUNK50210,False,,virtual_stub_cable,True
T5000386,Aerial Terminal,FDH501009,TRUNK50210,False,,virtual_stub_cable,True
T5000388,Aerial Terminal,FDH501009,TRUNK50208,False,,virtual_stub_cable,True
T5000389,Aerial Terminal,FDH501009,TRUNK50310,False,,virtual_stub_cable,True
T5000390,Aerial Terminal,FDH501009,TRUNK50209,False,,virtual_stub_cable,True
T5000391,Aerial Terminal,FDH501009,TRUNK50209,False,,virtual_stub_cable,True
T5000392,Aerial Terminal,FDH501009,TRUNK50209,False,,virtual_stub_cable,True
T5000398,Aerial Terminal,FDH502001,TRUNK50188,False,,virtual_stub_cable,True
T5000399,Aerial Terminal,FDH502001,TRUNK50188,False,,virtual_stub_cable,True
T5000405,Aerial Terminal,FDH501006,TRUNK50188,False,,virtual_stub_cable,True
T5000406,Aerial Terminal,FDH501006,TRUNK50190,False,,virtual_stub_cable,True
T5000116,Aerial Terminal,FDH502001,TRUNK50183,False,,virtual_stub_cable,True
T5000409,Aerial Terminal,FDH502001,TRUNK50184,False,,virtual_stub_cable,True
T5000411,Aerial Terminal,FDH501005,TRUNK50184,False,,virtual_stub_cable,True
T5000413,Aerial Terminal,FDH501005,TRUNK50185,False,,virtual_stub_cable,True
T5000414,Aerial Terminal,FDH501005,TRUNK50185,False,,virtual_stub_cable,True
T5000262,Aerial Terminal,FDH502007,TRUNK50242,False,,virtual_stub_cable,True
T5000263,Aerial Terminal,FDH502007,TRUNK50242,False,,virtual_stub_cable,True
T5000346,Aerial Terminal,FDH502010,TRUNK50243,False,,virtual_stub_cable,True
T5000372,Aerial Terminal,FDH502020,TRUNK50134,False,,virtual_stub_cable,True
T5000373,Aerial Terminal,FDH502020,TRUNK50059,False,,virtual_stub_cable,True
T5000415,Aerial Terminal,FDH501005,TRUNK50186,False,,virtual_stub_cable,True
T5000420,Aerial Terminal,FDH501005,TRUNK50187,False,,virtual_stub_cable,True
T5000107,Aerial Terminal,FDH501006,TRUNK50193,False,,virtual_stub_cable,True
T5000108,Aerial Terminal,FDH501006,TRUNK50190,False,,virtual_stub_cable,True
T5000008,Aerial Terminal,FDH501008,TRUNK50015,False,,virtual_stub_cable,True
T5000145,Aerial Terminal,FDH501008,TRUNK50014,False,,virtual_stub_cable,True
T5000443,Aerial Terminal,FDH501001,TRUNK50118,False,,virtual_stub_cable,True
T5000444,Aerial Terminal,FDH501001,TRUNK50117,False,,virtual_stub_cable,True
T5000445,Aerial Terminal,FDH501001,TRUNK50118,False,,virtual_stub_cable,True
T5000446,Aerial Terminal,FDH501001,TRUNK50117,False,,virtual_stub_cable,True
T5000447,Aerial Terminal,FDH501001,TRUNK50118,False,,virtual_stub_cable,True
T5000449,Aerial Terminal,FDH501001,TRUNK50117,False,,virtual_stub_cable,True
T5000245,Aerial Terminal,FDH502020,TRUNK50103,False,,virtual_stub_cable,True
T5000308,Aerial Terminal,FDH502021,TRUNK50173,False,,virtual_stub_cable,True
T5000362,Aerial Terminal,FDH502019,TRUNK50236,False,,virtual_stub_cable,True
T5000363,Aerial Terminal,FDH502020,TRUNK50237,False,,virtual_stub_cable,True
T5000051,Aerial Terminal,FDH502016,TRUNK50061,False,,virtual_stub_cable,True
T5000393,Aerial Terminal,FDH501009,TRUNK50209,False,,virtual_stub_cable,True
T5000395,Aerial Terminal,FDH502001,TRUNK50182,False,,virtual_stub_cable,True
T5000396,Aerial Terminal,FDH502001,TRUNK50182,False,,virtual_stub_cable,True
T5000407,Aerial Terminal,FDH501009,TRUNK50208,False,,virtual_stub_cable,True
T5000408,Aerial Terminal,FDH501006,TRUNK50238,False,,virtual_stub_cable,True
T5000104,Aerial Terminal,FDH502001,TRUNK50183,False,,virtual_stub_cable,True
T5000151,Aerial Terminal,FDH502020,TRUNK50058,False,,virtual_stub_cable,True
T5000217,Aerial Terminal,FDH502004,TRUNK50053,False,,virtual_stub_cable,True
T5000218,Aerial Terminal,FDH502004,TRUNK50053,False,,virtual_stub_cable,True
T5000463,Aerial Terminal,FDH502014,TRUNK50148,False,,virtual_stub_cable,True
T5000219,Aerial Terminal,FDH502020,TRUNK50103,False,,virtual_stub_cable,True
T5000220,Aerial Terminal,FDH502020,TRUNK50103,False,,virtual_stub_cable,True
T5000464,Aerial Terminal,FDH502014,TRUNK50148,False,,virtual_stub_cable,True
T5000221,Aerial Terminal,FDH502006,TRUNK50104,False,,virtual_stub_cable,True
T5000228,Aerial Terminal,FDH502006,TRUNK50109,False,,virtual_stub_cable,True
T5000310,Aerial Terminal,FDH502021,TRUNK50174,False,,virtual_stub_cable,True
T5000397,Aerial Terminal,FDH502001,TRUNK50188,False,,virtual_stub_cable,True
T5000450,Aerial Terminal,FDH501001,TRUNK50117,False,,virtual_stub_cable,True
T5000451,Aerial Terminal,FDH501001,TRUNK50117,False,,virtual_stub_cable,True
T5000452,Aerial Terminal,FDH501001,TRUNK50117,False,,virtual_stub_cable,True
T5000465,Aerial Terminal,FDH502014,TRUNK50146,False,,virtual_stub_cable,True
T5000222,Aerial Terminal,FDH502006,TRUNK50104,False,,virtual_stub_cable,True
T5000223,Aerial Terminal,FDH502004,TRUNK50053,False,,virtual_stub_cable,True
T5000224,Aerial Terminal,FDH502006,TRUNK50109,False,,virtual_stub_cable,True
T5000225,Aerial Terminal,FDH502004,TRUNK50054,False,,virtual_stub_cable,True
T5000226,Aerial Terminal,FDH502006,TRUNK50109,False,,virtual_stub_cable,True
T5000229,Aerial Terminal,FDH502006,TRUNK50109,False,,virtual_stub_cable,True
T5000264,Aerial Terminal,FDH502007,TRUNK50242,False,,virtual_stub_cable,True
T5000416,Aerial Terminal,FDH501005,TRUNK50186,False,,virtual_stub_cable,True
T5000469,Aerial Terminal,FDH502012,TRUNK50161,False,,virtual_stub_cable,True
T5000168,Aerial Terminal,FDH501001,TRUNK50117,False,,virtual_stub_cable,True
T5000015,Aerial Terminal,FDH502009,TRUNK50041,False,,virtual_stub_cable,True
T5000016,Aerial Terminal,FDH501001,TRUNK50116,False,,virtual_stub_cable,True
T5000169,Aerial Terminal,FDH502009,TRUNK50041,False,,virtual_stub_cable,True
T5000170,Aerial Terminal,FDH502009,TRUNK50041,False,,virtual_stub_cable,True
T5000171,Aerial Terminal,FDH502002,TRUNK50045,False,,virtual_stub_cable,True
T5000172,Aerial Terminal,FDH502002,TRUNK50046,False,,virtual_stub_cable,True
T5000173,Aerial Terminal,FDH501003,TRUNK50007,False,,virtual_stub_cable,True
T5000247,Aerial Terminal,FDH502006,TRUNK50106,False,,virtual_stub_cable,True
T5000248,Aerial Terminal,FDH502006,TRUNK50106,False,,virtual_stub_cable,True
T5000280,Aerial Terminal,FDH502008,TRUNK50125,False,,virtual_stub_cable,True
T5000281,Aerial Terminal,FDH502008,TRUNK50125,False,,virtual_stub_cable,True
T5000251,Aerial Terminal,FDH502005,TRUNK50100,False,,virtual_stub_cable,True
T5000252,Aerial Terminal,FDH502005,TRUNK50100,False,,virtual_stub_cable,True
T5000412,Aerial Terminal,FDH501005,TRUNK50184,False,,virtual_stub_cable,True
T5000470,Aerial Terminal,FDH502014,TRUNK50151,False,,virtual_stub_cable,True
T5000272,Aerial Terminal,FDH502008,TRUNK50133,False,,virtual_stub_cable,True
T5000273,Aerial Terminal,FDH502008,TRUNK50123,False,,virtual_stub_cable,True
T5000274,Aerial Terminal,FDH502008,TRUNK50123,False,,virtual_stub_cable,True
T5000275,Aerial Terminal,FDH502008,TRUNK50132,False,,virtual_stub_cable,True
T5000309,Aerial Terminal,FDH502021,TRUNK50173,False,,virtual_stub_cable,True
T5000417,Aerial Terminal,FDH501005,TRUNK50240,False,,virtual_stub_cable,True
T5000471,Aerial Terminal,FDH502012,TRUNK50162,False,,virtual_stub_cable,True
T5000292,Aerial Terminal,FDH502005,TRUNK50057,False,,virtual_stub_cable,True
T5000293,Aerial Terminal,FDH502006,TRUNK50108,False,,virtual_stub_cable,True
T5000294,Aerial Terminal,FDH502008,TRUNK50126,False,,virtual_stub_cable,True
T5000295,Aerial Terminal,FDH502008,TRUNK50126,False,,virtual_stub_cable,True
T5000296,Aerial Terminal,FDH502008,TRUNK50126,False,,virtual_stub_cable,True
T5000297,Aerial Terminal,FDH502008,TRUNK50126,False,,virtual_stub_cable,True
T5000298,Aerial Terminal,FDH502004,TRUNK50054,False,,virtual_stub_cable,True
T5000299,Aerial Terminal,FDH502004,TRUNK50054,False,,virtual_stub_cable,True
T5000323,Aerial Terminal,FDH502021,TRUNK50177,False,,virtual_stub_cable,True
T5000324,Aerial Terminal,FDH502021,TRUNK50176,False,,virtual_stub_cable,True
T5000423,Aerial Terminal,FDH501006,TRUNK50198,False,,virtual_stub_cable,True
T5000473,Aerial Terminal,FDH502014,TRUNK50153,False,,virtual_stub_cable,True
T5000078,Aerial Terminal,FDH502016,TRUNK50061,False,,virtual_stub_cable,True
T5000375,Aerial Terminal,FDH502016,TRUNK50143,False,,virtual_stub_cable,True
T5000376,Aerial Terminal,FDH501007,TRUNK50212,False,,virtual_stub_cable,True
T5000377,Aerial Terminal,FDH501007,TRUNK50213,False,,virtual_stub_cable,True
T5000378,Aerial Terminal,FDH501009,TRUNK50208,False,,virtual_stub_cable,True
T5000113,Aerial Terminal,FDH501007,TRUNK50212,False,,virtual_stub_cable,True
T5000115,Aerial Terminal,FDH501007,TRUNK50212,False,,virtual_stub_cable,True
T5000394,Aerial Terminal,FDH501007,TRUNK50213,False,,virtual_stub_cable,True
T5000084,Aerial Terminal,FDH502001,TRUNK50182,False,,virtual_stub_cable,True
T5000079,Aerial Terminal,FDH502001,TRUNK50182,False,,virtual_stub_cable,True
T5000327,Aerial Terminal,FDH502021,TRUNK50176,False,,virtual_stub_cable,True
T5000328,Aerial Terminal,FDH502021,TRUNK50176,False,,virtual_stub_cable,True
T5000006,Aerial Terminal,FDH502009,TRUNK50042,False,,virtual_stub_cable,True
T5000010,Aerial Terminal,FDH502018,TRUNK50096,False,,virtual_stub_cable,True
T5000329,Aerial Terminal,FDH502018,TRUNK50050,False,,virtual_stub_cable,True
T5000330,Aerial Terminal,FDH502010,TRUNK50127,False,,virtual_stub_cable,True
T5000331,Aerial Terminal,FDH502010,TRUNK50127,False,,virtual_stub_cable,True
T5000332,Aerial Terminal,FDH502010,TRUNK50127,False,,virtual_stub_cable,True
T5000354,Aerial Terminal,FDH502019,TRUNK50169,False,,virtual_stub_cable,True
T5000355,Aerial Terminal,FDH502019,TRUNK50169,False,,virtual_stub_cable,True
T5000361,Aerial Terminal,FDH502019,TRUNK50236,False,,virtual_stub_cable,True
T5000105,Aerial Terminal,FDH501006,TRUNK50194,False,,virtual_stub_cable,True
T5000479,Aerial Terminal,FDH502012,TRUNK50250,False,,virtual_stub_cable,True
T5000480,Aerial Terminal,FDH502012,TRUNK50250,False,,virtual_stub_cable,True
T5000484,Aerial Terminal,FDH502014,TRUNK50153,False,,virtual_stub_cable,True
T5000485,Aerial Terminal,FDH502015,TRUNK50247,False,,virtual_stub_cable,True
T5000486,Aerial Terminal,FDH502013,TRUNK50250,False,,virtual_stub_cable,True
T5000487,Aerial Terminal,FDH502013,TRUNK50250,False,,virtual_stub_cable,True
T5000488,Aerial Terminal,FDH502013,TRUNK50250,False,,virtual_stub_cable,True
T5000387,Aerial Terminal,FDH501009,TRUNK50208,False,,virtual_stub_cable,True
T5000418,Aerial Terminal,FDH501005,TRUNK50187,False,,virtual_stub_cable,True
T5000419,Aerial Terminal,FDH501005,TRUNK50187,False,,virtual_stub_cable,True
T5000421,Aerial Terminal,FDH501005,TRUNK50187,False,,virtual_stub_cable,True
T5000422,Aerial Terminal,FDH501006,TRUNK50198,False,,virtual_stub_cable,True
T5000106,Aerial Terminal,FDH501006,TRUNK50194,False,,virtual_stub_cable,True
T5000489,Aerial Terminal,FDH502015,TRUNK50228,False,,virtual_stub_cable,True
T5000490,Aerial Terminal,FDH502015,TRUNK50247,False,,virtual_stub_cable,True
T5000147,Aerial Terminal,FDH502015,TRUNK50246,False,,virtual_stub_cable,True
T5000491,Aerial Terminal,FDH502015,TRUNK50246,False,,virtual_stub_cable,True
T5000492,Aerial Terminal,FDH502015,TRUNK50154,False,,virtual_stub_cable,True
T5000493,Aerial Terminal,FDH502015,TRUNK50246,False,,virtual_stub_cable,True
T5000505,Aerial Terminal,FDH502015,TRUNK50154,False,,virtual_stub_cable,True
T5000506,Aerial Terminal,FDH502013,TRUNK50158,False,,virtual_stub_cable,True
T5000511,Aerial Terminal,FDH502014,TRUNK50152,False,,virtual_stub_cable,True
T5000512,Aerial Terminal,FDH502014,TRUNK50147,False,,virtual_stub_cable,True
T5000513,Aerial Terminal,FDH502014,TRUNK50030,False,,virtual_stub_cable,True
T5000148,Aerial Terminal,FDH502011,TRUNK50155,False,,virtual_stub_cable,True
T5000380,Aerial Terminal,FDH501009,TRUNK50209,False,,virtual_stub_cable,True
T5000381,Aerial Terminal,FDH501009,TRUNK50210,False,,virtual_stub_cable,True
T5000382,Aerial Terminal,FDH501009,TRUNK50210,False,,virtual_stub_cable,True
T5000383,Aerial Terminal,FDH501009,TRUNK50210,False,,virtual_stub_cable,True
T5000384,Aerial Terminal,FDH501009,TRUNK50210,False,,virtual_stub_cable,True
T5000410,Aerial Terminal,FDH501005,TRUNK50184,False,,virtual_stub_cable,True
T5000514,Aerial Terminal,FDH502011,TRUNK50248,False,,virtual_stub_cable,True
T5000515,Aerial Terminal,FDH502014,TRUNK50091,False,,virtual_stub_cable,True
T5000516,Aerial Terminal,FDH502011,TRUNK50248,False,,virtual_stub_cable,True
T5000517,Aerial Terminal,FDH502011,TRUNK50156,False,,virtual_stub_cable,True
T5000519,Aerial Terminal,FDH502011,TRUNK50248,False,,virtual_stub_cable,True
T5000520,Aerial Terminal,FDH502011,TRUNK50248,False,,virtual_stub_cable,True
T5000521,Aerial Terminal,FDH502011,TRUNK50248,False,,virtual_stub_cable,True
T5000522,Aerial Terminal,FDH502011,TRUNK50248,False,,virtual_stub_cable,True
T5000523,Aerial Terminal,FDH502011,TRUNK50157,False,,virtual_stub_cable,True
T5000597,Aerial Terminal,FDH502011,TRUNK50226,False,,virtual_stub_cable,True
T5000525,Aerial Terminal,FDH502011,TRUNK50225,False,,virtual_stub_cable,True
T5000526,Aerial Terminal,FDH502011,TRUNK50225,False,,virtual_stub_cable,True
T5000037,Aerial Terminal,FDH501003,TRUNK50005,False,,virtual_stub_cable,True
T5000165,Aerial Terminal,FDH501008,TRUNK50012,False,,virtual_stub_cable,True
T5000040,Aerial Terminal,FDH501008,TRUNK50011,False,,virtual_stub_cable,True
T5000166,Aerial Terminal,FDH501008,TRUNK50012,False,,virtual_stub_cable,True
T5000167,Aerial Terminal,FDH501001,TRUNK50117,False,,virtual_stub_cable,True
T5000020,Aerial Terminal,FDH502009,TRUNK50120,False,,virtual_stub_cable,True
T5000178,Aerial Terminal,FDH502009,TRUNK50120,False,,virtual_stub_cable,True
T5000157,Aerial Terminal,FDH502018,TRUNK50074,False,,virtual_stub_cable,True
T5000158,Aerial Terminal,FDH502018,TRUNK50074,False,,virtual_stub_cable,True
T5000159,Aerial Terminal,FDH502018,TRUNK50078,False,,virtual_stub_cable,True
T5000424,Aerial Terminal,FDH501006,TRUNK50198,False,,virtual_stub_cable,True
T5000472,Aerial Terminal,FDH502012,TRUNK50162,False,,virtual_stub_cable,True
T5000528,Aerial Terminal,FDH502011,TRUNK50226,False,,virtual_stub_cable,True
T5000432,Aerial Terminal,FDH501008,TRUNK50026,False,,virtual_stub_cable,True
T5000433,Aerial Terminal,FDH501008,TRUNK50026,False,,virtual_stub_cable,False
T5000435,Aerial Terminal,FDH501008,TRUNK50013,False,,virtual_stub_cable,True
T5000436,Aerial Terminal,FDH501008,TRUNK50013,False,,virtual_stub_cable,True
T5000437,Aerial Terminal,FDH501001,TRUNK50116,False,,virtual_stub_cable,True
T5000529,Aerial Terminal,FDH501005,TRUNK50187,False,,virtual_stub_cable,True
T5000530,Aerial Terminal,FDH502017,TRUNK50075,False,,virtual_stub_cable,True
T5000531,Aerial Terminal,FDH502021,TRUNK50175,False,,virtual_stub_cable,True
T5000532,Aerial Terminal,FDH502006,TRUNK50163,False,,virtual_stub_cable,True
T5000533,Aerial Terminal,FDH502011,TRUNK50226,False,,virtual_stub_cable,True
T5000269,Aerial Terminal,FDH502011,TRUNK50226,False,,virtual_stub_cable,True
T5000538,Aerial Terminal,FDH502011,TRUNK50226,False,,virtual_stub_cable,True
T5000539,Aerial Terminal,FDH502011,TRUNK50226,False,,virtual_stub_cable,True
T5000540,Aerial Terminal,FDH501004,TRUNK50218,False,,virtual_stub_cable,True
T5000541,Aerial Terminal,FDH501004,TRUNK50218,False,,virtual_stub_cable,True
T5000542,Aerial Terminal,FDH501004,TRUNK50218,False,,virtual_stub_cable,True
T5000545,Aerial Terminal,FDH501004,TRUNK50216,False,,virtual_stub_cable,True
T5000546,Aerial Terminal,FDH501004,TRUNK50216,False,,virtual_stub_cable,True
T5000547,Aerial Terminal,FDH501004,TRUNK50216,False,,virtual_stub_cable,True
T5000195,Aerial Terminal,FDH502007,TRUNK50114,False,,virtual_stub_cable,True
T5000196,Aerial Terminal,FDH502007,TRUNK50110,False,,virtual_stub_cable,True
T5000197,Aerial Terminal,FDH502007,TRUNK50115,False,,virtual_stub_cable,True
T5000198,Aerial Terminal,FDH502007,TRUNK50110,False,,virtual_stub_cable,True
T5000199,Aerial Terminal,FDH501002,TRUNK50121,False,,virtual_stub_cable,True
T5000200,Aerial Terminal,FDH502007,TRUNK50115,False,,virtual_stub_cable,True
T5000201,Aerial Terminal,FDH502007,TRUNK50115,False,,virtual_stub_cable,True
T5000202,Aerial Terminal,FDH502007,TRUNK50115,False,,virtual_stub_cable,True
T5000244,Aerial Terminal,FDH501008,TRUNK50016,False,,virtual_stub_cable,True
T5000230,Aerial Terminal,FDH502004,TRUNK50066,False,,virtual_stub_cable,True
T5000548,Aerial Terminal,FDH501004,TRUNK50216,False,,virtual_stub_cable,True
T5000549,Aerial Terminal,FDH501004,TRUNK50216,False,,virtual_stub_cable,True
T5000550,Aerial Terminal,FDH502016,TRUNK50224,False,,virtual_stub_cable,True
T5000551,Aerial Terminal,FDH502016,TRUNK50224,False,,virtual_stub_cable,True
T5000552,Aerial Terminal,FDH502016,TRUNK50224,False,,virtual_stub_cable,True
T5000110,Aerial Terminal,FDH501006,TRUNK50191,False,,virtual_stub_cable,True
T5000002,Aerial Terminal,FDH501006,TRUNK50191,False,,virtual_stub_cable,True
T5000440,Aerial Terminal,FDH501001,TRUNK50116,False,,virtual_stub_cable,True
T5000441,Aerial Terminal,FDH501001,TRUNK50116,False,,virtual_stub_cable,True
T5000553,Aerial Terminal,FDH502016,TRUNK50060,False,,virtual_stub_cable,True
T5000554,Aerial Terminal,FDH502016,TRUNK50224,False,,virtual_stub_cable,True
T5000481,Aerial Terminal,FDH501008,TRUNK50016,False,,virtual_stub_cable,True
T5000425,Aerial Terminal,FDH501008,TRUNK50016,False,,virtual_stub_cable,True
T5000426,Aerial Terminal,FDH501008,TRUNK50016,False,,virtual_stub_cable,True
T5000427,Aerial Terminal,FDH501008,TRUNK50016,False,,virtual_stub_cable,True
T5000428,Aerial Terminal,FDH501008,TRUNK50016,False,,virtual_stub_cable,True
T5000442,Aerial Terminal,FDH501001,TRUNK50116,False,,virtual_stub_cable,True
T5000482,Aerial Terminal,FDH502014,TRUNK50230,False,,virtual_stub_cable,True
T5000555,Aerial Terminal,FDH502020,TRUNK50060,False,,virtual_stub_cable,True
T5000556,Aerial Terminal,FDH502016,TRUNK50136,False,,virtual_stub_cable,True
T5000557,Aerial Terminal,FDH502016,TRUNK50224,False,,virtual_stub_cable,True
T5000558,Aerial Terminal,FDH502016,TRUNK50224,False,,virtual_stub_cable,True
T5000559,Aerial Terminal,FDH502016,TRUNK50137,False,,virtual_stub_cable,True
T5000560,Aerial Terminal,FDH502016,TRUNK50224,False,,virtual_stub_cable,True
T5000561,Aerial Terminal,FDH502016,TRUNK50060,False,,virtual_stub_cable,True
T5000563,Aerial Terminal,FDH502016,TRUNK50137,False,,virtual_stub_cable,True
T5000564,Aerial Terminal,FDH502016,TRUNK50138,False,,virtual_stub_cable,True
T5000565,Aerial Terminal,FDH502016,TRUNK50138,False,,virtual_stub_cable,True
T5000429,Aerial Terminal,FDH501008,TRUNK50016,False,,virtual_stub_cable,True
T5000430,Aerial Terminal,FDH501008,TRUNK50015,False,,virtual_stub_cable,True
T5000431,Aerial Terminal,FDH501008,TRUNK50015,False,,virtual_stub_cable,True
T5000466,Aerial Terminal,FDH502014,TRUNK50244,False,,virtual_stub_cable,True
T5000595,Aerial Terminal,FDH502016,TRUNK50141,False,,virtual_stub_cable,True
T5000566,Aerial Terminal,FDH502016,TRUNK50141,False,,virtual_stub_cable,True
T5000568,Aerial Terminal,FDH501004,TRUNK50181,False,,virtual_stub_cable,True
T5000569,Aerial Terminal,FDH502014,TRUNK50149,False,,virtual_stub_cable,True
T5000570,Aerial Terminal,FDH502011,TRUNK50155,False,,virtual_stub_cable,True
T5000571,Aerial Terminal,FDH501004,TRUNK50181,False,,virtual_stub_cable,True
T5000572,Aerial Terminal,FDH501004,TRUNK50181,False,,virtual_stub_cable,True
T5000584,Aerial Terminal,FDH501007,TRUNK50212,False,,virtual_stub_cable,True
T5000585,Aerial Terminal,FDH502003,TRUNK50071,False,,virtual_stub_cable,True
T5000586,Aerial Terminal,FDH502016,TRUNK50060,False,,virtual_stub_cable,True
T5000588,Aerial Terminal,FDH502021,TRUNK50178,False,,virtual_stub_cable,True
T5000036,Aerial Terminal,FDH501003,TRUNK50317,False,,virtual_stub_cable,True
T5000177,Aerial Terminal,FDH502002,TRUNK50046,False,,virtual_stub_cable,True
T5000179,Aerial Terminal,FDH502002,TRUNK50063,False,,virtual_stub_cable,True
T5000180,Aerial Terminal,FDH502002,TRUNK50063,False,,virtual_stub_cable,True
T5000181,Aerial Terminal,FDH502002,TRUNK50062,False,,virtual_stub_cable,True
T5000182,Aerial Terminal,FDH502002,TRUNK50064,False,,virtual_stub_cable,True
T5000041,Aerial Terminal,FDH502002,TRUNK50067,False,,virtual_stub_cable,True
T5000055,Aerial Terminal,FDH502017,TRUNK50075,False,,virtual_stub_cable,True
T5000453,Aerial Terminal,FDH502014,TRUNK50149,False,,virtual_stub_cable,True
T5000454,Aerial Terminal,FDH502014,TRUNK50149,False,,virtual_stub_cable,True
T5000455,Aerial Terminal,FDH502014,TRUNK50146,False,,virtual_stub_cable,True
T5000456,Aerial Terminal,FDH502014,TRUNK50244,False,,virtual_stub_cable,True
T5000457,Aerial Terminal,FDH502014,TRUNK50244,False,,virtual_stub_cable,True
T5000458,Aerial Terminal,FDH502014,TRUNK50147,False,,virtual_stub_cable,True
T5000459,Aerial Terminal,FDH502016,TRUNK50143,False,,virtual_stub_cable,True
T5000460,Aerial Terminal,FDH502016,TRUNK50144,False,,virtual_stub_cable,True
T5000461,Aerial Terminal,FDH502016,TRUNK50144,False,,virtual_stub_cable,True
T5000462,Aerial Terminal,FDH502016,TRUNK50145,False,,virtual_stub_cable,True
T5000589,Aerial Terminal,FDH502021,TRUNK50178,False,,virtual_stub_cable,True
T5000590,Aerial Terminal,FDH502021,TRUNK50307,False,,virtual_stub_cable,True
T5000591,Aerial Terminal,FDH502021,TRUNK50315,False,,virtual_stub_cable,True
T5000592,Aerial Terminal,FDH502014,TRUNK50030,False,,virtual_stub_cable,True
T5000593,Aerial Terminal,FDH502014,TRUNK50230,False,,virtual_stub_cable,True
T5000111,Aerial Terminal,FDH502003,TRUNK50049,False,,virtual_stub_cable,True
T5000081,Aerial Terminal,FDH502003,TRUNK50048,False,,virtual_stub_cable,True
T5000364,Aerial Terminal,FDH502018,TRUNK50090,False,,virtual_stub_cable,True
T5000112,Aerial Terminal,FDH502003,TRUNK50049,False,,virtual_stub_cable,True
T5000114,Aerial Terminal,FDH502018,TRUNK50050,False,,virtual_stub_cable,True
T5000600,Aerial Terminal,FDH501006,TRUNK50253,False,,virtual_stub_cable,True
T5000611,Aerial Terminal,FDH501006,TRUNK50254,False,,virtual_stub_cable,True
T5000613,Aerial Terminal,FDH501006,TRUNK50254,False,,virtual_stub_cable,True
T5000017,Aerial Terminal,FDH501003,TRUNK50004,False,,virtual_stub_cable,True
T5000176,Aerial Terminal,FDH502002,TRUNK50044,False,,virtual_stub_cable,True
T5000060,Aerial Terminal,FDH502002,TRUNK50063,False,,virtual_stub_cable,True
T5000043,Aerial Terminal,FDH502002,TRUNK50067,False,,virtual_stub_cable,True
T5000053,Aerial Terminal,FDH502017,TRUNK50074,False,,virtual_stub_cable,True
T5000044,Aerial Terminal,FDH502002,TRUNK50063,False,,virtual_stub_cable,True
T5000054,Aerial Terminal,FDH502018,TRUNK50074,False,,virtual_stub_cable,True
T5000045,Aerial Terminal,FDH502002,TRUNK50063,False,,virtual_stub_cable,True
T5000057,Aerial Terminal,FDH502017,TRUNK50075,False,,virtual_stub_cable,True
T5000483,Aerial Terminal,FDH502014,TRUNK50230,False,,virtual_stub_cable,True
T5000518,Aerial Terminal,FDH502011,TRUNK50156,False,,virtual_stub_cable,True
T5000632,Aerial Terminal,FDH501007,TRUNK50208,False,,virtual_stub_cable,True
T5000058,Aerial Terminal,FDH502017,TRUNK50076,False,,virtual_stub_cable,True
T5000035,Aerial Terminal,FDH501003,TRUNK50010,False,,virtual_stub_cable,True
T5000064,Aerial Terminal,FDH502009,TRUNK50035,False,,virtual_stub_cable,True
T5000021,Aerial Terminal,FDH502017,TRUNK50076,False,,virtual_stub_cable,True
T5000467,Aerial Terminal,FDH502014,TRUNK50151,False,,virtual_stub_cable,True
T5000146,Aerial Terminal,FDH502012,TRUNK50161,False,,virtual_stub_cable,True
T5000468,Aerial Terminal,FDH502012,TRUNK50161,False,,virtual_stub_cable,True
T5000494,Aerial Terminal,FDH502013,TRUNK50250,False,,virtual_stub_cable,True
T5000495,Aerial Terminal,FDH502013,TRUNK50159,False,,virtual_stub_cable,True
T5000504,Aerial Terminal,FDH502013,TRUNK50158,False,,virtual_stub_cable,True
T5000543,Aerial Terminal,FDH501004,TRUNK50216,False,,virtual_stub_cable,True
T5000634,Aerial Terminal,FDH501001,TRUNK50117,False,,virtual_stub_cable,True
T5000507,Aerial Terminal,FDH502013,TRUNK50158,False,,virtual_stub_cable,True
T5000508,Aerial Terminal,FDH502014,TRUNK50244,False,,virtual_stub_cable,True
T5000509,Aerial Terminal,FDH502014,TRUNK50091,False,,virtual_stub_cable,True
T5000510,Aerial Terminal,FDH502014,TRUNK50091,False,,virtual_stub_cable,True
T5000638,Aerial Terminal,FDH502021,TRUNK50307,False,,virtual_stub_cable,True
T5000646,Aerial Terminal,FDH502006,TRUNK50164,False,,virtual_stub_cable,True
T5000647,Aerial Terminal,FDH502006,TRUNK50164,False,,virtual_stub_cable,True
T5000648,Aerial Terminal,FDH502006,TRUNK50164,False,,virtual_stub_cable,True
T5000649,Aerial Terminal,FDH502006,TRUNK50164,False,,virtual_stub_cable,True
T5000650,Aerial Terminal,FDH502006,TRUNK50165,False,,virtual_stub_cable,True
T5000651,Aerial Terminal,FDH502006,TRUNK50165,False,,virtual_stub_cable,True
T5000653,Aerial Terminal,FDH502015,TRUNK50154,False,,virtual_stub_cable,True
T5000654,Aerial Terminal,FDH502003,TRUNK50073,False,,virtual_stub_cable,True
T5000656,Aerial Terminal,FDH502011,TRUNK50157,False,,virtual_stub_cable,True
T5000657,Aerial Terminal,FDH502009,TRUNK50035,False,,virtual_stub_cable,True
T5000660,Aerial Terminal,FDH501007,TRUNK50208,False,,virtual_stub_cable,True
T5000661,Aerial Terminal,FDH501002,TRUNK50267,False,,virtual_stub_cable,True
T5000662,Aerial Terminal,FDH501002,TRUNK50261,False,,virtual_stub_cable,True
T5000663,Aerial Terminal,FDH501002,TRUNK50261,False,,virtual_stub_cable,True
T5000400,Aerial Terminal,FDH502001,TRUNK50188,False,,virtual_stub_cable,True
T5000401,Aerial Terminal,FDH502001,TRUNK50188,False,,virtual_stub_cable,True
T5000402,Aerial Terminal,FDH502001,TRUNK50188,False,,virtual_stub_cable,True
T5000403,Aerial Terminal,FDH502001,TRUNK50188,False,,virtual_stub_cable,True
T5000404,Aerial Terminal,FDH501006,TRUNK50188,False,,virtual_stub_cable,True
T5000527,Aerial Terminal,FDH502011,TRUNK50225,False,,virtual_stub_cable,True
T5000664,Aerial Terminal,FDH501002,TRUNK50261,False,,virtual_stub_cable,True
T5000476,Aerial Terminal,FDH502012,TRUNK50162,False,,virtual_stub_cable,True
T5000477,Aerial Terminal,FDH502012,TRUNK50250,False,,virtual_stub_cable,True
T5000478,Aerial Terminal,FDH502014,TRUNK50228,False,,virtual_stub_cable,True
T5000544,Aerial Terminal,FDH501004,TRUNK50216,False,,virtual_stub_cable,True
T5000587,Aerial Terminal,FDH502021,TRUNK50178,False,,virtual_stub_cable,True
T5000496,Aerial Terminal,FDH502013,TRUNK50158,False,,virtual_stub_cable,True
T5000497,Aerial Terminal,FDH502013,TRUNK50158,False,,virtual_stub_cable,True
T5000498,Aerial Terminal,FDH502015,TRUNK50246,False,,virtual_stub_cable,True
T5000499,Aerial Terminal,FDH502015,TRUNK50246,False,,virtual_stub_cable,True
T5000500,Aerial Terminal,FDH502015,TRUNK50246,False,,virtual_stub_cable,True
T5000534,Aerial Terminal,FDH502015,TRUNK50246,False,,virtual_stub_cable,True
T5000535,Aerial Terminal,FDH502011,TRUNK50226,False,,virtual_stub_cable,True
T5000536,Aerial Terminal,FDH502011,TRUNK50226,False,,virtual_stub_cable,True
T5000537,Aerial Terminal,FDH502011,TRUNK50226,False,,virtual_stub_cable,True
T5000567,Aerial Terminal,FDH502016,TRUNK50140,False,,virtual_stub_cable,True
T5000633,Aerial Terminal,FDH501001,TRUNK50118,False,,virtual_stub_cable,True
T5000501,Aerial Terminal,FDH502015,TRUNK50246,False,,virtual_stub_cable,True
T5000573,Aerial Terminal,FDH501004,TRUNK50241,False,,virtual_stub_cable,True
T5000574,Aerial Terminal,FDH501004,TRUNK50241,False,,virtual_stub_cable,True
T5000575,Aerial Terminal,FDH501004,TRUNK50241,False,,virtual_stub_cable,True
T5000576,Aerial Terminal,FDH501004,TRUNK50241,False,,virtual_stub_cable,True
T5000503,Aerial Terminal,FDH502013,TRUNK50158,False,,virtual_stub_cable,True
T5000601,Aerial Terminal,FDH501006,TRUNK50253,False,,virtual_stub_cable,True
T5000602,Aerial Terminal,FDH501006,TRUNK50253,False,,virtual_stub_cable,True
T5000603,Aerial Terminal,FDH501006,TRUNK50253,False,,virtual_stub_cable,True
T5000604,Aerial Terminal,FDH501006,TRUNK50253,False,,virtual_stub_cable,True
T5000605,Aerial Terminal,FDH501006,TRUNK50253,False,,virtual_stub_cable,True
T5000606,Aerial Terminal,FDH501006,TRUNK50253,False,,virtual_stub_cable,True
T5000607,Aerial Terminal,FDH501006,TRUNK50253,False,,virtual_stub_cable,True
T5000608,Aerial Terminal,FDH501006,TRUNK50254,False,,virtual_stub_cable,True
T5000609,Aerial Terminal,FDH501006,TRUNK50254,False,,virtual_stub_cable,True
T5000610,Aerial Terminal,FDH501006,TRUNK50254,False,,virtual_stub_cable,True
T5000639,Aerial Terminal,FDH501009,TRUNK50210,False,,virtual_stub_cable,True
T5000149,Aerial Terminal,FDH502011,TRUNK50249,False,,virtual_stub_cable,True
T5000524,Aerial Terminal,FDH502011,TRUNK50249,False,,virtual_stub_cable,True
T5000640,Aerial Terminal,FDH501007,TRUNK50212,False,,virtual_stub_cable,True
T5000641,Aerial Terminal,FDH501007,TRUNK50212,False,,virtual_stub_cable,True
T5000665,Aerial Terminal,FDH501002,TRUNK50261,False,,virtual_stub_cable,True
T5000666,Aerial Terminal,FDH502001,TRUNK50239,False,,virtual_stub_cable,True
T5000667,Aerial Terminal,FDH502001,TRUNK50239,False,,virtual_stub_cable,False
T5000669,Aerial Terminal,FDH502008,TRUNK50126,False,,virtual_stub_cable,True
T5000094,Aerial Terminal,FDH501003,TRUNK50008,False,,virtual_stub_cable,True
T5000130,Aerial Terminal,FDH501002,TRUNK50121,False,,virtual_stub_cable,True
T5000131,Aerial Terminal,FDH502009,TRUNK50041,False,,virtual_stub_cable,True
T5000132,Aerial Terminal,FDH502009,TRUNK50041,False,,virtual_stub_cable,True
T5000133,Aerial Terminal,FDH502009,TRUNK50041,False,,virtual_stub_cable,True
T5000134,Aerial Terminal,FDH502018,TRUNK50093,False,,virtual_stub_cable,True
T5000658,Aerial Terminal,FDH502017,TRUNK50086,False,,virtual_stub_cable,True
T5000659,Aerial Terminal,FDH501009,TRUNK50209,False,,virtual_stub_cable,True
T5000594,Aerial Terminal,FDH502004,TRUNK50066,False,,virtual_stub_cable,True
T5000189,Aerial Terminal,FDH502007,TRUNK50114,False,,virtual_stub_cable,True
T5000190,Aerial Terminal,FDH502007,TRUNK50114,False,,virtual_stub_cable,True
T5000191,Aerial Terminal,FDH501008,TRUNK50012,False,,virtual_stub_cable,True
T5000192,Aerial Terminal,FDH502007,TRUNK50114,False,,virtual_stub_cable,True
T5000193,Aerial Terminal,FDH502007,TRUNK50114,False,,virtual_stub_cable,True
T5000194,Aerial Terminal,FDH501003,TRUNK50007,False,,virtual_stub_cable,True
T5000577,Aerial Terminal,FDH502016,TRUNK50140,False,,virtual_stub_cable,True
T5000578,Aerial Terminal,FDH502016,TRUNK50140,False,,virtual_stub_cable,True
T5000579,Aerial Terminal,FDH502016,TRUNK50140,False,,virtual_stub_cable,True
T5000580,Aerial Terminal,FDH502016,TRUNK50139,False,,virtual_stub_cable,True
T5000581,Aerial Terminal,FDH502001,TRUNK50239,False,,virtual_stub_cable,True
T5000582,Aerial Terminal,FDH502001,TRUNK50239,False,,virtual_stub_cable,True
T5000583,Aerial Terminal,FDH502001,TRUNK50188,False,,virtual_stub_cable,True
T5000599,Aerial Terminal,FDH501006,TRUNK50253,False,,virtual_stub_cable,True
T5000082,Aerial Terminal,FDH502018,TRUNK50050,False,,virtual_stub_cable,True
T5000083,Aerial Terminal,FDH502018,TRUNK50050,False,,virtual_stub_cable,True
T5000009,Aerial Terminal,FDH502018,TRUNK50051,False,,virtual_stub_cable,True
T5000365,Aerial Terminal,FDH502018,TRUNK50090,False,,virtual_stub_cable,True
T5000246,Aerial Terminal,FDH502004,TRUNK50052,False,,virtual_stub_cable,True
T5000014,Aerial Terminal,FDH502004,TRUNK50052,False,,virtual_stub_cable,True
T5000598,Aerial Terminal,FDH501006,TRUNK50252,False,,virtual_stub_cable,True
T5000635,Aerial Terminal,FDH502006,TRUNK50163,False,,virtual_stub_cable,True
T5000636,Aerial Terminal,FDH502016,TRUNK50145,False,,virtual_stub_cable,True
T5000637,Aerial Terminal,FDH502014,TRUNK50146,False,,virtual_stub_cable,True
