{
"type": "FeatureCollection",
"name": "Vault",
"crs": { "type": "name", "properties": { "name": "urn:ogc:def:crs:EPSG::32617" } },
"features": [
{ "type": "Feature", "properties": { "ID": "1", "Size": "30X48X24", "Owner": "Rock Networks", "Status": "Proposed", "Struct_1": "Medium", "Subtype": "Vault", "Struct_2": "Splice", "Permit_ID": "MC-P1000034", "Trunk_ID": "TRUNK10146", "FDH_ID": "FDH102001", "Lot_No": null, "FSA_No": "ASSIGINACK FSA1", "OLT_ID": "102", "Subdiv": "1", "Comments": null, "SKU": "VLT-SGL-3048", "PON_ID": null, "layer": "vault", "path": "/Users/sandeepreddypailla/Downloads/Merge July 17th/PomeGran_Rock _SD1_OLT2-Assiginack_HLD_v1.3/PomeGran_Rock _SD1_OLT2-Assiginack_HLD_v1.3/vault.shp", "Contractor": null, "DtAsgCnstr": null, "ConStartDt": null, "DtInstald": null }, "geometry": { "type": "Point", "coordinates": [ 437665.199137649789918, 5060434.152522344142199 ] } },
{ "type": "Feature", "properties": { "ID": "2", "Size": "30X48X24", "Owner": "Rock Networks", "Status": "Proposed", "Struct_1": "Medium", "Subtype": "Vault", "Struct_2": "Splice", "Permit_ID": "MC-P1000034", "Trunk_ID": "TRUNK10146", "FDH_ID": "FDH102001", "Lot_No": null, "FSA_No": "ASSIGINACK FSA1", "OLT_ID": "102", "Subdiv": "1", "Comments": null, "SKU": "VLT-SGL-3048", "PON_ID": null, "layer": "vault", "path": "/Users/sandeepreddypailla/Downloads/Merge July 17th/PomeGran_Rock _SD1_OLT2-Assiginack_HLD_v1.3/PomeGran_Rock _SD1_OLT2-Assiginack_HLD_v1.3/vault.shp", "Contractor": null, "DtAsgCnstr": null, "ConStartDt": null, "DtInstald": null }, "geometry": { "type": "Point", "coordinates": [ 438656.941788522701245, 5060435.998530388809741 ] } },
{ "type": "Feature", "properties": { "ID": "3", "Size": "30X48X24", "Owner": "Rock Networks", "Status": "Proposed", "Struct_1": "Medium", "Subtype": "Vault", "Struct_2": "Splice", "Permit_ID": "MC-P1000034", "Trunk_ID": "TRUNK10146", "FDH_ID": "FDH102001", "Lot_No": null, "FSA_No": "ASSIGINACK FSA1", "OLT_ID": "102", "Subdiv": "1", "Comments": null, "SKU": "VLT-SGL-3048", "PON_ID": null, "layer": "vault", "path": "/Users/sandeepreddypailla/Downloads/Merge July 17th/PomeGran_Rock _SD1_OLT2-Assiginack_HLD_v1.3/PomeGran_Rock _SD1_OLT2-Assiginack_HLD_v1.3/vault.shp", "Contractor": null, "DtAsgCnstr": null, "ConStartDt": null, "DtInstald": null }, "geometry": { "type": "Point", "coordinates": [ 438665.176103208563291, 5060220.205783549696207 ] } },
{ "type": "Feature", "properties": { "ID": "4", "Size": "30X48X24", "Owner": "Rock Networks", "Status": "Proposed", "Struct_1": "Medium", "Subtype": "Vault", "Struct_2": "Splice", "Permit_ID": "MC-P1000033", "Trunk_ID": "TRUNK10158", "FDH_ID": "FDH102002", "Lot_No": null, "FSA_No": "ASSIGINACK FSA1", "OLT_ID": "102", "Subdiv": "1", "Comments": null, "SKU": "VLT-SGL-3048", "PON_ID": null, "layer": "vault", "path": "/Users/sandeepreddypailla/Downloads/Merge July 17th/PomeGran_Rock _SD1_OLT2-Assiginack_HLD_v1.3/PomeGran_Rock _SD1_OLT2-Assiginack_HLD_v1.3/vault.shp", "Contractor": null, "DtAsgCnstr": null, "ConStartDt": null, "DtInstald": null }, "geometry": { "type": "Point", "coordinates": [ 429139.753401956753805, 5060646.417715397663414 ] } },
{ "type": "Feature", "properties": { "ID": "5", "Size": "30X48X24", "Owner": "Rock Networks", "Status": "Proposed", "Struct_1": "Medium", "Subtype": "Vault", "Struct_2": "Splice", "Permit_ID": "MC-P1000033", "Trunk_ID": "TRUNK10158", "FDH_ID": "FDH102002", "Lot_No": null, "FSA_No": "ASSIGINACK FSA1", "OLT_ID": "102", "Subdiv": "1", "Comments": null, "SKU": "VLT-SGL-3048", "PON_ID": null, "layer": "vault", "path": "/Users/sandeepreddypailla/Downloads/Merge July 17th/PomeGran_Rock _SD1_OLT2-Assiginack_HLD_v1.3/PomeGran_Rock _SD1_OLT2-Assiginack_HLD_v1.3/vault.shp", "Contractor": null, "DtAsgCnstr": null, "ConStartDt": null, "DtInstald": null }, "geometry": { "type": "Point", "coordinates": [ 429148.404853156127501, 5061346.320117427967489 ] } },
{ "type": "Feature", "properties": { "ID": "6", "Size": "30X48X24", "Owner": "Rock Networks", "Status": "Proposed", "Struct_1": "Medium", "Subtype": "Vault", "Struct_2": "Splice", "Permit_ID": "MC-P1000033", "Trunk_ID": "TRUNK10158", "FDH_ID": "FDH102002", "Lot_No": null, "FSA_No": "ASSIGINACK FSA1", "OLT_ID": "102", "Subdiv": "1", "Comments": null, "SKU": "VLT-SGL-3048", "PON_ID": null, "layer": "vault", "path": "/Users/sandeepreddypailla/Downloads/Merge July 17th/PomeGran_Rock _SD1_OLT2-Assiginack_HLD_v1.3/PomeGran_Rock _SD1_OLT2-Assiginack_HLD_v1.3/vault.shp", "Contractor": null, "DtAsgCnstr": null, "ConStartDt": null, "DtInstald": null }, "geometry": { "type": "Point", "coordinates": [ 428338.757521905878093, 5061356.791017959825695 ] } },
{ "type": "Feature", "properties": { "ID": "7", "Size": "30X48X24", "Owner": "Rock Networks", "Status": "Proposed", "Struct_1": "Medium", "Subtype": "Vault", "Struct_2": "Splice", "Permit_ID": "MC-P1000033", "Trunk_ID": "TRUNK10158", "FDH_ID": "FDH102002", "Lot_No": null, "FSA_No": "ASSIGINACK FSA1", "OLT_ID": "102", "Subdiv": "1", "Comments": null, "SKU": "VLT-SGL-3048", "PON_ID": null, "layer": "vault", "path": "/Users/sandeepreddypailla/Downloads/Merge July 17th/PomeGran_Rock _SD1_OLT2-Assiginack_HLD_v1.3/PomeGran_Rock _SD1_OLT2-Assiginack_HLD_v1.3/vault.shp", "Contractor": null, "DtAsgCnstr": null, "ConStartDt": null, "DtInstald": null }, "geometry": { "type": "Point", "coordinates": [ 429152.494217358413152, 5062361.597720684483647 ] } },
{ "type": "Feature", "properties": { "ID": "8", "Size": "30X48X24", "Owner": "Rock Networks", "Status": "Proposed", "Struct_1": "Medium", "Subtype": "Vault", "Struct_2": "Splice", "Permit_ID": "MC-P1000033", "Trunk_ID": "TRUNK10158", "FDH_ID": "FDH102002", "Lot_No": null, "FSA_No": "ASSIGINACK FSA1", "OLT_ID": "102", "Subdiv": "1", "Comments": null, "SKU": "VLT-SGL-3048", "PON_ID": null, "layer": "vault", "path": "/Users/sandeepreddypailla/Downloads/Merge July 17th/PomeGran_Rock _SD1_OLT2-Assiginack_HLD_v1.3/PomeGran_Rock _SD1_OLT2-Assiginack_HLD_v1.3/vault.shp", "Contractor": null, "DtAsgCnstr": null, "ConStartDt": null, "DtInstald": null }, "geometry": { "type": "Point", "coordinates": [ 428706.841074875497725, 5062366.903188964352012 ] } },
{ "type": "Feature", "properties": { "ID": "9", "Size": "30X48X24", "Owner": "Rock Networks", "Status": "Proposed", "Struct_1": "Medium", "Subtype": "Vault", "Struct_2": "Splice", "Permit_ID": "MC-P1000035", "Trunk_ID": "TRUNK10165", "FDH_ID": "FDH102008", "Lot_No": null, "FSA_No": "WIKWEMIKONG UNCEDED First Nation FSA42", "OLT_ID": "102", "Subdiv": "1", "Comments": null, "SKU": "VLT-SGL-3048", "PON_ID": null, "layer": "vault", "path": "/Users/sandeepreddypailla/Downloads/Merge July 17th/PomeGran_Rock _SD1_OLT2-Assiginack_HLD_v1.3/PomeGran_Rock _SD1_OLT2-Assiginack_HLD_v1.3/vault.shp", "Contractor": null, "DtAsgCnstr": null, "ConStartDt": null, "DtInstald": null }, "geometry": { "type": "Point", "coordinates": [ 446853.411925315158442, 5073966.416058705188334 ] } },
{ "type": "Feature", "properties": { "ID": "10", "Size": "30X48X24", "Owner": "Rock Networks", "Status": "Proposed", "Struct_1": "Medium", "Subtype": "Vault", "Struct_2": "Splice", "Permit_ID": "MC-P1000035", "Trunk_ID": "TRUNK10165", "FDH_ID": "FDH102008", "Lot_No": null, "FSA_No": "WIKWEMIKONG UNCEDED First Nation FSA42", "OLT_ID": "102", "Subdiv": "1", "Comments": null, "SKU": "VLT-SGL-3048", "PON_ID": null, "layer": "vault", "path": "/Users/sandeepreddypailla/Downloads/Merge July 17th/PomeGran_Rock _SD1_OLT2-Assiginack_HLD_v1.3/PomeGran_Rock _SD1_OLT2-Assiginack_HLD_v1.3/vault.shp", "Contractor": null, "DtAsgCnstr": null, "ConStartDt": null, "DtInstald": null }, "geometry": { "type": "Point", "coordinates": [ 447776.91162263834849, 5074994.793836477212608 ] } },
{ "type": "Feature", "properties": { "ID": "13", "Size": "30X48X24", "Owner": "Rock Networks", "Status": "Proposed", "Struct_1": "Medium", "Subtype": "Vault", "Struct_2": "Splice", "Permit_ID": "MC-P1000037", "Trunk_ID": "TRUNK10154", "FDH_ID": "FDH102010", "Lot_No": null, "FSA_No": "WIKWEMIKONG UNCEDED First Nation FSA42", "OLT_ID": "102", "Subdiv": "1", "Comments": null, "SKU": "VLT-SGL-3048", "PON_ID": null, "layer": "vault", "path": "/Users/sandeepreddypailla/Downloads/Merge July 17th/PomeGran_Rock _SD1_OLT2-Assiginack_HLD_v1.3/PomeGran_Rock _SD1_OLT2-Assiginack_HLD_v1.3/vault.shp", "Contractor": null, "DtAsgCnstr": null, "ConStartDt": null, "DtInstald": null }, "geometry": { "type": "Point", "coordinates": [ 446338.882449115568306, 5081490.20519608259201 ] } },
{ "type": "Feature", "properties": { "ID": "14", "Size": "30X48X24", "Owner": "Rock Networks", "Status": "Proposed", "Struct_1": "Medium", "Subtype": "Vault", "Struct_2": "Splice", "Permit_ID": "MC-P1000037", "Trunk_ID": "TRUNK10154", "FDH_ID": "FDH102010", "Lot_No": null, "FSA_No": "WIKWEMIKONG UNCEDED First Nation FSA42", "OLT_ID": "102", "Subdiv": "1", "Comments": null, "SKU": "VLT-SGL-3048", "PON_ID": null, "layer": "vault", "path": "/Users/sandeepreddypailla/Downloads/Merge July 17th/PomeGran_Rock _SD1_OLT2-Assiginack_HLD_v1.3/PomeGran_Rock _SD1_OLT2-Assiginack_HLD_v1.3/vault.shp", "Contractor": null, "DtAsgCnstr": null, "ConStartDt": null, "DtInstald": null }, "geometry": { "type": "Point", "coordinates": [ 446375.912304862926248, 5080511.785331944935024 ] } },
{ "type": "Feature", "properties": { "ID": "15", "Size": "30X48X24", "Owner": "Rock Networks", "Status": "Proposed", "Struct_1": "Medium", "Subtype": "Vault", "Struct_2": "Splice", "Permit_ID": "MC-P1000029", "Trunk_ID": "TRUNK10186", "FDH_ID": "FDH102012", "Lot_No": null, "FSA_No": "ASSIGINACK FSA1", "OLT_ID": "102", "Subdiv": "1", "Comments": null, "SKU": "VLT-SGL-3048", "PON_ID": null, "layer": "vault", "path": "/Users/sandeepreddypailla/Downloads/Merge July 17th/PomeGran_Rock _SD1_OLT2-Assiginack_HLD_v1.3/PomeGran_Rock _SD1_OLT2-Assiginack_HLD_v1.3/vault.shp", "Contractor": null, "DtAsgCnstr": null, "ConStartDt": null, "DtInstald": null }, "geometry": { "type": "Point", "coordinates": [ 434782.065679966413882, 5069534.745959878899157 ] } },
{ "type": "Feature", "properties": { "ID": "16", "Size": "30X48X24", "Owner": "Rock Networks", "Status": "Proposed", "Struct_1": "Medium", "Subtype": "Vault", "Struct_2": "Splice", "Permit_ID": "MC-P1000029", "Trunk_ID": "TRUNK10186", "FDH_ID": "FDH102012", "Lot_No": null, "FSA_No": "ASSIGINACK FSA1", "OLT_ID": "102", "Subdiv": "1", "Comments": null, "SKU": "VLT-SGL-3048", "PON_ID": null, "layer": "vault", "path": "/Users/sandeepreddypailla/Downloads/Merge July 17th/PomeGran_Rock _SD1_OLT2-Assiginack_HLD_v1.3/PomeGran_Rock _SD1_OLT2-Assiginack_HLD_v1.3/vault.shp", "Contractor": null, "DtAsgCnstr": null, "ConStartDt": null, "DtInstald": null }, "geometry": { "type": "Point", "coordinates": [ 434753.252619640203193, 5070027.109807518310845 ] } },
{ "type": "Feature", "properties": { "ID": "17", "Size": "30X48X24", "Owner": "Rock Networks", "Status": "Proposed", "Struct_1": "Medium", "Subtype": "Vault", "Struct_2": "Splice", "Permit_ID": "MC-P1000029", "Trunk_ID": "TRUNK10186", "FDH_ID": "FDH102012", "Lot_No": null, "FSA_No": "ASSIGINACK FSA1", "OLT_ID": "102", "Subdiv": "1", "Comments": null, "SKU": "VLT-SGL-3048", "PON_ID": null, "layer": "vault", "path": "/Users/sandeepreddypailla/Downloads/Merge July 17th/PomeGran_Rock _SD1_OLT2-Assiginack_HLD_v1.3/PomeGran_Rock _SD1_OLT2-Assiginack_HLD_v1.3/vault.shp", "Contractor": null, "DtAsgCnstr": null, "ConStartDt": null, "DtInstald": null }, "geometry": { "type": "Point", "coordinates": [ 434733.715423292014748, 5070358.4751783804968 ] } },
{ "type": "Feature", "properties": { "ID": "18", "Size": "30X48X24", "Owner": "Rock Networks", "Status": "Proposed", "Struct_1": "Medium", "Subtype": "Vault", "Struct_2": "Splice", "Permit_ID": "MC-P1000030", "Trunk_ID": "TRUNK10239", "FDH_ID": "FDH102012", "Lot_No": null, "FSA_No": "ASSIGINACK FSA1", "OLT_ID": "102", "Subdiv": "1", "Comments": null, "SKU": "VLT-SGL-3048", "PON_ID": null, "layer": "vault", "path": "/Users/sandeepreddypailla/Downloads/Merge July 17th/PomeGran_Rock _SD1_OLT2-Assiginack_HLD_v1.3/PomeGran_Rock _SD1_OLT2-Assiginack_HLD_v1.3/vault.shp", "Contractor": null, "DtAsgCnstr": null, "ConStartDt": null, "DtInstald": null }, "geometry": { "type": "Point", "coordinates": [ 434719.293801888998132, 5068409.760479300282896 ] } },
{ "type": "Feature", "properties": { "ID": "19", "Size": "30X48X24", "Owner": "Rock Networks", "Status": "Proposed", "Struct_1": "Medium", "Subtype": "Vault", "Struct_2": "Splice", "Permit_ID": "MC-P1000030", "Trunk_ID": "TRUNK10239", "FDH_ID": "FDH102012", "Lot_No": null, "FSA_No": "ASSIGINACK FSA1", "OLT_ID": "102", "Subdiv": "1", "Comments": null, "SKU": "VLT-SGL-3048", "PON_ID": null, "layer": "vault", "path": "/Users/sandeepreddypailla/Downloads/Merge July 17th/PomeGran_Rock _SD1_OLT2-Assiginack_HLD_v1.3/PomeGran_Rock _SD1_OLT2-Assiginack_HLD_v1.3/vault.shp", "Contractor": null, "DtAsgCnstr": null, "ConStartDt": null, "DtInstald": null }, "geometry": { "type": "Point", "coordinates": [ 434736.17884620121913, 5068859.125314625911415 ] } },
{ "type": "Feature", "properties": { "ID": "20", "Size": "30X48X24", "Owner": "Rock Networks", "Status": "Proposed", "Struct_1": "Medium", "Subtype": "Vault", "Struct_2": "Splice", "Permit_ID": "MC-P1000029", "Trunk_ID": "TRUNK10186", "FDH_ID": "FDH102012", "Lot_No": null, "FSA_No": "ASSIGINACK FSA1", "OLT_ID": "102", "Subdiv": "1", "Comments": null, "SKU": "VLT-SGL-3048", "PON_ID": null, "layer": "vault", "path": "/Users/sandeepreddypailla/Downloads/Merge July 17th/PomeGran_Rock _SD1_OLT2-Assiginack_HLD_v1.3/PomeGran_Rock _SD1_OLT2-Assiginack_HLD_v1.3/vault.shp", "Contractor": null, "DtAsgCnstr": null, "ConStartDt": null, "DtInstald": null }, "geometry": { "type": "Point", "coordinates": [ 434746.999450867297128, 5069748.906475776806474 ] } },
{ "type": "Feature", "properties": { "ID": "21", "Size": "30X48X24", "Owner": "Rock Networks", "Status": "Proposed", "Struct_1": "Medium", "Subtype": "Vault", "Struct_2": "Splice", "Permit_ID": "MC-P1000030", "Trunk_ID": "TRUNK10239", "FDH_ID": "FDH102012", "Lot_No": null, "FSA_No": "ASSIGINACK FSA1", "OLT_ID": "102", "Subdiv": "1", "Comments": null, "SKU": "VLT-SGL-3048", "PON_ID": null, "layer": "vault", "path": "/Users/sandeepreddypailla/Downloads/Merge July 17th/PomeGran_Rock _SD1_OLT2-Assiginack_HLD_v1.3/PomeGran_Rock _SD1_OLT2-Assiginack_HLD_v1.3/vault.shp", "Contractor": null, "DtAsgCnstr": null, "ConStartDt": null, "DtInstald": null }, "geometry": { "type": "Point", "coordinates": [ 434767.319581159565132, 5068548.006698337383568 ] } },
{ "type": "Feature", "properties": { "ID": "22", "Size": "30X48X24", "Owner": "Rock Networks", "Status": "Proposed", "Struct_1": "Medium", "Subtype": "Vault", "Struct_2": "Splice", "Permit_ID": "MC-P1000031", "Trunk_ID": "TRUNK10203", "FDH_ID": "FDH102011", "Lot_No": null, "FSA_No": "ASSIGINACK FSA1", "OLT_ID": "102", "Subdiv": "1", "Comments": null, "SKU": "VLT-SGL-3048", "PON_ID": null, "layer": "vault", "path": "/Users/sandeepreddypailla/Downloads/Merge July 17th/PomeGran_Rock _SD1_OLT2-Assiginack_HLD_v1.3/PomeGran_Rock _SD1_OLT2-Assiginack_HLD_v1.3/vault.shp", "Contractor": null, "DtAsgCnstr": null, "ConStartDt": null, "DtInstald": null }, "geometry": { "type": "Point", "coordinates": [ 428708.333696703542955, 5070738.451269341632724 ] } },
{ "type": "Feature", "properties": { "ID": "23", "Size": "30X48X24", "Owner": "Rock Networks", "Status": "Proposed", "Struct_1": "Medium", "Subtype": "Vault", "Struct_2": "Splice", "Permit_ID": "MC-P1000031", "Trunk_ID": "TRUNK10203", "FDH_ID": "FDH102011", "Lot_No": null, "FSA_No": "ASSIGINACK FSA1", "OLT_ID": "102", "Subdiv": "1", "Comments": null, "SKU": "VLT-SGL-3048", "PON_ID": null, "layer": "vault", "path": "/Users/sandeepreddypailla/Downloads/Merge July 17th/PomeGran_Rock _SD1_OLT2-Assiginack_HLD_v1.3/PomeGran_Rock _SD1_OLT2-Assiginack_HLD_v1.3/vault.shp", "Contractor": null, "DtAsgCnstr": null, "ConStartDt": null, "DtInstald": null }, "geometry": { "type": "Point", "coordinates": [ 428713.853957590064965, 5071149.054764432832599 ] } },
{ "type": "Feature", "properties": { "ID": "24", "Size": "30X48X24", "Owner": "Rock Networks", "Status": "Proposed", "Struct_1": "Medium", "Subtype": "Vault", "Struct_2": "Splice", "Permit_ID": "MC-P1000031", "Trunk_ID": "TRUNK10203", "FDH_ID": "FDH102011", "Lot_No": null, "FSA_No": "ASSIGINACK FSA1", "OLT_ID": "102", "Subdiv": "1", "Comments": null, "SKU": "VLT-SGL-3048", "PON_ID": null, "layer": "vault", "path": "/Users/sandeepreddypailla/Downloads/Merge July 17th/PomeGran_Rock _SD1_OLT2-Assiginack_HLD_v1.3/PomeGran_Rock _SD1_OLT2-Assiginack_HLD_v1.3/vault.shp", "Contractor": null, "DtAsgCnstr": null, "ConStartDt": null, "DtInstald": null }, "geometry": { "type": "Point", "coordinates": [ 428719.611061258707196, 5071966.263661065138876 ] } },
{ "type": "Feature", "properties": { "ID": "25", "Size": "30X48X24", "Owner": "Rock Networks", "Status": "Proposed", "Struct_1": "Medium", "Subtype": "Vault", "Struct_2": "Splice", "Permit_ID": "MC-P1000032", "Trunk_ID": "TRUNK10221", "FDH_ID": "FDH102014", "Lot_No": null, "FSA_No": "ASSIGINACK FSA1", "OLT_ID": "102", "Subdiv": "1", "Comments": null, "SKU": "VLT-SGL-3048", "PON_ID": null, "layer": "vault", "path": "/Users/sandeepreddypailla/Downloads/Merge July 17th/PomeGran_Rock _SD1_OLT2-Assiginack_HLD_v1.3/PomeGran_Rock _SD1_OLT2-Assiginack_HLD_v1.3/vault.shp", "Contractor": null, "DtAsgCnstr": null, "ConStartDt": null, "DtInstald": null }, "geometry": { "type": "Point", "coordinates": [ 434922.442846829246264, 5066619.666950236074626 ] } },
{ "type": "Feature", "properties": { "ID": "26", "Size": "30X48X24", "Owner": "Rock Networks", "Status": "Proposed", "Struct_1": "Medium", "Subtype": "Vault", "Struct_2": "Splice", "Permit_ID": "MC-P1000032", "Trunk_ID": "TRUNK10221", "FDH_ID": "FDH102014", "Lot_No": null, "FSA_No": "ASSIGINACK FSA1", "OLT_ID": "102", "Subdiv": "1", "Comments": null, "SKU": "VLT-SGL-3048", "PON_ID": null, "layer": "vault", "path": "/Users/sandeepreddypailla/Downloads/Merge July 17th/PomeGran_Rock _SD1_OLT2-Assiginack_HLD_v1.3/PomeGran_Rock _SD1_OLT2-Assiginack_HLD_v1.3/vault.shp", "Contractor": null, "DtAsgCnstr": null, "ConStartDt": null, "DtInstald": null }, "geometry": { "type": "Point", "coordinates": [ 433328.862325528578367, 5066366.308386888355017 ] } },
{ "type": "Feature", "properties": { "ID": "27", "Size": "30X48X24", "Owner": "Rock Networks", "Status": "Proposed", "Struct_1": "Medium", "Subtype": "Vault", "Struct_2": "Splice", "Permit_ID": "MC-P1000032", "Trunk_ID": "TRUNK10223", "FDH_ID": "FDH102014", "Lot_No": null, "FSA_No": "ASSIGINACK FSA1", "OLT_ID": "102", "Subdiv": "1", "Comments": null, "SKU": "VLT-SGL-3048", "PON_ID": null, "layer": "vault", "path": "/Users/sandeepreddypailla/Downloads/Merge July 17th/PomeGran_Rock _SD1_OLT2-Assiginack_HLD_v1.3/PomeGran_Rock _SD1_OLT2-Assiginack_HLD_v1.3/vault.shp", "Contractor": null, "DtAsgCnstr": null, "ConStartDt": null, "DtInstald": null }, "geometry": { "type": "Point", "coordinates": [ 433240.112091313465498, 5065531.495657469145954 ] } },
{ "type": "Feature", "properties": { "ID": "28", "Size": "30X48X24", "Owner": "Rock Networks", "Status": "Proposed", "Struct_1": "Medium", "Subtype": "Vault", "Struct_2": "Splice", "Permit_ID": "MC-P1000032", "Trunk_ID": "TRUNK10223", "FDH_ID": "FDH102014", "Lot_No": null, "FSA_No": "ASSIGINACK FSA1", "OLT_ID": "102", "Subdiv": "1", "Comments": null, "SKU": "VLT-SGL-3048", "PON_ID": null, "layer": "vault", "path": "/Users/sandeepreddypailla/Downloads/Merge July 17th/PomeGran_Rock _SD1_OLT2-Assiginack_HLD_v1.3/PomeGran_Rock _SD1_OLT2-Assiginack_HLD_v1.3/vault.shp", "Contractor": null, "DtAsgCnstr": null, "ConStartDt": null, "DtInstald": null }, "geometry": { "type": "Point", "coordinates": [ 432442.667881568486337, 5065379.779467611573637 ] } },
{ "type": "Feature", "properties": { "ID": "29", "Size": "30X48X24", "Owner": "Rock Networks", "Status": "Proposed", "Struct_1": "Medium", "Subtype": "Vault", "Struct_2": "Splice", "Permit_ID": "MC-P1000038", "Trunk_ID": "TRUNK10205", "FDH_ID": "FDH102016", "Lot_No": null, "FSA_No": "ASSIGINACK FSA1", "OLT_ID": "102", "Subdiv": "1", "Comments": null, "SKU": "VLT-SGL-3048", "PON_ID": null, "layer": "vault", "path": "/Users/sandeepreddypailla/Downloads/Merge July 17th/PomeGran_Rock _SD1_OLT2-Assiginack_HLD_v1.3/PomeGran_Rock _SD1_OLT2-Assiginack_HLD_v1.3/vault.shp", "Contractor": null, "DtAsgCnstr": null, "ConStartDt": null, "DtInstald": null }, "geometry": { "type": "Point", "coordinates": [ 436989.928782301314641, 5065766.987716037780046 ] } },
{ "type": "Feature", "properties": { "ID": "31", "Size": "30X48X24", "Owner": "Rock Networks", "Status": "Proposed", "Struct_1": "Medium", "Subtype": "Vault", "Struct_2": "Splice", "Permit_ID": "MC-P1000035", "Trunk_ID": "TRUNK10165", "FDH_ID": "FDH102008", "Lot_No": null, "FSA_No": "WIKWEMIKONG UNCEDED First Nation FSA42", "OLT_ID": "102", "Subdiv": "1", "Comments": null, "SKU": "VLT-SGL-3048", "PON_ID": null, "layer": "vault", "path": "/Users/sandeepreddypailla/Downloads/Merge July 17th/PomeGran_Rock _SD1_OLT2-Assiginack_HLD_v1.3/PomeGran_Rock _SD1_OLT2-Assiginack_HLD_v1.3/vault.shp", "Contractor": null, "DtAsgCnstr": null, "ConStartDt": null, "DtInstald": null }, "geometry": { "type": "Point", "coordinates": [ 447278.613901091215666, 5074273.403695008717477 ] } },
{ "type": "Feature", "properties": { "ID": "32", "Size": "30X48X24", "Owner": "Rock Networks", "Status": "Proposed", "Struct_1": "Medium", "Subtype": "Vault", "Struct_2": null, "Permit_ID": "MC-P1000032", "Trunk_ID": "TRUNK10221", "FDH_ID": "FDH102014", "Lot_No": null, "FSA_No": "ASSIGINACK FSA1", "OLT_ID": "102", "Subdiv": "1", "Comments": null, "SKU": "VLT-SGL-3048", "PON_ID": null, "layer": "vault", "path": "/Users/sandeepreddypailla/Downloads/Merge July 17th/PomeGran_Rock _SD1_OLT2-Assiginack_HLD_v1.3/PomeGran_Rock _SD1_OLT2-Assiginack_HLD_v1.3/vault.shp", "Contractor": null, "DtAsgCnstr": null, "ConStartDt": null, "DtInstald": null }, "geometry": { "type": "Point", "coordinates": [ 434238.41209428064758, 5066327.071441227570176 ] } },
{ "type": "Feature", "properties": { "ID": "33", "Size": "36X60X36", "Owner": "Rock Networks", "Status": "Proposed", "Struct_1": "Large", "Subtype": "Vault", "Struct_2": "OLT", "Permit_ID": "MC-P1000009", "Trunk_ID": "TRUNK10197", "FDH_ID": "FDH102014", "Lot_No": null, "FSA_No": "ASSIGINACK FSA1", "OLT_ID": "102", "Subdiv": "1", "Comments": null, "SKU": "VLT-SGL-3660", "PON_ID": null, "layer": "vault", "path": "/Users/sandeepreddypailla/Downloads/Merge July 17th/PomeGran_Rock _SD1_OLT2-Assiginack_HLD_v1.3/PomeGran_Rock _SD1_OLT2-Assiginack_HLD_v1.3/vault.shp", "Contractor": null, "DtAsgCnstr": null, "ConStartDt": null, "DtInstald": null }, "geometry": { "type": "Point", "coordinates": [ 436989.315401892585214, 5065842.122309421189129 ] } },
{ "type": "Feature", "properties": { "ID": "34", "Size": "30X48X24", "Owner": "Rock Networks", "Status": "Proposed", "Struct_1": "Medium", "Subtype": "Vault", "Struct_2": "Splice", "Permit_ID": "MC-P1000073", "Trunk_ID": "TRUNK10156", "FDH_ID": "FDH102011", "Lot_No": null, "FSA_No": "ASSIGINACK FSA1", "OLT_ID": "102", "Subdiv": "1", "Comments": null, "SKU": "VLT-SGL-3048", "PON_ID": null, "layer": "vault", "path": "/Users/sandeepreddypailla/Downloads/Merge July 17th/PomeGran_Rock _SD1_OLT2-Assiginack_HLD_v1.3/PomeGran_Rock _SD1_OLT2-Assiginack_HLD_v1.3/vault.shp", "Contractor": null, "DtAsgCnstr": null, "ConStartDt": null, "DtInstald": null }, "geometry": { "type": "Point", "coordinates": [ 423577.230818835028913, 5073213.913579695858061 ] } },
{ "type": "Feature", "properties": { "ID": "35", "Size": "30X48X24", "Owner": "Rock Networks", "Status": "Proposed", "Struct_1": "Medium", "Subtype": "Vault", "Struct_2": "Splice", "Permit_ID": "MC-P1000073", "Trunk_ID": "TRUNK10155", "FDH_ID": "FDH102011", "Lot_No": null, "FSA_No": "ASSIGINACK FSA1", "OLT_ID": "102", "Subdiv": "1", "Comments": null, "SKU": "VLT-SGL-3048", "PON_ID": null, "layer": "vault", "path": "/Users/sandeepreddypailla/Downloads/Merge July 17th/PomeGran_Rock _SD1_OLT2-Assiginack_HLD_v1.3/PomeGran_Rock _SD1_OLT2-Assiginack_HLD_v1.3/vault.shp", "Contractor": null, "DtAsgCnstr": null, "ConStartDt": null, "DtInstald": null }, "geometry": { "type": "Point", "coordinates": [ 423600.23522746207891, 5074516.764704273082316 ] } },
{ "type": "Feature", "properties": { "ID": "36", "Size": "30X48X24", "Owner": "Rock Networks", "Status": "Proposed", "Struct_1": "Medium", "Subtype": "Vault", "Struct_2": null, "Permit_ID": "MC-P1000073", "Trunk_ID": "TRUNK10150", "FDH_ID": "FDH102011", "Lot_No": null, "FSA_No": "ASSIGINACK FSA1", "OLT_ID": "102", "Subdiv": "1", "Comments": null, "SKU": "VLT-SGL-3048", "PON_ID": null, "layer": "vault", "path": "/Users/sandeepreddypailla/Downloads/Merge July 17th/PomeGran_Rock _SD1_OLT2-Assiginack_HLD_v1.3/PomeGran_Rock _SD1_OLT2-Assiginack_HLD_v1.3/vault.shp", "Contractor": null, "DtAsgCnstr": null, "ConStartDt": null, "DtInstald": null }, "geometry": { "type": "Point", "coordinates": [ 422941.460517038067337, 5074911.021545950323343 ] } },
{ "type": "Feature", "properties": { "ID": "37", "Size": "30X48X24", "Owner": "Rock Networks", "Status": "Proposed", "Struct_1": "Medium", "Subtype": "Vault", "Struct_2": "Splice", "Permit_ID": "MC-P1000073", "Trunk_ID": "TRUNK10232", "FDH_ID": "FDH102011", "Lot_No": null, "FSA_No": "ASSIGINACK FSA1", "OLT_ID": "102", "Subdiv": "1", "Comments": null, "SKU": "VLT-SGL-3048", "PON_ID": null, "layer": "vault", "path": "/Users/sandeepreddypailla/Downloads/Merge July 17th/PomeGran_Rock _SD1_OLT2-Assiginack_HLD_v1.3/PomeGran_Rock _SD1_OLT2-Assiginack_HLD_v1.3/vault.shp", "Contractor": null, "DtAsgCnstr": null, "ConStartDt": null, "DtInstald": null }, "geometry": { "type": "Point", "coordinates": [ 421994.835224399459548, 5074929.037495684809983 ] } },
{ "type": "Feature", "properties": { "ID": "38", "Size": "30X48X24", "Owner": "Rock Networks", "Status": "Proposed", "Struct_1": "Medium", "Subtype": "Vault", "Struct_2": "Splice", "Permit_ID": "MC-P1000072", "Trunk_ID": "TRUNK10212", "FDH_ID": "FDH102013", "Lot_No": null, "FSA_No": "ASSIGINACK FSA1", "OLT_ID": "102", "Subdiv": "1", "Comments": null, "SKU": "VLT-SGL-3048", "PON_ID": null, "layer": "vault", "path": "/Users/sandeepreddypailla/Downloads/Merge July 17th/PomeGran_Rock _SD1_OLT2-Assiginack_HLD_v1.3/PomeGran_Rock _SD1_OLT2-Assiginack_HLD_v1.3/vault.shp", "Contractor": null, "DtAsgCnstr": null, "ConStartDt": null, "DtInstald": null }, "geometry": { "type": "Point", "coordinates": [ 433899.274336813366972, 5070675.542186292819679 ] } },
{ "type": "Feature", "properties": { "ID": "39", "Size": "30X48X24", "Owner": "Rock Networks", "Status": "Proposed", "Struct_1": "Medium", "Subtype": "Vault", "Struct_2": "Splice", "Permit_ID": "MC-P1000072", "Trunk_ID": "TRUNK10212", "FDH_ID": "FDH102013", "Lot_No": null, "FSA_No": "ASSIGINACK FSA1", "OLT_ID": "102", "Subdiv": "1", "Comments": null, "SKU": "VLT-SGL-3048", "PON_ID": null, "layer": "vault", "path": "/Users/sandeepreddypailla/Downloads/Merge July 17th/PomeGran_Rock _SD1_OLT2-Assiginack_HLD_v1.3/PomeGran_Rock _SD1_OLT2-Assiginack_HLD_v1.3/vault.shp", "Contractor": null, "DtAsgCnstr": null, "ConStartDt": null, "DtInstald": null }, "geometry": { "type": "Point", "coordinates": [ 433126.247164942265954, 5070680.538249094039202 ] } },
{ "type": "Feature", "properties": { "ID": "40", "Size": "30X48X24", "Owner": "Rock Networks", "Status": "Proposed", "Struct_1": "Medium", "Subtype": "Vault", "Struct_2": "Splice", "Permit_ID": "MC-P1000072", "Trunk_ID": "TRUNK10212", "FDH_ID": "FDH102013", "Lot_No": null, "FSA_No": "ASSIGINACK FSA1", "OLT_ID": "102", "Subdiv": "1", "Comments": null, "SKU": "VLT-SGL-3048", "PON_ID": null, "layer": "vault", "path": "/Users/sandeepreddypailla/Downloads/Merge July 17th/PomeGran_Rock _SD1_OLT2-Assiginack_HLD_v1.3/PomeGran_Rock _SD1_OLT2-Assiginack_HLD_v1.3/vault.shp", "Contractor": null, "DtAsgCnstr": null, "ConStartDt": null, "DtInstald": null }, "geometry": { "type": "Point", "coordinates": [ 432647.18038816913031, 5070685.582650437951088 ] } },
{ "type": "Feature", "properties": { "ID": "41", "Size": "30X48X24", "Owner": "Rock Networks", "Status": "Proposed", "Struct_1": "Medium", "Subtype": "Vault", "Struct_2": "Splice", "Permit_ID": "MC-P1000103", "Trunk_ID": "TRUNK10199", "FDH_ID": "FDH102011", "Lot_No": null, "FSA_No": "ASSIGINACK FSA1", "OLT_ID": "102", "Subdiv": "1", "Comments": null, "SKU": "VLT-SGL-3048", "PON_ID": null, "layer": "vault", "path": "/Users/sandeepreddypailla/Downloads/Merge July 17th/PomeGran_Rock _SD1_OLT2-Assiginack_HLD_v1.3/PomeGran_Rock _SD1_OLT2-Assiginack_HLD_v1.3/vault.shp", "Contractor": null, "DtAsgCnstr": null, "ConStartDt": null, "DtInstald": null }, "geometry": { "type": "Point", "coordinates": [ 423945.018654160609003, 5071842.469588917680085 ] } },
{ "type": "Feature", "properties": { "ID": "42", "Size": "30X48X24", "Owner": "Rock Networks", "Status": "Proposed", "Struct_1": "Medium", "Subtype": "Vault", "Struct_2": "Splice", "Permit_ID": "MC-P1000103", "Trunk_ID": "TRUNK10199", "FDH_ID": "FDH102011", "Lot_No": null, "FSA_No": "ASSIGINACK FSA1", "OLT_ID": "102", "Subdiv": "1", "Comments": null, "SKU": "VLT-SGL-3048", "PON_ID": null, "layer": "vault", "path": "/Users/sandeepreddypailla/Downloads/Merge July 17th/PomeGran_Rock _SD1_OLT2-Assiginack_HLD_v1.3/PomeGran_Rock _SD1_OLT2-Assiginack_HLD_v1.3/vault.shp", "Contractor": null, "DtAsgCnstr": null, "ConStartDt": null, "DtInstald": null }, "geometry": { "type": "Point", "coordinates": [ 423572.282089947490022, 5071898.112292145378888 ] } },
{ "type": "Feature", "properties": { "ID": "43", "Size": "30X48X24", "Owner": "Rock Networks", "Status": "Proposed", "Struct_1": "Medium", "Subtype": "Vault", "Struct_2": "Splice", "Permit_ID": "MC-P1000074", "Trunk_ID": "TRUNK10196", "FDH_ID": "FDH102011", "Lot_No": null, "FSA_No": "ASSIGINACK FSA1", "OLT_ID": "102", "Subdiv": "1", "Comments": null, "SKU": "VLT-SGL-3048", "PON_ID": null, "layer": "vault", "path": "/Users/sandeepreddypailla/Downloads/Merge July 17th/PomeGran_Rock _SD1_OLT2-Assiginack_HLD_v1.3/PomeGran_Rock _SD1_OLT2-Assiginack_HLD_v1.3/vault.shp", "Contractor": null, "DtAsgCnstr": null, "ConStartDt": null, "DtInstald": null }, "geometry": { "type": "Point", "coordinates": [ 420163.258574353472795, 5074939.376778248697519 ] } },
{ "type": "Feature", "properties": { "ID": "44", "Size": "30X48X24", "Owner": "Rock Networks", "Status": "Proposed", "Struct_1": "Medium", "Subtype": "Vault", "Struct_2": "Splice", "Permit_ID": "MC-P1000074", "Trunk_ID": "TRUNK10198", "FDH_ID": "FDH102011", "Lot_No": null, "FSA_No": "ASSIGINACK FSA1", "OLT_ID": "102", "Subdiv": "1", "Comments": null, "SKU": "VLT-SGL-3048", "PON_ID": null, "layer": "vault", "path": "/Users/sandeepreddypailla/Downloads/Merge July 17th/PomeGran_Rock _SD1_OLT2-Assiginack_HLD_v1.3/PomeGran_Rock _SD1_OLT2-Assiginack_HLD_v1.3/vault.shp", "Contractor": null, "DtAsgCnstr": null, "ConStartDt": null, "DtInstald": null }, "geometry": { "type": "Point", "coordinates": [ 419544.80803024454508, 5074950.375535439699888 ] } },
{ "type": "Feature", "properties": { "ID": "45", "Size": "30X48X24", "Owner": "Rock Networks", "Status": "Proposed", "Struct_1": "Medium", "Subtype": "Vault", "Struct_2": "Splice", "Permit_ID": "MC-P1000075", "Trunk_ID": "TRUNK10227", "FDH_ID": "FDH102002", "Lot_No": null, "FSA_No": "ASSIGINACK FSA1", "OLT_ID": "102", "Subdiv": "1", "Comments": null, "SKU": "VLT-SGL-3048", "PON_ID": null, "layer": "vault", "path": "/Users/sandeepreddypailla/Downloads/Merge July 17th/PomeGran_Rock _SD1_OLT2-Assiginack_HLD_v1.3/PomeGran_Rock _SD1_OLT2-Assiginack_HLD_v1.3/vault.shp", "Contractor": null, "DtAsgCnstr": null, "ConStartDt": null, "DtInstald": null }, "geometry": { "type": "Point", "coordinates": [ 436587.899398535722867, 5065397.016742136329412 ] } },
{ "type": "Feature", "properties": { "ID": "46", "Size": "30X48X24", "Owner": "Rock Networks", "Status": "Proposed", "Struct_1": "Medium", "Subtype": "Vault", "Struct_2": "Splice", "Permit_ID": "MC-P1000075", "Trunk_ID": "TRUNK10227", "FDH_ID": "FDH102002", "Lot_No": null, "FSA_No": "ASSIGINACK FSA1", "OLT_ID": "102", "Subdiv": "1", "Comments": null, "SKU": "VLT-SGL-3048", "PON_ID": null, "layer": "vault", "path": "/Users/sandeepreddypailla/Downloads/Merge July 17th/PomeGran_Rock _SD1_OLT2-Assiginack_HLD_v1.3/PomeGran_Rock _SD1_OLT2-Assiginack_HLD_v1.3/vault.shp", "Contractor": null, "DtAsgCnstr": null, "ConStartDt": null, "DtInstald": null }, "geometry": { "type": "Point", "coordinates": [ 436617.817545819969382, 5065319.104900251142681 ] } },
{ "type": "Feature", "properties": { "ID": "47", "Size": "30X48X24", "Owner": "Rock Networks", "Status": "Proposed", "Struct_1": "Medium", "Subtype": "Vault", "Struct_2": "Splice", "Permit_ID": "MC-P1000033", "Trunk_ID": "TRUNK10158", "FDH_ID": "FDH102002", "Lot_No": null, "FSA_No": "ASSIGINACK FSA1", "OLT_ID": "102", "Subdiv": "1", "Comments": null, "SKU": "VLT-SGL-3048", "PON_ID": null, "layer": "vault", "path": "/Users/sandeepreddypailla/Downloads/Merge July 17th/PomeGran_Rock _SD1_OLT2-Assiginack_HLD_v1.3/PomeGran_Rock _SD1_OLT2-Assiginack_HLD_v1.3/vault.shp", "Contractor": null, "DtAsgCnstr": null, "ConStartDt": null, "DtInstald": null }, "geometry": { "type": "Point", "coordinates": [ 427956.317511161963921, 5061349.593489991500974 ] } },
{ "type": "Feature", "properties": { "ID": "48", "Size": "30X48X24", "Owner": "Rock Networks", "Status": "Proposed", "Struct_1": "Medium", "Subtype": "Vault", "Struct_2": "Splice", "Permit_ID": "MC-P1000104", "Trunk_ID": "TRUNK10142", "FDH_ID": "FDH102012", "Lot_No": null, "FSA_No": "ASSIGINACK FSA1", "OLT_ID": "102", "Subdiv": "1", "Comments": null, "SKU": "VLT-SGL-3048", "PON_ID": null, "layer": "vault", "path": "/Users/sandeepreddypailla/Downloads/Merge July 17th/PomeGran_Rock _SD1_OLT2-Assiginack_HLD_v1.3/PomeGran_Rock _SD1_OLT2-Assiginack_HLD_v1.3/vault.shp", "Contractor": null, "DtAsgCnstr": null, "ConStartDt": null, "DtInstald": null }, "geometry": { "type": "Point", "coordinates": [ 429177.163787179451901, 5070254.006358116865158 ] } },
{ "type": "Feature", "properties": { "ID": "12", "Size": "30X48X24", "Owner": "Rock Networks", "Status": "Proposed", "Struct_1": "Medium", "Subtype": "Vault", "Struct_2": "Splice", "Permit_ID": "MC-P1000104", "Trunk_ID": "TRUNK10142", "FDH_ID": "FDH102012", "Lot_No": null, "FSA_No": "ASSIGINACK FSA1", "OLT_ID": "102", "Subdiv": "1", "Comments": null, "SKU": "VLT-SGL-3048", "PON_ID": null, "layer": "vault", "path": "/Users/sandeepreddypailla/Downloads/Merge July 17th/PomeGran_Rock _SD1_OLT2-Assiginack_HLD_v1.3/PomeGran_Rock _SD1_OLT2-Assiginack_HLD_v1.3/vault.shp", "Contractor": null, "DtAsgCnstr": null, "ConStartDt": null, "DtInstald": null }, "geometry": { "type": "Point", "coordinates": [ 430997.229088633379433, 5069489.413361427374184 ] } },
{ "type": "Feature", "properties": { "ID": "11", "Size": "30X48X24", "Owner": "Rock Networks", "Status": "Proposed", "Struct_1": "Medium", "Subtype": "Vault", "Struct_2": null, "Permit_ID": "MC-P1000104", "Trunk_ID": "TRUNK10142", "FDH_ID": "FDH102012", "Lot_No": null, "FSA_No": "ASSIGINACK FSA1", "OLT_ID": "102", "Subdiv": "1", "Comments": null, "SKU": "VLT-SGL-3048", "PON_ID": null, "layer": "vault", "path": "/Users/sandeepreddypailla/Downloads/Merge July 17th/PomeGran_Rock _SD1_OLT2-Assiginack_HLD_v1.3/PomeGran_Rock _SD1_OLT2-Assiginack_HLD_v1.3/vault.shp", "Contractor": null, "DtAsgCnstr": null, "ConStartDt": null, "DtInstald": null }, "geometry": { "type": "Point", "coordinates": [ 430059.437394342850894, 5069825.342010170221329 ] } },
{ "type": "Feature", "properties": { "ID": "49", "Size": "30X48X24", "Owner": "Rock Networks", "Status": "Proposed", "Struct_1": "Medium", "Subtype": "Vault", "Struct_2": "Splice", "Permit_ID": "MC-P1000145", "Trunk_ID": "TRUNK10189", "FDH_ID": "FDH102005", "Lot_No": null, "FSA_No": "WIKWEMIKONG UNCEDED First Nation FSA42", "OLT_ID": "102", "Subdiv": "1", "Comments": null, "SKU": "VLT-SGL-3048", "PON_ID": null, "layer": "vault", "path": "/Users/sandeepreddypailla/Downloads/Merge July 17th/PomeGran_Rock _SD1_OLT2-Assiginack_HLD_v1.3/PomeGran_Rock _SD1_OLT2-Assiginack_HLD_v1.3/vault.shp", "Contractor": null, "DtAsgCnstr": null, "ConStartDt": null, "DtInstald": null }, "geometry": { "type": "Point", "coordinates": [ 441186.944000711024273, 5070299.763606852851808 ] } },
{ "type": "Feature", "properties": { "ID": "50", "Size": "30X48X24", "Owner": "Rock Networks", "Status": "Proposed", "Struct_1": "Medium", "Subtype": "Vault", "Struct_2": "Splice", "Permit_ID": "MC-P1000145", "Trunk_ID": "TRUNK10189", "FDH_ID": "FDH102005", "Lot_No": null, "FSA_No": "WIKWEMIKONG UNCEDED First Nation FSA42", "OLT_ID": "102", "Subdiv": "1", "Comments": null, "SKU": "VLT-SGL-3048", "PON_ID": null, "layer": "vault", "path": "/Users/sandeepreddypailla/Downloads/Merge July 17th/PomeGran_Rock _SD1_OLT2-Assiginack_HLD_v1.3/PomeGran_Rock _SD1_OLT2-Assiginack_HLD_v1.3/vault.shp", "Contractor": null, "DtAsgCnstr": null, "ConStartDt": null, "DtInstald": null }, "geometry": { "type": "Point", "coordinates": [ 441012.846695840009488, 5070426.95773402787745 ] } },
{ "type": "Feature", "properties": { "ID": "51", "Size": "30X48X24", "Owner": "Rock Networks", "Status": "Proposed", "Struct_1": "Medium", "Subtype": "Vault", "Struct_2": "Splice", "Permit_ID": "MC-P1000145", "Trunk_ID": "TRUNK10189", "FDH_ID": "FDH102005", "Lot_No": null, "FSA_No": "WIKWEMIKONG UNCEDED First Nation FSA42", "OLT_ID": "102", "Subdiv": "1", "Comments": null, "SKU": "VLT-SGL-3048", "PON_ID": null, "layer": "vault", "path": "/Users/sandeepreddypailla/Downloads/Merge July 17th/PomeGran_Rock _SD1_OLT2-Assiginack_HLD_v1.3/PomeGran_Rock _SD1_OLT2-Assiginack_HLD_v1.3/vault.shp", "Contractor": null, "DtAsgCnstr": null, "ConStartDt": null, "DtInstald": null }, "geometry": { "type": "Point", "coordinates": [ 440619.98837888345588, 5070202.381953986361623 ] } },
{ "type": "Feature", "properties": { "ID": "55", "Size": "30X48X24", "Owner": "Rock Networks", "Status": "Proposed", "Struct_1": "Medium", "Subtype": "Vault", "Struct_2": "Splice", "Permit_ID": "MC-P1000145", "Trunk_ID": "TRUNK10189", "FDH_ID": "FDH102005", "Lot_No": null, "FSA_No": "WIKWEMIKONG UNCEDED First Nation FSA42", "OLT_ID": "102", "Subdiv": "1", "Comments": null, "SKU": "VLT-SGL-3048", "PON_ID": null, "layer": "vault", "path": "/Users/sandeepreddypailla/Downloads/Merge July 17th/PomeGran_Rock _SD1_OLT2-Assiginack_HLD_v1.3/PomeGran_Rock _SD1_OLT2-Assiginack_HLD_v1.3/vault.shp", "Contractor": null, "DtAsgCnstr": null, "ConStartDt": null, "DtInstald": null }, "geometry": { "type": "Point", "coordinates": [ 439693.086814015929122, 5069622.067098212428391 ] } },
{ "type": "Feature", "properties": { "ID": "52", "Size": "30X48X24", "Owner": "Rock Networks", "Status": "Proposed", "Struct_1": "Medium", "Subtype": "Vault", "Struct_2": "Splice", "Permit_ID": "MC-P1000145", "Trunk_ID": "TRUNK10189", "FDH_ID": "FDH102005", "Lot_No": null, "FSA_No": "WIKWEMIKONG UNCEDED First Nation FSA42", "OLT_ID": "102", "Subdiv": "1", "Comments": null, "SKU": "VLT-SGL-3048", "PON_ID": null, "layer": "vault", "path": "/Users/sandeepreddypailla/Downloads/Merge July 17th/PomeGran_Rock _SD1_OLT2-Assiginack_HLD_v1.3/PomeGran_Rock _SD1_OLT2-Assiginack_HLD_v1.3/vault.shp", "Contractor": null, "DtAsgCnstr": null, "ConStartDt": null, "DtInstald": null }, "geometry": { "type": "Point", "coordinates": [ 439994.26430825877469, 5069941.951055547222495 ] } },
{ "type": "Feature", "properties": { "ID": "53", "Size": "30X48X24", "Owner": "Rock Networks", "Status": "Proposed", "Struct_1": "Medium", "Subtype": "Vault", "Struct_2": "Splice", "Permit_ID": "MC-P1000145", "Trunk_ID": "TRUNK10189", "FDH_ID": "FDH102005", "Lot_No": null, "FSA_No": "WIKWEMIKONG UNCEDED First Nation FSA42", "OLT_ID": "102", "Subdiv": "1", "Comments": null, "SKU": "VLT-SGL-3048", "PON_ID": null, "layer": "vault", "path": "/Users/sandeepreddypailla/Downloads/Merge July 17th/PomeGran_Rock _SD1_OLT2-Assiginack_HLD_v1.3/PomeGran_Rock _SD1_OLT2-Assiginack_HLD_v1.3/vault.shp", "Contractor": null, "DtAsgCnstr": null, "ConStartDt": null, "DtInstald": null }, "geometry": { "type": "Point", "coordinates": [ 439160.221362135489471, 5068908.250852404162288 ] } },
{ "type": "Feature", "properties": { "ID": "54", "Size": "30X48X24", "Owner": "Rock Networks", "Status": "Proposed", "Struct_1": "Medium", "Subtype": "Vault", "Struct_2": "Splice", "Permit_ID": "MC-P1000145", "Trunk_ID": "TRUNK10189", "FDH_ID": "FDH102005", "Lot_No": null, "FSA_No": "WIKWEMIKONG UNCEDED First Nation FSA42", "OLT_ID": "102", "Subdiv": "1", "Comments": null, "SKU": "VLT-SGL-3048", "PON_ID": null, "layer": "vault", "path": "/Users/sandeepreddypailla/Downloads/Merge July 17th/PomeGran_Rock _SD1_OLT2-Assiginack_HLD_v1.3/PomeGran_Rock _SD1_OLT2-Assiginack_HLD_v1.3/vault.shp", "Contractor": null, "DtAsgCnstr": null, "ConStartDt": null, "DtInstald": null }, "geometry": { "type": "Point", "coordinates": [ 438910.043139917368535, 5068562.126043386757374 ] } },
{ "type": "Feature", "properties": { "ID": "56", "Size": "30X48X24", "Owner": "Rock Networks", "Status": "Proposed", "Struct_1": "Medium", "Subtype": "Vault", "Struct_2": "Splice", "Permit_ID": "MC-P1000145", "Trunk_ID": "TRUNK10192", "FDH_ID": "FDH102003", "Lot_No": null, "FSA_No": "WIKWEMIKONG UNCEDED First Nation FSA42", "OLT_ID": "102", "Subdiv": "1", "Comments": null, "SKU": "VLT-SGL-3048", "PON_ID": null, "layer": "vault", "path": "/Users/sandeepreddypailla/Downloads/Merge July 17th/PomeGran_Rock _SD1_OLT2-Assiginack_HLD_v1.3/PomeGran_Rock _SD1_OLT2-Assiginack_HLD_v1.3/vault.shp", "Contractor": null, "DtAsgCnstr": null, "ConStartDt": null, "DtInstald": null }, "geometry": { "type": "Point", "coordinates": [ 439050.251500702928752, 5066655.598078361712396 ] } },
{ "type": "Feature", "properties": { "ID": "57", "Size": "30X48X24", "Owner": "Rock Networks", "Status": "Proposed", "Struct_1": "Medium", "Subtype": "Vault", "Struct_2": "Splice", "Permit_ID": "MC-P1000145", "Trunk_ID": "TRUNK10192", "FDH_ID": "FDH102003", "Lot_No": null, "FSA_No": "WIKWEMIKONG UNCEDED First Nation FSA42", "OLT_ID": "102", "Subdiv": "1", "Comments": null, "SKU": "VLT-SGL-3048", "PON_ID": null, "layer": "vault", "path": "/Users/sandeepreddypailla/Downloads/Merge July 17th/PomeGran_Rock _SD1_OLT2-Assiginack_HLD_v1.3/PomeGran_Rock _SD1_OLT2-Assiginack_HLD_v1.3/vault.shp", "Contractor": null, "DtAsgCnstr": null, "ConStartDt": null, "DtInstald": null }, "geometry": { "type": "Point", "coordinates": [ 438776.988248475594446, 5066894.309156514704227 ] } },
{ "type": "Feature", "properties": { "ID": "58", "Size": "30X48X24", "Owner": "Rock Networks", "Status": "Proposed", "Struct_1": "Medium", "Subtype": "Vault", "Struct_2": "Splice", "Permit_ID": "MC-P1000145", "Trunk_ID": "TRUNK10192", "FDH_ID": "FDH102003", "Lot_No": null, "FSA_No": "WIKWEMIKONG UNCEDED First Nation FSA42", "OLT_ID": "102", "Subdiv": "1", "Comments": null, "SKU": "VLT-SGL-3048", "PON_ID": null, "layer": "vault", "path": "/Users/sandeepreddypailla/Downloads/Merge July 17th/PomeGran_Rock _SD1_OLT2-Assiginack_HLD_v1.3/PomeGran_Rock _SD1_OLT2-Assiginack_HLD_v1.3/vault.shp", "Contractor": null, "DtAsgCnstr": null, "ConStartDt": null, "DtInstald": null }, "geometry": { "type": "Point", "coordinates": [ 438604.352826865855604, 5067257.32203932851553 ] } },
{ "type": "Feature", "properties": { "ID": "62", "Size": "30X48X24", "Owner": "Rock Networks", "Status": "Proposed", "Struct_1": "Medium", "Subtype": "Vault", "Struct_2": "Splice", "Permit_ID": "MC-P1000140", "Trunk_ID": "TRUNK10131", "FDH_ID": "FDH102004", "Lot_No": null, "FSA_No": "WIKWEMIKONG UNCEDED First Nation FSA42", "OLT_ID": "102", "Subdiv": "1", "Comments": null, "SKU": "VLT-SGL-3048", "PON_ID": null, "layer": "vault", "path": "/Users/sandeepreddypailla/Downloads/Merge July 17th/PomeGran_Rock _SD1_OLT2-Assiginack_HLD_v1.3/PomeGran_Rock _SD1_OLT2-Assiginack_HLD_v1.3/vault.shp", "Contractor": null, "DtAsgCnstr": null, "ConStartDt": null, "DtInstald": null }, "geometry": { "type": "Point", "coordinates": [ 447872.81579134077765, 5064021.569192115217447 ] } },
{ "type": "Feature", "properties": { "ID": "59", "Size": "30X48X24", "Owner": "Rock Networks", "Status": "Proposed", "Struct_1": "Medium", "Subtype": "Vault", "Struct_2": "Splice", "Permit_ID": "MC-P1000140", "Trunk_ID": "TRUNK10131", "FDH_ID": "FDH102004", "Lot_No": null, "FSA_No": "WIKWEMIKONG UNCEDED First Nation FSA42", "OLT_ID": "102", "Subdiv": "1", "Comments": null, "SKU": "VLT-SGL-3048", "PON_ID": null, "layer": "vault", "path": "/Users/sandeepreddypailla/Downloads/Merge July 17th/PomeGran_Rock _SD1_OLT2-Assiginack_HLD_v1.3/PomeGran_Rock _SD1_OLT2-Assiginack_HLD_v1.3/vault.shp", "Contractor": null, "DtAsgCnstr": null, "ConStartDt": null, "DtInstald": null }, "geometry": { "type": "Point", "coordinates": [ 447328.138630692847073, 5065030.692029356025159 ] } },
{ "type": "Feature", "properties": { "ID": "60", "Size": "30X48X24", "Owner": "Rock Networks", "Status": "Proposed", "Struct_1": "Medium", "Subtype": "Vault", "Struct_2": "Splice", "Permit_ID": "MC-P1000140", "Trunk_ID": "TRUNK10131", "FDH_ID": "FDH102004", "Lot_No": null, "FSA_No": "WIKWEMIKONG UNCEDED First Nation FSA42", "OLT_ID": "102", "Subdiv": "1", "Comments": null, "SKU": "VLT-SGL-3048", "PON_ID": null, "layer": "vault", "path": "/Users/sandeepreddypailla/Downloads/Merge July 17th/PomeGran_Rock _SD1_OLT2-Assiginack_HLD_v1.3/PomeGran_Rock _SD1_OLT2-Assiginack_HLD_v1.3/vault.shp", "Contractor": null, "DtAsgCnstr": null, "ConStartDt": null, "DtInstald": null }, "geometry": { "type": "Point", "coordinates": [ 447690.840597403002903, 5064340.821699091233313 ] } },
{ "type": "Feature", "properties": { "ID": "65", "Size": "30X48X24", "Owner": "Rock Networks", "Status": "Proposed", "Struct_1": "Medium", "Subtype": "Vault", "Struct_2": "Splice", "Permit_ID": "MC-P1000143", "Trunk_ID": "TRUNK10230", "FDH_ID": "FDH102017", "Lot_No": null, "FSA_No": "WIKWEMIKONG UNCEDED First Nation FSA42", "OLT_ID": "102", "Subdiv": "1", "Comments": null, "SKU": "VLT-SGL-3048", "PON_ID": null, "layer": "vault", "path": "/Users/sandeepreddypailla/Downloads/Merge July 17th/PomeGran_Rock _SD1_OLT2-Assiginack_HLD_v1.3/PomeGran_Rock _SD1_OLT2-Assiginack_HLD_v1.3/vault.shp", "Contractor": null, "DtAsgCnstr": null, "ConStartDt": null, "DtInstald": null }, "geometry": { "type": "Point", "coordinates": [ 444657.380979051114991, 5074176.329021720215678 ] } },
{ "type": "Feature", "properties": { "ID": "64", "Size": "30X48X24", "Owner": "Rock Networks", "Status": "Proposed", "Struct_1": "Medium", "Subtype": "Vault", "Struct_2": "Splice", "Permit_ID": "MC-P1000143", "Trunk_ID": "TRUNK10230", "FDH_ID": "FDH102010", "Lot_No": null, "FSA_No": "WIKWEMIKONG UNCEDED First Nation FSA42", "OLT_ID": "102", "Subdiv": "1", "Comments": null, "SKU": "VLT-SGL-3048", "PON_ID": null, "layer": "vault", "path": "/Users/sandeepreddypailla/Downloads/Merge July 17th/PomeGran_Rock _SD1_OLT2-Assiginack_HLD_v1.3/PomeGran_Rock _SD1_OLT2-Assiginack_HLD_v1.3/vault.shp", "Contractor": null, "DtAsgCnstr": null, "ConStartDt": null, "DtInstald": null }, "geometry": { "type": "Point", "coordinates": [ 444381.038650919392239, 5075137.369758278131485 ] } },
{ "type": "Feature", "properties": { "ID": "63", "Size": "30X48X24", "Owner": "Rock Networks", "Status": "Proposed", "Struct_1": "Medium", "Subtype": "Vault", "Struct_2": "Splice", "Permit_ID": "MC-P1000143", "Trunk_ID": "TRUNK10230", "FDH_ID": "FDH102010", "Lot_No": null, "FSA_No": "WIKWEMIKONG UNCEDED First Nation FSA42", "OLT_ID": "102", "Subdiv": "1", "Comments": null, "SKU": "VLT-SGL-3048", "PON_ID": null, "layer": "vault", "path": "/Users/sandeepreddypailla/Downloads/Merge July 17th/PomeGran_Rock _SD1_OLT2-Assiginack_HLD_v1.3/PomeGran_Rock _SD1_OLT2-Assiginack_HLD_v1.3/vault.shp", "Contractor": null, "DtAsgCnstr": null, "ConStartDt": null, "DtInstald": null }, "geometry": { "type": "Point", "coordinates": [ 444557.083577405312099, 5074709.895461548119783 ] } },
{ "type": "Feature", "properties": { "ID": "61", "Size": "30X48X24", "Owner": "Rock Networks", "Status": "Proposed", "Struct_1": "Medium", "Subtype": "Vault", "Struct_2": "Splice", "Permit_ID": "MC-P1000143", "Trunk_ID": "TRUNK10182", "FDH_ID": "FDH102010", "Lot_No": null, "FSA_No": "WIKWEMIKONG UNCEDED First Nation FSA42", "OLT_ID": "102", "Subdiv": "1", "Comments": null, "SKU": "VLT-SGL-3048", "PON_ID": null, "layer": "vault", "path": "/Users/sandeepreddypailla/Downloads/Merge July 17th/PomeGran_Rock _SD1_OLT2-Assiginack_HLD_v1.3/PomeGran_Rock _SD1_OLT2-Assiginack_HLD_v1.3/vault.shp", "Contractor": null, "DtAsgCnstr": null, "ConStartDt": null, "DtInstald": null }, "geometry": { "type": "Point", "coordinates": [ 444157.804656332707964, 5075470.726694862358272 ] } },
{ "type": "Feature", "properties": { "ID": "67", "Size": "30X48X24", "Owner": "Rock Networks", "Status": "Proposed", "Struct_1": "Medium", "Subtype": "Vault", "Struct_2": "Splice", "Permit_ID": "MC-P1000147", "Trunk_ID": "TRUNK10228", "FDH_ID": "FDH102014", "Lot_No": null, "FSA_No": "ASSIGINACK FSA1", "OLT_ID": "102", "Subdiv": "1", "Comments": null, "SKU": "VLT-SGL-3048", "PON_ID": null, "layer": "vault", "path": "/Users/sandeepreddypailla/Downloads/Merge July 17th/PomeGran_Rock _SD1_OLT2-Assiginack_HLD_v1.3/PomeGran_Rock _SD1_OLT2-Assiginack_HLD_v1.3/vault.shp", "Contractor": null, "DtAsgCnstr": null, "ConStartDt": null, "DtInstald": null }, "geometry": { "type": "Point", "coordinates": [ 436054.736556762596592, 5066494.96140000410378 ] } },
{ "type": "Feature", "properties": { "ID": "66", "Size": "30X48X24", "Owner": "Rock Networks", "Status": "Proposed", "Struct_1": "Medium", "Subtype": "Vault", "Struct_2": "Splice", "Permit_ID": "MC-P1000144", "Trunk_ID": "TRUNK10206", "FDH_ID": "FDH102014", "Lot_No": null, "FSA_No": "ASSIGINACK FSA1", "OLT_ID": "102", "Subdiv": "1", "Comments": null, "SKU": "VLT-SGL-3048", "PON_ID": null, "layer": "vault", "path": "/Users/sandeepreddypailla/Downloads/Merge July 17th/PomeGran_Rock _SD1_OLT2-Assiginack_HLD_v1.3/PomeGran_Rock _SD1_OLT2-Assiginack_HLD_v1.3/vault.shp", "Contractor": null, "DtAsgCnstr": null, "ConStartDt": null, "DtInstald": null }, "geometry": { "type": "Point", "coordinates": [ 436178.783765022468287, 5066733.495238831266761 ] } },
{ "type": "Feature", "properties": { "ID": "68", "Size": "30X48X24", "Owner": "Rock Networks", "Status": "Proposed", "Struct_1": "Medium", "Subtype": "Vault", "Struct_2": "Splice", "Permit_ID": "MC-P1000148", "Trunk_ID": "TRUNK10242", "FDH_ID": "FDH102003", "Lot_No": null, "FSA_No": "WIKWEMIKONG UNCEDED First Nation FSA42", "OLT_ID": "102", "Subdiv": "1", "Comments": null, "SKU": "VLT-SGL-3048", "PON_ID": null, "layer": "vault", "path": "/Users/sandeepreddypailla/Downloads/Merge July 17th/PomeGran_Rock _SD1_OLT2-Assiginack_HLD_v1.3/PomeGran_Rock _SD1_OLT2-Assiginack_HLD_v1.3/vault.shp", "Contractor": null, "DtAsgCnstr": null, "ConStartDt": null, "DtInstald": null }, "geometry": { "type": "Point", "coordinates": [ 442591.680577253806405, 5061929.007323455996811 ] } },
{ "type": "Feature", "properties": { "ID": "69", "Size": "30X48X24", "Owner": "Rock Networks", "Status": "Proposed", "Struct_1": "Medium", "Subtype": "Vault", "Struct_2": "Splice", "Permit_ID": "MC-P1000148", "Trunk_ID": "TRUNK10242", "FDH_ID": "FDH102003", "Lot_No": null, "FSA_No": "WIKWEMIKONG UNCEDED First Nation FSA42", "OLT_ID": "102", "Subdiv": "1", "Comments": null, "SKU": "VLT-SGL-3048", "PON_ID": null, "layer": "vault", "path": "/Users/sandeepreddypailla/Downloads/Merge July 17th/PomeGran_Rock _SD1_OLT2-Assiginack_HLD_v1.3/PomeGran_Rock _SD1_OLT2-Assiginack_HLD_v1.3/vault.shp", "Contractor": null, "DtAsgCnstr": null, "ConStartDt": null, "DtInstald": null }, "geometry": { "type": "Point", "coordinates": [ 442763.649601193435956, 5062162.221795952878892 ] } },
{ "type": "Feature", "properties": { "ID": "1", "Size": "30X48X24", "Owner": "Rock Networks", "Status": "Proposed", "Struct_1": "Medium", "Subtype": "Vault", "Struct_2": "Splice", "Permit_ID": "MC-P4000075", "Trunk_ID": "TRUNK40373", "FDH_ID": null, "Lot_No": "LOT4", "FSA_No": "HILTON FSA16", "OLT_ID": "403", "Subdiv": "4", "Comments": null, "SKU": "VLT-SGL-3048", "PON_ID": "PON Boundaries#241", "layer": "vault", "path": "/Users/sandeepreddypailla/Downloads/Merge July 17th/PomeGran_Rock_St. Joseph_HLD_v1.5/PomeGran_Rock_St. Joseph_HLD_v1.5/vault.shp", "Contractor": null, "DtAsgCnstr": null, "ConStartDt": null, "DtInstald": null }, "geometry": { "type": "Point", "coordinates": [ 277552.654216724156868, 5123164.405751287937164 ] } },
{ "type": "Feature", "properties": { "ID": "10", "Size": "30X48X24", "Owner": "Rock Networks", "Status": "Proposed", "Struct_1": "Medium", "Subtype": "Vault", "Struct_2": "Splice", "Permit_ID": "MC-P4000082", "Trunk_ID": "TRUNK40393", "FDH_ID": null, "Lot_No": "LOT8", "FSA_No": "HILTON FSA16", "OLT_ID": "403", "Subdiv": "4", "Comments": null, "SKU": "VLT-SGL-3048", "PON_ID": "PON Boundaries#265", "layer": "vault", "path": "/Users/sandeepreddypailla/Downloads/Merge July 17th/PomeGran_Rock_St. Joseph_HLD_v1.5/PomeGran_Rock_St. Joseph_HLD_v1.5/vault.shp", "Contractor": null, "DtAsgCnstr": null, "ConStartDt": null, "DtInstald": null }, "geometry": { "type": "Point", "coordinates": [ 283282.717717993131373, 5122004.429260916076601 ] } },
{ "type": "Feature", "properties": { "ID": "11", "Size": "30X48X24", "Owner": "Rock Networks", "Status": "Proposed", "Struct_1": "Medium", "Subtype": "Vault", "Struct_2": "Splice", "Permit_ID": "MC-P4000082", "Trunk_ID": "TRUNK40393", "FDH_ID": null, "Lot_No": "LOT8", "FSA_No": "HILTON FSA16", "OLT_ID": "403", "Subdiv": "4", "Comments": null, "SKU": "VLT-SGL-3048", "PON_ID": "PON Boundaries#265", "layer": "vault", "path": "/Users/sandeepreddypailla/Downloads/Merge July 17th/PomeGran_Rock_St. Joseph_HLD_v1.5/PomeGran_Rock_St. Joseph_HLD_v1.5/vault.shp", "Contractor": null, "DtAsgCnstr": null, "ConStartDt": null, "DtInstald": null }, "geometry": { "type": "Point", "coordinates": [ 282934.144188285979908, 5121859.681244702078402 ] } },
{ "type": "Feature", "properties": { "ID": "12", "Size": "30X48X24", "Owner": "Rock Networks", "Status": "Proposed", "Struct_1": "Medium", "Subtype": "Vault", "Struct_2": "Splice", "Permit_ID": "MC-P4000075", "Trunk_ID": "TRUNK40373", "FDH_ID": null, "Lot_No": "LOT4", "FSA_No": "HILTON FSA16", "OLT_ID": "403", "Subdiv": "4", "Comments": null, "SKU": "VLT-SGL-3048", "PON_ID": "PON Boundaries#241", "layer": "vault", "path": "/Users/sandeepreddypailla/Downloads/Merge July 17th/PomeGran_Rock_St. Joseph_HLD_v1.5/PomeGran_Rock_St. Joseph_HLD_v1.5/vault.shp", "Contractor": null, "DtAsgCnstr": null, "ConStartDt": null, "DtInstald": null }, "geometry": { "type": "Point", "coordinates": [ 276957.331271022674628, 5124619.268248829059303 ] } },
{ "type": "Feature", "properties": { "ID": "13", "Size": "30X48X24", "Owner": "Rock Networks", "Status": "Proposed", "Struct_1": "Medium", "Subtype": "Vault", "Struct_2": "Splice", "Permit_ID": "MC-P4000075", "Trunk_ID": "TRUNK40373", "FDH_ID": null, "Lot_No": "LOT4", "FSA_No": "HILTON FSA16", "OLT_ID": "403", "Subdiv": "4", "Comments": null, "SKU": "VLT-SGL-3048", "PON_ID": "PON Boundaries#241", "layer": "vault", "path": "/Users/sandeepreddypailla/Downloads/Merge July 17th/PomeGran_Rock_St. Joseph_HLD_v1.5/PomeGran_Rock_St. Joseph_HLD_v1.5/vault.shp", "Contractor": null, "DtAsgCnstr": null, "ConStartDt": null, "DtInstald": null }, "geometry": { "type": "Point", "coordinates": [ 276816.281252049142495, 5124956.219569066539407 ] } },
{ "type": "Feature", "properties": { "ID": "14", "Size": "30X48X24", "Owner": "Rock Networks", "Status": "Proposed", "Struct_1": "Medium", "Subtype": "Vault", "Struct_2": "Splice", "Permit_ID": "MC-P4000083", "Trunk_ID": "TRUNK40353", "FDH_ID": null, "Lot_No": "LOT13", "FSA_No": "JOCELYN FSA19", "OLT_ID": "403", "Subdiv": "4", "Comments": null, "SKU": "VLT-SGL-3048", "PON_ID": "PON Boundaries#203", "layer": "vault", "path": "/Users/sandeepreddypailla/Downloads/Merge July 17th/PomeGran_Rock_St. Joseph_HLD_v1.5/PomeGran_Rock_St. Joseph_HLD_v1.5/vault.shp", "Contractor": null, "DtAsgCnstr": null, "ConStartDt": null, "DtInstald": null }, "geometry": { "type": "Point", "coordinates": [ 277011.221306082443334, 5115327.192033472470939 ] } },
{ "type": "Feature", "properties": { "ID": "15", "Size": "30X48X24", "Owner": "Rock Networks", "Status": "Proposed", "Struct_1": "Medium", "Subtype": "Vault", "Struct_2": "Splice", "Permit_ID": "MC-P4000079", "Trunk_ID": "TRUNK40355", "FDH_ID": null, "Lot_No": "LOT13", "FSA_No": "HILTON FSA16", "OLT_ID": "403", "Subdiv": "4", "Comments": null, "SKU": "VLT-SGL-3048", "PON_ID": "PON Boundaries#213", "layer": "vault", "path": "/Users/sandeepreddypailla/Downloads/Merge July 17th/PomeGran_Rock_St. Joseph_HLD_v1.5/PomeGran_Rock_St. Joseph_HLD_v1.5/vault.shp", "Contractor": null, "DtAsgCnstr": null, "ConStartDt": null, "DtInstald": null }, "geometry": { "type": "Point", "coordinates": [ 279428.148814572952688, 5115185.19674280192703 ] } },
{ "type": "Feature", "properties": { "ID": "16", "Size": "30X48X24", "Owner": "Rock Networks", "Status": "Proposed", "Struct_1": "Medium", "Subtype": "Vault", "Struct_2": "Splice", "Permit_ID": "MC-P4000079", "Trunk_ID": "TRUNK40355", "FDH_ID": null, "Lot_No": "LOT13", "FSA_No": "HILTON FSA16", "OLT_ID": "403", "Subdiv": "4", "Comments": null, "SKU": "VLT-SGL-3048", "PON_ID": "PON Boundaries#213", "layer": "vault", "path": "/Users/sandeepreddypailla/Downloads/Merge July 17th/PomeGran_Rock_St. Joseph_HLD_v1.5/PomeGran_Rock_St. Joseph_HLD_v1.5/vault.shp", "Contractor": null, "DtAsgCnstr": null, "ConStartDt": null, "DtInstald": null }, "geometry": { "type": "Point", "coordinates": [ 280077.39939953800058, 5115608.731677898205817 ] } },
{ "type": "Feature", "properties": { "ID": "17", "Size": "30X48X24", "Owner": "Rock Networks", "Status": "Proposed", "Struct_1": "Medium", "Subtype": "Vault", "Struct_2": "Splice", "Permit_ID": "MC-P4000080", "Trunk_ID": "TRUNK40353", "FDH_ID": null, "Lot_No": "LOT13", "FSA_No": "HILTON FSA16", "OLT_ID": "403", "Subdiv": "4", "Comments": null, "SKU": "VLT-SGL-3048", "PON_ID": "PON Boundaries#203", "layer": "vault", "path": "/Users/sandeepreddypailla/Downloads/Merge July 17th/PomeGran_Rock_St. Joseph_HLD_v1.5/PomeGran_Rock_St. Joseph_HLD_v1.5/vault.shp", "Contractor": null, "DtAsgCnstr": null, "ConStartDt": null, "DtInstald": null }, "geometry": { "type": "Point", "coordinates": [ 276811.753839651704766, 5116079.859360083937645 ] } },
{ "type": "Feature", "properties": { "ID": "18", "Size": "30X48X24", "Owner": "Rock Networks", "Status": "Proposed", "Struct_1": "Medium", "Subtype": "Vault", "Struct_2": "Splice", "Permit_ID": "MC-P4000079", "Trunk_ID": "TRUNK40355", "FDH_ID": null, "Lot_No": "LOT13", "FSA_No": "HILTON FSA16", "OLT_ID": "403", "Subdiv": "4", "Comments": null, "SKU": "VLT-SGL-3048", "PON_ID": "PON Boundaries#213", "layer": "vault", "path": "/Users/sandeepreddypailla/Downloads/Merge July 17th/PomeGran_Rock_St. Joseph_HLD_v1.5/PomeGran_Rock_St. Joseph_HLD_v1.5/vault.shp", "Contractor": null, "DtAsgCnstr": null, "ConStartDt": null, "DtInstald": null }, "geometry": { "type": "Point", "coordinates": [ 280656.948213322611991, 5115941.998125559650362 ] } },
{ "type": "Feature", "properties": { "ID": "19", "Size": "30X48X24", "Owner": "Rock Networks", "Status": "Proposed", "Struct_1": "Medium", "Subtype": "Vault", "Struct_2": "Splice", "Permit_ID": "MC-P4000071", "Trunk_ID": "TRUNK40396", "FDH_ID": null, "Lot_No": "LOT24", "FSA_No": "ST. JOSEPH FSA33", "OLT_ID": "403", "Subdiv": "4", "Comments": null, "SKU": "VLT-SGL-3048", "PON_ID": "PON Boundaries#288", "layer": "vault", "path": "/Users/sandeepreddypailla/Downloads/Merge July 17th/PomeGran_Rock_St. Joseph_HLD_v1.5/PomeGran_Rock_St. Joseph_HLD_v1.5/vault.shp", "Contractor": null, "DtAsgCnstr": null, "ConStartDt": null, "DtInstald": null }, "geometry": { "type": "Point", "coordinates": [ 261309.377318804676179, 5130446.637468223460019 ] } },
{ "type": "Feature", "properties": { "ID": "2", "Size": "30X48X24", "Owner": "Rock Networks", "Status": "Proposed", "Struct_1": "Medium", "Subtype": "Vault", "Struct_2": "Splice", "Permit_ID": "MC-P4000075", "Trunk_ID": "TRUNK40373", "FDH_ID": null, "Lot_No": "LOT4", "FSA_No": "HILTON FSA16", "OLT_ID": "403", "Subdiv": "4", "Comments": null, "SKU": "VLT-SGL-3048", "PON_ID": "PON Boundaries#241", "layer": "vault", "path": "/Users/sandeepreddypailla/Downloads/Merge July 17th/PomeGran_Rock_St. Joseph_HLD_v1.5/PomeGran_Rock_St. Joseph_HLD_v1.5/vault.shp", "Contractor": null, "DtAsgCnstr": null, "ConStartDt": null, "DtInstald": null }, "geometry": { "type": "Point", "coordinates": [ 277394.641705317306332, 5123554.761565289460123 ] } },
{ "type": "Feature", "properties": { "ID": "20", "Size": "30X48X24", "Owner": "Rock Networks", "Status": "Proposed", "Struct_1": "Medium", "Subtype": "Vault", "Struct_2": null, "Permit_ID": "MC-P4000071", "Trunk_ID": "TRUNK40396", "FDH_ID": null, "Lot_No": "LOT24", "FSA_No": "ST. JOSEPH FSA33", "OLT_ID": "403", "Subdiv": "4", "Comments": null, "SKU": "VLT-SGL-3048", "PON_ID": "PON Boundaries#288", "layer": "vault", "path": "/Users/sandeepreddypailla/Downloads/Merge July 17th/PomeGran_Rock_St. Joseph_HLD_v1.5/PomeGran_Rock_St. Joseph_HLD_v1.5/vault.shp", "Contractor": null, "DtAsgCnstr": null, "ConStartDt": null, "DtInstald": null }, "geometry": { "type": "Point", "coordinates": [ 261191.243016914901091, 5130634.821916629560292 ] } },
{ "type": "Feature", "properties": { "ID": "21", "Size": "30X48X24", "Owner": "Rock Networks", "Status": "Proposed", "Struct_1": "Medium", "Subtype": "Vault", "Struct_2": "Splice", "Permit_ID": "MC-P4000071", "Trunk_ID": "TRUNK40396", "FDH_ID": null, "Lot_No": "LOT24", "FSA_No": "ST. JOSEPH FSA33", "OLT_ID": "403", "Subdiv": "4", "Comments": null, "SKU": "VLT-SGL-3048", "PON_ID": "PON Boundaries#288", "layer": "vault", "path": "/Users/sandeepreddypailla/Downloads/Merge July 17th/PomeGran_Rock_St. Joseph_HLD_v1.5/PomeGran_Rock_St. Joseph_HLD_v1.5/vault.shp", "Contractor": null, "DtAsgCnstr": null, "ConStartDt": null, "DtInstald": null }, "geometry": { "type": "Point", "coordinates": [ 260966.130373096093535, 5130507.214840545319021 ] } },
{ "type": "Feature", "properties": { "ID": "22", "Size": "30X48X24", "Owner": "Rock Networks", "Status": "Proposed", "Struct_1": "Medium", "Subtype": "Vault", "Struct_2": "Splice", "Permit_ID": "MC-P4000076", "Trunk_ID": "TRUNK40389", "FDH_ID": null, "Lot_No": "LOT7", "FSA_No": "HILTON FSA16", "OLT_ID": "403", "Subdiv": "4", "Comments": null, "SKU": "VLT-SGL-3048", "PON_ID": "PON Boundaries#260", "layer": "vault", "path": "/Users/sandeepreddypailla/Downloads/Merge July 17th/PomeGran_Rock_St. Joseph_HLD_v1.5/PomeGran_Rock_St. Joseph_HLD_v1.5/vault.shp", "Contractor": null, "DtAsgCnstr": null, "ConStartDt": null, "DtInstald": null }, "geometry": { "type": "Point", "coordinates": [ 281041.847380585561041, 5120069.509491324424744 ] } },
{ "type": "Feature", "properties": { "ID": "23", "Size": "30X48X24", "Owner": "Rock Networks", "Status": "Proposed", "Struct_1": "Medium", "Subtype": "Vault", "Struct_2": null, "Permit_ID": "MC-P4000076", "Trunk_ID": "TRUNK40389", "FDH_ID": null, "Lot_No": "LOT7", "FSA_No": "HILTON FSA16", "OLT_ID": "403", "Subdiv": "4", "Comments": null, "SKU": "VLT-SGL-3048", "PON_ID": "PON Boundaries#260", "layer": "vault", "path": "/Users/sandeepreddypailla/Downloads/Merge July 17th/PomeGran_Rock_St. Joseph_HLD_v1.5/PomeGran_Rock_St. Joseph_HLD_v1.5/vault.shp", "Contractor": null, "DtAsgCnstr": null, "ConStartDt": null, "DtInstald": null }, "geometry": { "type": "Point", "coordinates": [ 280306.111321092350408, 5119787.404652354307473 ] } },
{ "type": "Feature", "properties": { "ID": "24", "Size": "30X48X24", "Owner": "Rock Networks", "Status": "Proposed", "Struct_1": "Medium", "Subtype": "Vault", "Struct_2": "Splice", "Permit_ID": "MC-P4000076", "Trunk_ID": "TRUNK40389", "FDH_ID": null, "Lot_No": "LOT7", "FSA_No": "HILTON FSA16", "OLT_ID": "403", "Subdiv": "4", "Comments": null, "SKU": "VLT-SGL-3048", "PON_ID": "PON Boundaries#260", "layer": "vault", "path": "/Users/sandeepreddypailla/Downloads/Merge July 17th/PomeGran_Rock_St. Joseph_HLD_v1.5/PomeGran_Rock_St. Joseph_HLD_v1.5/vault.shp", "Contractor": null, "DtAsgCnstr": null, "ConStartDt": null, "DtInstald": null }, "geometry": { "type": "Point", "coordinates": [ 279794.803204755997285, 5119573.274252821691334 ] } },
{ "type": "Feature", "properties": { "ID": "25", "Size": "30X48X24", "Owner": "Rock Networks", "Status": "Proposed", "Struct_1": "Medium", "Subtype": "Vault", "Struct_2": "Splice", "Permit_ID": "MC-P4000084", "Trunk_ID": "TRUNK40413", "FDH_ID": null, "Lot_No": "LOT15", "FSA_No": "JOCELYN FSA19", "OLT_ID": "403", "Subdiv": "4", "Comments": null, "SKU": "VLT-SGL-3048", "PON_ID": "PON Boundaries#218", "layer": "vault", "path": "/Users/sandeepreddypailla/Downloads/Merge July 17th/PomeGran_Rock_St. Joseph_HLD_v1.5/PomeGran_Rock_St. Joseph_HLD_v1.5/vault.shp", "Contractor": null, "DtAsgCnstr": null, "ConStartDt": null, "DtInstald": null }, "geometry": { "type": "Point", "coordinates": [ 268946.140700400166679, 5121935.010910690762103 ] } },
{ "type": "Feature", "properties": { "ID": "26", "Size": "30X48X24", "Owner": "Rock Networks", "Status": "Proposed", "Struct_1": "Medium", "Subtype": "Vault", "Struct_2": null, "Permit_ID": "MC-P4000075", "Trunk_ID": "TRUNK40373", "FDH_ID": null, "Lot_No": "LOT4", "FSA_No": "HILTON FSA16", "OLT_ID": "403", "Subdiv": "4", "Comments": null, "SKU": "VLT-SGL-3048", "PON_ID": "PON Boundaries#241", "layer": "vault", "path": "/Users/sandeepreddypailla/Downloads/Merge July 17th/PomeGran_Rock_St. Joseph_HLD_v1.5/PomeGran_Rock_St. Joseph_HLD_v1.5/vault.shp", "Contractor": null, "DtAsgCnstr": null, "ConStartDt": null, "DtInstald": null }, "geometry": { "type": "Point", "coordinates": [ 277254.852382814278826, 5123885.772084977477789 ] } },
{ "type": "Feature", "properties": { "ID": "27", "Size": "30X48X24", "Owner": "Rock Networks", "Status": "Proposed", "Struct_1": "Medium", "Subtype": "Vault", "Struct_2": "Splice", "Permit_ID": "MC-P4000075", "Trunk_ID": "TRUNK40374", "FDH_ID": null, "Lot_No": "LOT4", "FSA_No": "HILTON FSA16", "OLT_ID": "403", "Subdiv": "4", "Comments": null, "SKU": "VLT-SGL-3048", "PON_ID": "PON Boundaries#241", "layer": "vault", "path": "/Users/sandeepreddypailla/Downloads/Merge July 17th/PomeGran_Rock_St. Joseph_HLD_v1.5/PomeGran_Rock_St. Joseph_HLD_v1.5/vault.shp", "Contractor": null, "DtAsgCnstr": null, "ConStartDt": null, "DtInstald": null }, "geometry": { "type": "Point", "coordinates": [ 276294.859699460561387, 5123107.64432420860976 ] } },
{ "type": "Feature", "properties": { "ID": "28", "Size": "30X48X24", "Owner": "Rock Networks", "Status": "Proposed", "Struct_1": "Medium", "Subtype": "Vault", "Struct_2": "Splice", "Permit_ID": "MC-P4000075", "Trunk_ID": "TRUNK40374", "FDH_ID": null, "Lot_No": "LOT4", "FSA_No": "HILTON FSA16", "OLT_ID": "403", "Subdiv": "4", "Comments": null, "SKU": "VLT-SGL-3048", "PON_ID": "PON Boundaries#241", "layer": "vault", "path": "/Users/sandeepreddypailla/Downloads/Merge July 17th/PomeGran_Rock_St. Joseph_HLD_v1.5/PomeGran_Rock_St. Joseph_HLD_v1.5/vault.shp", "Contractor": null, "DtAsgCnstr": null, "ConStartDt": null, "DtInstald": null }, "geometry": { "type": "Point", "coordinates": [ 276038.459732869290747, 5123001.515281736850739 ] } },
{ "type": "Feature", "properties": { "ID": "29", "Size": "30X48X24", "Owner": "Rock Networks", "Status": "Proposed", "Struct_1": "Medium", "Subtype": "Vault", "Struct_2": null, "Permit_ID": "MC-P4000075", "Trunk_ID": "TRUNK40374", "FDH_ID": null, "Lot_No": "LOT4", "FSA_No": "HILTON FSA16", "OLT_ID": "403", "Subdiv": "4", "Comments": null, "SKU": "VLT-SGL-3048", "PON_ID": "PON Boundaries#241", "layer": "vault", "path": "/Users/sandeepreddypailla/Downloads/Merge July 17th/PomeGran_Rock_St. Joseph_HLD_v1.5/PomeGran_Rock_St. Joseph_HLD_v1.5/vault.shp", "Contractor": null, "DtAsgCnstr": null, "ConStartDt": null, "DtInstald": null }, "geometry": { "type": "Point", "coordinates": [ 275774.413877926417626, 5122895.948406967334449 ] } },
{ "type": "Feature", "properties": { "ID": "3", "Size": "30X48X24", "Owner": "Rock Networks", "Status": "Proposed", "Struct_1": "Medium", "Subtype": "Vault", "Struct_2": "Splice", "Permit_ID": "MC-P4000075", "Trunk_ID": "TRUNK40373", "FDH_ID": null, "Lot_No": "LOT4", "FSA_No": "HILTON FSA16", "OLT_ID": "403", "Subdiv": "4", "Comments": null, "SKU": "VLT-SGL-3048", "PON_ID": "PON Boundaries#241", "layer": "vault", "path": "/Users/sandeepreddypailla/Downloads/Merge July 17th/PomeGran_Rock_St. Joseph_HLD_v1.5/PomeGran_Rock_St. Joseph_HLD_v1.5/vault.shp", "Contractor": null, "DtAsgCnstr": null, "ConStartDt": null, "DtInstald": null }, "geometry": { "type": "Point", "coordinates": [ 277875.169437430682592, 5122377.842961135320365 ] } },
{ "type": "Feature", "properties": { "ID": "30", "Size": "30X48X24", "Owner": "Rock Networks", "Status": "Proposed", "Struct_1": "Medium", "Subtype": "Vault", "Struct_2": null, "Permit_ID": "MC-P4000075", "Trunk_ID": "TRUNK40374", "FDH_ID": null, "Lot_No": "LOT4", "FSA_No": "HILTON FSA16", "OLT_ID": "403", "Subdiv": "4", "Comments": null, "SKU": "VLT-SGL-3048", "PON_ID": "PON Boundaries#241", "layer": "vault", "path": "/Users/sandeepreddypailla/Downloads/Merge July 17th/PomeGran_Rock_St. Joseph_HLD_v1.5/PomeGran_Rock_St. Joseph_HLD_v1.5/vault.shp", "Contractor": null, "DtAsgCnstr": null, "ConStartDt": null, "DtInstald": null }, "geometry": { "type": "Point", "coordinates": [ 275697.921302319155075, 5122866.742033848538995 ] } },
{ "type": "Feature", "properties": { "ID": "31", "Size": "30X48X24", "Owner": "Rock Networks", "Status": "Proposed", "Struct_1": "Medium", "Subtype": "Vault", "Struct_2": "Splice", "Permit_ID": "MC-P4000075", "Trunk_ID": "TRUNK40374", "FDH_ID": null, "Lot_No": "LOT4", "FSA_No": "HILTON FSA16", "OLT_ID": "403", "Subdiv": "4", "Comments": null, "SKU": "VLT-SGL-3048", "PON_ID": "PON Boundaries#241", "layer": "vault", "path": "/Users/sandeepreddypailla/Downloads/Merge July 17th/PomeGran_Rock_St. Joseph_HLD_v1.5/PomeGran_Rock_St. Joseph_HLD_v1.5/vault.shp", "Contractor": null, "DtAsgCnstr": null, "ConStartDt": null, "DtInstald": null }, "geometry": { "type": "Point", "coordinates": [ 275222.911489781108685, 5122275.666949714533985 ] } },
{ "type": "Feature", "properties": { "ID": "32", "Size": "30X48X24", "Owner": "Rock Networks", "Status": "Proposed", "Struct_1": "Medium", "Subtype": "Vault", "Struct_2": "Splice", "Permit_ID": "MC-P4000075", "Trunk_ID": "TRUNK40374", "FDH_ID": null, "Lot_No": "LOT4", "FSA_No": "HILTON FSA16", "OLT_ID": "403", "Subdiv": "4", "Comments": null, "SKU": "VLT-SGL-3048", "PON_ID": "PON Boundaries#241", "layer": "vault", "path": "/Users/sandeepreddypailla/Downloads/Merge July 17th/PomeGran_Rock_St. Joseph_HLD_v1.5/PomeGran_Rock_St. Joseph_HLD_v1.5/vault.shp", "Contractor": null, "DtAsgCnstr": null, "ConStartDt": null, "DtInstald": null }, "geometry": { "type": "Point", "coordinates": [ 274813.334387108858209, 5122040.602236039936543 ] } },
{ "type": "Feature", "properties": { "ID": "33", "Size": "30X48X24", "Owner": "Rock Networks", "Status": "Proposed", "Struct_1": "Medium", "Subtype": "Vault", "Struct_2": "Splice", "Permit_ID": "MC-P4000075", "Trunk_ID": "TRUNK40374", "FDH_ID": null, "Lot_No": "LOT4", "FSA_No": "HILTON FSA16", "OLT_ID": "403", "Subdiv": "4", "Comments": null, "SKU": "VLT-SGL-3048", "PON_ID": "PON Boundaries#241", "layer": "vault", "path": "/Users/sandeepreddypailla/Downloads/Merge July 17th/PomeGran_Rock_St. Joseph_HLD_v1.5/PomeGran_Rock_St. Joseph_HLD_v1.5/vault.shp", "Contractor": null, "DtAsgCnstr": null, "ConStartDt": null, "DtInstald": null }, "geometry": { "type": "Point", "coordinates": [ 274401.902992805407848, 5121804.370300813578069 ] } },
{ "type": "Feature", "properties": { "ID": "34", "Size": "30X48X24", "Owner": "Rock Networks", "Status": "Proposed", "Struct_1": "Medium", "Subtype": "Vault", "Struct_2": "Splice", "Permit_ID": "MC-P4000075", "Trunk_ID": "TRUNK40374", "FDH_ID": null, "Lot_No": "LOT4", "FSA_No": "HILTON FSA16", "OLT_ID": "403", "Subdiv": "4", "Comments": null, "SKU": "VLT-SGL-3048", "PON_ID": "PON Boundaries#241", "layer": "vault", "path": "/Users/sandeepreddypailla/Downloads/Merge July 17th/PomeGran_Rock_St. Joseph_HLD_v1.5/PomeGran_Rock_St. Joseph_HLD_v1.5/vault.shp", "Contractor": null, "DtAsgCnstr": null, "ConStartDt": null, "DtInstald": null }, "geometry": { "type": "Point", "coordinates": [ 274068.001287898048759, 5121615.901411787606776 ] } },
{ "type": "Feature", "properties": { "ID": "35", "Size": "30X48X24", "Owner": "Rock Networks", "Status": "Proposed", "Struct_1": "Medium", "Subtype": "Vault", "Struct_2": null, "Permit_ID": "MC-P4000084", "Trunk_ID": "TRUNK40413", "FDH_ID": null, "Lot_No": "LOT15", "FSA_No": "JOCELYN FSA19", "OLT_ID": "403", "Subdiv": "4", "Comments": null, "SKU": "VLT-SGL-3048", "PON_ID": "PON Boundaries#218", "layer": "vault", "path": "/Users/sandeepreddypailla/Downloads/Merge July 17th/PomeGran_Rock_St. Joseph_HLD_v1.5/PomeGran_Rock_St. Joseph_HLD_v1.5/vault.shp", "Contractor": null, "DtAsgCnstr": null, "ConStartDt": null, "DtInstald": null }, "geometry": { "type": "Point", "coordinates": [ 268952.27719166688621, 5121191.355393849313259 ] } },
{ "type": "Feature", "properties": { "ID": "36", "Size": "30X48X24", "Owner": "Rock Networks", "Status": "Proposed", "Struct_1": "Medium", "Subtype": "Vault", "Struct_2": "Splice", "Permit_ID": "MC-P4000084", "Trunk_ID": "TRUNK40413", "FDH_ID": null, "Lot_No": "LOT15", "FSA_No": "JOCELYN FSA19", "OLT_ID": "403", "Subdiv": "4", "Comments": null, "SKU": "VLT-SGL-3048", "PON_ID": "PON Boundaries#218", "layer": "vault", "path": "/Users/sandeepreddypailla/Downloads/Merge July 17th/PomeGran_Rock_St. Joseph_HLD_v1.5/PomeGran_Rock_St. Joseph_HLD_v1.5/vault.shp", "Contractor": null, "DtAsgCnstr": null, "ConStartDt": null, "DtInstald": null }, "geometry": { "type": "Point", "coordinates": [ 268815.170852431037929, 5120695.092519544064999 ] } },
{ "type": "Feature", "properties": { "ID": "37", "Size": "30X48X24", "Owner": "Rock Networks", "Status": "Proposed", "Struct_1": "Medium", "Subtype": "Vault", "Struct_2": "Splice", "Permit_ID": "MC-P4000077", "Trunk_ID": "TRUNK40390", "FDH_ID": null, "Lot_No": "LOT7", "FSA_No": "HILTON FSA16", "OLT_ID": "403", "Subdiv": "4", "Comments": null, "SKU": "VLT-SGL-3048", "PON_ID": "PON Boundaries#260", "layer": "vault", "path": "/Users/sandeepreddypailla/Downloads/Merge July 17th/PomeGran_Rock_St. Joseph_HLD_v1.5/PomeGran_Rock_St. Joseph_HLD_v1.5/vault.shp", "Contractor": null, "DtAsgCnstr": null, "ConStartDt": null, "DtInstald": null }, "geometry": { "type": "Point", "coordinates": [ 282072.680098534794524, 5119094.949137603864074 ] } },
{ "type": "Feature", "properties": { "ID": "38", "Size": "30X48X24", "Owner": "Rock Networks", "Status": "Proposed", "Struct_1": "Medium", "Subtype": "Vault", "Struct_2": null, "Permit_ID": "MC-P4000078", "Trunk_ID": "TRUNK40390", "FDH_ID": null, "Lot_No": "LOT7", "FSA_No": "HILTON FSA16", "OLT_ID": "403", "Subdiv": "4", "Comments": null, "SKU": "VLT-SGL-3048", "PON_ID": "PON Boundaries#260", "layer": "vault", "path": "/Users/sandeepreddypailla/Downloads/Merge July 17th/PomeGran_Rock_St. Joseph_HLD_v1.5/PomeGran_Rock_St. Joseph_HLD_v1.5/vault.shp", "Contractor": null, "DtAsgCnstr": null, "ConStartDt": null, "DtInstald": null }, "geometry": { "type": "Point", "coordinates": [ 282930.660535684553906, 5119580.358920664526522 ] } },
{ "type": "Feature", "properties": { "ID": "39", "Size": "30X48X24", "Owner": "Rock Networks", "Status": "Proposed", "Struct_1": "Medium", "Subtype": "Vault", "Struct_2": "Splice", "Permit_ID": "MC-P4000078", "Trunk_ID": "TRUNK40390", "FDH_ID": null, "Lot_No": "LOT7", "FSA_No": "HILTON FSA16", "OLT_ID": "403", "Subdiv": "4", "Comments": null, "SKU": "VLT-SGL-3048", "PON_ID": "PON Boundaries#260", "layer": "vault", "path": "/Users/sandeepreddypailla/Downloads/Merge July 17th/PomeGran_Rock_St. Joseph_HLD_v1.5/PomeGran_Rock_St. Joseph_HLD_v1.5/vault.shp", "Contractor": null, "DtAsgCnstr": null, "ConStartDt": null, "DtInstald": null }, "geometry": { "type": "Point", "coordinates": [ 283453.351551917963661, 5119875.03510904032737 ] } },
{ "type": "Feature", "properties": { "ID": "4", "Size": "30X48X24", "Owner": "Rock Networks", "Status": "Proposed", "Struct_1": "Medium", "Subtype": "Vault", "Struct_2": "Splice", "Permit_ID": "MC-P4000075", "Trunk_ID": "TRUNK40373", "FDH_ID": null, "Lot_No": "LOT4", "FSA_No": "HILTON FSA16", "OLT_ID": "403", "Subdiv": "4", "Comments": null, "SKU": "VLT-SGL-3048", "PON_ID": "PON Boundaries#241", "layer": "vault", "path": "/Users/sandeepreddypailla/Downloads/Merge July 17th/PomeGran_Rock_St. Joseph_HLD_v1.5/PomeGran_Rock_St. Joseph_HLD_v1.5/vault.shp", "Contractor": null, "DtAsgCnstr": null, "ConStartDt": null, "DtInstald": null }, "geometry": { "type": "Point", "coordinates": [ 278133.110178511182312, 5121740.9342574570328 ] } },
{ "type": "Feature", "properties": { "ID": "40", "Size": "30X48X24", "Owner": "Rock Networks", "Status": "Proposed", "Struct_1": "Medium", "Subtype": "Vault", "Struct_2": "Splice", "Permit_ID": "MC-P4000074", "Trunk_ID": "TRUNK40363", "FDH_ID": null, "Lot_No": "LOT2", "FSA_No": "HILTON FSA16", "OLT_ID": "403", "Subdiv": "4", "Comments": null, "SKU": "VLT-SGL-3048", "PON_ID": "PON Boundaries#231", "layer": "vault", "path": "/Users/sandeepreddypailla/Downloads/Merge July 17th/PomeGran_Rock_St. Joseph_HLD_v1.5/PomeGran_Rock_St. Joseph_HLD_v1.5/vault.shp", "Contractor": null, "DtAsgCnstr": null, "ConStartDt": null, "DtInstald": null }, "geometry": { "type": "Point", "coordinates": [ 273624.247728808608372, 5125339.592130250297487 ] } },
{ "type": "Feature", "properties": { "ID": "41", "Size": "30X48X24", "Owner": "Rock Networks", "Status": "Proposed", "Struct_1": "Medium", "Subtype": "Vault", "Struct_2": "Splice", "Permit_ID": "MC-P4000074", "Trunk_ID": "TRUNK40363", "FDH_ID": null, "Lot_No": "LOT2", "FSA_No": "HILTON FSA16", "OLT_ID": "403", "Subdiv": "4", "Comments": null, "SKU": "VLT-SGL-3048", "PON_ID": "PON Boundaries#231", "layer": "vault", "path": "/Users/sandeepreddypailla/Downloads/Merge July 17th/PomeGran_Rock_St. Joseph_HLD_v1.5/PomeGran_Rock_St. Joseph_HLD_v1.5/vault.shp", "Contractor": null, "DtAsgCnstr": null, "ConStartDt": null, "DtInstald": null }, "geometry": { "type": "Point", "coordinates": [ 273966.759487930627074, 5124753.75248243380338 ] } },
{ "type": "Feature", "properties": { "ID": "42", "Size": "36X60X36", "Owner": "Rock Networks", "Status": "Proposed", "Struct_1": "Large", "Subtype": "Vault", "Struct_2": "Olt", "Permit_ID": "MC-P4000061", "Trunk_ID": "TRUNK40407", "FDH_ID": null, "Lot_No": "LOT15", "FSA_No": "JOCELYN FSA19", "OLT_ID": "403", "Subdiv": "4", "Comments": null, "SKU": "VLT-SGL-3660", "PON_ID": "PON Boundaries#200", "layer": "vault", "path": "/Users/sandeepreddypailla/Downloads/Merge July 17th/PomeGran_Rock_St. Joseph_HLD_v1.5/PomeGran_Rock_St. Joseph_HLD_v1.5/vault.shp", "Contractor": null, "DtAsgCnstr": null, "ConStartDt": null, "DtInstald": null }, "geometry": { "type": "Point", "coordinates": [ 270287.338147622183897, 5122977.431595575995743 ] } },
{ "type": "Feature", "properties": { "ID": "44", "Size": "30X48X24", "Owner": "Rock Networks", "Status": "Proposed", "Struct_1": "Medium", "Subtype": "Vault", "Struct_2": "Splice", "Permit_ID": "MC-P4000089", "Trunk_ID": "TRUNK40410", "FDH_ID": null, "Lot_No": "LOT1", "FSA_No": "ST. JOSEPH FSA33", "OLT_ID": "403", "Subdiv": "4", "Comments": null, "SKU": "VLT-SGL-3048", "PON_ID": "PON Boundaries#239", "layer": "vault", "path": "/Users/sandeepreddypailla/Downloads/Merge July 17th/PomeGran_Rock_St. Joseph_HLD_v1.5/PomeGran_Rock_St. Joseph_HLD_v1.5/vault.shp", "Contractor": null, "DtAsgCnstr": null, "ConStartDt": null, "DtInstald": null }, "geometry": { "type": "Point", "coordinates": [ 273312.654675227589905, 5133552.715317266993225 ] } },
{ "type": "Feature", "properties": { "ID": "45", "Size": "30X48X24", "Owner": "Rock Networks", "Status": "Proposed", "Struct_1": "Medium", "Subtype": "Vault", "Struct_2": "Splice", "Permit_ID": "MC-P4000096", "Trunk_ID": "TRUNK40462", "FDH_ID": null, "Lot_No": "LOT2", "FSA_No": "HILTON FSA16", "OLT_ID": "403", "Subdiv": "4", "Comments": null, "SKU": "VLT-SGL-3048", "PON_ID": "PON Boundaries#229", "layer": "vault", "path": "/Users/sandeepreddypailla/Downloads/Merge July 17th/PomeGran_Rock_St. Joseph_HLD_v1.5/PomeGran_Rock_St. Joseph_HLD_v1.5/vault.shp", "Contractor": null, "DtAsgCnstr": null, "ConStartDt": null, "DtInstald": null }, "geometry": { "type": "Point", "coordinates": [ 274074.922565706423484, 5123613.617250234819949 ] } },
{ "type": "Feature", "properties": { "ID": "46", "Size": "30X48X24", "Owner": "Rock Networks", "Status": "Proposed", "Struct_1": "Medium", "Subtype": "Vault", "Struct_2": "Splice", "Permit_ID": "MC-P4000096", "Trunk_ID": "TRUNK40462", "FDH_ID": null, "Lot_No": "LOT2", "FSA_No": "HILTON FSA16", "OLT_ID": "403", "Subdiv": "4", "Comments": null, "SKU": "VLT-SGL-3048", "PON_ID": "PON Boundaries#229", "layer": "vault", "path": "/Users/sandeepreddypailla/Downloads/Merge July 17th/PomeGran_Rock_St. Joseph_HLD_v1.5/PomeGran_Rock_St. Joseph_HLD_v1.5/vault.shp", "Contractor": null, "DtAsgCnstr": null, "ConStartDt": null, "DtInstald": null }, "geometry": { "type": "Point", "coordinates": [ 273589.811394744203426, 5123704.889724036678672 ] } },
{ "type": "Feature", "properties": { "ID": "47", "Size": "30X48X24", "Owner": "Rock Networks", "Status": "Proposed", "Struct_1": "Medium", "Subtype": "Vault", "Struct_2": "Splice", "Permit_ID": "MC-P4000096", "Trunk_ID": "TRUNK40462", "FDH_ID": null, "Lot_No": "LOT2", "FSA_No": "HILTON FSA16", "OLT_ID": "403", "Subdiv": "4", "Comments": null, "SKU": "VLT-SGL-3048", "PON_ID": "PON Boundaries#229", "layer": "vault", "path": "/Users/sandeepreddypailla/Downloads/Merge July 17th/PomeGran_Rock_St. Joseph_HLD_v1.5/PomeGran_Rock_St. Joseph_HLD_v1.5/vault.shp", "Contractor": null, "DtAsgCnstr": null, "ConStartDt": null, "DtInstald": null }, "geometry": { "type": "Point", "coordinates": [ 273844.187551109993365, 5123690.562747298739851 ] } },
{ "type": "Feature", "properties": { "ID": "50", "Size": "30X48X24", "Owner": "Rock Networks", "Status": "Proposed", "Struct_1": "Medium", "Subtype": "Vault", "Struct_2": "Splice", "Permit_ID": "MC-P4000102", "Trunk_ID": "TRUNK40342", "FDH_ID": null, "Lot_No": "LOT10", "FSA_No": "JOCELYN FSA19", "OLT_ID": "403", "Subdiv": "4", "Comments": null, "SKU": "VLT-SGL-3048", "PON_ID": "PON Boundaries#204", "layer": "vault", "path": "/Users/sandeepreddypailla/Downloads/Merge July 17th/PomeGran_Rock_St. Joseph_HLD_v1.5/PomeGran_Rock_St. Joseph_HLD_v1.5/vault.shp", "Contractor": null, "DtAsgCnstr": null, "ConStartDt": null, "DtInstald": null }, "geometry": { "type": "Point", "coordinates": [ 273191.179405529750511, 5114006.733284628950059 ] } },
{ "type": "Feature", "properties": { "ID": "51", "Size": "30X48X24", "Owner": "Rock Networks", "Status": "Proposed", "Struct_1": "Medium", "Subtype": "Vault", "Struct_2": "Splice", "Permit_ID": "MC-P4000102", "Trunk_ID": "TRUNK40342", "FDH_ID": null, "Lot_No": "LOT10", "FSA_No": "JOCELYN FSA19", "OLT_ID": "403", "Subdiv": "4", "Comments": null, "SKU": "VLT-SGL-3048", "PON_ID": "PON Boundaries#204", "layer": "vault", "path": "/Users/sandeepreddypailla/Downloads/Merge July 17th/PomeGran_Rock_St. Joseph_HLD_v1.5/PomeGran_Rock_St. Joseph_HLD_v1.5/vault.shp", "Contractor": null, "DtAsgCnstr": null, "ConStartDt": null, "DtInstald": null }, "geometry": { "type": "Point", "coordinates": [ 273413.97600250900723, 5113619.744506094604731 ] } },
{ "type": "Feature", "properties": { "ID": "6", "Size": "30X48X24", "Owner": "Rock Networks", "Status": "Proposed", "Struct_1": "Medium", "Subtype": "Vault", "Struct_2": "Splice", "Permit_ID": "MC-P4000072", "Trunk_ID": "TRUNK40365", "FDH_ID": null, "Lot_No": "LOT2", "FSA_No": "ST. JOSEPH FSA33", "OLT_ID": "403", "Subdiv": "4", "Comments": null, "SKU": "VLT-SGL-3048", "PON_ID": "PON Boundaries#231", "layer": "vault", "path": "/Users/sandeepreddypailla/Downloads/Merge July 17th/PomeGran_Rock_St. Joseph_HLD_v1.5/PomeGran_Rock_St. Joseph_HLD_v1.5/vault.shp", "Contractor": null, "DtAsgCnstr": null, "ConStartDt": null, "DtInstald": null }, "geometry": { "type": "Point", "coordinates": [ 271084.154692820971832, 5126998.979367639869452 ] } },
{ "type": "Feature", "properties": { "ID": "7", "Size": "30X48X24", "Owner": "Rock Networks", "Status": "Proposed", "Struct_1": "Medium", "Subtype": "Vault", "Struct_2": "Splice", "Permit_ID": "MC-P4000072", "Trunk_ID": "TRUNK40365", "FDH_ID": null, "Lot_No": "LOT2", "FSA_No": "ST. JOSEPH FSA33", "OLT_ID": "403", "Subdiv": "4", "Comments": null, "SKU": "VLT-SGL-3048", "PON_ID": "PON Boundaries#231", "layer": "vault", "path": "/Users/sandeepreddypailla/Downloads/Merge July 17th/PomeGran_Rock_St. Joseph_HLD_v1.5/PomeGran_Rock_St. Joseph_HLD_v1.5/vault.shp", "Contractor": null, "DtAsgCnstr": null, "ConStartDt": null, "DtInstald": null }, "geometry": { "type": "Point", "coordinates": [ 270787.366686770110391, 5126837.486526422202587 ] } },
{ "type": "Feature", "properties": { "ID": "8", "Size": "30X48X24", "Owner": "Rock Networks", "Status": "Proposed", "Struct_1": "Medium", "Subtype": "Vault", "Struct_2": "Splice", "Permit_ID": "MC-P4000073", "Trunk_ID": "TRUNK40363", "FDH_ID": null, "Lot_No": "LOT2", "FSA_No": "ST. JOSEPH FSA33", "OLT_ID": "403", "Subdiv": "4", "Comments": null, "SKU": "VLT-SGL-3048", "PON_ID": "PON Boundaries#231", "layer": "vault", "path": "/Users/sandeepreddypailla/Downloads/Merge July 17th/PomeGran_Rock_St. Joseph_HLD_v1.5/PomeGran_Rock_St. Joseph_HLD_v1.5/vault.shp", "Contractor": null, "DtAsgCnstr": null, "ConStartDt": null, "DtInstald": null }, "geometry": { "type": "Point", "coordinates": [ 273299.468957278586458, 5125895.741912730038166 ] } },
{ "type": "Feature", "properties": { "ID": "54", "Size": "30X48X24", "Owner": "Rock Networks", "Status": "Proposed", "Struct_1": "Medium", "Subtype": "Vault", "Struct_2": "Splice", "Permit_ID": "MC-P4000111", "Trunk_ID": "TRUNK40318", "FDH_ID": null, "Lot_No": "LOT16", "FSA_No": "ST. JOSEPH FSA33", "OLT_ID": "403", "Subdiv": "4", "Comments": null, "SKU": "VLT-SGL-3048", "PON_ID": "PON Boundaries#221", "layer": "vault", "path": "/Users/sandeepreddypailla/Downloads/Merge July 17th/PomeGran_Rock_St. Joseph_HLD_v1.5/PomeGran_Rock_St. Joseph_HLD_v1.5/vault.shp", "Contractor": null, "DtAsgCnstr": null, "ConStartDt": null, "DtInstald": null }, "geometry": { "type": "Point", "coordinates": [ 264542.157066430547275, 5120818.160344246774912 ] } },
{ "type": "Feature", "properties": { "ID": "56", "Size": "30X48X24", "Owner": "Rock Networks", "Status": "Proposed", "Struct_1": "Medium", "Subtype": "Vault", "Struct_2": "Splice", "Permit_ID": "MC-P4000113", "Trunk_ID": "TRUNK40495", "FDH_ID": null, "Lot_No": "LOT12", "FSA_No": "JOCELYN FSA19", "OLT_ID": "403", "Subdiv": "4", "Comments": null, "SKU": "VLT-SGL-3048", "PON_ID": "PON Boundaries#204", "layer": "vault", "path": "/Users/sandeepreddypailla/Downloads/Merge July 17th/PomeGran_Rock_St. Joseph_HLD_v1.5/PomeGran_Rock_St. Joseph_HLD_v1.5/vault.shp", "Contractor": null, "DtAsgCnstr": null, "ConStartDt": null, "DtInstald": null }, "geometry": { "type": "Point", "coordinates": [ 276219.929083393129986, 5109892.18141761329025 ] } },
{ "type": "Feature", "properties": { "ID": "55", "Size": "30X48X24", "Owner": "Rock Networks", "Status": "Proposed", "Struct_1": "Medium", "Subtype": "Vault", "Struct_2": "Splice", "Permit_ID": "MC-P4000113", "Trunk_ID": "TRUNK40495", "FDH_ID": null, "Lot_No": "LOT12", "FSA_No": "JOCELYN FSA19", "OLT_ID": "403", "Subdiv": "4", "Comments": null, "SKU": "VLT-SGL-3048", "PON_ID": "PON Boundaries#204", "layer": "vault", "path": "/Users/sandeepreddypailla/Downloads/Merge July 17th/PomeGran_Rock_St. Joseph_HLD_v1.5/PomeGran_Rock_St. Joseph_HLD_v1.5/vault.shp", "Contractor": null, "DtAsgCnstr": null, "ConStartDt": null, "DtInstald": null }, "geometry": { "type": "Point", "coordinates": [ 275762.739727024920285, 5109700.584252526052296 ] } },
{ "type": "Feature", "properties": { "ID": "57", "Size": "30X48X24", "Owner": "Rock Networks", "Status": "Proposed", "Struct_1": "Medium", "Subtype": "Vault", "Struct_2": "Splice", "Permit_ID": "MC-P4000113", "Trunk_ID": "TRUNK40495", "FDH_ID": null, "Lot_No": "LOT12", "FSA_No": "JOCELYN FSA19", "OLT_ID": "403", "Subdiv": "4", "Comments": null, "SKU": "VLT-SGL-3048", "PON_ID": "PON Boundaries#204", "layer": "vault", "path": "/Users/sandeepreddypailla/Downloads/Merge July 17th/PomeGran_Rock_St. Joseph_HLD_v1.5/PomeGran_Rock_St. Joseph_HLD_v1.5/vault.shp", "Contractor": null, "DtAsgCnstr": null, "ConStartDt": null, "DtInstald": null }, "geometry": { "type": "Point", "coordinates": [ 275594.196756433346309, 5109863.864727068692446 ] } },
{ "type": "Feature", "properties": { "ID": "1", "Size": "30X48X24", "Owner": "Rock Networks", "Status": "Proposed", "Struct_1": "Medium", "Subtype": "Vault", "Struct_2": "Splice", "Permit_ID": "MC-P4000032", "Trunk_ID": "TRUNK40102", "FDH_ID": null, "Lot_No": "LOT_18", "FSA_No": "LAIRD FSA21", "OLT_ID": "401", "Subdiv": "4", "Comments": null, "SKU": "VLT-SGL-3048", "PON_ID": "PON Boundaries#63", "layer": "vault", "path": "/Users/sandeepreddypailla/Downloads/Merge July 17th/PomeGran_Rock_Echobay_HLD_v1.9/PomeGran_Rock_Echobay_HLD_v1.9/vault.shp", "Contractor": null, "DtAsgCnstr": null, "ConStartDt": null, "DtInstald": null }, "geometry": { "type": "Point", "coordinates": [ 265901.737814153602812, 5141192.548450258560479 ] } },
{ "type": "Feature", "properties": { "ID": "2", "Size": "30X48X24", "Owner": "Rock Networks", "Status": "Proposed", "Struct_1": "Medium", "Subtype": "Vault", "Struct_2": "Splice", "Permit_ID": "MC-P4000064", "Trunk_ID": "TRUNK40479", "FDH_ID": null, "Lot_No": "LOT_20", "FSA_No": "LAIRD FSA21", "OLT_ID": "401", "Subdiv": "4", "Comments": null, "SKU": "VLT-SGL-3048", "PON_ID": "PON Boundaries#66", "layer": "vault", "path": "/Users/sandeepreddypailla/Downloads/Merge July 17th/PomeGran_Rock_Echobay_HLD_v1.9/PomeGran_Rock_Echobay_HLD_v1.9/vault.shp", "Contractor": null, "DtAsgCnstr": null, "ConStartDt": null, "DtInstald": null }, "geometry": { "type": "Point", "coordinates": [ 261309.643066397926304, 5141364.283986046910286 ] } },
{ "type": "Feature", "properties": { "ID": "3", "Size": "30X48X24", "Owner": "Rock Networks", "Status": "Proposed", "Struct_1": "Medium", "Subtype": "Vault", "Struct_2": "Splice", "Permit_ID": "MC-P4000015", "Trunk_ID": "TRUNK40479", "FDH_ID": null, "Lot_No": "LOT_20", "FSA_No": "LAIRD FSA21", "OLT_ID": "401", "Subdiv": "4", "Comments": null, "SKU": "VLT-SGL-3048", "PON_ID": "PON Boundaries#66", "layer": "vault", "path": "/Users/sandeepreddypailla/Downloads/Merge July 17th/PomeGran_Rock_Echobay_HLD_v1.9/PomeGran_Rock_Echobay_HLD_v1.9/vault.shp", "Contractor": null, "DtAsgCnstr": null, "ConStartDt": null, "DtInstald": null }, "geometry": { "type": "Point", "coordinates": [ 261643.056864257203415, 5141361.820308254100382 ] } },
{ "type": "Feature", "properties": { "ID": "4", "Size": "30X48X24", "Owner": "Rock Networks", "Status": "Proposed", "Struct_1": "Medium", "Subtype": "Vault", "Struct_2": "Splice", "Permit_ID": "MC-P4000032", "Trunk_ID": "TRUNK40102", "FDH_ID": null, "Lot_No": "LOT_18", "FSA_No": "LAIRD FSA21", "OLT_ID": "401", "Subdiv": "4", "Comments": null, "SKU": "VLT-SGL-3048", "PON_ID": "PON Boundaries#63", "layer": "vault", "path": "/Users/sandeepreddypailla/Downloads/Merge July 17th/PomeGran_Rock_Echobay_HLD_v1.9/PomeGran_Rock_Echobay_HLD_v1.9/vault.shp", "Contractor": null, "DtAsgCnstr": null, "ConStartDt": null, "DtInstald": null }, "geometry": { "type": "Point", "coordinates": [ 265981.575142424670048, 5142476.684869417920709 ] } },
{ "type": "Feature", "properties": { "ID": "5", "Size": "30X48X24", "Owner": "Rock Networks", "Status": "Proposed", "Struct_1": "Medium", "Subtype": "Vault", "Struct_2": null, "Permit_ID": "MC-P4000032", "Trunk_ID": "TRUNK40102", "FDH_ID": null, "Lot_No": "LOT_18", "FSA_No": "LAIRD FSA21", "OLT_ID": "401", "Subdiv": "4", "Comments": null, "SKU": "VLT-SGL-3048", "PON_ID": "PON Boundaries#63", "layer": "vault", "path": "/Users/sandeepreddypailla/Downloads/Merge July 17th/PomeGran_Rock_Echobay_HLD_v1.9/PomeGran_Rock_Echobay_HLD_v1.9/vault.shp", "Contractor": null, "DtAsgCnstr": null, "ConStartDt": null, "DtInstald": null }, "geometry": { "type": "Point", "coordinates": [ 265950.635223034420051, 5141781.281303137540817 ] } },
{ "type": "Feature", "properties": { "ID": "6", "Size": "30X48X24", "Owner": "Rock Networks", "Status": "Proposed", "Struct_1": "Medium", "Subtype": "Vault", "Struct_2": "Splice", "Permit_ID": "MC-P4000033", "Trunk_ID": "TRUNK40086", "FDH_ID": null, "Lot_No": "LOT_15", "FSA_No": "LAIRD FSA21", "OLT_ID": "401", "Subdiv": "4", "Comments": null, "SKU": "VLT-SGL-3048", "PON_ID": "PON Boundaries#63", "layer": "vault", "path": "/Users/sandeepreddypailla/Downloads/Merge July 17th/PomeGran_Rock_Echobay_HLD_v1.9/PomeGran_Rock_Echobay_HLD_v1.9/vault.shp", "Contractor": null, "DtAsgCnstr": null, "ConStartDt": null, "DtInstald": null }, "geometry": { "type": "Point", "coordinates": [ 265822.46540564839961, 5143471.744458523578942 ] } },
{ "type": "Feature", "properties": { "ID": "7", "Size": "30X48X24", "Owner": "Rock Networks", "Status": "Proposed", "Struct_1": "Medium", "Subtype": "Vault", "Struct_2": "Splice", "Permit_ID": "MC-P4000033", "Trunk_ID": "TRUNK40086", "FDH_ID": null, "Lot_No": "LOT_18", "FSA_No": "LAIRD FSA21", "OLT_ID": "401", "Subdiv": "4", "Comments": null, "SKU": "VLT-SGL-3048", "PON_ID": "PON Boundaries#63", "layer": "vault", "path": "/Users/sandeepreddypailla/Downloads/Merge July 17th/PomeGran_Rock_Echobay_HLD_v1.9/PomeGran_Rock_Echobay_HLD_v1.9/vault.shp", "Contractor": null, "DtAsgCnstr": null, "ConStartDt": null, "DtInstald": null }, "geometry": { "type": "Point", "coordinates": [ 265784.646463148645125, 5142820.522005869075656 ] } },
{ "type": "Feature", "properties": { "ID": "8", "Size": "30X48X24", "Owner": "Rock Networks", "Status": "Proposed", "Struct_1": "Medium", "Subtype": "Vault", "Struct_2": "Splice", "Permit_ID": "MC-P4000018", "Trunk_ID": "TRUNK40104", "FDH_ID": null, "Lot_No": "LOT_18", "FSA_No": "LAIRD FSA21", "OLT_ID": "401", "Subdiv": "4", "Comments": null, "SKU": "VLT-SGL-3048", "PON_ID": "PON Boundaries#39", "layer": "vault", "path": "/Users/sandeepreddypailla/Downloads/Merge July 17th/PomeGran_Rock_Echobay_HLD_v1.9/PomeGran_Rock_Echobay_HLD_v1.9/vault.shp", "Contractor": null, "DtAsgCnstr": null, "ConStartDt": null, "DtInstald": null }, "geometry": { "type": "Point", "coordinates": [ 267243.130343419499695, 5141237.712801290675998 ] } },
{ "type": "Feature", "properties": { "ID": "9", "Size": "30X48X24", "Owner": "Rock Networks", "Status": "Proposed", "Struct_1": "Medium", "Subtype": "Vault", "Struct_2": "Splice", "Permit_ID": "MC-P4000018", "Trunk_ID": "TRUNK40104", "FDH_ID": null, "Lot_No": "LOT_18", "FSA_No": "LAIRD FSA21", "OLT_ID": "401", "Subdiv": "4", "Comments": null, "SKU": "VLT-SGL-3048", "PON_ID": "PON Boundaries#39", "layer": "vault", "path": "/Users/sandeepreddypailla/Downloads/Merge July 17th/PomeGran_Rock_Echobay_HLD_v1.9/PomeGran_Rock_Echobay_HLD_v1.9/vault.shp", "Contractor": null, "DtAsgCnstr": null, "ConStartDt": null, "DtInstald": null }, "geometry": { "type": "Point", "coordinates": [ 266869.573938824236393, 5141117.035455325618386 ] } },
{ "type": "Feature", "properties": { "ID": "10", "Size": "30X48X24", "Owner": "Rock Networks", "Status": "Proposed", "Struct_1": "Medium", "Subtype": "Vault", "Struct_2": "Splice", "Permit_ID": "MC-P4000004", "Trunk_ID": "TRUNK40489", "FDH_ID": null, "Lot_No": "LOT_1", "FSA_No": "Garden River First Nation FSA13", "OLT_ID": "401", "Subdiv": "4", "Comments": null, "SKU": "VLT-SGL-3048", "PON_ID": "PON Boundaries#6", "layer": "vault", "path": "/Users/sandeepreddypailla/Downloads/Merge July 17th/PomeGran_Rock_Echobay_HLD_v1.9/PomeGran_Rock_Echobay_HLD_v1.9/vault.shp", "Contractor": null, "DtAsgCnstr": null, "ConStartDt": null, "DtInstald": null }, "geometry": { "type": "Point", "coordinates": [ 263031.787677096144762, 5154954.184383095242083 ] } },
{ "type": "Feature", "properties": { "ID": "11", "Size": "30X48X24", "Owner": "Rock Networks", "Status": "Proposed", "Struct_1": "Medium", "Subtype": "Vault", "Struct_2": "Splice", "Permit_ID": "MC-P4000009", "Trunk_ID": "TRUNK40489", "FDH_ID": null, "Lot_No": "LOT_2", "FSA_No": "Garden River First Nation FSA13", "OLT_ID": "401", "Subdiv": "4", "Comments": null, "SKU": "VLT-SGL-3048", "PON_ID": "PON Boundaries#6", "layer": "vault", "path": "/Users/sandeepreddypailla/Downloads/Merge July 17th/PomeGran_Rock_Echobay_HLD_v1.9/PomeGran_Rock_Echobay_HLD_v1.9/vault.shp", "Contractor": null, "DtAsgCnstr": null, "ConStartDt": null, "DtInstald": null }, "geometry": { "type": "Point", "coordinates": [ 262983.452354535576887, 5154937.983383662067354 ] } },
{ "type": "Feature", "properties": { "ID": "12", "Size": "30X48X24", "Owner": "Rock Networks", "Status": "Proposed", "Struct_1": "Medium", "Subtype": "Vault", "Struct_2": null, "Permit_ID": "MC-P4000009", "Trunk_ID": "TRUNK40037", "FDH_ID": null, "Lot_No": "LOT_2", "FSA_No": "Garden River First Nation FSA13", "OLT_ID": "401", "Subdiv": "4", "Comments": null, "SKU": "VLT-SGL-3048", "PON_ID": "PON Boundaries#6", "layer": "vault", "path": "/Users/sandeepreddypailla/Downloads/Merge July 17th/PomeGran_Rock_Echobay_HLD_v1.9/PomeGran_Rock_Echobay_HLD_v1.9/vault.shp", "Contractor": null, "DtAsgCnstr": null, "ConStartDt": null, "DtInstald": null }, "geometry": { "type": "Point", "coordinates": [ 262671.47624105156865, 5155460.441309432499111 ] } },
{ "type": "Feature", "properties": { "ID": "13", "Size": "30X48X24", "Owner": "Rock Networks", "Status": "Proposed", "Struct_1": "Medium", "Subtype": "Vault", "Struct_2": "Splice", "Permit_ID": "MC-P4000009", "Trunk_ID": "TRUNK40037", "FDH_ID": null, "Lot_No": "LOT_2", "FSA_No": "Garden River First Nation FSA13", "OLT_ID": "401", "Subdiv": "4", "Comments": null, "SKU": "VLT-SGL-3048", "PON_ID": "PON Boundaries#6", "layer": "vault", "path": "/Users/sandeepreddypailla/Downloads/Merge July 17th/PomeGran_Rock_Echobay_HLD_v1.9/PomeGran_Rock_Echobay_HLD_v1.9/vault.shp", "Contractor": null, "DtAsgCnstr": null, "ConStartDt": null, "DtInstald": null }, "geometry": { "type": "Point", "coordinates": [ 262367.078370863862801, 5155978.355844255536795 ] } },
{ "type": "Feature", "properties": { "ID": "14", "Size": "30X48X24", "Owner": "Rock Networks", "Status": "Proposed", "Struct_1": "Medium", "Subtype": "Vault", "Struct_2": "Splice", "Permit_ID": "MC-P4000008", "Trunk_ID": "TRUNK40039", "FDH_ID": null, "Lot_No": "LOT_2", "FSA_No": "Garden River First Nation FSA13", "OLT_ID": "401", "Subdiv": "4", "Comments": null, "SKU": "VLT-SGL-3048", "PON_ID": "PON Boundaries#6", "layer": "vault", "path": "/Users/sandeepreddypailla/Downloads/Merge July 17th/PomeGran_Rock_Echobay_HLD_v1.9/PomeGran_Rock_Echobay_HLD_v1.9/vault.shp", "Contractor": null, "DtAsgCnstr": null, "ConStartDt": null, "DtInstald": null }, "geometry": { "type": "Point", "coordinates": [ 262313.939185809460469, 5156068.4977549565956 ] } },
{ "type": "Feature", "properties": { "ID": "15", "Size": "30X48X24", "Owner": "Rock Networks", "Status": "Proposed", "Struct_1": "Medium", "Subtype": "Vault", "Struct_2": null, "Permit_ID": "MC-P4000008", "Trunk_ID": "TRUNK40039", "FDH_ID": null, "Lot_No": "LOT_2", "FSA_No": "Garden River First Nation FSA13", "OLT_ID": "401", "Subdiv": "4", "Comments": null, "SKU": "VLT-SGL-3048", "PON_ID": "PON Boundaries#6", "layer": "vault", "path": "/Users/sandeepreddypailla/Downloads/Merge July 17th/PomeGran_Rock_Echobay_HLD_v1.9/PomeGran_Rock_Echobay_HLD_v1.9/vault.shp", "Contractor": null, "DtAsgCnstr": null, "ConStartDt": null, "DtInstald": null }, "geometry": { "type": "Point", "coordinates": [ 262159.65012358140666, 5156332.723676745779812 ] } },
{ "type": "Feature", "properties": { "ID": "16", "Size": "30X48X24", "Owner": "Rock Networks", "Status": "Proposed", "Struct_1": "Medium", "Subtype": "Vault", "Struct_2": null, "Permit_ID": "MC-P4000008", "Trunk_ID": "TRUNK40039", "FDH_ID": null, "Lot_No": "LOT_2", "FSA_No": "Garden River First Nation FSA13", "OLT_ID": "401", "Subdiv": "4", "Comments": null, "SKU": "VLT-SGL-3048", "PON_ID": "PON Boundaries#6", "layer": "vault", "path": "/Users/sandeepreddypailla/Downloads/Merge July 17th/PomeGran_Rock_Echobay_HLD_v1.9/PomeGran_Rock_Echobay_HLD_v1.9/vault.shp", "Contractor": null, "DtAsgCnstr": null, "ConStartDt": null, "DtInstald": null }, "geometry": { "type": "Point", "coordinates": [ 262070.490564056992298, 5156482.302450100891292 ] } },
{ "type": "Feature", "properties": { "ID": "17", "Size": "30X48X24", "Owner": "Rock Networks", "Status": "Proposed", "Struct_1": "Medium", "Subtype": "Vault", "Struct_2": "Splice", "Permit_ID": "MC-P4000008", "Trunk_ID": "TRUNK40039", "FDH_ID": null, "Lot_No": "LOT_2", "FSA_No": "Garden River First Nation FSA13", "OLT_ID": "401", "Subdiv": "4", "Comments": null, "SKU": "VLT-SGL-3048", "PON_ID": "PON Boundaries#6", "layer": "vault", "path": "/Users/sandeepreddypailla/Downloads/Merge July 17th/PomeGran_Rock_Echobay_HLD_v1.9/PomeGran_Rock_Echobay_HLD_v1.9/vault.shp", "Contractor": null, "DtAsgCnstr": null, "ConStartDt": null, "DtInstald": null }, "geometry": { "type": "Point", "coordinates": [ 261581.261889066023286, 5157235.944953793659806 ] } },
{ "type": "Feature", "properties": { "ID": "18", "Size": "30X48X24", "Owner": "Rock Networks", "Status": "Proposed", "Struct_1": "Medium", "Subtype": "Vault", "Struct_2": "Splice", "Permit_ID": "MC-P4000010", "Trunk_ID": "TRUNK40058", "FDH_ID": null, "Lot_No": "LOT_17", "FSA_No": "LAIRD FSA21", "OLT_ID": "401", "Subdiv": "4", "Comments": null, "SKU": "VLT-SGL-3048", "PON_ID": "PON Boundaries#33", "layer": "vault", "path": "/Users/sandeepreddypailla/Downloads/Merge July 17th/PomeGran_Rock_Echobay_HLD_v1.9/PomeGran_Rock_Echobay_HLD_v1.9/vault.shp", "Contractor": null, "DtAsgCnstr": null, "ConStartDt": null, "DtInstald": null }, "geometry": { "type": "Point", "coordinates": [ 262123.378128746378934, 5144570.820082212798297 ] } },
{ "type": "Feature", "properties": { "ID": "19", "Size": "30X48X24", "Owner": "Rock Networks", "Status": "Proposed", "Struct_1": "Medium", "Subtype": "Vault", "Struct_2": "Splice", "Permit_ID": "MC-P4000010", "Trunk_ID": "TRUNK40058", "FDH_ID": null, "Lot_No": "LOT_17", "FSA_No": "LAIRD FSA21", "OLT_ID": "401", "Subdiv": "4", "Comments": null, "SKU": "VLT-SGL-3048", "PON_ID": "PON Boundaries#33", "layer": "vault", "path": "/Users/sandeepreddypailla/Downloads/Merge July 17th/PomeGran_Rock_Echobay_HLD_v1.9/PomeGran_Rock_Echobay_HLD_v1.9/vault.shp", "Contractor": null, "DtAsgCnstr": null, "ConStartDt": null, "DtInstald": null }, "geometry": { "type": "Point", "coordinates": [ 261651.397162233566632, 5144591.391031454317272 ] } },
{ "type": "Feature", "properties": { "ID": "20", "Size": "36X100X36", "Owner": "Rock Networks", "Status": "Proposed", "Struct_1": "Large", "Subtype": "Vault", "Struct_2": "Splice", "Permit_ID": "MC-P4000066", "Trunk_ID": "TRUNK40000", "FDH_ID": null, "Lot_No": "LOT_1", "FSA_No": "MACDONALD, MEREDITH AND ABERDEEN ADDITIONAL FSA22", "OLT_ID": "401", "Subdiv": "4", "Comments": null, "SKU": "VLT-SGL-36100", "PON_ID": "PON Boundaries#2", "layer": "vault", "path": "/Users/sandeepreddypailla/Downloads/Merge July 17th/PomeGran_Rock_Echobay_HLD_v1.9/PomeGran_Rock_Echobay_HLD_v1.9/vault.shp", "Contractor": null, "DtAsgCnstr": null, "ConStartDt": null, "DtInstald": null }, "geometry": { "type": "Point", "coordinates": [ 264719.239264524832834, 5152650.821747600100935 ] } },
{ "type": "Feature", "properties": { "ID": "21", "Size": "30X48X24", "Owner": "Rock Networks", "Status": "Proposed", "Struct_1": "Medium", "Subtype": "Vault", "Struct_2": "Splice", "Permit_ID": "MC-P4000006", "Trunk_ID": "TRUNK40048", "FDH_ID": null, "Lot_No": "LOT_13", "FSA_No": "MACDONALD, MEREDITH AND ABERDEEN ADDITIONAL FSA22", "OLT_ID": "401", "Subdiv": "4", "Comments": null, "SKU": "VLT-SGL-3048", "PON_ID": "PON Boundaries#18", "layer": "vault", "path": "/Users/sandeepreddypailla/Downloads/Merge July 17th/PomeGran_Rock_Echobay_HLD_v1.9/PomeGran_Rock_Echobay_HLD_v1.9/vault.shp", "Contractor": null, "DtAsgCnstr": null, "ConStartDt": null, "DtInstald": null }, "geometry": { "type": "Point", "coordinates": [ 264247.102728340076283, 5147990.78183158673346 ] } },
{ "type": "Feature", "properties": { "ID": "22", "Size": "30X48X24", "Owner": "Rock Networks", "Status": "Proposed", "Struct_1": "Medium", "Subtype": "Vault", "Struct_2": "Splice", "Permit_ID": "MC-P4000011", "Trunk_ID": "TRUNK40048", "FDH_ID": null, "Lot_No": "LOT_13", "FSA_No": "LAIRD FSA21", "OLT_ID": "401", "Subdiv": "4", "Comments": null, "SKU": "VLT-SGL-3048", "PON_ID": "PON Boundaries#18", "layer": "vault", "path": "/Users/sandeepreddypailla/Downloads/Merge July 17th/PomeGran_Rock_Echobay_HLD_v1.9/PomeGran_Rock_Echobay_HLD_v1.9/vault.shp", "Contractor": null, "DtAsgCnstr": null, "ConStartDt": null, "DtInstald": null }, "geometry": { "type": "Point", "coordinates": [ 264081.138884120911825, 5147685.185537040233612 ] } },
{ "type": "Feature", "properties": { "ID": "23", "Size": "30X48X24", "Owner": "Rock Networks", "Status": "Proposed", "Struct_1": "Medium", "Subtype": "Vault", "Struct_2": "Splice", "Permit_ID": "MC-P4000005", "Trunk_ID": "TRUNK40294", "FDH_ID": null, "Lot_No": "LOT_13", "FSA_No": "MACDONALD, MEREDITH AND ABERDEEN ADDITIONAL FSA22", "OLT_ID": "401", "Subdiv": "4", "Comments": null, "SKU": "VLT-SGL-3048", "PON_ID": "PON Boundaries#18", "layer": "vault", "path": "/Users/sandeepreddypailla/Downloads/Merge July 17th/PomeGran_Rock_Echobay_HLD_v1.9/PomeGran_Rock_Echobay_HLD_v1.9/vault.shp", "Contractor": null, "DtAsgCnstr": null, "ConStartDt": null, "DtInstald": null }, "geometry": { "type": "Point", "coordinates": [ 264381.762408399546985, 5148696.790457434952259 ] } },
{ "type": "Feature", "properties": { "ID": "24", "Size": "30X48X24", "Owner": "Rock Networks", "Status": "Proposed", "Struct_1": "Medium", "Subtype": "Vault", "Struct_2": null, "Permit_ID": "MC-P4000011", "Trunk_ID": "TRUNK40048", "FDH_ID": null, "Lot_No": "LOT_13", "FSA_No": "MACDONALD, MEREDITH AND ABERDEEN ADDITIONAL FSA22", "OLT_ID": "401", "Subdiv": "4", "Comments": null, "SKU": "VLT-SGL-3048", "PON_ID": "PON Boundaries#18", "layer": "vault", "path": "/Users/sandeepreddypailla/Downloads/Merge July 17th/PomeGran_Rock_Echobay_HLD_v1.9/PomeGran_Rock_Echobay_HLD_v1.9/vault.shp", "Contractor": null, "DtAsgCnstr": null, "ConStartDt": null, "DtInstald": null }, "geometry": { "type": "Point", "coordinates": [ 264081.873075674637221, 5147695.832204603590071 ] } },
{ "type": "Feature", "properties": { "ID": "25", "Size": "30X48X24", "Owner": "Rock Networks", "Status": "Proposed", "Struct_1": "Medium", "Subtype": "Vault", "Struct_2": "Splice", "Permit_ID": "MC-P4000014", "Trunk_ID": "TRUNK40062", "FDH_ID": null, "Lot_No": "LOT_15", "FSA_No": "LAIRD FSA21", "OLT_ID": "401", "Subdiv": "4", "Comments": null, "SKU": "VLT-SGL-3048", "PON_ID": "PON Boundaries#28", "layer": "vault", "path": "/Users/sandeepreddypailla/Downloads/Merge July 17th/PomeGran_Rock_Echobay_HLD_v1.9/PomeGran_Rock_Echobay_HLD_v1.9/vault.shp", "Contractor": null, "DtAsgCnstr": null, "ConStartDt": null, "DtInstald": null }, "geometry": { "type": "Point", "coordinates": [ 265097.910670872894116, 5146070.245013066567481 ] } },
{ "type": "Feature", "properties": { "ID": "26", "Size": "30X48X24", "Owner": "Rock Networks", "Status": "Proposed", "Struct_1": "Medium", "Subtype": "Vault", "Struct_2": "Splice", "Permit_ID": "MC-P4000014", "Trunk_ID": "TRUNK40488", "FDH_ID": null, "Lot_No": "LOT_15", "FSA_No": "LAIRD FSA21", "OLT_ID": "401", "Subdiv": "4", "Comments": null, "SKU": "VLT-SGL-3048", "PON_ID": "PON Boundaries#28", "layer": "vault", "path": "/Users/sandeepreddypailla/Downloads/Merge July 17th/PomeGran_Rock_Echobay_HLD_v1.9/PomeGran_Rock_Echobay_HLD_v1.9/vault.shp", "Contractor": null, "DtAsgCnstr": null, "ConStartDt": null, "DtInstald": null }, "geometry": { "type": "Point", "coordinates": [ 264940.201636343612336, 5146065.651750525459647 ] } },
{ "type": "Feature", "properties": { "ID": "27", "Size": "30X48X24", "Owner": "Rock Networks", "Status": "Proposed", "Struct_1": "Medium", "Subtype": "Vault", "Struct_2": "Splice", "Permit_ID": "MC-P4000013", "Trunk_ID": "TRUNK40420", "FDH_ID": null, "Lot_No": "LOT_15", "FSA_No": "LAIRD FSA21", "OLT_ID": "401", "Subdiv": "4", "Comments": null, "SKU": "VLT-SGL-3048", "PON_ID": "PON Boundaries#27", "layer": "vault", "path": "/Users/sandeepreddypailla/Downloads/Merge July 17th/PomeGran_Rock_Echobay_HLD_v1.9/PomeGran_Rock_Echobay_HLD_v1.9/vault.shp", "Contractor": null, "DtAsgCnstr": null, "ConStartDt": null, "DtInstald": null }, "geometry": { "type": "Point", "coordinates": [ 269157.246404034609441, 5146274.024229843169451 ] } },
{ "type": "Feature", "properties": { "ID": "28", "Size": "30X48X24", "Owner": "Rock Networks", "Status": "Proposed", "Struct_1": "Medium", "Subtype": "Vault", "Struct_2": "Splice", "Permit_ID": "RAIL-P4000005", "Trunk_ID": "TRUNK40420", "FDH_ID": null, "Lot_No": "LOT_15", "FSA_No": "LAIRD FSA21", "OLT_ID": "401", "Subdiv": "4", "Comments": null, "SKU": "VLT-SGL-3048", "PON_ID": "PON Boundaries#27", "layer": "vault", "path": "/Users/sandeepreddypailla/Downloads/Merge July 17th/PomeGran_Rock_Echobay_HLD_v1.9/PomeGran_Rock_Echobay_HLD_v1.9/vault.shp", "Contractor": null, "DtAsgCnstr": null, "ConStartDt": null, "DtInstald": null }, "geometry": { "type": "Point", "coordinates": [ 269133.690099139465019, 5146087.546095355413854 ] } },
{ "type": "Feature", "properties": { "ID": "29", "Size": "30X48X24", "Owner": "Rock Networks", "Status": "Proposed", "Struct_1": "Medium", "Subtype": "Vault", "Struct_2": "Splice", "Permit_ID": "MC-P4000038", "Trunk_ID": "TRUNK40073", "FDH_ID": null, "Lot_No": "LOT_13", "FSA_No": "MACDONALD, MEREDITH AND ABERDEEN ADDITIONAL FSA22", "OLT_ID": "401", "Subdiv": "4", "Comments": null, "SKU": "VLT-SGL-3048", "PON_ID": "PON Boundaries#21", "layer": "vault", "path": "/Users/sandeepreddypailla/Downloads/Merge July 17th/PomeGran_Rock_Echobay_HLD_v1.9/PomeGran_Rock_Echobay_HLD_v1.9/vault.shp", "Contractor": null, "DtAsgCnstr": null, "ConStartDt": null, "DtInstald": null }, "geometry": { "type": "Point", "coordinates": [ 265998.768217626027763, 5148659.055385436862707 ] } },
{ "type": "Feature", "properties": { "ID": "30", "Size": "30X48X24", "Owner": "Rock Networks", "Status": "Proposed", "Struct_1": "Medium", "Subtype": "Vault", "Struct_2": "Splice", "Permit_ID": "MC-P4000038", "Trunk_ID": "TRUNK40073", "FDH_ID": null, "Lot_No": "LOT_13", "FSA_No": "MACDONALD, MEREDITH AND ABERDEEN ADDITIONAL FSA22", "OLT_ID": "401", "Subdiv": "4", "Comments": null, "SKU": "VLT-SGL-3048", "PON_ID": "PON Boundaries#21", "layer": "vault", "path": "/Users/sandeepreddypailla/Downloads/Merge July 17th/PomeGran_Rock_Echobay_HLD_v1.9/PomeGran_Rock_Echobay_HLD_v1.9/vault.shp", "Contractor": null, "DtAsgCnstr": null, "ConStartDt": null, "DtInstald": null }, "geometry": { "type": "Point", "coordinates": [ 265997.800714424927719, 5148323.348990838974714 ] } },
{ "type": "Feature", "properties": { "ID": "31", "Size": "30X48X24", "Owner": "Rock Networks", "Status": "Proposed", "Struct_1": "Medium", "Subtype": "Vault", "Struct_2": "Splice", "Permit_ID": "MC-P4000038", "Trunk_ID": "TRUNK40073", "FDH_ID": null, "Lot_No": "LOT_13", "FSA_No": "MACDONALD, MEREDITH AND ABERDEEN ADDITIONAL FSA22", "OLT_ID": "401", "Subdiv": "4", "Comments": null, "SKU": "VLT-SGL-3048", "PON_ID": "PON Boundaries#21", "layer": "vault", "path": "/Users/sandeepreddypailla/Downloads/Merge July 17th/PomeGran_Rock_Echobay_HLD_v1.9/PomeGran_Rock_Echobay_HLD_v1.9/vault.shp", "Contractor": null, "DtAsgCnstr": null, "ConStartDt": null, "DtInstald": null }, "geometry": { "type": "Point", "coordinates": [ 266003.533089557196945, 5148543.601369126699865 ] } },
{ "type": "Feature", "properties": { "ID": "32", "Size": "30X48X24", "Owner": "Rock Networks", "Status": "Proposed", "Struct_1": "Medium", "Subtype": "Vault", "Struct_2": "Splice", "Permit_ID": "MC-P4000040", "Trunk_ID": "TRUNK40075", "FDH_ID": null, "Lot_No": "LOT_4", "FSA_No": "MACDONALD, MEREDITH AND ABERDEEN ADDITIONAL FSA22", "OLT_ID": "401", "Subdiv": "4", "Comments": null, "SKU": "VLT-SGL-3048", "PON_ID": "PON Boundaries#42", "layer": "vault", "path": "/Users/sandeepreddypailla/Downloads/Merge July 17th/PomeGran_Rock_Echobay_HLD_v1.9/PomeGran_Rock_Echobay_HLD_v1.9/vault.shp", "Contractor": null, "DtAsgCnstr": null, "ConStartDt": null, "DtInstald": null }, "geometry": { "type": "Point", "coordinates": [ 269522.374310791259632, 5156582.910124544985592 ] } },
{ "type": "Feature", "properties": { "ID": "33", "Size": "30X48X24", "Owner": "Rock Networks", "Status": "Proposed", "Struct_1": "Medium", "Subtype": "Vault", "Struct_2": "Splice", "Permit_ID": "MC-P4000040", "Trunk_ID": "TRUNK40075", "FDH_ID": null, "Lot_No": "LOT_4", "FSA_No": "MACDONALD, MEREDITH AND ABERDEEN ADDITIONAL FSA22", "OLT_ID": "401", "Subdiv": "4", "Comments": null, "SKU": "VLT-SGL-3048", "PON_ID": "PON Boundaries#42", "layer": "vault", "path": "/Users/sandeepreddypailla/Downloads/Merge July 17th/PomeGran_Rock_Echobay_HLD_v1.9/PomeGran_Rock_Echobay_HLD_v1.9/vault.shp", "Contractor": null, "DtAsgCnstr": null, "ConStartDt": null, "DtInstald": null }, "geometry": { "type": "Point", "coordinates": [ 269533.418392754276283, 5156840.024184682406485 ] } },
{ "type": "Feature", "properties": { "ID": "34", "Size": "30X48X24", "Owner": "Rock Networks", "Status": "Proposed", "Struct_1": "Medium", "Subtype": "Vault", "Struct_2": "Splice", "Permit_ID": "MC-P4000064", "Trunk_ID": "TRUNK40479", "FDH_ID": null, "Lot_No": "LOT_20", "FSA_No": "LAIRD FSA21", "OLT_ID": "401", "Subdiv": "4", "Comments": null, "SKU": "VLT-SGL-3048", "PON_ID": "PON Boundaries#66", "layer": "vault", "path": "/Users/sandeepreddypailla/Downloads/Merge July 17th/PomeGran_Rock_Echobay_HLD_v1.9/PomeGran_Rock_Echobay_HLD_v1.9/vault.shp", "Contractor": null, "DtAsgCnstr": null, "ConStartDt": null, "DtInstald": null }, "geometry": { "type": "Point", "coordinates": [ 261115.938344777590828, 5141371.060352317988873 ] } },
{ "type": "Feature", "properties": { "ID": "35", "Size": "30X48X24", "Owner": "Rock Networks", "Status": "Proposed", "Struct_1": "Medium", "Subtype": "Vault", "Struct_2": "Splice", "Permit_ID": "MC-P4000002", "Trunk_ID": "TRUNK40453", "FDH_ID": null, "Lot_No": "LOT_5", "FSA_No": "MACDONALD, MEREDITH AND ABERDEEN ADDITIONAL FSA22", "OLT_ID": "401", "Subdiv": "4", "Comments": null, "SKU": "VLT-SGL-3048", "PON_ID": "PON Boundaries#40", "layer": "vault", "path": "/Users/sandeepreddypailla/Downloads/Merge July 17th/PomeGran_Rock_Echobay_HLD_v1.9/PomeGran_Rock_Echobay_HLD_v1.9/vault.shp", "Contractor": null, "DtAsgCnstr": null, "ConStartDt": null, "DtInstald": null }, "geometry": { "type": "Point", "coordinates": [ 268340.998746364726685, 5156440.175471336580813 ] } },
{ "type": "Feature", "properties": { "ID": "36", "Size": "30X48X24", "Owner": "Rock Networks", "Status": "Proposed", "Struct_1": "Medium", "Subtype": "Vault", "Struct_2": "Splice", "Permit_ID": "MC-P4000002", "Trunk_ID": "TRUNK40453", "FDH_ID": null, "Lot_No": "LOT_5", "FSA_No": "MACDONALD, MEREDITH AND ABERDEEN ADDITIONAL FSA22", "OLT_ID": "401", "Subdiv": "4", "Comments": null, "SKU": "VLT-SGL-3048", "PON_ID": "PON Boundaries#40", "layer": "vault", "path": "/Users/sandeepreddypailla/Downloads/Merge July 17th/PomeGran_Rock_Echobay_HLD_v1.9/PomeGran_Rock_Echobay_HLD_v1.9/vault.shp", "Contractor": null, "DtAsgCnstr": null, "ConStartDt": null, "DtInstald": null }, "geometry": { "type": "Point", "coordinates": [ 268136.564092610380612, 5156652.296308563090861 ] } },
{ "type": "Feature", "properties": { "ID": "37", "Size": "30X48X24", "Owner": "Rock Networks", "Status": "Proposed", "Struct_1": "Medium", "Subtype": "Vault", "Struct_2": "Splice", "Permit_ID": "RAIL-P4000002", "Trunk_ID": "TRUNK40454", "FDH_ID": null, "Lot_No": "LOT_13", "FSA_No": "MACDONALD, MEREDITH AND ABERDEEN ADDITIONAL FSA22", "OLT_ID": "401", "Subdiv": "4", "Comments": null, "SKU": "VLT-SGL-3048", "PON_ID": "PON Boundaries#21", "layer": "vault", "path": "/Users/sandeepreddypailla/Downloads/Merge July 17th/PomeGran_Rock_Echobay_HLD_v1.9/PomeGran_Rock_Echobay_HLD_v1.9/vault.shp", "Contractor": null, "DtAsgCnstr": null, "ConStartDt": null, "DtInstald": null }, "geometry": { "type": "Point", "coordinates": [ 265646.585866303415969, 5149005.968676382675767 ] } },
{ "type": "Feature", "properties": { "ID": "38", "Size": "30X48X24", "Owner": "Rock Networks", "Status": "Proposed", "Struct_1": "Medium", "Subtype": "Vault", "Struct_2": "Splice", "Permit_ID": "MC-P4000086", "Trunk_ID": "TRUNK40454", "FDH_ID": null, "Lot_No": "LOT_13", "FSA_No": "MACDONALD, MEREDITH AND ABERDEEN ADDITIONAL FSA22", "OLT_ID": "401", "Subdiv": "4", "Comments": null, "SKU": "VLT-SGL-3048", "PON_ID": "PON Boundaries#21", "layer": "vault", "path": "/Users/sandeepreddypailla/Downloads/Merge July 17th/PomeGran_Rock_Echobay_HLD_v1.9/PomeGran_Rock_Echobay_HLD_v1.9/vault.shp", "Contractor": null, "DtAsgCnstr": null, "ConStartDt": null, "DtInstald": null }, "geometry": { "type": "Point", "coordinates": [ 265656.054234850860666, 5148943.719637152738869 ] } },
{ "type": "Feature", "properties": { "ID": "39", "Size": "30X48X24", "Owner": "Rock Networks", "Status": "Proposed", "Struct_1": "Medium", "Subtype": "Vault", "Struct_2": "Splice", "Permit_ID": "MC-P4000087", "Trunk_ID": "TRUNK40455", "FDH_ID": null, "Lot_No": "LOT_14", "FSA_No": "LAIRD FSA21", "OLT_ID": "401", "Subdiv": "4", "Comments": null, "SKU": "VLT-SGL-3048", "PON_ID": "PON Boundaries#21", "layer": "vault", "path": "/Users/sandeepreddypailla/Downloads/Merge July 17th/PomeGran_Rock_Echobay_HLD_v1.9/PomeGran_Rock_Echobay_HLD_v1.9/vault.shp", "Contractor": null, "DtAsgCnstr": null, "ConStartDt": null, "DtInstald": null }, "geometry": { "type": "Point", "coordinates": [ 267263.852530666743405, 5147580.144706215709448 ] } },
{ "type": "Feature", "properties": { "ID": "40", "Size": "30X48X24", "Owner": "Rock Networks", "Status": "Proposed", "Struct_1": "Medium", "Subtype": "Vault", "Struct_2": "Splice", "Permit_ID": "MC-P4000087", "Trunk_ID": "TRUNK40455", "FDH_ID": null, "Lot_No": "LOT_14", "FSA_No": "LAIRD FSA21", "OLT_ID": "401", "Subdiv": "4", "Comments": null, "SKU": "VLT-SGL-3048", "PON_ID": "PON Boundaries#21", "layer": "vault", "path": "/Users/sandeepreddypailla/Downloads/Merge July 17th/PomeGran_Rock_Echobay_HLD_v1.9/PomeGran_Rock_Echobay_HLD_v1.9/vault.shp", "Contractor": null, "DtAsgCnstr": null, "ConStartDt": null, "DtInstald": null }, "geometry": { "type": "Point", "coordinates": [ 267349.965165117639117, 5147621.78373206499964 ] } },
{ "type": "Feature", "properties": { "ID": "41", "Size": "30X48X24", "Owner": "Rock Networks", "Status": "Proposed", "Struct_1": "Medium", "Subtype": "Vault", "Struct_2": "Splice", "Permit_ID": "RAIL-P4000004", "Trunk_ID": "TRUNK40456", "FDH_ID": null, "Lot_No": "LOT_15", "FSA_No": "LAIRD FSA21", "OLT_ID": "401", "Subdiv": "4", "Comments": null, "SKU": "VLT-SGL-3048", "PON_ID": "PON Boundaries#22", "layer": "vault", "path": "/Users/sandeepreddypailla/Downloads/Merge July 17th/PomeGran_Rock_Echobay_HLD_v1.9/PomeGran_Rock_Echobay_HLD_v1.9/vault.shp", "Contractor": null, "DtAsgCnstr": null, "ConStartDt": null, "DtInstald": null }, "geometry": { "type": "Point", "coordinates": [ 267588.771398424752988, 5147406.378780306316912 ] } },
{ "type": "Feature", "properties": { "ID": "42", "Size": "30X48X24", "Owner": "Rock Networks", "Status": "Proposed", "Struct_1": "Medium", "Subtype": "Vault", "Struct_2": "Splice", "Permit_ID": "RAIL-P4000004", "Trunk_ID": "TRUNK40456", "FDH_ID": null, "Lot_No": "LOT_15", "FSA_No": "LAIRD FSA21", "OLT_ID": "401", "Subdiv": "4", "Comments": null, "SKU": "VLT-SGL-3048", "PON_ID": "PON Boundaries#26", "layer": "vault", "path": "/Users/sandeepreddypailla/Downloads/Merge July 17th/PomeGran_Rock_Echobay_HLD_v1.9/PomeGran_Rock_Echobay_HLD_v1.9/vault.shp", "Contractor": null, "DtAsgCnstr": null, "ConStartDt": null, "DtInstald": null }, "geometry": { "type": "Point", "coordinates": [ 267586.38546060374938, 5147366.135409351438284 ] } },
{ "type": "Feature", "properties": { "ID": "44", "Size": "30X48X24", "Owner": "Rock Networks", "Status": "Proposed", "Struct_1": "Medium", "Subtype": "Vault", "Struct_2": "Splice", "Permit_ID": "MC-P4000100", "Trunk_ID": "TRUNK40467", "FDH_ID": null, "Lot_No": "LOT_1", "FSA_No": "MACDONALD, MEREDITH AND ABERDEEN ADDITIONAL FSA22", "OLT_ID": "401", "Subdiv": "4", "Comments": null, "SKU": "VLT-SGL-3048", "PON_ID": "PON Boundaries#36", "layer": "vault", "path": "/Users/sandeepreddypailla/Downloads/Merge July 17th/PomeGran_Rock_Echobay_HLD_v1.9/PomeGran_Rock_Echobay_HLD_v1.9/vault.shp", "Contractor": null, "DtAsgCnstr": null, "ConStartDt": null, "DtInstald": null }, "geometry": { "type": "Point", "coordinates": [ 264786.82247670867946, 5152505.903281576000154 ] } },
{ "type": "Feature", "properties": { "ID": "1", "Size": "30X48X24", "Owner": "Rock Networks", "Status": "Proposed", "Struct_1": "Medium", "Subtype": "Vault", "Struct_2": "Splice", "Permit_ID": "MC-P1000045", "Trunk_ID": "TRUNK10266", "FDH_ID": "FDH103004", "Lot_No": null, "FSA_No": "BILLINGS FSA5", "OLT_ID": "103", "Subdiv": "1", "Comments": null, "SKU": "VLT-SGL-3048", "PON_ID": null, "layer": "vault", "path": "/Users/sandeepreddypailla/Downloads/Merge July 17th/PomeGran_Rock_M'Chigeeng-OLT3_HLD_v1.5/PomeGran_Rock_M'Chigeeng-OLT3_HLD_v1.5/vault.shp", "Contractor": null, "DtAsgCnstr": null, "ConStartDt": null, "DtInstald": null }, "geometry": { "type": "Point", "coordinates": [ 397279.643992863828316, 5081388.412345894612372 ] } },
{ "type": "Feature", "properties": { "ID": "2", "Size": "30X48X24", "Owner": "Rock Networks", "Status": "Proposed", "Struct_1": "Medium", "Subtype": "Vault", "Struct_2": "Splice", "Permit_ID": "MC-P1000045", "Trunk_ID": "TRUNK10265", "FDH_ID": "FDH103004", "Lot_No": null, "FSA_No": "BILLINGS FSA5", "OLT_ID": "103", "Subdiv": "1", "Comments": null, "SKU": "VLT-SGL-3048", "PON_ID": null, "layer": "vault", "path": "/Users/sandeepreddypailla/Downloads/Merge July 17th/PomeGran_Rock_M'Chigeeng-OLT3_HLD_v1.5/PomeGran_Rock_M'Chigeeng-OLT3_HLD_v1.5/vault.shp", "Contractor": null, "DtAsgCnstr": null, "ConStartDt": null, "DtInstald": null }, "geometry": { "type": "Point", "coordinates": [ 397286.270351693674456, 5083400.511008302681148 ] } },
{ "type": "Feature", "properties": { "ID": "3", "Size": "30X48X24", "Owner": "Rock Networks", "Status": "Proposed", "Struct_1": "Medium", "Subtype": "Vault", "Struct_2": "Splice", "Permit_ID": "MC-P1000047", "Trunk_ID": "TRUNK10274", "FDH_ID": "FDH103005", "Lot_No": null, "FSA_No": "BILLINGS FSA5", "OLT_ID": "103", "Subdiv": "1", "Comments": null, "SKU": "VLT-SGL-3048", "PON_ID": null, "layer": "vault", "path": "/Users/sandeepreddypailla/Downloads/Merge July 17th/PomeGran_Rock_M'Chigeeng-OLT3_HLD_v1.5/PomeGran_Rock_M'Chigeeng-OLT3_HLD_v1.5/vault.shp", "Contractor": null, "DtAsgCnstr": null, "ConStartDt": null, "DtInstald": null }, "geometry": { "type": "Point", "coordinates": [ 403840.201254946528934, 5085344.018611538223922 ] } },
{ "type": "Feature", "properties": { "ID": "4", "Size": "30X48X24", "Owner": "Rock Networks", "Status": "Proposed", "Struct_1": "Medium", "Subtype": "Vault", "Struct_2": "Splice", "Permit_ID": "MC-P1000046", "Trunk_ID": "TRUNK10259", "FDH_ID": "FDH103003", "Lot_No": null, "FSA_No": "BILLINGS FSA5", "OLT_ID": "103", "Subdiv": "1", "Comments": null, "SKU": "VLT-SGL-3048", "PON_ID": null, "layer": "vault", "path": "/Users/sandeepreddypailla/Downloads/Merge July 17th/PomeGran_Rock_M'Chigeeng-OLT3_HLD_v1.5/PomeGran_Rock_M'Chigeeng-OLT3_HLD_v1.5/vault.shp", "Contractor": null, "DtAsgCnstr": null, "ConStartDt": null, "DtInstald": null }, "geometry": { "type": "Point", "coordinates": [ 401384.248084350081626, 5084636.390767192468047 ] } },
{ "type": "Feature", "properties": { "ID": "5", "Size": "30X48X24", "Owner": "Rock Networks", "Status": "Proposed", "Struct_1": "Medium", "Subtype": "Vault", "Struct_2": "Splice", "Permit_ID": "MC-P1000046", "Trunk_ID": "TRUNK10259", "FDH_ID": "FDH103003", "Lot_No": null, "FSA_No": "BILLINGS FSA5", "OLT_ID": "103", "Subdiv": "1", "Comments": null, "SKU": "VLT-SGL-3048", "PON_ID": null, "layer": "vault", "path": "/Users/sandeepreddypailla/Downloads/Merge July 17th/PomeGran_Rock_M'Chigeeng-OLT3_HLD_v1.5/PomeGran_Rock_M'Chigeeng-OLT3_HLD_v1.5/vault.shp", "Contractor": null, "DtAsgCnstr": null, "ConStartDt": null, "DtInstald": null }, "geometry": { "type": "Point", "coordinates": [ 401329.444877325964626, 5085171.126380863599479 ] } },
{ "type": "Feature", "properties": { "ID": "6", "Size": "36X60X36", "Owner": "Rock Networks", "Status": "Proposed", "Struct_1": "Medium", "Subtype": "Vault", "Struct_2": "OLT", "Permit_ID": "MC-P1000005", "Trunk_ID": "TRUNK10293", "FDH_ID": "FDH103001", "Lot_No": null, "FSA_No": "BILLINGS FSA5", "OLT_ID": "103", "Subdiv": "1", "Comments": null, "SKU": "VLT-SGL-3660", "PON_ID": null, "layer": "vault", "path": "/Users/sandeepreddypailla/Downloads/Merge July 17th/PomeGran_Rock_M'Chigeeng-OLT3_HLD_v1.5/PomeGran_Rock_M'Chigeeng-OLT3_HLD_v1.5/vault.shp", "Contractor": null, "DtAsgCnstr": null, "ConStartDt": null, "DtInstald": null }, "geometry": { "type": "Point", "coordinates": [ 409806.857483329309616, 5076077.039684299379587 ] } },
{ "type": "Feature", "properties": { "ID": "7", "Size": "30X48X24", "Owner": "Rock Networks", "Status": "Proposed", "Struct_1": "Medium", "Subtype": "Vault", "Struct_2": "Splice", "Permit_ID": "MC-P1000040", "Trunk_ID": "TRUNK10300", "FDH_ID": "FDH103014", "Lot_No": null, "FSA_No": "BILLINGS FSA5", "OLT_ID": "103", "Subdiv": "1", "Comments": null, "SKU": "VLT-SGL-3048", "PON_ID": null, "layer": "vault", "path": "/Users/sandeepreddypailla/Downloads/Merge July 17th/PomeGran_Rock_M'Chigeeng-OLT3_HLD_v1.5/PomeGran_Rock_M'Chigeeng-OLT3_HLD_v1.5/vault.shp", "Contractor": null, "DtAsgCnstr": null, "ConStartDt": null, "DtInstald": null }, "geometry": { "type": "Point", "coordinates": [ 408265.822424345940817, 5075110.555235566571355 ] } },
{ "type": "Feature", "properties": { "ID": "8", "Size": "30X48X24", "Owner": "Rock Networks", "Status": "Proposed", "Struct_1": "Medium", "Subtype": "Vault", "Struct_2": "Splice", "Permit_ID": "MC-P1000040", "Trunk_ID": "TRUNK10300", "FDH_ID": "FDH103014", "Lot_No": null, "FSA_No": "BILLINGS FSA5", "OLT_ID": "103", "Subdiv": "1", "Comments": null, "SKU": "VLT-SGL-3048", "PON_ID": null, "layer": "vault", "path": "/Users/sandeepreddypailla/Downloads/Merge July 17th/PomeGran_Rock_M'Chigeeng-OLT3_HLD_v1.5/PomeGran_Rock_M'Chigeeng-OLT3_HLD_v1.5/vault.shp", "Contractor": null, "DtAsgCnstr": null, "ConStartDt": null, "DtInstald": null }, "geometry": { "type": "Point", "coordinates": [ 409345.122590610233601, 5075083.695952859707177 ] } },
{ "type": "Feature", "properties": { "ID": "9", "Size": "30X48X24", "Owner": "Rock Networks", "Status": "Proposed", "Struct_1": "Medium", "Subtype": "Vault", "Struct_2": "Splice", "Permit_ID": "MC-P1000047", "Trunk_ID": "TRUNK10258", "FDH_ID": "FDH103005", "Lot_No": null, "FSA_No": "BILLINGS FSA5", "OLT_ID": "103", "Subdiv": "1", "Comments": null, "SKU": "VLT-SGL-3048", "PON_ID": null, "layer": "vault", "path": "/Users/sandeepreddypailla/Downloads/Merge July 17th/PomeGran_Rock_M'Chigeeng-OLT3_HLD_v1.5/PomeGran_Rock_M'Chigeeng-OLT3_HLD_v1.5/vault.shp", "Contractor": null, "DtAsgCnstr": null, "ConStartDt": null, "DtInstald": null }, "geometry": { "type": "Point", "coordinates": [ 402767.870329861005303, 5085312.845432595349848 ] } },
{ "type": "Feature", "properties": { "ID": "10", "Size": "30X48X24", "Owner": "Rock Networks", "Status": "Proposed", "Struct_1": "Medium", "Subtype": "Vault", "Struct_2": "Splice", "Permit_ID": "MC-P1000048", "Trunk_ID": "TRUNK10314", "FDH_ID": "FDH103007", "Lot_No": null, "FSA_No": "Northeastern Manitoulin and the Islands FSA25", "OLT_ID": "103", "Subdiv": "1", "Comments": null, "SKU": "VLT-SGL-3048", "PON_ID": null, "layer": "vault", "path": "/Users/sandeepreddypailla/Downloads/Merge July 17th/PomeGran_Rock_M'Chigeeng-OLT3_HLD_v1.5/PomeGran_Rock_M'Chigeeng-OLT3_HLD_v1.5/vault.shp", "Contractor": null, "DtAsgCnstr": null, "ConStartDt": null, "DtInstald": null }, "geometry": { "type": "Point", "coordinates": [ 415967.813821850984823, 5079077.754548615776002 ] } },
{ "type": "Feature", "properties": { "ID": "11", "Size": "30X48X24", "Owner": "Rock Networks", "Status": "Proposed", "Struct_1": "Medium", "Subtype": "Vault", "Struct_2": "Splice", "Permit_ID": "MC-P1000048", "Trunk_ID": "TRUNK10315", "FDH_ID": "FDH103007", "Lot_No": null, "FSA_No": "Northeastern Manitoulin and the Islands FSA25", "OLT_ID": "103", "Subdiv": "1", "Comments": null, "SKU": "VLT-SGL-3048", "PON_ID": null, "layer": "vault", "path": "/Users/sandeepreddypailla/Downloads/Merge July 17th/PomeGran_Rock_M'Chigeeng-OLT3_HLD_v1.5/PomeGran_Rock_M'Chigeeng-OLT3_HLD_v1.5/vault.shp", "Contractor": null, "DtAsgCnstr": null, "ConStartDt": null, "DtInstald": null }, "geometry": { "type": "Point", "coordinates": [ 416867.286391844216269, 5079063.208214499987662 ] } },
{ "type": "Feature", "properties": { "ID": "12", "Size": "30X48X24", "Owner": "Rock Networks", "Status": "Proposed", "Struct_1": "Medium", "Subtype": "Vault", "Struct_2": "Splice", "Permit_ID": "MC-P1000048", "Trunk_ID": "TRUNK10315", "FDH_ID": "FDH103007", "Lot_No": null, "FSA_No": "Northeastern Manitoulin and the Islands FSA25", "OLT_ID": "103", "Subdiv": "1", "Comments": null, "SKU": "VLT-SGL-3048", "PON_ID": null, "layer": "vault", "path": "/Users/sandeepreddypailla/Downloads/Merge July 17th/PomeGran_Rock_M'Chigeeng-OLT3_HLD_v1.5/PomeGran_Rock_M'Chigeeng-OLT3_HLD_v1.5/vault.shp", "Contractor": null, "DtAsgCnstr": null, "ConStartDt": null, "DtInstald": null }, "geometry": { "type": "Point", "coordinates": [ 417558.658593742293306, 5078819.921566421166062 ] } },
{ "type": "Feature", "properties": { "ID": "13", "Size": "30X48X24", "Owner": "Rock Networks", "Status": "Proposed", "Struct_1": "Medium", "Subtype": "Vault", "Struct_2": "Splice", "Permit_ID": "MC-P1000048", "Trunk_ID": "TRUNK10316", "FDH_ID": "FDH103007", "Lot_No": null, "FSA_No": "Northeastern Manitoulin and the Islands FSA25", "OLT_ID": "103", "Subdiv": "1", "Comments": null, "SKU": "VLT-SGL-3048", "PON_ID": null, "layer": "vault", "path": "/Users/sandeepreddypailla/Downloads/Merge July 17th/PomeGran_Rock_M'Chigeeng-OLT3_HLD_v1.5/PomeGran_Rock_M'Chigeeng-OLT3_HLD_v1.5/vault.shp", "Contractor": null, "DtAsgCnstr": null, "ConStartDt": null, "DtInstald": null }, "geometry": { "type": "Point", "coordinates": [ 417794.823478655423969, 5078526.281650668010116 ] } },
{ "type": "Feature", "properties": { "ID": "14", "Size": "30X48X24", "Owner": "Rock Networks", "Status": "Proposed", "Struct_1": "Medium", "Subtype": "Vault", "Struct_2": "Splice", "Permit_ID": "MC-P1000048", "Trunk_ID": "TRUNK10316", "FDH_ID": "FDH103007", "Lot_No": null, "FSA_No": "Northeastern Manitoulin and the Islands FSA25", "OLT_ID": "103", "Subdiv": "1", "Comments": null, "SKU": "VLT-SGL-3048", "PON_ID": null, "layer": "vault", "path": "/Users/sandeepreddypailla/Downloads/Merge July 17th/PomeGran_Rock_M'Chigeeng-OLT3_HLD_v1.5/PomeGran_Rock_M'Chigeeng-OLT3_HLD_v1.5/vault.shp", "Contractor": null, "DtAsgCnstr": null, "ConStartDt": null, "DtInstald": null }, "geometry": { "type": "Point", "coordinates": [ 417578.895747124159243, 5078541.932003037072718 ] } },
{ "type": "Feature", "properties": { "ID": "15", "Size": "30X48X24", "Owner": "Rock Networks", "Status": "Proposed", "Struct_1": "Medium", "Subtype": "Vault", "Struct_2": "Splice", "Permit_ID": "MC-P1000048", "Trunk_ID": "TRUNK10316", "FDH_ID": "FDH103007", "Lot_No": null, "FSA_No": "Northeastern Manitoulin and the Islands FSA25", "OLT_ID": "103", "Subdiv": "1", "Comments": null, "SKU": "VLT-SGL-3048", "PON_ID": null, "layer": "vault", "path": "/Users/sandeepreddypailla/Downloads/Merge July 17th/PomeGran_Rock_M'Chigeeng-OLT3_HLD_v1.5/PomeGran_Rock_M'Chigeeng-OLT3_HLD_v1.5/vault.shp", "Contractor": null, "DtAsgCnstr": null, "ConStartDt": null, "DtInstald": null }, "geometry": { "type": "Point", "coordinates": [ 417613.357231794914696, 5077770.18016426358372 ] } },
{ "type": "Feature", "properties": { "ID": "16", "Size": "30X48X24", "Owner": "Rock Networks", "Status": "Proposed", "Struct_1": "Medium", "Subtype": "Vault", "Struct_2": "Splice", "Permit_ID": "MC-P1000043", "Trunk_ID": "TRUNK10352", "FDH_ID": "FDH103010", "Lot_No": null, "FSA_No": "BILLINGS FSA5", "OLT_ID": "103", "Subdiv": "1", "Comments": null, "SKU": "VLT-SGL-3048", "PON_ID": null, "layer": "vault", "path": "/Users/sandeepreddypailla/Downloads/Merge July 17th/PomeGran_Rock_M'Chigeeng-OLT3_HLD_v1.5/PomeGran_Rock_M'Chigeeng-OLT3_HLD_v1.5/vault.shp", "Contractor": null, "DtAsgCnstr": null, "ConStartDt": null, "DtInstald": null }, "geometry": { "type": "Point", "coordinates": [ 405510.03378825186519, 5073113.991574876941741 ] } },
{ "type": "Feature", "properties": { "ID": "17", "Size": "30X48X24", "Owner": "Rock Networks", "Status": "Proposed", "Struct_1": "Medium", "Subtype": "Vault", "Struct_2": "Splice", "Permit_ID": "MC-P1000043", "Trunk_ID": "TRUNK10352", "FDH_ID": "FDH103010", "Lot_No": null, "FSA_No": "BILLINGS FSA5", "OLT_ID": "103", "Subdiv": "1", "Comments": null, "SKU": "VLT-SGL-3048", "PON_ID": null, "layer": "vault", "path": "/Users/sandeepreddypailla/Downloads/Merge July 17th/PomeGran_Rock_M'Chigeeng-OLT3_HLD_v1.5/PomeGran_Rock_M'Chigeeng-OLT3_HLD_v1.5/vault.shp", "Contractor": null, "DtAsgCnstr": null, "ConStartDt": null, "DtInstald": null }, "geometry": { "type": "Point", "coordinates": [ 405255.850945771147963, 5073508.305367587134242 ] } },
{ "type": "Feature", "properties": { "ID": "18", "Size": "30X48X24", "Owner": "Rock Networks", "Status": "Proposed", "Struct_1": "Medium", "Subtype": "Vault", "Struct_2": "Splice", "Permit_ID": "MC-P1000041", "Trunk_ID": "TRUNK10353", "FDH_ID": "FDH103010", "Lot_No": null, "FSA_No": "BILLINGS FSA5", "OLT_ID": "103", "Subdiv": "1", "Comments": null, "SKU": "VLT-SGL-3048", "PON_ID": null, "layer": "vault", "path": "/Users/sandeepreddypailla/Downloads/Merge July 17th/PomeGran_Rock_M'Chigeeng-OLT3_HLD_v1.5/PomeGran_Rock_M'Chigeeng-OLT3_HLD_v1.5/vault.shp", "Contractor": null, "DtAsgCnstr": null, "ConStartDt": null, "DtInstald": null }, "geometry": { "type": "Point", "coordinates": [ 406973.635444361018017, 5072619.001869857311249 ] } },
{ "type": "Feature", "properties": { "ID": "19", "Size": "30X48X24", "Owner": "Rock Networks", "Status": "Proposed", "Struct_1": "Medium", "Subtype": "Vault", "Struct_2": "Splice", "Permit_ID": "MC-P1000042", "Trunk_ID": "TRUNK10355", "FDH_ID": "FDH103013", "Lot_No": null, "FSA_No": "BILLINGS FSA5", "OLT_ID": "103", "Subdiv": "1", "Comments": null, "SKU": "VLT-SGL-3048", "PON_ID": null, "layer": "vault", "path": "/Users/sandeepreddypailla/Downloads/Merge July 17th/PomeGran_Rock_M'Chigeeng-OLT3_HLD_v1.5/PomeGran_Rock_M'Chigeeng-OLT3_HLD_v1.5/vault.shp", "Contractor": null, "DtAsgCnstr": null, "ConStartDt": null, "DtInstald": null }, "geometry": { "type": "Point", "coordinates": [ 405909.375463018426672, 5071150.83029683213681 ] } },
{ "type": "Feature", "properties": { "ID": "20", "Size": "30X48X24", "Owner": "Rock Networks", "Status": "Proposed", "Struct_1": "Medium", "Subtype": "Vault", "Struct_2": "Splice", "Permit_ID": "MC-P1000133", "Trunk_ID": "TRUNK10355", "FDH_ID": "FDH103013", "Lot_No": null, "FSA_No": "BILLINGS FSA5", "OLT_ID": "103", "Subdiv": "1", "Comments": null, "SKU": "VLT-SGL-3048", "PON_ID": null, "layer": "vault", "path": "/Users/sandeepreddypailla/Downloads/Merge July 17th/PomeGran_Rock_M'Chigeeng-OLT3_HLD_v1.5/PomeGran_Rock_M'Chigeeng-OLT3_HLD_v1.5/vault.shp", "Contractor": null, "DtAsgCnstr": null, "ConStartDt": null, "DtInstald": null }, "geometry": { "type": "Point", "coordinates": [ 405607.555059708480258, 5071058.085243662819266 ] } },
{ "type": "Feature", "properties": { "ID": "21", "Size": "30X48X24", "Owner": "Rock Networks", "Status": "Proposed", "Struct_1": "Medium", "Subtype": "Vault", "Struct_2": "Splice", "Permit_ID": "MC-P1000041", "Trunk_ID": "TRUNK10352", "FDH_ID": "FDH103010", "Lot_No": null, "FSA_No": "BILLINGS FSA5", "OLT_ID": "103", "Subdiv": "1", "Comments": null, "SKU": "VLT-SGL-3048", "PON_ID": null, "layer": "vault", "path": "/Users/sandeepreddypailla/Downloads/Merge July 17th/PomeGran_Rock_M'Chigeeng-OLT3_HLD_v1.5/PomeGran_Rock_M'Chigeeng-OLT3_HLD_v1.5/vault.shp", "Contractor": null, "DtAsgCnstr": null, "ConStartDt": null, "DtInstald": null }, "geometry": { "type": "Point", "coordinates": [ 407043.851994562486652, 5073093.438284106552601 ] } },
{ "type": "Feature", "properties": { "ID": "22", "Size": "30X48X24", "Owner": "Rock Networks", "Status": "Proposed", "Struct_1": "Medium", "Subtype": "Vault", "Struct_2": "Splice", "Permit_ID": "MC-P1000138", "Trunk_ID": "TRUNK10256", "FDH_ID": "FDH103003", "Lot_No": null, "FSA_No": "BILLINGS FSA5", "OLT_ID": "103", "Subdiv": "1", "Comments": null, "SKU": "VLT-SGL-3048", "PON_ID": null, "layer": "vault", "path": "/Users/sandeepreddypailla/Downloads/Merge July 17th/PomeGran_Rock_M'Chigeeng-OLT3_HLD_v1.5/PomeGran_Rock_M'Chigeeng-OLT3_HLD_v1.5/vault.shp", "Contractor": null, "DtAsgCnstr": null, "ConStartDt": null, "DtInstald": null }, "geometry": { "type": "Point", "coordinates": [ 400183.387069196731318, 5085421.335471631959081 ] } },
{ "type": "Feature", "properties": { "ID": "23", "Size": "30X48X24", "Owner": "Rock Networks", "Status": "Proposed", "Struct_1": "Medium", "Subtype": "Vault", "Struct_2": "Splice", "Permit_ID": "MC-P1000138", "Trunk_ID": "TRUNK10256", "FDH_ID": "FDH103003", "Lot_No": null, "FSA_No": "BILLINGS FSA5", "OLT_ID": "103", "Subdiv": "1", "Comments": null, "SKU": "VLT-SGL-3048", "PON_ID": null, "layer": "vault", "path": "/Users/sandeepreddypailla/Downloads/Merge July 17th/PomeGran_Rock_M'Chigeeng-OLT3_HLD_v1.5/PomeGran_Rock_M'Chigeeng-OLT3_HLD_v1.5/vault.shp", "Contractor": null, "DtAsgCnstr": null, "ConStartDt": null, "DtInstald": null }, "geometry": { "type": "Point", "coordinates": [ 399382.535698926309124, 5085429.494947630912066 ] } },
{ "type": "Feature", "properties": { "ID": "24", "Size": "30X48X24", "Owner": "Rock Networks", "Status": "Proposed", "Struct_1": "Medium", "Subtype": "Vault", "Struct_2": "Splice", "Permit_ID": "MC-P1000138", "Trunk_ID": "TRUNK10248", "FDH_ID": "FDH103003", "Lot_No": null, "FSA_No": "BILLINGS FSA5", "OLT_ID": "103", "Subdiv": "1", "Comments": null, "SKU": "VLT-SGL-3048", "PON_ID": null, "layer": "vault", "path": "/Users/sandeepreddypailla/Downloads/Merge July 17th/PomeGran_Rock_M'Chigeeng-OLT3_HLD_v1.5/PomeGran_Rock_M'Chigeeng-OLT3_HLD_v1.5/vault.shp", "Contractor": null, "DtAsgCnstr": null, "ConStartDt": null, "DtInstald": null }, "geometry": { "type": "Point", "coordinates": [ 399393.970253919018432, 5086517.025273242034018 ] } },
{ "type": "Feature", "properties": { "ID": "25", "Size": "30X48X24", "Owner": "Rock Networks", "Status": "Proposed", "Struct_1": "Medium", "Subtype": "Vault", "Struct_2": "Splice", "Permit_ID": "MC-P1000138", "Trunk_ID": "TRUNK10248", "FDH_ID": "FDH103003", "Lot_No": null, "FSA_No": "BILLINGS FSA5", "OLT_ID": "103", "Subdiv": "1", "Comments": null, "SKU": "VLT-SGL-3048", "PON_ID": null, "layer": "vault", "path": "/Users/sandeepreddypailla/Downloads/Merge July 17th/PomeGran_Rock_M'Chigeeng-OLT3_HLD_v1.5/PomeGran_Rock_M'Chigeeng-OLT3_HLD_v1.5/vault.shp", "Contractor": null, "DtAsgCnstr": null, "ConStartDt": null, "DtInstald": null }, "geometry": { "type": "Point", "coordinates": [ 399409.647125505784061, 5087457.110122299753129 ] } },
{ "type": "Feature", "properties": { "ID": "26", "Size": "30X48X24", "Owner": "Rock Networks", "Status": "Proposed", "Struct_1": "Medium", "Subtype": "Vault", "Struct_2": "Splice", "Permit_ID": "MC-P1000138", "Trunk_ID": "TRUNK10249", "FDH_ID": "FDH103003", "Lot_No": null, "FSA_No": "BILLINGS FSA5", "OLT_ID": "103", "Subdiv": "1", "Comments": null, "SKU": "VLT-SGL-3048", "PON_ID": null, "layer": "vault", "path": "/Users/sandeepreddypailla/Downloads/Merge July 17th/PomeGran_Rock_M'Chigeeng-OLT3_HLD_v1.5/PomeGran_Rock_M'Chigeeng-OLT3_HLD_v1.5/vault.shp", "Contractor": null, "DtAsgCnstr": null, "ConStartDt": null, "DtInstald": null }, "geometry": { "type": "Point", "coordinates": [ 399431.975679055380169, 5088483.813349694013596 ] } },
{ "type": "Feature", "properties": { "ID": "27", "Size": "30X48X24", "Owner": "Rock Networks", "Status": "Proposed", "Struct_1": "Medium", "Subtype": "Vault", "Struct_2": "Splice", "Permit_ID": "MC-P1000138", "Trunk_ID": "TRUNK10249", "FDH_ID": "FDH103003", "Lot_No": null, "FSA_No": "BILLINGS FSA5", "OLT_ID": "103", "Subdiv": "1", "Comments": null, "SKU": "VLT-SGL-3048", "PON_ID": null, "layer": "vault", "path": "/Users/sandeepreddypailla/Downloads/Merge July 17th/PomeGran_Rock_M'Chigeeng-OLT3_HLD_v1.5/PomeGran_Rock_M'Chigeeng-OLT3_HLD_v1.5/vault.shp", "Contractor": null, "DtAsgCnstr": null, "ConStartDt": null, "DtInstald": null }, "geometry": { "type": "Point", "coordinates": [ 399451.540024094865657, 5089370.020551607944071 ] } },
{ "type": "Feature", "properties": { "ID": "28", "Size": "30X48X24", "Owner": "Rock Networks", "Status": "Proposed", "Struct_1": "Medium", "Subtype": "Vault", "Struct_2": "Splice", "Permit_ID": "MC-P1000138", "Trunk_ID": "TRUNK10249", "FDH_ID": "FDH103003", "Lot_No": null, "FSA_No": "BILLINGS FSA5", "OLT_ID": "103", "Subdiv": "1", "Comments": null, "SKU": "VLT-SGL-3048", "PON_ID": null, "layer": "vault", "path": "/Users/sandeepreddypailla/Downloads/Merge July 17th/PomeGran_Rock_M'Chigeeng-OLT3_HLD_v1.5/PomeGran_Rock_M'Chigeeng-OLT3_HLD_v1.5/vault.shp", "Contractor": null, "DtAsgCnstr": null, "ConStartDt": null, "DtInstald": null }, "geometry": { "type": "Point", "coordinates": [ 399467.871319604571909, 5089852.692381098866463 ] } },
{ "type": "Feature", "properties": { "ID": "29", "Size": "30X48X24", "Owner": "Rock Networks", "Status": "Proposed", "Struct_1": "Medium", "Subtype": "Vault", "Struct_2": "Splice", "Permit_ID": "MC-P1000138", "Trunk_ID": "TRUNK10253", "FDH_ID": "FDH103003", "Lot_No": null, "FSA_No": "BILLINGS FSA5", "OLT_ID": "103", "Subdiv": "1", "Comments": null, "SKU": "VLT-SGL-3048", "PON_ID": null, "layer": "vault", "path": "/Users/sandeepreddypailla/Downloads/Merge July 17th/PomeGran_Rock_M'Chigeeng-OLT3_HLD_v1.5/PomeGran_Rock_M'Chigeeng-OLT3_HLD_v1.5/vault.shp", "Contractor": null, "DtAsgCnstr": null, "ConStartDt": null, "DtInstald": null }, "geometry": { "type": "Point", "coordinates": [ 399486.763292976887897, 5090503.314583855681121 ] } },
{ "type": "Feature", "properties": { "ID": "30", "Size": "30X48X24", "Owner": "Rock Networks", "Status": "Proposed", "Struct_1": "Medium", "Subtype": "Vault", "Struct_2": "Splice", "Permit_ID": "MC-P1000138", "Trunk_ID": "TRUNK10254", "FDH_ID": "FDH103003", "Lot_No": null, "FSA_No": "BILLINGS FSA5", "OLT_ID": "103", "Subdiv": "1", "Comments": null, "SKU": "VLT-SGL-3048", "PON_ID": null, "layer": "vault", "path": "/Users/sandeepreddypailla/Downloads/Merge July 17th/PomeGran_Rock_M'Chigeeng-OLT3_HLD_v1.5/PomeGran_Rock_M'Chigeeng-OLT3_HLD_v1.5/vault.shp", "Contractor": null, "DtAsgCnstr": null, "ConStartDt": null, "DtInstald": null }, "geometry": { "type": "Point", "coordinates": [ 400255.107587285863701, 5090545.447957400232553 ] } },
{ "type": "Feature", "properties": { "ID": "31", "Size": "30X48X24", "Owner": "Rock Networks", "Status": "Proposed", "Struct_1": "Medium", "Subtype": "Vault", "Struct_2": "Splice", "Permit_ID": "MC-P1000138", "Trunk_ID": "TRUNK10253", "FDH_ID": "FDH103003", "Lot_No": null, "FSA_No": "BILLINGS FSA5", "OLT_ID": "103", "Subdiv": "1", "Comments": null, "SKU": "VLT-SGL-3048", "PON_ID": null, "layer": "vault", "path": "/Users/sandeepreddypailla/Downloads/Merge July 17th/PomeGran_Rock_M'Chigeeng-OLT3_HLD_v1.5/PomeGran_Rock_M'Chigeeng-OLT3_HLD_v1.5/vault.shp", "Contractor": null, "DtAsgCnstr": null, "ConStartDt": null, "DtInstald": null }, "geometry": { "type": "Point", "coordinates": [ 399541.954237773607019, 5091989.149724764749408 ] } },
{ "type": "Feature", "properties": { "ID": "32", "Size": "30X48X24", "Owner": "Rock Networks", "Status": "Proposed", "Struct_1": "Medium", "Subtype": "Vault", "Struct_2": "Splice", "Permit_ID": "MC-P1000138", "Trunk_ID": "TRUNK10253", "FDH_ID": "FDH103003", "Lot_No": null, "FSA_No": "BILLINGS FSA5", "OLT_ID": "103", "Subdiv": "1", "Comments": null, "SKU": "VLT-SGL-3048", "PON_ID": null, "layer": "vault", "path": "/Users/sandeepreddypailla/Downloads/Merge July 17th/PomeGran_Rock_M'Chigeeng-OLT3_HLD_v1.5/PomeGran_Rock_M'Chigeeng-OLT3_HLD_v1.5/vault.shp", "Contractor": null, "DtAsgCnstr": null, "ConStartDt": null, "DtInstald": null }, "geometry": { "type": "Point", "coordinates": [ 399517.732468240195885, 5091372.621154557913542 ] } },
{ "type": "Feature", "properties": { "ID": "34", "Size": "30X48X24", "Owner": "Rock Networks", "Status": "Proposed", "Struct_1": "Medium", "Subtype": "Vault", "Struct_2": "Splice", "Permit_ID": "MC-P1000139", "Trunk_ID": "TRUNK10250", "FDH_ID": "FDH103002", "Lot_No": null, "FSA_No": "BILLINGS FSA5", "OLT_ID": "103", "Subdiv": "1", "Comments": null, "SKU": "VLT-SGL-3048", "PON_ID": null, "layer": "vault", "path": "/Users/sandeepreddypailla/Downloads/Merge July 17th/PomeGran_Rock_M'Chigeeng-OLT3_HLD_v1.5/PomeGran_Rock_M'Chigeeng-OLT3_HLD_v1.5/vault.shp", "Contractor": null, "DtAsgCnstr": null, "ConStartDt": null, "DtInstald": null }, "geometry": { "type": "Point", "coordinates": [ 399902.876466898014769, 5093146.943208979442716 ] } },
{ "type": "Feature", "properties": { "ID": "38", "Size": "30X48X24", "Owner": "Rock Networks", "Status": "Proposed", "Struct_1": "Medium", "Subtype": "Vault", "Struct_2": "Splice", "Permit_ID": "MC-P1000045", "Trunk_ID": "TRUNK10266", "FDH_ID": "FDH103004", "Lot_No": null, "FSA_No": "BILLINGS FSA5", "OLT_ID": "103", "Subdiv": "1", "Comments": null, "SKU": "VLT-SGL-3048", "PON_ID": null, "layer": "vault", "path": "/Users/sandeepreddypailla/Downloads/Merge July 17th/PomeGran_Rock_M'Chigeeng-OLT3_HLD_v1.5/PomeGran_Rock_M'Chigeeng-OLT3_HLD_v1.5/vault.shp", "Contractor": null, "DtAsgCnstr": null, "ConStartDt": null, "DtInstald": null }, "geometry": { "type": "Point", "coordinates": [ 397278.836814176931512, 5082415.697536663152277 ] } },
{ "type": "Feature", "properties": { "ID": "39", "Size": "30X48X24", "Owner": "Rock Networks", "Status": "Proposed", "Struct_1": "Medium", "Subtype": "Vault", "Struct_2": "Splice", "Permit_ID": "MC-P1000040", "Trunk_ID": "TRUNK10300", "FDH_ID": "FDH103014", "Lot_No": null, "FSA_No": "BILLINGS FSA5", "OLT_ID": "103", "Subdiv": "1", "Comments": null, "SKU": "VLT-SGL-3048", "PON_ID": null, "layer": "vault", "path": "/Users/sandeepreddypailla/Downloads/Merge July 17th/PomeGran_Rock_M'Chigeeng-OLT3_HLD_v1.5/PomeGran_Rock_M'Chigeeng-OLT3_HLD_v1.5/vault.shp", "Contractor": null, "DtAsgCnstr": null, "ConStartDt": null, "DtInstald": null }, "geometry": { "type": "Point", "coordinates": [ 408887.383549933962058, 5075090.962001202628016 ] } },
{ "type": "Feature", "properties": { "ID": "40", "Size": "30X48X24", "Owner": "Rock Networks", "Status": "Proposed", "Struct_1": "Medium", "Subtype": "Vault", "Struct_2": "Splice", "Permit_ID": "MC-P1000040", "Trunk_ID": "TRUNK10300", "FDH_ID": "FDH103014", "Lot_No": null, "FSA_No": "BILLINGS FSA5", "OLT_ID": "103", "Subdiv": "1", "Comments": null, "SKU": "VLT-SGL-3048", "PON_ID": null, "layer": "vault", "path": "/Users/sandeepreddypailla/Downloads/Merge July 17th/PomeGran_Rock_M'Chigeeng-OLT3_HLD_v1.5/PomeGran_Rock_M'Chigeeng-OLT3_HLD_v1.5/vault.shp", "Contractor": null, "DtAsgCnstr": null, "ConStartDt": null, "DtInstald": null }, "geometry": { "type": "Point", "coordinates": [ 408538.111174164747354, 5074624.189580678008497 ] } },
{ "type": "Feature", "properties": { "ID": "33", "Size": "30X48X24", "Owner": "Rock Networks", "Status": "Proposed", "Struct_1": "Medium", "Subtype": "Vault", "Struct_2": "Splice", "Permit_ID": "MC-P1000152", "Trunk_ID": "TRUNK10293", "FDH_ID": "FDH103001", "Lot_No": null, "FSA_No": "BILLINGS FSA5", "OLT_ID": "103", "Subdiv": "1", "Comments": null, "SKU": "VLT-SGL-3048", "PON_ID": null, "layer": "vault", "path": "/Users/sandeepreddypailla/Downloads/Merge July 17th/PomeGran_Rock_M'Chigeeng-OLT3_HLD_v1.5/PomeGran_Rock_M'Chigeeng-OLT3_HLD_v1.5/vault.shp", "Contractor": null, "DtAsgCnstr": null, "ConStartDt": null, "DtInstald": null }, "geometry": { "type": "Point", "coordinates": [ 409843.281263834098354, 5076296.114697750657797 ] } },
{ "type": "Feature", "properties": { "ID": "1", "Size": "30X48X24", "Owner": "Rock Networks", "Status": "Proposed", "Struct_1": "Medium", "Subtype": "Vault", "Struct_2": "Splice", "Permit_ID": "MC-P1000111", "Trunk_ID": "TRUNK10658", "FDH_ID": "FDH106002", "Lot_No": null, "FSA_No": "WEST MANITOULIN UNORGANIZED FSA40", "OLT_ID": "106", "Subdiv": "1", "Comments": null, "SKU": "VLT-SGL-3048", "PON_ID": null, "layer": "vault", "path": "/Users/sandeepreddypailla/Downloads/Merge July 17th/PomeGran_Rock _SD1_OLT6_Silver_Water_HLD_v1.3/PomeGran_Rock _SD1_OLT6_Silver_Water_HLD/vault.shp", "Contractor": null, "DtAsgCnstr": null, "ConStartDt": null, "DtInstald": null }, "geometry": { "type": "Point", "coordinates": [ 362708.477208222146146, 5082098.712145518511534 ] } },
{ "type": "Feature", "properties": { "ID": "2", "Size": "30X48X24", "Owner": "Rock Networks", "Status": "Proposed", "Struct_1": "Medium", "Subtype": "Vault", "Struct_2": "Splice", "Permit_ID": "MC-P1000111", "Trunk_ID": "TRUNK10658", "FDH_ID": "FDH106002", "Lot_No": null, "FSA_No": "WEST MANITOULIN UNORGANIZED FSA40", "OLT_ID": "106", "Subdiv": "1", "Comments": null, "SKU": "VLT-SGL-3048", "PON_ID": null, "layer": "vault", "path": "/Users/sandeepreddypailla/Downloads/Merge July 17th/PomeGran_Rock _SD1_OLT6_Silver_Water_HLD_v1.3/PomeGran_Rock _SD1_OLT6_Silver_Water_HLD/vault.shp", "Contractor": null, "DtAsgCnstr": null, "ConStartDt": null, "DtInstald": null }, "geometry": { "type": "Point", "coordinates": [ 362640.166515427699778, 5081677.998641859740019 ] } },
{ "type": "Feature", "properties": { "ID": "4", "Size": "36X60X36", "Owner": "Rock Networks", "Status": "Proposed", "Struct_1": "Large", "Subtype": "Vault", "Struct_2": "OLT", "Permit_ID": "MC-P1000007", "Trunk_ID": "TRUNK10710", "FDH_ID": "FDH106001", "Lot_No": null, "FSA_No": "WEST MANITOULIN UNORGANIZED FSA40", "OLT_ID": "106", "Subdiv": "1", "Comments": null, "SKU": "VLT-SGL-3660", "PON_ID": null, "layer": "vault", "path": "/Users/sandeepreddypailla/Downloads/Merge July 17th/PomeGran_Rock _SD1_OLT6_Silver_Water_HLD_v1.3/PomeGran_Rock _SD1_OLT6_Silver_Water_HLD/vault.shp", "Contractor": null, "DtAsgCnstr": null, "ConStartDt": null, "DtInstald": null }, "geometry": { "type": "Point", "coordinates": [ 354247.109278022951912, 5082075.527514207176864 ] } },
{ "type": "Feature", "properties": { "ID": "5", "Size": "30X48X24", "Owner": "Rock Networks", "Status": "Proposed", "Struct_1": "Medium", "Subtype": "Vault", "Struct_2": "Splice", "Permit_ID": "MC-P1000095", "Trunk_ID": "TRUNK10677", "FDH_ID": "FDH106002", "Lot_No": null, "FSA_No": "BURPEE AND MILLS FSA8", "OLT_ID": "106", "Subdiv": "1", "Comments": null, "SKU": "VLT-SGL-3048", "PON_ID": null, "layer": "vault", "path": "/Users/sandeepreddypailla/Downloads/Merge July 17th/PomeGran_Rock _SD1_OLT6_Silver_Water_HLD_v1.3/PomeGran_Rock _SD1_OLT6_Silver_Water_HLD/vault.shp", "Contractor": null, "DtAsgCnstr": null, "ConStartDt": null, "DtInstald": null }, "geometry": { "type": "Point", "coordinates": [ 369767.39622079016408, 5075409.503827814944088 ] } },
{ "type": "Feature", "properties": { "ID": "6", "Size": "30X48X24", "Owner": "Rock Networks", "Status": "Proposed", "Struct_1": "Medium", "Subtype": "Vault", "Struct_2": "Splice", "Permit_ID": "MC-P1000095", "Trunk_ID": "TRUNK10679", "FDH_ID": "FDH106002", "Lot_No": null, "FSA_No": "BURPEE AND MILLS FSA8", "OLT_ID": "106", "Subdiv": "1", "Comments": null, "SKU": "VLT-SGL-3048", "PON_ID": null, "layer": "vault", "path": "/Users/sandeepreddypailla/Downloads/Merge July 17th/PomeGran_Rock _SD1_OLT6_Silver_Water_HLD_v1.3/PomeGran_Rock _SD1_OLT6_Silver_Water_HLD/vault.shp", "Contractor": null, "DtAsgCnstr": null, "ConStartDt": null, "DtInstald": null }, "geometry": { "type": "Point", "coordinates": [ 372915.608826351526659, 5075353.930605859495699 ] } },
{ "type": "Feature", "properties": { "ID": "7", "Size": "30X48X24", "Owner": "Rock Networks", "Status": "Proposed", "Struct_1": "Medium", "Subtype": "Vault", "Struct_2": "Splice", "Permit_ID": "MC-P1000095", "Trunk_ID": "TRUNK10677", "FDH_ID": "FDH106002", "Lot_No": null, "FSA_No": "BURPEE AND MILLS FSA8", "OLT_ID": "106", "Subdiv": "1", "Comments": null, "SKU": "VLT-SGL-3048", "PON_ID": null, "layer": "vault", "path": "/Users/sandeepreddypailla/Downloads/Merge July 17th/PomeGran_Rock _SD1_OLT6_Silver_Water_HLD_v1.3/PomeGran_Rock _SD1_OLT6_Silver_Water_HLD/vault.shp", "Contractor": null, "DtAsgCnstr": null, "ConStartDt": null, "DtInstald": null }, "geometry": { "type": "Point", "coordinates": [ 370862.790601972257718, 5075393.868452234193683 ] } },
{ "type": "Feature", "properties": { "ID": "8", "Size": "30X48X24", "Owner": "Rock Networks", "Status": "Proposed", "Struct_1": "Medium", "Subtype": "Vault", "Struct_2": "Splice", "Permit_ID": "MC-P1000095", "Trunk_ID": "TRUNK10679", "FDH_ID": "FDH106002", "Lot_No": null, "FSA_No": "BURPEE AND MILLS FSA8", "OLT_ID": "106", "Subdiv": "1", "Comments": null, "SKU": "VLT-SGL-3048", "PON_ID": null, "layer": "vault", "path": "/Users/sandeepreddypailla/Downloads/Merge July 17th/PomeGran_Rock _SD1_OLT6_Silver_Water_HLD_v1.3/PomeGran_Rock _SD1_OLT6_Silver_Water_HLD/vault.shp", "Contractor": null, "DtAsgCnstr": null, "ConStartDt": null, "DtInstald": null }, "geometry": { "type": "Point", "coordinates": [ 372079.28959142207168, 5075370.832703177817166 ] } },
{ "type": "Feature", "properties": { "ID": "9", "Size": "30X48X24", "Owner": "Rock Networks", "Status": "Proposed", "Struct_1": "Medium", "Subtype": "Vault", "Struct_2": "Splice", "Permit_ID": "MC-P1000007", "Trunk_ID": "TRUNK10682", "FDH_ID": "FDH106002", "Lot_No": null, "FSA_No": "WEST MANITOULIN UNORGANIZED FSA40", "OLT_ID": "106", "Subdiv": "1", "Comments": null, "SKU": "VLT-SGL-3048", "PON_ID": null, "layer": "vault", "path": "/Users/sandeepreddypailla/Downloads/Merge July 17th/PomeGran_Rock _SD1_OLT6_Silver_Water_HLD_v1.3/PomeGran_Rock _SD1_OLT6_Silver_Water_HLD/vault.shp", "Contractor": null, "DtAsgCnstr": null, "ConStartDt": null, "DtInstald": null }, "geometry": { "type": "Point", "coordinates": [ 357873.165849754528608, 5079744.726913237944245 ] } },
{ "type": "Feature", "properties": { "ID": "10", "Size": "30X48X24", "Owner": "Rock Networks", "Status": "Proposed", "Struct_1": "Medium", "Subtype": "Vault", "Struct_2": null, "Permit_ID": "MC-P1000112", "Trunk_ID": "TRUNK10682", "FDH_ID": "FDH106002", "Lot_No": null, "FSA_No": "WEST MANITOULIN UNORGANIZED FSA40", "OLT_ID": "106", "Subdiv": "1", "Comments": null, "SKU": "VLT-SGL-3048", "PON_ID": null, "layer": "vault", "path": "/Users/sandeepreddypailla/Downloads/Merge July 17th/PomeGran_Rock _SD1_OLT6_Silver_Water_HLD_v1.3/PomeGran_Rock _SD1_OLT6_Silver_Water_HLD/vault.shp", "Contractor": null, "DtAsgCnstr": null, "ConStartDt": null, "DtInstald": null }, "geometry": { "type": "Point", "coordinates": [ 357994.796619569591712, 5080615.45782208070159 ] } },
{ "type": "Feature", "properties": { "ID": "11", "Size": "30X48X24", "Owner": "Rock Networks", "Status": "Proposed", "Struct_1": "Medium", "Subtype": "Vault", "Struct_2": "Splice", "Permit_ID": "MC-P1000112", "Trunk_ID": "TRUNK10682", "FDH_ID": "FDH106002", "Lot_No": null, "FSA_No": "WEST MANITOULIN UNORGANIZED FSA40", "OLT_ID": "106", "Subdiv": "1", "Comments": null, "SKU": "VLT-SGL-3048", "PON_ID": null, "layer": "vault", "path": "/Users/sandeepreddypailla/Downloads/Merge July 17th/PomeGran_Rock _SD1_OLT6_Silver_Water_HLD_v1.3/PomeGran_Rock _SD1_OLT6_Silver_Water_HLD/vault.shp", "Contractor": null, "DtAsgCnstr": null, "ConStartDt": null, "DtInstald": null }, "geometry": { "type": "Point", "coordinates": [ 358022.931966762815136, 5081371.230853154323995 ] } },
{ "type": "Feature", "properties": { "ID": "12", "Size": "30X48X24", "Owner": "Rock Networks", "Status": "Proposed", "Struct_1": "Medium", "Subtype": "Vault", "Struct_2": "Splice", "Permit_ID": "MC-P1000108", "Trunk_ID": "TRUNK10651", "FDH_ID": "FDH106002", "Lot_No": null, "FSA_No": "BURPEE AND MILLS FSA8", "OLT_ID": "106", "Subdiv": "1", "Comments": null, "SKU": "VLT-SGL-3048", "PON_ID": null, "layer": "vault", "path": "/Users/sandeepreddypailla/Downloads/Merge July 17th/PomeGran_Rock _SD1_OLT6_Silver_Water_HLD_v1.3/PomeGran_Rock _SD1_OLT6_Silver_Water_HLD/vault.shp", "Contractor": null, "DtAsgCnstr": null, "ConStartDt": null, "DtInstald": null }, "geometry": { "type": "Point", "coordinates": [ 375660.287616565590724, 5074284.336006513796747 ] } },
{ "type": "Feature", "properties": { "ID": "13", "Size": "30X48X24", "Owner": "Rock Networks", "Status": "Proposed", "Struct_1": "Medium", "Subtype": "Vault", "Struct_2": "Splice", "Permit_ID": "MC-P1000108", "Trunk_ID": "TRUNK10651", "FDH_ID": "FDH106002", "Lot_No": null, "FSA_No": "BURPEE AND MILLS FSA8", "OLT_ID": "106", "Subdiv": "1", "Comments": null, "SKU": "VLT-SGL-3048", "PON_ID": null, "layer": "vault", "path": "/Users/sandeepreddypailla/Downloads/Merge July 17th/PomeGran_Rock _SD1_OLT6_Silver_Water_HLD_v1.3/PomeGran_Rock _SD1_OLT6_Silver_Water_HLD/vault.shp", "Contractor": null, "DtAsgCnstr": null, "ConStartDt": null, "DtInstald": null }, "geometry": { "type": "Point", "coordinates": [ 376156.072345180553384, 5074274.155713246203959 ] } },
{ "type": "Feature", "properties": { "ID": "14", "Size": "30X48X24", "Owner": "Rock Networks", "Status": "Proposed", "Struct_1": "Medium", "Subtype": "Vault", "Struct_2": "Splice", "Permit_ID": "MC-P1000099", "Trunk_ID": "TRUNK10679", "FDH_ID": "FDH106002", "Lot_No": null, "FSA_No": "BURPEE AND MILLS FSA8", "OLT_ID": "106", "Subdiv": "1", "Comments": null, "SKU": "VLT-SGL-3048", "PON_ID": null, "layer": "vault", "path": "/Users/sandeepreddypailla/Downloads/Merge July 17th/PomeGran_Rock _SD1_OLT6_Silver_Water_HLD_v1.3/PomeGran_Rock _SD1_OLT6_Silver_Water_HLD/vault.shp", "Contractor": null, "DtAsgCnstr": null, "ConStartDt": null, "DtInstald": null }, "geometry": { "type": "Point", "coordinates": [ 374115.378028212930076, 5075328.466083264909685 ] } },
{ "type": "Feature", "properties": { "ID": "15", "Size": "30X48X24", "Owner": "Rock Networks", "Status": "Proposed", "Struct_1": "Medium", "Subtype": "Vault", "Struct_2": "Splice", "Permit_ID": "MC-P1000099", "Trunk_ID": "TRUNK10679", "FDH_ID": "FDH106002", "Lot_No": null, "FSA_No": "BURPEE AND MILLS FSA8", "OLT_ID": "106", "Subdiv": "1", "Comments": null, "SKU": "VLT-SGL-3048", "PON_ID": null, "layer": "vault", "path": "/Users/sandeepreddypailla/Downloads/Merge July 17th/PomeGran_Rock _SD1_OLT6_Silver_Water_HLD_v1.3/PomeGran_Rock _SD1_OLT6_Silver_Water_HLD/vault.shp", "Contractor": null, "DtAsgCnstr": null, "ConStartDt": null, "DtInstald": null }, "geometry": { "type": "Point", "coordinates": [ 373702.525783711578697, 5075336.59979138802737 ] } },
{ "type": "Feature", "properties": { "ID": "16", "Size": "30X48X24", "Owner": "Rock Networks", "Status": "Proposed", "Struct_1": "Medium", "Subtype": "Vault", "Struct_2": "Splice", "Permit_ID": "MC-P1000099", "Trunk_ID": "TRUNK10680", "FDH_ID": "FDH106002", "Lot_No": null, "FSA_No": "BURPEE AND MILLS FSA8", "OLT_ID": "106", "Subdiv": "1", "Comments": null, "SKU": "VLT-SGL-3048", "PON_ID": null, "layer": "vault", "path": "/Users/sandeepreddypailla/Downloads/Merge July 17th/PomeGran_Rock _SD1_OLT6_Silver_Water_HLD_v1.3/PomeGran_Rock _SD1_OLT6_Silver_Water_HLD/vault.shp", "Contractor": null, "DtAsgCnstr": null, "ConStartDt": null, "DtInstald": null }, "geometry": { "type": "Point", "coordinates": [ 375368.075187646900304, 5075313.61378020234406 ] } },
{ "type": "Feature", "properties": { "ID": "17", "Size": "30X48X24", "Owner": "Rock Networks", "Status": "Proposed", "Struct_1": "Medium", "Subtype": "Vault", "Struct_2": "Splice", "Permit_ID": "MC-P1000099", "Trunk_ID": "TRUNK10679", "FDH_ID": "FDH106002", "Lot_No": null, "FSA_No": "BURPEE AND MILLS FSA8", "OLT_ID": "106", "Subdiv": "1", "Comments": null, "SKU": "VLT-SGL-3048", "PON_ID": null, "layer": "vault", "path": "/Users/sandeepreddypailla/Downloads/Merge July 17th/PomeGran_Rock _SD1_OLT6_Silver_Water_HLD_v1.3/PomeGran_Rock _SD1_OLT6_Silver_Water_HLD/vault.shp", "Contractor": null, "DtAsgCnstr": null, "ConStartDt": null, "DtInstald": null }, "geometry": { "type": "Point", "coordinates": [ 373311.7822236235952, 5075348.328802817501128 ] } },
{ "type": "Feature", "properties": { "ID": "18", "Size": "30X48X24", "Owner": "Rock Networks", "Status": "Proposed", "Struct_1": "Medium", "Subtype": "Vault", "Struct_2": "Splice", "Permit_ID": "MC-P1000099", "Trunk_ID": "TRUNK10680", "FDH_ID": "FDH106002", "Lot_No": null, "FSA_No": "BURPEE AND MILLS FSA8", "OLT_ID": "106", "Subdiv": "1", "Comments": null, "SKU": "VLT-SGL-3048", "PON_ID": null, "layer": "vault", "path": "/Users/sandeepreddypailla/Downloads/Merge July 17th/PomeGran_Rock _SD1_OLT6_Silver_Water_HLD_v1.3/PomeGran_Rock _SD1_OLT6_Silver_Water_HLD/vault.shp", "Contractor": null, "DtAsgCnstr": null, "ConStartDt": null, "DtInstald": null }, "geometry": { "type": "Point", "coordinates": [ 374646.980342578492127, 5075321.793040443211794 ] } },
{ "type": "Feature", "properties": { "ID": "19", "Size": "30X48X24", "Owner": "Rock Networks", "Status": "Proposed", "Struct_1": "Medium", "Subtype": "Vault", "Struct_2": "Splice", "Permit_ID": "MC-P1000095", "Trunk_ID": "TRUNK10679", "FDH_ID": "FDH106002", "Lot_No": null, "FSA_No": "BURPEE AND MILLS FSA8", "OLT_ID": "106", "Subdiv": "1", "Comments": null, "SKU": "VLT-SGL-3048", "PON_ID": null, "layer": "vault", "path": "/Users/sandeepreddypailla/Downloads/Merge July 17th/PomeGran_Rock _SD1_OLT6_Silver_Water_HLD_v1.3/PomeGran_Rock _SD1_OLT6_Silver_Water_HLD/vault.shp", "Contractor": null, "DtAsgCnstr": null, "ConStartDt": null, "DtInstald": null }, "geometry": { "type": "Point", "coordinates": [ 372106.362069008988328, 5076032.970183325000107 ] } },
{ "type": "Feature", "properties": { "ID": "20", "Size": "30X48X24", "Owner": "Rock Networks", "Status": "Proposed", "Struct_1": "Medium", "Subtype": "Vault", "Struct_2": "Splice", "Permit_ID": "MC-P1000110", "Trunk_ID": "TRUNK10684", "FDH_ID": "FDH106002", "Lot_No": null, "FSA_No": "WEST MANITOULIN UNORGANIZED FSA40", "OLT_ID": "106", "Subdiv": "1", "Comments": null, "SKU": "VLT-SGL-3048", "PON_ID": null, "layer": "vault", "path": "/Users/sandeepreddypailla/Downloads/Merge July 17th/PomeGran_Rock _SD1_OLT6_Silver_Water_HLD_v1.3/PomeGran_Rock _SD1_OLT6_Silver_Water_HLD/vault.shp", "Contractor": null, "DtAsgCnstr": null, "ConStartDt": null, "DtInstald": null }, "geometry": { "type": "Point", "coordinates": [ 359622.073395393672399, 5081515.81581704877317 ] } },
{ "type": "Feature", "properties": { "ID": "21", "Size": "30X48X24", "Owner": "Rock Networks", "Status": "Proposed", "Struct_1": "Medium", "Subtype": "Vault", "Struct_2": "Splice", "Permit_ID": "MC-P1000110", "Trunk_ID": "TRUNK10684", "FDH_ID": "FDH106002", "Lot_No": null, "FSA_No": "WEST MANITOULIN UNORGANIZED FSA40", "OLT_ID": "106", "Subdiv": "1", "Comments": null, "SKU": "VLT-SGL-3048", "PON_ID": null, "layer": "vault", "path": "/Users/sandeepreddypailla/Downloads/Merge July 17th/PomeGran_Rock _SD1_OLT6_Silver_Water_HLD_v1.3/PomeGran_Rock _SD1_OLT6_Silver_Water_HLD/vault.shp", "Contractor": null, "DtAsgCnstr": null, "ConStartDt": null, "DtInstald": null }, "geometry": { "type": "Point", "coordinates": [ 359672.675455462944228, 5081720.036067438311875 ] } },
{ "type": "Feature", "properties": { "ID": "1", "Size": "30X48X24", "Owner": "Rock Networks", "Status": "Proposed", "Struct_1": "Medium", "Subtype": "Vault", "Struct_2": "Splice", "Permit_ID": "MC-P1000076", "Trunk_ID": "TRUNK10439", "FDH_ID": "FDH104002", "Lot_No": null, "FSA_No": "CENTRAL MANITOULIN FSA9", "OLT_ID": "104", "Subdiv": "1", "Comments": null, "SKU": "VLT-SGL-3048", "PON_ID": null, "layer": "vault", "path": "/Users/sandeepreddypailla/Downloads/Merge July 17th/PomeGran_Rock _SD1_OLT4_Central Manitoulin_HLD_v1.4/PomeGran_Rock _SD1_OLT4_Central Manitoulin_HLD/vault.shp", "Contractor": null, "DtAsgCnstr": null, "ConStartDt": null, "DtInstald": null }, "geometry": { "type": "Point", "coordinates": [ 408147.685703836497851, 5066755.952206013724208 ] } },
{ "type": "Feature", "properties": { "ID": "2", "Size": "30X48X24", "Owner": "Rock Networks", "Status": "Proposed", "Struct_1": "Medium", "Subtype": "Vault", "Struct_2": "Splice", "Permit_ID": "MC-P1000076", "Trunk_ID": "TRUNK10439", "FDH_ID": "FDH104002", "Lot_No": null, "FSA_No": "CENTRAL MANITOULIN FSA9", "OLT_ID": "104", "Subdiv": "1", "Comments": null, "SKU": "VLT-SGL-3048", "PON_ID": null, "layer": "vault", "path": "/Users/sandeepreddypailla/Downloads/Merge July 17th/PomeGran_Rock _SD1_OLT4_Central Manitoulin_HLD_v1.4/PomeGran_Rock _SD1_OLT4_Central Manitoulin_HLD/vault.shp", "Contractor": null, "DtAsgCnstr": null, "ConStartDt": null, "DtInstald": null }, "geometry": { "type": "Point", "coordinates": [ 408515.507412055507302, 5066740.852918294258416 ] } },
{ "type": "Feature", "properties": { "ID": "3", "Size": "36X60X36", "Owner": "Rock Networks", "Status": "Proposed", "Struct_1": "Large", "Subtype": "Vault", "Struct_2": "OLT", "Permit_ID": "MC-P10000010", "Trunk_ID": "TRUNK10399", "FDH_ID": "FDH104001", "Lot_No": null, "FSA_No": "CENTRAL MANITOULIN FSA9", "OLT_ID": "104", "Subdiv": "1", "Comments": null, "SKU": "VLT-SGL-3660", "PON_ID": null, "layer": "vault", "path": "/Users/sandeepreddypailla/Downloads/Merge July 17th/PomeGran_Rock _SD1_OLT4_Central Manitoulin_HLD_v1.4/PomeGran_Rock _SD1_OLT4_Central Manitoulin_HLD/vault.shp", "Contractor": null, "DtAsgCnstr": null, "ConStartDt": null, "DtInstald": null }, "geometry": { "type": "Point", "coordinates": [ 408765.487983520783018, 5064758.969704257324338 ] } },
{ "type": "Feature", "properties": { "ID": "4", "Size": "30X48X24", "Owner": "Rock Networks", "Status": "Proposed", "Struct_1": "Medium", "Subtype": "Vault", "Struct_2": "Splice", "Permit_ID": "MC-P1000076", "Trunk_ID": "TRUNK10439", "FDH_ID": "FDH104002", "Lot_No": null, "FSA_No": "CENTRAL MANITOULIN FSA9", "OLT_ID": "104", "Subdiv": "1", "Comments": null, "SKU": "VLT-SGL-3048", "PON_ID": null, "layer": "vault", "path": "/Users/sandeepreddypailla/Downloads/Merge July 17th/PomeGran_Rock _SD1_OLT4_Central Manitoulin_HLD_v1.4/PomeGran_Rock _SD1_OLT4_Central Manitoulin_HLD/vault.shp", "Contractor": null, "DtAsgCnstr": null, "ConStartDt": null, "DtInstald": null }, "geometry": { "type": "Point", "coordinates": [ 408343.998285968787968, 5066775.933470507152379 ] } },
{ "type": "Feature", "properties": { "ID": "5", "Size": "30X48X24", "Owner": "Rock Networks", "Status": "Proposed", "Struct_1": "Medium", "Subtype": "Vault", "Struct_2": "Splice", "Permit_ID": "MC-P1000053", "Trunk_ID": "TRUNK10447", "FDH_ID": "FDH104003", "Lot_No": null, "FSA_No": "CENTRAL MANITOULIN FSA9", "OLT_ID": "104", "Subdiv": "1", "Comments": null, "SKU": "VLT-SGL-3048", "PON_ID": null, "layer": "vault", "path": "/Users/sandeepreddypailla/Downloads/Merge July 17th/PomeGran_Rock _SD1_OLT4_Central Manitoulin_HLD_v1.4/PomeGran_Rock _SD1_OLT4_Central Manitoulin_HLD/vault.shp", "Contractor": null, "DtAsgCnstr": null, "ConStartDt": null, "DtInstald": null }, "geometry": { "type": "Point", "coordinates": [ 409138.542277494329028, 5066425.744332272559404 ] } },
{ "type": "Feature", "properties": { "ID": "6", "Size": "30X48X24", "Owner": "Rock Networks", "Status": "Proposed", "Struct_1": "Medium", "Subtype": "Vault", "Struct_2": "Splice", "Permit_ID": "MC-P1000060", "Trunk_ID": "TRUNK10397", "FDH_ID": "FDH104004", "Lot_No": null, "FSA_No": "CENTRAL MANITOULIN FSA9", "OLT_ID": "104", "Subdiv": "1", "Comments": null, "SKU": "VLT-SGL-3048", "PON_ID": null, "layer": "vault", "path": "/Users/sandeepreddypailla/Downloads/Merge July 17th/PomeGran_Rock _SD1_OLT4_Central Manitoulin_HLD_v1.4/PomeGran_Rock _SD1_OLT4_Central Manitoulin_HLD/vault.shp", "Contractor": null, "DtAsgCnstr": null, "ConStartDt": null, "DtInstald": null }, "geometry": { "type": "Point", "coordinates": [ 405930.077001479978207, 5064940.330870387144387 ] } },
{ "type": "Feature", "properties": { "ID": "7", "Size": "30X48X24", "Owner": "Rock Networks", "Status": "Proposed", "Struct_1": "Medium", "Subtype": "Vault", "Struct_2": "Splice", "Permit_ID": "MC-P1000060", "Trunk_ID": "TRUNK10397", "FDH_ID": "FDH104004", "Lot_No": null, "FSA_No": "CENTRAL MANITOULIN FSA9", "OLT_ID": "104", "Subdiv": "1", "Comments": null, "SKU": "VLT-SGL-3048", "PON_ID": null, "layer": "vault", "path": "/Users/sandeepreddypailla/Downloads/Merge July 17th/PomeGran_Rock _SD1_OLT4_Central Manitoulin_HLD_v1.4/PomeGran_Rock _SD1_OLT4_Central Manitoulin_HLD/vault.shp", "Contractor": null, "DtAsgCnstr": null, "ConStartDt": null, "DtInstald": null }, "geometry": { "type": "Point", "coordinates": [ 405651.684194452012889, 5064359.393863555043936 ] } },
{ "type": "Feature", "properties": { "ID": "8", "Size": "30X48X24", "Owner": "Rock Networks", "Status": "Proposed", "Struct_1": "Medium", "Subtype": "Vault", "Struct_2": "Splice", "Permit_ID": "MC-P1000060", "Trunk_ID": "TRUNK10397", "FDH_ID": "FDH104004", "Lot_No": null, "FSA_No": "CENTRAL MANITOULIN FSA9", "OLT_ID": "104", "Subdiv": "1", "Comments": null, "SKU": "VLT-SGL-3048", "PON_ID": null, "layer": "vault", "path": "/Users/sandeepreddypailla/Downloads/Merge July 17th/PomeGran_Rock _SD1_OLT4_Central Manitoulin_HLD_v1.4/PomeGran_Rock _SD1_OLT4_Central Manitoulin_HLD/vault.shp", "Contractor": null, "DtAsgCnstr": null, "ConStartDt": null, "DtInstald": null }, "geometry": { "type": "Point", "coordinates": [ 405940.91673073428683, 5063652.669479567557573 ] } },
{ "type": "Feature", "properties": { "ID": "9", "Size": "30X48X24", "Owner": "Rock Networks", "Status": "Proposed", "Struct_1": "Medium", "Subtype": "Vault", "Struct_2": "Splice", "Permit_ID": "MC-P1000060", "Trunk_ID": "TRUNK10397", "FDH_ID": "FDH104004", "Lot_No": null, "FSA_No": "CENTRAL MANITOULIN FSA9", "OLT_ID": "104", "Subdiv": "1", "Comments": null, "SKU": "VLT-SGL-3048", "PON_ID": null, "layer": "vault", "path": "/Users/sandeepreddypailla/Downloads/Merge July 17th/PomeGran_Rock _SD1_OLT4_Central Manitoulin_HLD_v1.4/PomeGran_Rock _SD1_OLT4_Central Manitoulin_HLD/vault.shp", "Contractor": null, "DtAsgCnstr": null, "ConStartDt": null, "DtInstald": null }, "geometry": { "type": "Point", "coordinates": [ 405765.663623022846878, 5064056.6603471217677 ] } },
{ "type": "Feature", "properties": { "ID": "10", "Size": "30X48X24", "Owner": "Rock Networks", "Status": "Proposed", "Struct_1": "Medium", "Subtype": "Vault", "Struct_2": "Splice", "Permit_ID": "MC-P1000060", "Trunk_ID": "TRUNK10397", "FDH_ID": "FDH104004", "Lot_No": null, "FSA_No": "CENTRAL MANITOULIN FSA9", "OLT_ID": "104", "Subdiv": "1", "Comments": null, "SKU": "VLT-SGL-3048", "PON_ID": null, "layer": "vault", "path": "/Users/sandeepreddypailla/Downloads/Merge July 17th/PomeGran_Rock _SD1_OLT4_Central Manitoulin_HLD_v1.4/PomeGran_Rock _SD1_OLT4_Central Manitoulin_HLD/vault.shp", "Contractor": null, "DtAsgCnstr": null, "ConStartDt": null, "DtInstald": null }, "geometry": { "type": "Point", "coordinates": [ 405646.491509779123589, 5064704.188125839456916 ] } },
{ "type": "Feature", "properties": { "ID": "11", "Size": "30X48X24", "Owner": "Rock Networks", "Status": "Proposed", "Struct_1": "Medium", "Subtype": "Vault", "Struct_2": "Splice", "Permit_ID": "MC-P1000051", "Trunk_ID": "TRUNK10446", "FDH_ID": "FDH104003", "Lot_No": null, "FSA_No": "CENTRAL MANITOULIN FSA9", "OLT_ID": "104", "Subdiv": "1", "Comments": null, "SKU": "VLT-SGL-3048", "PON_ID": null, "layer": "vault", "path": "/Users/sandeepreddypailla/Downloads/Merge July 17th/PomeGran_Rock _SD1_OLT4_Central Manitoulin_HLD_v1.4/PomeGran_Rock _SD1_OLT4_Central Manitoulin_HLD/vault.shp", "Contractor": null, "DtAsgCnstr": null, "ConStartDt": null, "DtInstald": null }, "geometry": { "type": "Point", "coordinates": [ 410537.478477020631544, 5067022.55827721580863 ] } },
{ "type": "Feature", "properties": { "ID": "12", "Size": "30X48X24", "Owner": "Rock Networks", "Status": "Proposed", "Struct_1": "Medium", "Subtype": "Vault", "Struct_2": "Splice", "Permit_ID": "MC-P1000050", "Trunk_ID": "TRUNK10411", "FDH_ID": "FDH104003", "Lot_No": null, "FSA_No": "CENTRAL MANITOULIN FSA9", "OLT_ID": "104", "Subdiv": "1", "Comments": null, "SKU": "VLT-SGL-3048", "PON_ID": null, "layer": "vault", "path": "/Users/sandeepreddypailla/Downloads/Merge July 17th/PomeGran_Rock _SD1_OLT4_Central Manitoulin_HLD_v1.4/PomeGran_Rock _SD1_OLT4_Central Manitoulin_HLD/vault.shp", "Contractor": null, "DtAsgCnstr": null, "ConStartDt": null, "DtInstald": null }, "geometry": { "type": "Point", "coordinates": [ 409977.845746170554776, 5067026.81821174453944 ] } },
{ "type": "Feature", "properties": { "ID": "13", "Size": "30X48X24", "Owner": "Rock Networks", "Status": "Proposed", "Struct_1": "Medium", "Subtype": "Vault", "Struct_2": "Splice", "Permit_ID": "MC-P1000051", "Trunk_ID": "TRUNK10446", "FDH_ID": "FDH104003", "Lot_No": null, "FSA_No": "CENTRAL MANITOULIN FSA9", "OLT_ID": "104", "Subdiv": "1", "Comments": null, "SKU": "VLT-SGL-3048", "PON_ID": null, "layer": "vault", "path": "/Users/sandeepreddypailla/Downloads/Merge July 17th/PomeGran_Rock _SD1_OLT4_Central Manitoulin_HLD_v1.4/PomeGran_Rock _SD1_OLT4_Central Manitoulin_HLD/vault.shp", "Contractor": null, "DtAsgCnstr": null, "ConStartDt": null, "DtInstald": null }, "geometry": { "type": "Point", "coordinates": [ 410829.219308698666282, 5067019.854898871853948 ] } },
{ "type": "Feature", "properties": { "ID": "15", "Size": "30X48X24", "Owner": "Rock Networks", "Status": "Proposed", "Struct_1": "Medium", "Subtype": "Vault", "Struct_2": "Splice", "Permit_ID": "MC-P1000053", "Trunk_ID": "TRUNK10447", "FDH_ID": "FDH104003", "Lot_No": null, "FSA_No": "CENTRAL MANITOULIN FSA9", "OLT_ID": "104", "Subdiv": "1", "Comments": null, "SKU": "VLT-SGL-3048", "PON_ID": null, "layer": "vault", "path": "/Users/sandeepreddypailla/Downloads/Merge July 17th/PomeGran_Rock _SD1_OLT4_Central Manitoulin_HLD_v1.4/PomeGran_Rock _SD1_OLT4_Central Manitoulin_HLD/vault.shp", "Contractor": null, "DtAsgCnstr": null, "ConStartDt": null, "DtInstald": null }, "geometry": { "type": "Point", "coordinates": [ 409396.78975188289769, 5066491.817162205465138 ] } },
{ "type": "Feature", "properties": { "ID": "16", "Size": "30X48X24", "Owner": "Rock Networks", "Status": "Proposed", "Struct_1": "Medium", "Subtype": "Vault", "Struct_2": "Splice", "Permit_ID": "MC-P1000053", "Trunk_ID": "TRUNK10447", "FDH_ID": "FDH104003", "Lot_No": null, "FSA_No": "CENTRAL MANITOULIN FSA9", "OLT_ID": "104", "Subdiv": "1", "Comments": null, "SKU": "VLT-SGL-3048", "PON_ID": null, "layer": "vault", "path": "/Users/sandeepreddypailla/Downloads/Merge July 17th/PomeGran_Rock _SD1_OLT4_Central Manitoulin_HLD_v1.4/PomeGran_Rock _SD1_OLT4_Central Manitoulin_HLD/vault.shp", "Contractor": null, "DtAsgCnstr": null, "ConStartDt": null, "DtInstald": null }, "geometry": { "type": "Point", "coordinates": [ 409516.555416264338419, 5066604.555012540891767 ] } },
{ "type": "Feature", "properties": { "ID": "22", "Size": "30X48X24", "Owner": "Rock Networks", "Status": "Proposed", "Struct_1": "Medium", "Subtype": "Vault", "Struct_2": "Splice", "Permit_ID": "MC-P1000056", "Trunk_ID": "TRUNK10375", "FDH_ID": "FDH104007", "Lot_No": null, "FSA_No": "CENTRAL MANITOULIN FSA9", "OLT_ID": "104", "Subdiv": "1", "Comments": null, "SKU": "VLT-SGL-3048", "PON_ID": null, "layer": "vault", "path": "/Users/sandeepreddypailla/Downloads/Merge July 17th/PomeGran_Rock _SD1_OLT4_Central Manitoulin_HLD_v1.4/PomeGran_Rock _SD1_OLT4_Central Manitoulin_HLD/vault.shp", "Contractor": null, "DtAsgCnstr": null, "ConStartDt": null, "DtInstald": null }, "geometry": { "type": "Point", "coordinates": [ 414906.408760958700441, 5066344.011519968509674 ] } },
{ "type": "Feature", "properties": { "ID": "23", "Size": "30X48X24", "Owner": "Rock Networks", "Status": "Proposed", "Struct_1": "Medium", "Subtype": "Vault", "Struct_2": "Splice", "Permit_ID": "MC-P1000057", "Trunk_ID": "TRUNK10375", "FDH_ID": "FDH104006", "Lot_No": null, "FSA_No": "CENTRAL MANITOULIN FSA9", "OLT_ID": "104", "Subdiv": "1", "Comments": null, "SKU": "VLT-SGL-3048", "PON_ID": null, "layer": "vault", "path": "/Users/sandeepreddypailla/Downloads/Merge July 17th/PomeGran_Rock _SD1_OLT4_Central Manitoulin_HLD_v1.4/PomeGran_Rock _SD1_OLT4_Central Manitoulin_HLD/vault.shp", "Contractor": null, "DtAsgCnstr": null, "ConStartDt": null, "DtInstald": null }, "geometry": { "type": "Point", "coordinates": [ 414988.214489218953531, 5067233.104939710348845 ] } },
{ "type": "Feature", "properties": { "ID": "24", "Size": "30X48X24", "Owner": "Rock Networks", "Status": "Proposed", "Struct_1": "Medium", "Subtype": "Vault", "Struct_2": "Splice", "Permit_ID": "MC-P1000057", "Trunk_ID": "TRUNK10375", "FDH_ID": "FDH104006", "Lot_No": null, "FSA_No": "CENTRAL MANITOULIN FSA9", "OLT_ID": "104", "Subdiv": "1", "Comments": null, "SKU": "VLT-SGL-3048", "PON_ID": null, "layer": "vault", "path": "/Users/sandeepreddypailla/Downloads/Merge July 17th/PomeGran_Rock _SD1_OLT4_Central Manitoulin_HLD_v1.4/PomeGran_Rock _SD1_OLT4_Central Manitoulin_HLD/vault.shp", "Contractor": null, "DtAsgCnstr": null, "ConStartDt": null, "DtInstald": null }, "geometry": { "type": "Point", "coordinates": [ 414387.163568862190004, 5067677.005587622523308 ] } },
{ "type": "Feature", "properties": { "ID": "25", "Size": "30X48X24", "Owner": "Rock Networks", "Status": "Proposed", "Struct_1": "Medium", "Subtype": "Vault", "Struct_2": "Splice", "Permit_ID": "MC-P1000056", "Trunk_ID": "TRUNK10375", "FDH_ID": "FDH104006", "Lot_No": null, "FSA_No": "CENTRAL MANITOULIN FSA9", "OLT_ID": "104", "Subdiv": "1", "Comments": null, "SKU": "VLT-SGL-3048", "PON_ID": null, "layer": "vault", "path": "/Users/sandeepreddypailla/Downloads/Merge July 17th/PomeGran_Rock _SD1_OLT4_Central Manitoulin_HLD_v1.4/PomeGran_Rock _SD1_OLT4_Central Manitoulin_HLD/vault.shp", "Contractor": null, "DtAsgCnstr": null, "ConStartDt": null, "DtInstald": null }, "geometry": { "type": "Point", "coordinates": [ 415851.231908666493837, 5066872.332527469843626 ] } },
{ "type": "Feature", "properties": { "ID": "26", "Size": "30X48X24", "Owner": "Rock Networks", "Status": "Proposed", "Struct_1": "Medium", "Subtype": "Vault", "Struct_2": "Splice", "Permit_ID": "MC-P1000056", "Trunk_ID": "TRUNK10375", "FDH_ID": "FDH104006", "Lot_No": null, "FSA_No": "CENTRAL MANITOULIN FSA9", "OLT_ID": "104", "Subdiv": "1", "Comments": null, "SKU": "VLT-SGL-3048", "PON_ID": null, "layer": "vault", "path": "/Users/sandeepreddypailla/Downloads/Merge July 17th/PomeGran_Rock _SD1_OLT4_Central Manitoulin_HLD_v1.4/PomeGran_Rock _SD1_OLT4_Central Manitoulin_HLD/vault.shp", "Contractor": null, "DtAsgCnstr": null, "ConStartDt": null, "DtInstald": null }, "geometry": { "type": "Point", "coordinates": [ 415032.523918775201309, 5066580.245630922727287 ] } },
{ "type": "Feature", "properties": { "ID": "27", "Size": "30X48X24", "Owner": "Rock Networks", "Status": "Proposed", "Struct_1": "Medium", "Subtype": "Vault", "Struct_2": "Splice", "Permit_ID": "MC-P1000056", "Trunk_ID": "TRUNK10375", "FDH_ID": "FDH104006", "Lot_No": null, "FSA_No": "CENTRAL MANITOULIN FSA9", "OLT_ID": "104", "Subdiv": "1", "Comments": null, "SKU": "VLT-SGL-3048", "PON_ID": null, "layer": "vault", "path": "/Users/sandeepreddypailla/Downloads/Merge July 17th/PomeGran_Rock _SD1_OLT4_Central Manitoulin_HLD_v1.4/PomeGran_Rock _SD1_OLT4_Central Manitoulin_HLD/vault.shp", "Contractor": null, "DtAsgCnstr": null, "ConStartDt": null, "DtInstald": null }, "geometry": { "type": "Point", "coordinates": [ 415361.58422316290671, 5066643.394881282933056 ] } },
{ "type": "Feature", "properties": { "ID": "28", "Size": "30X48X24", "Owner": "Rock Networks", "Status": "Proposed", "Struct_1": "Medium", "Subtype": "Vault", "Struct_2": "Splice", "Permit_ID": "MC-P1000058", "Trunk_ID": "TRUNK10375", "FDH_ID": "FDH104006", "Lot_No": null, "FSA_No": "CENTRAL MANITOULIN FSA9", "OLT_ID": "104", "Subdiv": "1", "Comments": null, "SKU": "VLT-SGL-3048", "PON_ID": null, "layer": "vault", "path": "/Users/sandeepreddypailla/Downloads/Merge July 17th/PomeGran_Rock _SD1_OLT4_Central Manitoulin_HLD_v1.4/PomeGran_Rock _SD1_OLT4_Central Manitoulin_HLD/vault.shp", "Contractor": null, "DtAsgCnstr": null, "ConStartDt": null, "DtInstald": null }, "geometry": { "type": "Point", "coordinates": [ 415964.107231200148817, 5067238.504640882834792 ] } },
{ "type": "Feature", "properties": { "ID": "29", "Size": "30X48X24", "Owner": "Rock Networks", "Status": "Proposed", "Struct_1": "Medium", "Subtype": "Vault", "Struct_2": "Splice", "Permit_ID": "MC-P1000059", "Trunk_ID": "TRUNK10391", "FDH_ID": "FDH104008", "Lot_No": null, "FSA_No": "CENTRAL MANITOULIN FSA9", "OLT_ID": "104", "Subdiv": "1", "Comments": null, "SKU": "VLT-SGL-3048", "PON_ID": null, "layer": "vault", "path": "/Users/sandeepreddypailla/Downloads/Merge July 17th/PomeGran_Rock _SD1_OLT4_Central Manitoulin_HLD_v1.4/PomeGran_Rock _SD1_OLT4_Central Manitoulin_HLD/vault.shp", "Contractor": null, "DtAsgCnstr": null, "ConStartDt": null, "DtInstald": null }, "geometry": { "type": "Point", "coordinates": [ 418081.380231314571574, 5068939.133545148186386 ] } },
{ "type": "Feature", "properties": { "ID": "30", "Size": "30X48X24", "Owner": "Rock Networks", "Status": "Proposed", "Struct_1": "Medium", "Subtype": "Vault", "Struct_2": "Splice", "Permit_ID": "MC-P1000059", "Trunk_ID": "TRUNK10391", "FDH_ID": "FDH104008", "Lot_No": null, "FSA_No": "CENTRAL MANITOULIN FSA9", "OLT_ID": "104", "Subdiv": "1", "Comments": null, "SKU": "VLT-SGL-3048", "PON_ID": null, "layer": "vault", "path": "/Users/sandeepreddypailla/Downloads/Merge July 17th/PomeGran_Rock _SD1_OLT4_Central Manitoulin_HLD_v1.4/PomeGran_Rock _SD1_OLT4_Central Manitoulin_HLD/vault.shp", "Contractor": null, "DtAsgCnstr": null, "ConStartDt": null, "DtInstald": null }, "geometry": { "type": "Point", "coordinates": [ 418224.019771120918449, 5069154.935450586490333 ] } },
{ "type": "Feature", "properties": { "ID": "31", "Size": "30X48X24", "Owner": "Rock Networks", "Status": "Proposed", "Struct_1": "Medium", "Subtype": "Vault", "Struct_2": "Splice", "Permit_ID": "MC-P1000068", "Trunk_ID": "TRUNK10423", "FDH_ID": "FDH104012", "Lot_No": null, "FSA_No": "CENTRAL MANITOULIN FSA9", "OLT_ID": "104", "Subdiv": "1", "Comments": null, "SKU": "VLT-SGL-3048", "PON_ID": null, "layer": "vault", "path": "/Users/sandeepreddypailla/Downloads/Merge July 17th/PomeGran_Rock _SD1_OLT4_Central Manitoulin_HLD_v1.4/PomeGran_Rock _SD1_OLT4_Central Manitoulin_HLD/vault.shp", "Contractor": null, "DtAsgCnstr": null, "ConStartDt": null, "DtInstald": null }, "geometry": { "type": "Point", "coordinates": [ 397445.253438942658249, 5067472.006647395901382 ] } },
{ "type": "Feature", "properties": { "ID": "32", "Size": "30X48X24", "Owner": "Rock Networks", "Status": "Proposed", "Struct_1": "Medium", "Subtype": "Vault", "Struct_2": "Splice", "Permit_ID": "MC-P1000068", "Trunk_ID": "TRUNK10423", "FDH_ID": "FDH104012", "Lot_No": null, "FSA_No": "CENTRAL MANITOULIN FSA9", "OLT_ID": "104", "Subdiv": "1", "Comments": null, "SKU": "VLT-SGL-3048", "PON_ID": null, "layer": "vault", "path": "/Users/sandeepreddypailla/Downloads/Merge July 17th/PomeGran_Rock _SD1_OLT4_Central Manitoulin_HLD_v1.4/PomeGran_Rock _SD1_OLT4_Central Manitoulin_HLD/vault.shp", "Contractor": null, "DtAsgCnstr": null, "ConStartDt": null, "DtInstald": null }, "geometry": { "type": "Point", "coordinates": [ 397536.603950393153355, 5068454.843588890507817 ] } },
{ "type": "Feature", "properties": { "ID": "33", "Size": "30X48X24", "Owner": "Rock Networks", "Status": "Proposed", "Struct_1": "Medium", "Subtype": "Vault", "Struct_2": "Splice", "Permit_ID": "MC-P1000068", "Trunk_ID": "TRUNK10423", "FDH_ID": "FDH104012", "Lot_No": null, "FSA_No": "CENTRAL MANITOULIN FSA9", "OLT_ID": "104", "Subdiv": "1", "Comments": null, "SKU": "VLT-SGL-3048", "PON_ID": null, "layer": "vault", "path": "/Users/sandeepreddypailla/Downloads/Merge July 17th/PomeGran_Rock _SD1_OLT4_Central Manitoulin_HLD_v1.4/PomeGran_Rock _SD1_OLT4_Central Manitoulin_HLD/vault.shp", "Contractor": null, "DtAsgCnstr": null, "ConStartDt": null, "DtInstald": null }, "geometry": { "type": "Point", "coordinates": [ 397984.839825759816449, 5069161.237090177834034 ] } },
{ "type": "Feature", "properties": { "ID": "34", "Size": "30X48X24", "Owner": "Rock Networks", "Status": "Proposed", "Struct_1": "Medium", "Subtype": "Vault", "Struct_2": "Splice", "Permit_ID": "MC-P1000069", "Trunk_ID": "TRUNK10417", "FDH_ID": "FDH104010", "Lot_No": null, "FSA_No": "CENTRAL MANITOULIN FSA9", "OLT_ID": "104", "Subdiv": "1", "Comments": null, "SKU": "VLT-SGL-3048", "PON_ID": null, "layer": "vault", "path": "/Users/sandeepreddypailla/Downloads/Merge July 17th/PomeGran_Rock _SD1_OLT4_Central Manitoulin_HLD_v1.4/PomeGran_Rock _SD1_OLT4_Central Manitoulin_HLD/vault.shp", "Contractor": null, "DtAsgCnstr": null, "ConStartDt": null, "DtInstald": null }, "geometry": { "type": "Point", "coordinates": [ 390923.572120481694583, 5069299.145389275625348 ] } },
{ "type": "Feature", "properties": { "ID": "35", "Size": "30X48X24", "Owner": "Rock Networks", "Status": "Proposed", "Struct_1": "Medium", "Subtype": "Vault", "Struct_2": "Splice", "Permit_ID": "MC-P1000070", "Trunk_ID": "TRUNK10417", "FDH_ID": "FDH104010", "Lot_No": null, "FSA_No": "CENTRAL MANITOULIN FSA9", "OLT_ID": "104", "Subdiv": "1", "Comments": null, "SKU": "VLT-SGL-3048", "PON_ID": null, "layer": "vault", "path": "/Users/sandeepreddypailla/Downloads/Merge July 17th/PomeGran_Rock _SD1_OLT4_Central Manitoulin_HLD_v1.4/PomeGran_Rock _SD1_OLT4_Central Manitoulin_HLD/vault.shp", "Contractor": null, "DtAsgCnstr": null, "ConStartDt": null, "DtInstald": null }, "geometry": { "type": "Point", "coordinates": [ 392069.898861852823757, 5069279.375934014096856 ] } },
{ "type": "Feature", "properties": { "ID": "36", "Size": "30X48X24", "Owner": "Rock Networks", "Status": "Proposed", "Struct_1": "Medium", "Subtype": "Vault", "Struct_2": "Splice", "Permit_ID": "MC-P1000067", "Trunk_ID": "TRUNK10438", "FDH_ID": "FDH104012", "Lot_No": null, "FSA_No": "CENTRAL MANITOULIN FSA9", "OLT_ID": "104", "Subdiv": "1", "Comments": null, "SKU": "VLT-SGL-3048", "PON_ID": null, "layer": "vault", "path": "/Users/sandeepreddypailla/Downloads/Merge July 17th/PomeGran_Rock _SD1_OLT4_Central Manitoulin_HLD_v1.4/PomeGran_Rock _SD1_OLT4_Central Manitoulin_HLD/vault.shp", "Contractor": null, "DtAsgCnstr": null, "ConStartDt": null, "DtInstald": null }, "geometry": { "type": "Point", "coordinates": [ 398069.722740724799223, 5067122.240548643283546 ] } },
{ "type": "Feature", "properties": { "ID": "37", "Size": "30X48X24", "Owner": "Rock Networks", "Status": "Proposed", "Struct_1": "Medium", "Subtype": "Vault", "Struct_2": "Splice", "Permit_ID": "MC-P1000067", "Trunk_ID": "TRUNK10438", "FDH_ID": "FDH104012", "Lot_No": null, "FSA_No": "CENTRAL MANITOULIN FSA9", "OLT_ID": "104", "Subdiv": "1", "Comments": null, "SKU": "VLT-SGL-3048", "PON_ID": null, "layer": "vault", "path": "/Users/sandeepreddypailla/Downloads/Merge July 17th/PomeGran_Rock _SD1_OLT4_Central Manitoulin_HLD_v1.4/PomeGran_Rock _SD1_OLT4_Central Manitoulin_HLD/vault.shp", "Contractor": null, "DtAsgCnstr": null, "ConStartDt": null, "DtInstald": null }, "geometry": { "type": "Point", "coordinates": [ 398805.075524641782977, 5067119.58406122494489 ] } },
{ "type": "Feature", "properties": { "ID": "38", "Size": "30X48X24", "Owner": "Rock Networks", "Status": "Proposed", "Struct_1": "Medium", "Subtype": "Vault", "Struct_2": "Splice", "Permit_ID": "MC-P1000070", "Trunk_ID": "TRUNK10417", "FDH_ID": "FDH104010", "Lot_No": null, "FSA_No": "CENTRAL MANITOULIN FSA9", "OLT_ID": "104", "Subdiv": "1", "Comments": null, "SKU": "VLT-SGL-3048", "PON_ID": null, "layer": "vault", "path": "/Users/sandeepreddypailla/Downloads/Merge July 17th/PomeGran_Rock _SD1_OLT4_Central Manitoulin_HLD_v1.4/PomeGran_Rock _SD1_OLT4_Central Manitoulin_HLD/vault.shp", "Contractor": null, "DtAsgCnstr": null, "ConStartDt": null, "DtInstald": null }, "geometry": { "type": "Point", "coordinates": [ 391375.810686294164043, 5069289.358877519145608 ] } },
{ "type": "Feature", "properties": { "ID": "39", "Size": "30X48X24", "Owner": "Rock Networks", "Status": "Proposed", "Struct_1": "Medium", "Subtype": "Vault", "Struct_2": "Splice", "Permit_ID": "MC-P1000061", "Trunk_ID": "TRUNK10459", "FDH_ID": "FDH104017", "Lot_No": null, "FSA_No": "CENTRAL MANITOULIN FSA9", "OLT_ID": "104", "Subdiv": "1", "Comments": null, "SKU": "VLT-SGL-3048", "PON_ID": null, "layer": "vault", "path": "/Users/sandeepreddypailla/Downloads/Merge July 17th/PomeGran_Rock _SD1_OLT4_Central Manitoulin_HLD_v1.4/PomeGran_Rock _SD1_OLT4_Central Manitoulin_HLD/vault.shp", "Contractor": null, "DtAsgCnstr": null, "ConStartDt": null, "DtInstald": null }, "geometry": { "type": "Point", "coordinates": [ 405364.456137078057509, 5060875.754097124561667 ] } },
{ "type": "Feature", "properties": { "ID": "40", "Size": "30X48X24", "Owner": "Rock Networks", "Status": "Proposed", "Struct_1": "Medium", "Subtype": "Vault", "Struct_2": "Splice", "Permit_ID": "MC-P1000061", "Trunk_ID": "TRUNK10459", "FDH_ID": "FDH104017", "Lot_No": null, "FSA_No": "CENTRAL MANITOULIN FSA9", "OLT_ID": "104", "Subdiv": "1", "Comments": null, "SKU": "VLT-SGL-3048", "PON_ID": null, "layer": "vault", "path": "/Users/sandeepreddypailla/Downloads/Merge July 17th/PomeGran_Rock _SD1_OLT4_Central Manitoulin_HLD_v1.4/PomeGran_Rock _SD1_OLT4_Central Manitoulin_HLD/vault.shp", "Contractor": null, "DtAsgCnstr": null, "ConStartDt": null, "DtInstald": null }, "geometry": { "type": "Point", "coordinates": [ 406664.795584349310957, 5060865.385286667384207 ] } },
{ "type": "Feature", "properties": { "ID": "41", "Size": "30X48X24", "Owner": "Rock Networks", "Status": "Proposed", "Struct_1": "Medium", "Subtype": "Vault", "Struct_2": "Splice", "Permit_ID": "MC-P1000061", "Trunk_ID": "TRUNK10459", "FDH_ID": "FDH104017", "Lot_No": null, "FSA_No": "CENTRAL MANITOULIN FSA9", "OLT_ID": "104", "Subdiv": "1", "Comments": null, "SKU": "VLT-SGL-3048", "PON_ID": null, "layer": "vault", "path": "/Users/sandeepreddypailla/Downloads/Merge July 17th/PomeGran_Rock _SD1_OLT4_Central Manitoulin_HLD_v1.4/PomeGran_Rock _SD1_OLT4_Central Manitoulin_HLD/vault.shp", "Contractor": null, "DtAsgCnstr": null, "ConStartDt": null, "DtInstald": null }, "geometry": { "type": "Point", "coordinates": [ 407099.218254391395021, 5061601.445693700574338 ] } },
{ "type": "Feature", "properties": { "ID": "42", "Size": "30X48X24", "Owner": "Rock Networks", "Status": "Proposed", "Struct_1": "Medium", "Subtype": "Vault", "Struct_2": "Splice", "Permit_ID": "MC-P1000067", "Trunk_ID": "TRUNK10438", "FDH_ID": "FDH104012", "Lot_No": null, "FSA_No": "CENTRAL MANITOULIN FSA9", "OLT_ID": "104", "Subdiv": "1", "Comments": null, "SKU": "VLT-SGL-3048", "PON_ID": null, "layer": "vault", "path": "/Users/sandeepreddypailla/Downloads/Merge July 17th/PomeGran_Rock _SD1_OLT4_Central Manitoulin_HLD_v1.4/PomeGran_Rock _SD1_OLT4_Central Manitoulin_HLD/vault.shp", "Contractor": null, "DtAsgCnstr": null, "ConStartDt": null, "DtInstald": null }, "geometry": { "type": "Point", "coordinates": [ 400676.132542327803094, 5067080.613966760225594 ] } },
{ "type": "Feature", "properties": { "ID": "43", "Size": "30X48X24", "Owner": "Rock Networks", "Status": "Proposed", "Struct_1": "Medium", "Subtype": "Vault", "Struct_2": "Splice", "Permit_ID": "MC-P1000067", "Trunk_ID": "TRUNK10438", "FDH_ID": "FDH104012", "Lot_No": null, "FSA_No": "CENTRAL MANITOULIN FSA9", "OLT_ID": "104", "Subdiv": "1", "Comments": null, "SKU": "VLT-SGL-3048", "PON_ID": null, "layer": "vault", "path": "/Users/sandeepreddypailla/Downloads/Merge July 17th/PomeGran_Rock _SD1_OLT4_Central Manitoulin_HLD_v1.4/PomeGran_Rock _SD1_OLT4_Central Manitoulin_HLD/vault.shp", "Contractor": null, "DtAsgCnstr": null, "ConStartDt": null, "DtInstald": null }, "geometry": { "type": "Point", "coordinates": [ 400060.281814880785532, 5067088.536361822858453 ] } },
{ "type": "Feature", "properties": { "ID": "44", "Size": "30X48X24", "Owner": "Rock Networks", "Status": "Proposed", "Struct_1": "Medium", "Subtype": "Vault", "Struct_2": "Splice", "Permit_ID": "MC-P1000061", "Trunk_ID": "TRUNK10459", "FDH_ID": "FDH104017", "Lot_No": null, "FSA_No": "CENTRAL MANITOULIN FSA9", "OLT_ID": "104", "Subdiv": "1", "Comments": null, "SKU": "VLT-SGL-3048", "PON_ID": null, "layer": "vault", "path": "/Users/sandeepreddypailla/Downloads/Merge July 17th/PomeGran_Rock _SD1_OLT4_Central Manitoulin_HLD_v1.4/PomeGran_Rock _SD1_OLT4_Central Manitoulin_HLD/vault.shp", "Contractor": null, "DtAsgCnstr": null, "ConStartDt": null, "DtInstald": null }, "geometry": { "type": "Point", "coordinates": [ 406861.261821114749182, 5061104.994447047822177 ] } },
{ "type": "Feature", "properties": { "ID": "45", "Size": "30X48X24", "Owner": "Rock Networks", "Status": "Proposed", "Struct_1": "Medium", "Subtype": "Vault", "Struct_2": "Splice", "Permit_ID": "MC-P1000067", "Trunk_ID": "TRUNK10438", "FDH_ID": "FDH104012", "Lot_No": null, "FSA_No": "CENTRAL MANITOULIN FSA9", "OLT_ID": "104", "Subdiv": "1", "Comments": null, "SKU": "VLT-SGL-3048", "PON_ID": null, "layer": "vault", "path": "/Users/sandeepreddypailla/Downloads/Merge July 17th/PomeGran_Rock _SD1_OLT4_Central Manitoulin_HLD_v1.4/PomeGran_Rock _SD1_OLT4_Central Manitoulin_HLD/vault.shp", "Contractor": null, "DtAsgCnstr": null, "ConStartDt": null, "DtInstald": null }, "geometry": { "type": "Point", "coordinates": [ 401116.138472914230078, 5067071.216641991399229 ] } },
{ "type": "Feature", "properties": { "ID": "46", "Size": "30X48X24", "Owner": "Rock Networks", "Status": "Proposed", "Struct_1": "Medium", "Subtype": "Vault", "Struct_2": "Splice", "Permit_ID": "MC-P1000064", "Trunk_ID": "TRUNK10461", "FDH_ID": "FDH104017", "Lot_No": null, "FSA_No": "CENTRAL MANITOULIN FSA9", "OLT_ID": "104", "Subdiv": "1", "Comments": null, "SKU": "VLT-SGL-3048", "PON_ID": null, "layer": "vault", "path": "/Users/sandeepreddypailla/Downloads/Merge July 17th/PomeGran_Rock _SD1_OLT4_Central Manitoulin_HLD_v1.4/PomeGran_Rock _SD1_OLT4_Central Manitoulin_HLD/vault.shp", "Contractor": null, "DtAsgCnstr": null, "ConStartDt": null, "DtInstald": null }, "geometry": { "type": "Point", "coordinates": [ 401003.460756416607182, 5060958.324320022016764 ] } },
{ "type": "Feature", "properties": { "ID": "47", "Size": "30X48X24", "Owner": "Rock Networks", "Status": "Proposed", "Struct_1": "Medium", "Subtype": "Vault", "Struct_2": "Splice", "Permit_ID": "MC-P1000064", "Trunk_ID": "TRUNK10461", "FDH_ID": "FDH104017", "Lot_No": null, "FSA_No": "CENTRAL MANITOULIN FSA9", "OLT_ID": "104", "Subdiv": "1", "Comments": null, "SKU": "VLT-SGL-3048", "PON_ID": null, "layer": "vault", "path": "/Users/sandeepreddypailla/Downloads/Merge July 17th/PomeGran_Rock _SD1_OLT4_Central Manitoulin_HLD_v1.4/PomeGran_Rock _SD1_OLT4_Central Manitoulin_HLD/vault.shp", "Contractor": null, "DtAsgCnstr": null, "ConStartDt": null, "DtInstald": null }, "geometry": { "type": "Point", "coordinates": [ 400991.992851080489345, 5061283.749180382117629 ] } },
{ "type": "Feature", "properties": { "ID": "48", "Size": "30X48X24", "Owner": "Rock Networks", "Status": "Proposed", "Struct_1": "Medium", "Subtype": "Vault", "Struct_2": "Splice", "Permit_ID": "MC-P1000065", "Trunk_ID": "TRUNK10466", "FDH_ID": "FDH104015", "Lot_No": null, "FSA_No": "CENTRAL MANITOULIN FSA9", "OLT_ID": "104", "Subdiv": "1", "Comments": null, "SKU": "VLT-SGL-3048", "PON_ID": null, "layer": "vault", "path": "/Users/sandeepreddypailla/Downloads/Merge July 17th/PomeGran_Rock _SD1_OLT4_Central Manitoulin_HLD_v1.4/PomeGran_Rock _SD1_OLT4_Central Manitoulin_HLD/vault.shp", "Contractor": null, "DtAsgCnstr": null, "ConStartDt": null, "DtInstald": null }, "geometry": { "type": "Point", "coordinates": [ 401143.503562236088328, 5058933.093620375730097 ] } },
{ "type": "Feature", "properties": { "ID": "49", "Size": "30X48X24", "Owner": "Rock Networks", "Status": "Proposed", "Struct_1": "Medium", "Subtype": "Vault", "Struct_2": "Splice", "Permit_ID": "MC-P1000066", "Trunk_ID": "TRUNK10466", "FDH_ID": "FDH104015", "Lot_No": null, "FSA_No": "CENTRAL MANITOULIN FSA9", "OLT_ID": "104", "Subdiv": "1", "Comments": null, "SKU": "VLT-SGL-3048", "PON_ID": null, "layer": "vault", "path": "/Users/sandeepreddypailla/Downloads/Merge July 17th/PomeGran_Rock _SD1_OLT4_Central Manitoulin_HLD_v1.4/PomeGran_Rock _SD1_OLT4_Central Manitoulin_HLD/vault.shp", "Contractor": null, "DtAsgCnstr": null, "ConStartDt": null, "DtInstald": null }, "geometry": { "type": "Point", "coordinates": [ 400134.309455458540469, 5058966.008536777459085 ] } },
{ "type": "Feature", "properties": { "ID": "50", "Size": "30X48X24", "Owner": "Rock Networks", "Status": "Proposed", "Struct_1": "Medium", "Subtype": "Vault", "Struct_2": "Splice", "Permit_ID": "MC-P1000066", "Trunk_ID": "TRUNK10466", "FDH_ID": "FDH104015", "Lot_No": null, "FSA_No": "CENTRAL MANITOULIN FSA9", "OLT_ID": "104", "Subdiv": "1", "Comments": null, "SKU": "VLT-SGL-3048", "PON_ID": null, "layer": "vault", "path": "/Users/sandeepreddypailla/Downloads/Merge July 17th/PomeGran_Rock _SD1_OLT4_Central Manitoulin_HLD_v1.4/PomeGran_Rock _SD1_OLT4_Central Manitoulin_HLD/vault.shp", "Contractor": null, "DtAsgCnstr": null, "ConStartDt": null, "DtInstald": null }, "geometry": { "type": "Point", "coordinates": [ 399164.365509154391475, 5058993.785734240897 ] } },
{ "type": "Feature", "properties": { "ID": "51", "Size": "30X48X24", "Owner": "Rock Networks", "Status": "Proposed", "Struct_1": "Medium", "Subtype": "Vault", "Struct_2": "Splice", "Permit_ID": "MC-P1000066", "Trunk_ID": "TRUNK10466", "FDH_ID": "FDH104015", "Lot_No": null, "FSA_No": "CENTRAL MANITOULIN FSA9", "OLT_ID": "104", "Subdiv": "1", "Comments": null, "SKU": "VLT-SGL-3048", "PON_ID": null, "layer": "vault", "path": "/Users/sandeepreddypailla/Downloads/Merge July 17th/PomeGran_Rock _SD1_OLT4_Central Manitoulin_HLD_v1.4/PomeGran_Rock _SD1_OLT4_Central Manitoulin_HLD/vault.shp", "Contractor": null, "DtAsgCnstr": null, "ConStartDt": null, "DtInstald": null }, "geometry": { "type": "Point", "coordinates": [ 398166.660270016873255, 5059018.333159516565502 ] } },
{ "type": "Feature", "properties": { "ID": "52", "Size": "30X48X24", "Owner": "Rock Networks", "Status": "Proposed", "Struct_1": "Medium", "Subtype": "Vault", "Struct_2": "Splice", "Permit_ID": "MC-P1000062", "Trunk_ID": "TRUNK10455", "FDH_ID": "FDH104017", "Lot_No": null, "FSA_No": "CENTRAL MANITOULIN FSA9", "OLT_ID": "104", "Subdiv": "1", "Comments": null, "SKU": "VLT-SGL-3048", "PON_ID": null, "layer": "vault", "path": "/Users/sandeepreddypailla/Downloads/Merge July 17th/PomeGran_Rock _SD1_OLT4_Central Manitoulin_HLD_v1.4/PomeGran_Rock _SD1_OLT4_Central Manitoulin_HLD/vault.shp", "Contractor": null, "DtAsgCnstr": null, "ConStartDt": null, "DtInstald": null }, "geometry": { "type": "Point", "coordinates": [ 403026.291570462577511, 5062945.867269483394921 ] } },
{ "type": "Feature", "properties": { "ID": "53", "Size": "30X48X24", "Owner": "Rock Networks", "Status": "Proposed", "Struct_1": "Medium", "Subtype": "Vault", "Struct_2": "Splice", "Permit_ID": "MC-P1000063", "Trunk_ID": "TRUNK10455", "FDH_ID": "FDH104017", "Lot_No": null, "FSA_No": "CENTRAL MANITOULIN FSA9", "OLT_ID": "104", "Subdiv": "1", "Comments": null, "SKU": "VLT-SGL-3048", "PON_ID": null, "layer": "vault", "path": "/Users/sandeepreddypailla/Downloads/Merge July 17th/PomeGran_Rock _SD1_OLT4_Central Manitoulin_HLD_v1.4/PomeGran_Rock _SD1_OLT4_Central Manitoulin_HLD/vault.shp", "Contractor": null, "DtAsgCnstr": null, "ConStartDt": null, "DtInstald": null }, "geometry": { "type": "Point", "coordinates": [ 403039.053675154631492, 5062521.349137260578573 ] } },
{ "type": "Feature", "properties": { "ID": "54", "Size": "30X48X24", "Owner": "Rock Networks", "Status": "Proposed", "Struct_1": "Medium", "Subtype": "Vault", "Struct_2": "Splice", "Permit_ID": "MC-P1000061", "Trunk_ID": "TRUNK10459", "FDH_ID": "FDH104017", "Lot_No": null, "FSA_No": "CENTRAL MANITOULIN FSA9", "OLT_ID": "104", "Subdiv": "1", "Comments": null, "SKU": "VLT-SGL-3048", "PON_ID": null, "layer": "vault", "path": "/Users/sandeepreddypailla/Downloads/Merge July 17th/PomeGran_Rock _SD1_OLT4_Central Manitoulin_HLD_v1.4/PomeGran_Rock _SD1_OLT4_Central Manitoulin_HLD/vault.shp", "Contractor": null, "DtAsgCnstr": null, "ConStartDt": null, "DtInstald": null }, "geometry": { "type": "Point", "coordinates": [ 406022.419794388348237, 5060861.958937251009047 ] } },
{ "type": "Feature", "properties": { "ID": "55", "Size": "30X48X24", "Owner": "Rock Networks", "Status": "Proposed", "Struct_1": "Medium", "Subtype": "Vault", "Struct_2": "Splice", "Permit_ID": "MC-P1000067", "Trunk_ID": "TRUNK10438", "FDH_ID": "FDH104012", "Lot_No": null, "FSA_No": "CENTRAL MANITOULIN FSA9", "OLT_ID": "104", "Subdiv": "1", "Comments": null, "SKU": "VLT-SGL-3048", "PON_ID": null, "layer": "vault", "path": "/Users/sandeepreddypailla/Downloads/Merge July 17th/PomeGran_Rock _SD1_OLT4_Central Manitoulin_HLD_v1.4/PomeGran_Rock _SD1_OLT4_Central Manitoulin_HLD/vault.shp", "Contractor": null, "DtAsgCnstr": null, "ConStartDt": null, "DtInstald": null }, "geometry": { "type": "Point", "coordinates": [ 399609.605877687397879, 5067102.6452153082937 ] } },
{ "type": "Feature", "properties": { "ID": "59", "Size": "30X48X24", "Owner": "Rock Networks", "Status": "Proposed", "Struct_1": "Medium", "Subtype": "Vault", "Struct_2": "Splice", "Permit_ID": "MC-P1000100", "Trunk_ID": "TRUNK10478", "FDH_ID": "FDH104014", "Lot_No": null, "FSA_No": "CENTRAL MANITOULIN FSA9", "OLT_ID": "104", "Subdiv": "1", "Comments": null, "SKU": "VLT-SGL-3048", "PON_ID": null, "layer": "vault", "path": "/Users/sandeepreddypailla/Downloads/Merge July 17th/PomeGran_Rock _SD1_OLT4_Central Manitoulin_HLD_v1.4/PomeGran_Rock _SD1_OLT4_Central Manitoulin_HLD/vault.shp", "Contractor": null, "DtAsgCnstr": null, "ConStartDt": null, "DtInstald": null }, "geometry": { "type": "Point", "coordinates": [ 401032.827907889906783, 5063209.113908391445875 ] } },
{ "type": "Feature", "properties": { "ID": "60", "Size": "30X48X24", "Owner": "Rock Networks", "Status": "Proposed", "Struct_1": "Medium", "Subtype": "Vault", "Struct_2": "Splice", "Permit_ID": "MC-P1000100", "Trunk_ID": "TRUNK10454", "FDH_ID": "FDH104014", "Lot_No": null, "FSA_No": "CENTRAL MANITOULIN FSA9", "OLT_ID": "104", "Subdiv": "1", "Comments": null, "SKU": "VLT-SGL-3048", "PON_ID": null, "layer": "vault", "path": "/Users/sandeepreddypailla/Downloads/Merge July 17th/PomeGran_Rock _SD1_OLT4_Central Manitoulin_HLD_v1.4/PomeGran_Rock _SD1_OLT4_Central Manitoulin_HLD/vault.shp", "Contractor": null, "DtAsgCnstr": null, "ConStartDt": null, "DtInstald": null }, "geometry": { "type": "Point", "coordinates": [ 401050.574616453959607, 5064221.077177862636745 ] } },
{ "type": "Feature", "properties": { "ID": "61", "Size": "30X48X24", "Owner": "Rock Networks", "Status": "Proposed", "Struct_1": "Medium", "Subtype": "Vault", "Struct_2": "Splice", "Permit_ID": "MC-P1000100", "Trunk_ID": "TRUNK10454", "FDH_ID": "FDH104014", "Lot_No": null, "FSA_No": "CENTRAL MANITOULIN FSA9", "OLT_ID": "104", "Subdiv": "1", "Comments": null, "SKU": "VLT-SGL-3048", "PON_ID": null, "layer": "vault", "path": "/Users/sandeepreddypailla/Downloads/Merge July 17th/PomeGran_Rock _SD1_OLT4_Central Manitoulin_HLD_v1.4/PomeGran_Rock _SD1_OLT4_Central Manitoulin_HLD/vault.shp", "Contractor": null, "DtAsgCnstr": null, "ConStartDt": null, "DtInstald": null }, "geometry": { "type": "Point", "coordinates": [ 401063.884647900587879, 5065021.760565003380179 ] } },
{ "type": "Feature", "properties": { "ID": "62", "Size": "30X48X24", "Owner": "Rock Networks", "Status": "Proposed", "Struct_1": "Medium", "Subtype": "Vault", "Struct_2": "Splice", "Permit_ID": "MC-P1000137", "Trunk_ID": "TRUNK10428", "FDH_ID": "FDH104013", "Lot_No": null, "FSA_No": "CENTRAL MANITOULIN FSA9", "OLT_ID": "104", "Subdiv": "1", "Comments": null, "SKU": "VLT-SGL-3048", "PON_ID": null, "layer": "vault", "path": "/Users/sandeepreddypailla/Downloads/Merge July 17th/PomeGran_Rock _SD1_OLT4_Central Manitoulin_HLD_v1.4/PomeGran_Rock _SD1_OLT4_Central Manitoulin_HLD/vault.shp", "Contractor": null, "DtAsgCnstr": null, "ConStartDt": null, "DtInstald": null }, "geometry": { "type": "Point", "coordinates": [ 392845.715818497119471, 5061945.41221659258008 ] } },
{ "type": "Feature", "properties": { "ID": "63", "Size": "30X48X24", "Owner": "Rock Networks", "Status": "Proposed", "Struct_1": "Medium", "Subtype": "Vault", "Struct_2": "Splice", "Permit_ID": "MC-P1000137", "Trunk_ID": "TRUNK10428", "FDH_ID": "FDH104013", "Lot_No": null, "FSA_No": "CENTRAL MANITOULIN FSA9", "OLT_ID": "104", "Subdiv": "1", "Comments": null, "SKU": "VLT-SGL-3048", "PON_ID": null, "layer": "vault", "path": "/Users/sandeepreddypailla/Downloads/Merge July 17th/PomeGran_Rock _SD1_OLT4_Central Manitoulin_HLD_v1.4/PomeGran_Rock _SD1_OLT4_Central Manitoulin_HLD/vault.shp", "Contractor": null, "DtAsgCnstr": null, "ConStartDt": null, "DtInstald": null }, "geometry": { "type": "Point", "coordinates": [ 392857.39453129802132, 5062187.146976213902235 ] } },
{ "type": "Feature", "properties": { "ID": "64", "Size": "30X48X24", "Owner": "Rock Networks", "Status": "Proposed", "Struct_1": "Medium", "Subtype": "Vault", "Struct_2": "Splice", "Permit_ID": "MC-P1000137", "Trunk_ID": "TRUNK10428", "FDH_ID": "FDH104013", "Lot_No": null, "FSA_No": "CENTRAL MANITOULIN FSA9", "OLT_ID": "104", "Subdiv": "1", "Comments": null, "SKU": "VLT-SGL-3048", "PON_ID": null, "layer": "vault", "path": "/Users/sandeepreddypailla/Downloads/Merge July 17th/PomeGran_Rock _SD1_OLT4_Central Manitoulin_HLD_v1.4/PomeGran_Rock _SD1_OLT4_Central Manitoulin_HLD/vault.shp", "Contractor": null, "DtAsgCnstr": null, "ConStartDt": null, "DtInstald": null }, "geometry": { "type": "Point", "coordinates": [ 392876.27110810141312, 5063158.167034048587084 ] } },
{ "type": "Feature", "properties": { "ID": "1", "Size": "30X48X24", "Owner": "Rock Networks", "Status": "Proposed", "Struct_1": "Medium", "Subtype": "Vault", "Struct_2": "Splice", "Permit_ID": "MC-P1000122", "Trunk_ID": "TRUNK10750", "FDH_ID": "FDH107002", "Lot_No": null, "FSA_No": "CENTRAL MANITOULIN FSA9", "OLT_ID": "107", "Subdiv": "1", "Comments": null, "SKU": "VLT-SGL-3048", "PON_ID": null, "layer": "vault", "path": "/Users/sandeepreddypailla/Downloads/Merge July 17th/PomeGran_Rock _SD1_OLT7_Tehkummah_HLD_v1.4/PomeGran_Rock _SD1_OLT7_Tehkummah_HLD/vault.shp", "Contractor": null, "DtAsgCnstr": null, "ConStartDt": null, "DtInstald": null }, "geometry": { "type": "Point", "coordinates": [ 412369.852828840666916, 5055672.796272799372673 ] } },
{ "type": "Feature", "properties": { "ID": "2", "Size": "30X48X24", "Owner": "Rock Networks", "Status": "Proposed", "Struct_1": "Medium", "Subtype": "Vault", "Struct_2": null, "Permit_ID": "MC-P1000125", "Trunk_ID": "TRUNK10775", "FDH_ID": "FDH107001", "Lot_No": null, "FSA_No": "CENTRAL MANITOULIN FSA9", "OLT_ID": "107", "Subdiv": "1", "Comments": null, "SKU": "VLT-SGL-3048", "PON_ID": null, "layer": "vault", "path": "/Users/sandeepreddypailla/Downloads/Merge July 17th/PomeGran_Rock _SD1_OLT7_Tehkummah_HLD_v1.4/PomeGran_Rock _SD1_OLT7_Tehkummah_HLD/vault.shp", "Contractor": null, "DtAsgCnstr": null, "ConStartDt": null, "DtInstald": null }, "geometry": { "type": "Point", "coordinates": [ 418860.984112020872999, 5062474.00690449308604 ] } },
{ "type": "Feature", "properties": { "ID": "3", "Size": "30X48X24", "Owner": "Rock Networks", "Status": "Proposed", "Struct_1": "Medium", "Subtype": "Vault", "Struct_2": "Splice", "Permit_ID": "MC-P1000125", "Trunk_ID": "TRUNK10775", "FDH_ID": "FDH107001", "Lot_No": null, "FSA_No": "CENTRAL MANITOULIN FSA9", "OLT_ID": "107", "Subdiv": "1", "Comments": null, "SKU": "VLT-SGL-3048", "PON_ID": null, "layer": "vault", "path": "/Users/sandeepreddypailla/Downloads/Merge July 17th/PomeGran_Rock _SD1_OLT7_Tehkummah_HLD_v1.4/PomeGran_Rock _SD1_OLT7_Tehkummah_HLD/vault.shp", "Contractor": null, "DtAsgCnstr": null, "ConStartDt": null, "DtInstald": null }, "geometry": { "type": "Point", "coordinates": [ 417948.457424560736399, 5062477.446639070287347 ] } },
{ "type": "Feature", "properties": { "ID": "4", "Size": "30X48X24", "Owner": "Rock Networks", "Status": "Proposed", "Struct_1": "Medium", "Subtype": "Vault", "Struct_2": "Splice", "Permit_ID": "MC-P1000125", "Trunk_ID": "TRUNK10775", "FDH_ID": "FDH107001", "Lot_No": null, "FSA_No": "CENTRAL MANITOULIN FSA9", "OLT_ID": "107", "Subdiv": "1", "Comments": null, "SKU": "VLT-SGL-3048", "PON_ID": null, "layer": "vault", "path": "/Users/sandeepreddypailla/Downloads/Merge July 17th/PomeGran_Rock _SD1_OLT7_Tehkummah_HLD_v1.4/PomeGran_Rock _SD1_OLT7_Tehkummah_HLD/vault.shp", "Contractor": null, "DtAsgCnstr": null, "ConStartDt": null, "DtInstald": null }, "geometry": { "type": "Point", "coordinates": [ 418401.780342679528985, 5061866.02091059088707 ] } },
{ "type": "Feature", "properties": { "ID": "5", "Size": "30X48X24", "Owner": "Rock Networks", "Status": "Proposed", "Struct_1": "Medium", "Subtype": "Vault", "Struct_2": "Splice", "Permit_ID": "MC-P1000125", "Trunk_ID": "TRUNK10775", "FDH_ID": "FDH107001", "Lot_No": null, "FSA_No": "CENTRAL MANITOULIN FSA9", "OLT_ID": "107", "Subdiv": "1", "Comments": null, "SKU": "VLT-SGL-3048", "PON_ID": null, "layer": "vault", "path": "/Users/sandeepreddypailla/Downloads/Merge July 17th/PomeGran_Rock _SD1_OLT7_Tehkummah_HLD_v1.4/PomeGran_Rock _SD1_OLT7_Tehkummah_HLD/vault.shp", "Contractor": null, "DtAsgCnstr": null, "ConStartDt": null, "DtInstald": null }, "geometry": { "type": "Point", "coordinates": [ 417795.464012716431171, 5062081.12939431425184 ] } },
{ "type": "Feature", "properties": { "ID": "6", "Size": "30X48X24", "Owner": "Rock Networks", "Status": "Proposed", "Struct_1": "Medium", "Subtype": "Vault", "Struct_2": "Splice", "Permit_ID": "MC-P1000125", "Trunk_ID": "TRUNK10775", "FDH_ID": "FDH107001", "Lot_No": null, "FSA_No": "CENTRAL MANITOULIN FSA9", "OLT_ID": "107", "Subdiv": "1", "Comments": null, "SKU": "VLT-SGL-3048", "PON_ID": null, "layer": "vault", "path": "/Users/sandeepreddypailla/Downloads/Merge July 17th/PomeGran_Rock _SD1_OLT7_Tehkummah_HLD_v1.4/PomeGran_Rock _SD1_OLT7_Tehkummah_HLD/vault.shp", "Contractor": null, "DtAsgCnstr": null, "ConStartDt": null, "DtInstald": null }, "geometry": { "type": "Point", "coordinates": [ 419845.274545690510422, 5062466.397762337699533 ] } },
{ "type": "Feature", "properties": { "ID": "7", "Size": "36X60X36", "Owner": "Rock Networks", "Status": "Proposed", "Struct_1": "Large", "Subtype": "Vault", "Struct_2": "OLT", "Permit_ID": "MC-P10000011", "Trunk_ID": "TRUNK10737", "FDH_ID": "FDH107004", "Lot_No": null, "FSA_No": "TEHKUMMAH FSA36", "OLT_ID": "107", "Subdiv": "1", "Comments": null, "SKU": "VLT-SGL-3660", "PON_ID": null, "layer": "vault", "path": "/Users/sandeepreddypailla/Downloads/Merge July 17th/PomeGran_Rock _SD1_OLT7_Tehkummah_HLD_v1.4/PomeGran_Rock _SD1_OLT7_Tehkummah_HLD/vault.shp", "Contractor": null, "DtAsgCnstr": null, "ConStartDt": null, "DtInstald": null }, "geometry": { "type": "Point", "coordinates": [ 421631.706353915855289, 5058359.680619543418288 ] } },
{ "type": "Feature", "properties": { "ID": "12", "Size": "30X48X24", "Owner": "Rock Networks", "Status": "Proposed", "Struct_1": "Medium", "Subtype": "Vault", "Struct_2": "Splice", "Permit_ID": "MC-P1000116", "Trunk_ID": "TRUNK10788", "FDH_ID": "FDH107005", "Lot_No": null, "FSA_No": "TEHKUMMAH FSA36", "OLT_ID": "107", "Subdiv": "1", "Comments": null, "SKU": "VLT-SGL-3048", "PON_ID": null, "layer": "vault", "path": "/Users/sandeepreddypailla/Downloads/Merge July 17th/PomeGran_Rock _SD1_OLT7_Tehkummah_HLD_v1.4/PomeGran_Rock _SD1_OLT7_Tehkummah_HLD/vault.shp", "Contractor": null, "DtAsgCnstr": null, "ConStartDt": null, "DtInstald": null }, "geometry": { "type": "Point", "coordinates": [ 422914.224554654094391, 5049939.575782959349453 ] } },
{ "type": "Feature", "properties": { "ID": "13", "Size": "30X48X24", "Owner": "Rock Networks", "Status": "Proposed", "Struct_1": "Medium", "Subtype": "Vault", "Struct_2": "Splice", "Permit_ID": "MC-P1000116", "Trunk_ID": "TRUNK10788", "FDH_ID": "FDH107005", "Lot_No": null, "FSA_No": "TEHKUMMAH FSA36", "OLT_ID": "107", "Subdiv": "1", "Comments": null, "SKU": "VLT-SGL-3048", "PON_ID": null, "layer": "vault", "path": "/Users/sandeepreddypailla/Downloads/Merge July 17th/PomeGran_Rock _SD1_OLT7_Tehkummah_HLD_v1.4/PomeGran_Rock _SD1_OLT7_Tehkummah_HLD/vault.shp", "Contractor": null, "DtAsgCnstr": null, "ConStartDt": null, "DtInstald": null }, "geometry": { "type": "Point", "coordinates": [ 422345.82020229799673, 5049440.71900066640228 ] } },
{ "type": "Feature", "properties": { "ID": "14", "Size": "30X48X24", "Owner": "Rock Networks", "Status": "Proposed", "Struct_1": "Medium", "Subtype": "Vault", "Struct_2": "Splice", "Permit_ID": "MC-P1000115", "Trunk_ID": "TRUNK10795", "FDH_ID": "FDH107006", "Lot_No": null, "FSA_No": "TEHKUMMAH FSA36", "OLT_ID": "107", "Subdiv": "1", "Comments": null, "SKU": "VLT-SGL-3048", "PON_ID": null, "layer": "vault", "path": "/Users/sandeepreddypailla/Downloads/Merge July 17th/PomeGran_Rock _SD1_OLT7_Tehkummah_HLD_v1.4/PomeGran_Rock _SD1_OLT7_Tehkummah_HLD/vault.shp", "Contractor": null, "DtAsgCnstr": null, "ConStartDt": null, "DtInstald": null }, "geometry": { "type": "Point", "coordinates": [ 421050.156073712394573, 5046377.117967727594078 ] } },
{ "type": "Feature", "properties": { "ID": "15", "Size": "30X48X24", "Owner": "Rock Networks", "Status": "Proposed", "Struct_1": "Medium", "Subtype": "Vault", "Struct_2": "Splice", "Permit_ID": "MC-P1000125", "Trunk_ID": "TRUNK10735", "FDH_ID": "FDH107001", "Lot_No": null, "FSA_No": "CENTRAL MANITOULIN FSA9", "OLT_ID": "107", "Subdiv": "1", "Comments": null, "SKU": "VLT-SGL-3048", "PON_ID": null, "layer": "vault", "path": "/Users/sandeepreddypailla/Downloads/Merge July 17th/PomeGran_Rock _SD1_OLT7_Tehkummah_HLD_v1.4/PomeGran_Rock _SD1_OLT7_Tehkummah_HLD/vault.shp", "Contractor": null, "DtAsgCnstr": null, "ConStartDt": null, "DtInstald": null }, "geometry": { "type": "Point", "coordinates": [ 419812.271484330587555, 5061864.342050497420132 ] } },
{ "type": "Feature", "properties": { "ID": "16", "Size": "30X48X24", "Owner": "Rock Networks", "Status": "Proposed", "Struct_1": "Medium", "Subtype": "Vault", "Struct_2": "Splice", "Permit_ID": "MC-P1000121", "Trunk_ID": "TRUNK10748", "FDH_ID": "FDH107002", "Lot_No": null, "FSA_No": "TEHKUMMAH FSA36", "OLT_ID": "107", "Subdiv": "1", "Comments": null, "SKU": "VLT-SGL-3048", "PON_ID": null, "layer": "vault", "path": "/Users/sandeepreddypailla/Downloads/Merge July 17th/PomeGran_Rock _SD1_OLT7_Tehkummah_HLD_v1.4/PomeGran_Rock _SD1_OLT7_Tehkummah_HLD/vault.shp", "Contractor": null, "DtAsgCnstr": null, "ConStartDt": null, "DtInstald": null }, "geometry": { "type": "Point", "coordinates": [ 415177.513291569775902, 5054381.627975740469992 ] } },
{ "type": "Feature", "properties": { "ID": "17", "Size": "30X48X24", "Owner": "Rock Networks", "Status": "Proposed", "Struct_1": "Medium", "Subtype": "Vault", "Struct_2": null, "Permit_ID": "MC-P1000121", "Trunk_ID": "TRUNK10748", "FDH_ID": "FDH107002", "Lot_No": null, "FSA_No": "TEHKUMMAH FSA36", "OLT_ID": "107", "Subdiv": "1", "Comments": null, "SKU": "VLT-SGL-3048", "PON_ID": null, "layer": "vault", "path": "/Users/sandeepreddypailla/Downloads/Merge July 17th/PomeGran_Rock _SD1_OLT7_Tehkummah_HLD_v1.4/PomeGran_Rock _SD1_OLT7_Tehkummah_HLD/vault.shp", "Contractor": null, "DtAsgCnstr": null, "ConStartDt": null, "DtInstald": null }, "geometry": { "type": "Point", "coordinates": [ 414461.146753839449957, 5054670.504436053335667 ] } },
{ "type": "Feature", "properties": { "ID": "18", "Size": "30X48X24", "Owner": "Rock Networks", "Status": "Proposed", "Struct_1": "Medium", "Subtype": "Vault", "Struct_2": "Splice", "Permit_ID": "MC-P1000121", "Trunk_ID": "TRUNK10748", "FDH_ID": "FDH107002", "Lot_No": null, "FSA_No": "TEHKUMMAH FSA36", "OLT_ID": "107", "Subdiv": "1", "Comments": null, "SKU": "VLT-SGL-3048", "PON_ID": null, "layer": "vault", "path": "/Users/sandeepreddypailla/Downloads/Merge July 17th/PomeGran_Rock _SD1_OLT7_Tehkummah_HLD_v1.4/PomeGran_Rock _SD1_OLT7_Tehkummah_HLD/vault.shp", "Contractor": null, "DtAsgCnstr": null, "ConStartDt": null, "DtInstald": null }, "geometry": { "type": "Point", "coordinates": [ 413583.496339306118898, 5055126.580120713450015 ] } },
{ "type": "Feature", "properties": { "ID": "19", "Size": "30X48X24", "Owner": "Rock Networks", "Status": "Proposed", "Struct_1": "Medium", "Subtype": "Vault", "Struct_2": "Splice", "Permit_ID": "MC-P1000115", "Trunk_ID": "TRUNK10795", "FDH_ID": "FDH107006", "Lot_No": null, "FSA_No": "TEHKUMMAH FSA36", "OLT_ID": "107", "Subdiv": "1", "Comments": null, "SKU": "VLT-SGL-3048", "PON_ID": null, "layer": "vault", "path": "/Users/sandeepreddypailla/Downloads/Merge July 17th/PomeGran_Rock _SD1_OLT7_Tehkummah_HLD_v1.4/PomeGran_Rock _SD1_OLT7_Tehkummah_HLD/vault.shp", "Contractor": null, "DtAsgCnstr": null, "ConStartDt": null, "DtInstald": null }, "geometry": { "type": "Point", "coordinates": [ 420916.960896986303851, 5046131.301678662188351 ] } },
{ "type": "Feature", "properties": { "ID": "20", "Size": "30X48X24", "Owner": "Rock Networks", "Status": "Proposed", "Struct_1": "Medium", "Subtype": "Vault", "Struct_2": "Splice", "Permit_ID": "MC-P1000123", "Trunk_ID": "TRUNK10757", "FDH_ID": "FDH107003", "Lot_No": null, "FSA_No": "CENTRAL MANITOULIN FSA9", "OLT_ID": "107", "Subdiv": "1", "Comments": null, "SKU": "VLT-SGL-3048", "PON_ID": null, "layer": "vault", "path": "/Users/sandeepreddypailla/Downloads/Merge July 17th/PomeGran_Rock _SD1_OLT7_Tehkummah_HLD_v1.4/PomeGran_Rock _SD1_OLT7_Tehkummah_HLD/vault.shp", "Contractor": null, "DtAsgCnstr": null, "ConStartDt": null, "DtInstald": null }, "geometry": { "type": "Point", "coordinates": [ 418883.327647522557527, 5058424.956078107468784 ] } },
{ "type": "Feature", "properties": { "ID": "21", "Size": "30X48X24", "Owner": "Rock Networks", "Status": "Proposed", "Struct_1": "Medium", "Subtype": "Vault", "Struct_2": null, "Permit_ID": "MC-P1000123", "Trunk_ID": "TRUNK10761", "FDH_ID": "FDH107003", "Lot_No": null, "FSA_No": "CENTRAL MANITOULIN FSA9", "OLT_ID": "107", "Subdiv": "1", "Comments": null, "SKU": "VLT-SGL-3048", "PON_ID": null, "layer": "vault", "path": "/Users/sandeepreddypailla/Downloads/Merge July 17th/PomeGran_Rock _SD1_OLT7_Tehkummah_HLD_v1.4/PomeGran_Rock _SD1_OLT7_Tehkummah_HLD/vault.shp", "Contractor": null, "DtAsgCnstr": null, "ConStartDt": null, "DtInstald": null }, "geometry": { "type": "Point", "coordinates": [ 418696.514527965569869, 5059407.487255724146962 ] } },
{ "type": "Feature", "properties": { "ID": "22", "Size": "30X48X24", "Owner": "Rock Networks", "Status": "Proposed", "Struct_1": "Medium", "Subtype": "Vault", "Struct_2": "Splice", "Permit_ID": "MC-P1000123", "Trunk_ID": "TRUNK10761", "FDH_ID": "FDH107003", "Lot_No": null, "FSA_No": "CENTRAL MANITOULIN FSA9", "OLT_ID": "107", "Subdiv": "1", "Comments": null, "SKU": "VLT-SGL-3048", "PON_ID": null, "layer": "vault", "path": "/Users/sandeepreddypailla/Downloads/Merge July 17th/PomeGran_Rock _SD1_OLT7_Tehkummah_HLD_v1.4/PomeGran_Rock _SD1_OLT7_Tehkummah_HLD/vault.shp", "Contractor": null, "DtAsgCnstr": null, "ConStartDt": null, "DtInstald": null }, "geometry": { "type": "Point", "coordinates": [ 418037.404695936187636, 5059569.389634162187576 ] } },
{ "type": "Feature", "properties": { "ID": "23", "Size": "30X48X24", "Owner": "Rock Networks", "Status": "Proposed", "Struct_1": "Medium", "Subtype": "Vault", "Struct_2": "Splice", "Permit_ID": "MC-P1000123", "Trunk_ID": "TRUNK10760", "FDH_ID": "FDH107003", "Lot_No": null, "FSA_No": "CENTRAL MANITOULIN FSA9", "OLT_ID": "107", "Subdiv": "1", "Comments": null, "SKU": "VLT-SGL-3048", "PON_ID": null, "layer": "vault", "path": "/Users/sandeepreddypailla/Downloads/Merge July 17th/PomeGran_Rock _SD1_OLT7_Tehkummah_HLD_v1.4/PomeGran_Rock _SD1_OLT7_Tehkummah_HLD/vault.shp", "Contractor": null, "DtAsgCnstr": null, "ConStartDt": null, "DtInstald": null }, "geometry": { "type": "Point", "coordinates": [ 417347.693234254373237, 5060006.272167174145579 ] } },
{ "type": "Feature", "properties": { "ID": "24", "Size": "30X48X24", "Owner": "Rock Networks", "Status": "Proposed", "Struct_1": "Medium", "Subtype": "Vault", "Struct_2": "Splice", "Permit_ID": "MC-P1000123", "Trunk_ID": "TRUNK10760", "FDH_ID": "FDH107003", "Lot_No": null, "FSA_No": "CENTRAL MANITOULIN FSA9", "OLT_ID": "107", "Subdiv": "1", "Comments": null, "SKU": "VLT-SGL-3048", "PON_ID": null, "layer": "vault", "path": "/Users/sandeepreddypailla/Downloads/Merge July 17th/PomeGran_Rock _SD1_OLT7_Tehkummah_HLD_v1.4/PomeGran_Rock _SD1_OLT7_Tehkummah_HLD/vault.shp", "Contractor": null, "DtAsgCnstr": null, "ConStartDt": null, "DtInstald": null }, "geometry": { "type": "Point", "coordinates": [ 416929.544102689484134, 5060396.399436999112368 ] } },
{ "type": "Feature", "properties": { "ID": "25", "Size": "30X48X24", "Owner": "Rock Networks", "Status": "Proposed", "Struct_1": "Medium", "Subtype": "Vault", "Struct_2": "Splice", "Permit_ID": "MC-P1000124", "Trunk_ID": "TRUNK10738", "FDH_ID": "FDH107003", "Lot_No": null, "FSA_No": "CENTRAL MANITOULIN FSA9", "OLT_ID": "107", "Subdiv": "1", "Comments": null, "SKU": "VLT-SGL-3048", "PON_ID": null, "layer": "vault", "path": "/Users/sandeepreddypailla/Downloads/Merge July 17th/PomeGran_Rock _SD1_OLT7_Tehkummah_HLD_v1.4/PomeGran_Rock _SD1_OLT7_Tehkummah_HLD/vault.shp", "Contractor": null, "DtAsgCnstr": null, "ConStartDt": null, "DtInstald": null }, "geometry": { "type": "Point", "coordinates": [ 416296.269835835206322, 5060393.597026743926108 ] } },
{ "type": "Feature", "properties": { "ID": "26", "Size": "30X48X24", "Owner": "Rock Networks", "Status": "Proposed", "Struct_1": "Medium", "Subtype": "Vault", "Struct_2": "Splice", "Permit_ID": "MC-P1000124", "Trunk_ID": "TRUNK10738", "FDH_ID": "FDH107003", "Lot_No": null, "FSA_No": "CENTRAL MANITOULIN FSA9", "OLT_ID": "107", "Subdiv": "1", "Comments": null, "SKU": "VLT-SGL-3048", "PON_ID": null, "layer": "vault", "path": "/Users/sandeepreddypailla/Downloads/Merge July 17th/PomeGran_Rock _SD1_OLT7_Tehkummah_HLD_v1.4/PomeGran_Rock _SD1_OLT7_Tehkummah_HLD/vault.shp", "Contractor": null, "DtAsgCnstr": null, "ConStartDt": null, "DtInstald": null }, "geometry": { "type": "Point", "coordinates": [ 415694.066060805344023, 5060387.426219931803644 ] } },
{ "type": "Feature", "properties": { "ID": "27", "Size": "30X48X24", "Owner": "Rock Networks", "Status": "Proposed", "Struct_1": "Medium", "Subtype": "Vault", "Struct_2": "Splice", "Permit_ID": "MC-P1000119", "Trunk_ID": "TRUNK10740", "FDH_ID": "FDH107003", "Lot_No": null, "FSA_No": "TEHKUMMAH FSA36", "OLT_ID": "107", "Subdiv": "1", "Comments": null, "SKU": "VLT-SGL-3048", "PON_ID": null, "layer": "vault", "path": "/Users/sandeepreddypailla/Downloads/Merge July 17th/PomeGran_Rock _SD1_OLT7_Tehkummah_HLD_v1.4/PomeGran_Rock _SD1_OLT7_Tehkummah_HLD/vault.shp", "Contractor": null, "DtAsgCnstr": null, "ConStartDt": null, "DtInstald": null }, "geometry": { "type": "Point", "coordinates": [ 418943.3090350801358, 5056372.020379234105349 ] } },
{ "type": "Feature", "properties": { "ID": "28", "Size": "30X48X24", "Owner": "Rock Networks", "Status": "Proposed", "Struct_1": "Medium", "Subtype": "Vault", "Struct_2": "Splice", "Permit_ID": "MC-P1000119", "Trunk_ID": "TRUNK10756", "FDH_ID": "FDH107003", "Lot_No": null, "FSA_No": "TEHKUMMAH FSA36", "OLT_ID": "107", "Subdiv": "1", "Comments": null, "SKU": "VLT-SGL-3048", "PON_ID": null, "layer": "vault", "path": "/Users/sandeepreddypailla/Downloads/Merge July 17th/PomeGran_Rock _SD1_OLT7_Tehkummah_HLD_v1.4/PomeGran_Rock _SD1_OLT7_Tehkummah_HLD/vault.shp", "Contractor": null, "DtAsgCnstr": null, "ConStartDt": null, "DtInstald": null }, "geometry": { "type": "Point", "coordinates": [ 417505.16189944621874, 5056387.263283502310514 ] } },
{ "type": "Feature", "properties": { "ID": "29", "Size": "30X48X24", "Owner": "Rock Networks", "Status": "Proposed", "Struct_1": "Medium", "Subtype": "Vault", "Struct_2": "Splice", "Permit_ID": "MC-P1000120", "Trunk_ID": "TRUNK10745", "FDH_ID": "FDH107002", "Lot_No": null, "FSA_No": "TEHKUMMAH FSA36", "OLT_ID": "107", "Subdiv": "1", "Comments": null, "SKU": "VLT-SGL-3048", "PON_ID": null, "layer": "vault", "path": "/Users/sandeepreddypailla/Downloads/Merge July 17th/PomeGran_Rock _SD1_OLT7_Tehkummah_HLD_v1.4/PomeGran_Rock _SD1_OLT7_Tehkummah_HLD/vault.shp", "Contractor": null, "DtAsgCnstr": null, "ConStartDt": null, "DtInstald": null }, "geometry": { "type": "Point", "coordinates": [ 416908.652556498360354, 5054927.444701839238405 ] } },
{ "type": "Feature", "properties": { "ID": "30", "Size": "30X48X24", "Owner": "Rock Networks", "Status": "Proposed", "Struct_1": "Medium", "Subtype": "Vault", "Struct_2": "Splice", "Permit_ID": "MC-P1000120", "Trunk_ID": "TRUNK10745", "FDH_ID": "FDH107002", "Lot_No": null, "FSA_No": "TEHKUMMAH FSA36", "OLT_ID": "107", "Subdiv": "1", "Comments": null, "SKU": "VLT-SGL-3048", "PON_ID": null, "layer": "vault", "path": "/Users/sandeepreddypailla/Downloads/Merge July 17th/PomeGran_Rock _SD1_OLT7_Tehkummah_HLD_v1.4/PomeGran_Rock _SD1_OLT7_Tehkummah_HLD/vault.shp", "Contractor": null, "DtAsgCnstr": null, "ConStartDt": null, "DtInstald": null }, "geometry": { "type": "Point", "coordinates": [ 416876.38442685524933, 5055538.325343269854784 ] } },
{ "type": "Feature", "properties": { "ID": "31", "Size": "30X48X24", "Owner": "Rock Networks", "Status": "Proposed", "Struct_1": "Medium", "Subtype": "Vault", "Struct_2": "Splice", "Permit_ID": "MC-P1000117", "Trunk_ID": "TRUNK10768", "FDH_ID": "FDH107005", "Lot_No": null, "FSA_No": "ASSIGINACK FSA1", "OLT_ID": "107", "Subdiv": "1", "Comments": null, "SKU": "VLT-SGL-3048", "PON_ID": null, "layer": "vault", "path": "/Users/sandeepreddypailla/Downloads/Merge July 17th/PomeGran_Rock _SD1_OLT7_Tehkummah_HLD_v1.4/PomeGran_Rock _SD1_OLT7_Tehkummah_HLD/vault.shp", "Contractor": null, "DtAsgCnstr": null, "ConStartDt": null, "DtInstald": null }, "geometry": { "type": "Point", "coordinates": [ 427579.446826132712886, 5052442.08953118044883 ] } },
{ "type": "Feature", "properties": { "ID": "32", "Size": "30X48X24", "Owner": "Rock Networks", "Status": "Proposed", "Struct_1": "Medium", "Subtype": "Vault", "Struct_2": "Splice", "Permit_ID": "MC-P1000117", "Trunk_ID": "TRUNK10768", "FDH_ID": "FDH107005", "Lot_No": null, "FSA_No": "ASSIGINACK FSA1", "OLT_ID": "107", "Subdiv": "1", "Comments": null, "SKU": "VLT-SGL-3048", "PON_ID": null, "layer": "vault", "path": "/Users/sandeepreddypailla/Downloads/Merge July 17th/PomeGran_Rock _SD1_OLT7_Tehkummah_HLD_v1.4/PomeGran_Rock _SD1_OLT7_Tehkummah_HLD/vault.shp", "Contractor": null, "DtAsgCnstr": null, "ConStartDt": null, "DtInstald": null }, "geometry": { "type": "Point", "coordinates": [ 427298.410838766139932, 5052134.500694162212312 ] } },
{ "type": "Feature", "properties": { "ID": "33", "Size": "30X48X24", "Owner": "Rock Networks", "Status": "Proposed", "Struct_1": "Medium", "Subtype": "Vault", "Struct_2": "Splice", "Permit_ID": "MC-P1000118", "Trunk_ID": "TRUNK10730", "FDH_ID": "FDH107005", "Lot_No": null, "FSA_No": "ASSIGINACK FSA1", "OLT_ID": "107", "Subdiv": "1", "Comments": null, "SKU": "VLT-SGL-3048", "PON_ID": null, "layer": "vault", "path": "/Users/sandeepreddypailla/Downloads/Merge July 17th/PomeGran_Rock _SD1_OLT7_Tehkummah_HLD_v1.4/PomeGran_Rock _SD1_OLT7_Tehkummah_HLD/vault.shp", "Contractor": null, "DtAsgCnstr": null, "ConStartDt": null, "DtInstald": null }, "geometry": { "type": "Point", "coordinates": [ 427450.065188558015507, 5054176.117557432502508 ] } },
{ "type": "Feature", "properties": { "ID": "34", "Size": "30X48X24", "Owner": "Rock Networks", "Status": "Proposed", "Struct_1": "Medium", "Subtype": "Vault", "Struct_2": "Splice", "Permit_ID": "MC-P1000118", "Trunk_ID": "TRUNK10730", "FDH_ID": "FDH107005", "Lot_No": null, "FSA_No": "ASSIGINACK FSA1", "OLT_ID": "107", "Subdiv": "1", "Comments": null, "SKU": "VLT-SGL-3048", "PON_ID": null, "layer": "vault", "path": "/Users/sandeepreddypailla/Downloads/Merge July 17th/PomeGran_Rock _SD1_OLT7_Tehkummah_HLD_v1.4/PomeGran_Rock _SD1_OLT7_Tehkummah_HLD/vault.shp", "Contractor": null, "DtAsgCnstr": null, "ConStartDt": null, "DtInstald": null }, "geometry": { "type": "Point", "coordinates": [ 427189.29348139843205, 5053977.291921369731426 ] } },
{ "type": "Feature", "properties": { "ID": "8", "Size": "30X48X24", "Owner": "Rock Networks", "Status": "Proposed", "Struct_1": "Medium", "Subtype": "Vault", "Struct_2": "Splice", "Permit_ID": "MC-P10000011", "Trunk_ID": "TRUNK10737", "FDH_ID": "FDH107004", "Lot_No": null, "FSA_No": "TEHKUMMAH FSA36", "OLT_ID": "107", "Subdiv": "1", "Comments": null, "SKU": "VLT-SGL-3048", "PON_ID": null, "layer": "vault", "path": "/Users/sandeepreddypailla/Downloads/Merge July 17th/PomeGran_Rock _SD1_OLT7_Tehkummah_HLD_v1.4/PomeGran_Rock _SD1_OLT7_Tehkummah_HLD/vault.shp", "Contractor": null, "DtAsgCnstr": null, "ConStartDt": null, "DtInstald": null }, "geometry": { "type": "Point", "coordinates": [ 421682.507719321700279, 5058358.618588598445058 ] } },
{ "type": "Feature", "properties": { "ID": "1", "Size": "30X48X24", "Owner": "Rock Networks", "Status": "Proposed", "Struct_1": "Medium", "Subtype": "Vault", "Struct_2": "Splice", "Permit_ID": "MC-P1000016", "Trunk_ID": "TRUNK10108", "FDH_ID": "FDH101001", "Lot_No": null, "FSA_No": "AUNDECK-OMNI-KANING_SUCKER CREEK 23 FSA2", "OLT_ID": "101", "Subdiv": "1", "Comments": null, "SKU": "VLT-SGL-3048", "PON_ID": null, "layer": "vault", "path": "/Users/sandeepreddypailla/Downloads/Merge July 17th/PomeGran_Rock _SD1_OLT1_LittleCurret_HLD_v1.3/PomeGran_Rock_LittleCurret-OLT1_HLD_v1.3/vault.shp", "Contractor": null, "DtAsgCnstr": null, "ConStartDt": null, "DtInstald": null }, "geometry": { "type": "Point", "coordinates": [ 422553.260757480515167, 5089221.661791588179767 ] } },
{ "type": "Feature", "properties": { "ID": "2", "Size": "30X48X24", "Owner": "Rock Networks", "Status": "Proposed", "Struct_1": "Medium", "Subtype": "Vault", "Struct_2": "Splice", "Permit_ID": "MC-P1000017", "Trunk_ID": "TRUNK10108", "FDH_ID": "FDH101001", "Lot_No": null, "FSA_No": "Northeastern Manitoulin and the Islands FSA25", "OLT_ID": "101", "Subdiv": "1", "Comments": null, "SKU": "VLT-SGL-3048", "PON_ID": null, "layer": "vault", "path": "/Users/sandeepreddypailla/Downloads/Merge July 17th/PomeGran_Rock _SD1_OLT1_LittleCurret_HLD_v1.3/PomeGran_Rock_LittleCurret-OLT1_HLD_v1.3/vault.shp", "Contractor": null, "DtAsgCnstr": null, "ConStartDt": null, "DtInstald": null }, "geometry": { "type": "Point", "coordinates": [ 422550.251023641088977, 5088931.313222892582417 ] } },
{ "type": "Feature", "properties": { "ID": "3", "Size": "30X48X24", "Owner": "Rock Networks", "Status": "Proposed", "Struct_1": "Medium", "Subtype": "Vault", "Struct_2": "Splice", "Permit_ID": "MC-P1000001", "Trunk_ID": "TRUNK10045", "FDH_ID": "FDH101003", "Lot_No": null, "FSA_No": "Whitefish River (Part) 4 FSA41", "OLT_ID": "101", "Subdiv": "1", "Comments": null, "SKU": "VLT-SGL-3048", "PON_ID": null, "layer": "vault", "path": "/Users/sandeepreddypailla/Downloads/Merge July 17th/PomeGran_Rock _SD1_OLT1_LittleCurret_HLD_v1.3/PomeGran_Rock_LittleCurret-OLT1_HLD_v1.3/vault.shp", "Contractor": null, "DtAsgCnstr": null, "ConStartDt": null, "DtInstald": null }, "geometry": { "type": "Point", "coordinates": [ 441708.78110648971051, 5102455.629937035962939 ] } },
{ "type": "Feature", "properties": { "ID": "4", "Size": "30X48X24", "Owner": "Rock Networks", "Status": "Proposed", "Struct_1": "Medium", "Subtype": "Vault", "Struct_2": "Splice", "Permit_ID": "MC-P1000001", "Trunk_ID": "TRUNK10045", "FDH_ID": "FDH101003", "Lot_No": null, "FSA_No": "Whitefish River (Part) 4 FSA41", "OLT_ID": "101", "Subdiv": "1", "Comments": null, "SKU": "VLT-SGL-3048", "PON_ID": null, "layer": "vault", "path": "/Users/sandeepreddypailla/Downloads/Merge July 17th/PomeGran_Rock _SD1_OLT1_LittleCurret_HLD_v1.3/PomeGran_Rock_LittleCurret-OLT1_HLD_v1.3/vault.shp", "Contractor": null, "DtAsgCnstr": null, "ConStartDt": null, "DtInstald": null }, "geometry": { "type": "Point", "coordinates": [ 441899.015487168391701, 5102518.27831404004246 ] } },
{ "type": "Feature", "properties": { "ID": "5", "Size": "30X48X24", "Owner": "Rock Networks", "Status": "Proposed", "Struct_1": "Medium", "Subtype": "Vault", "Struct_2": "Splice", "Permit_ID": "MC-P1000020", "Trunk_ID": "TRUNK10112", "FDH_ID": "FDH101005", "Lot_No": null, "FSA_No": "Northeastern Manitoulin and the Islands FSA25", "OLT_ID": "101", "Subdiv": "1", "Comments": null, "SKU": "VLT-SGL-3048", "PON_ID": null, "layer": "vault", "path": "/Users/sandeepreddypailla/Downloads/Merge July 17th/PomeGran_Rock _SD1_OLT1_LittleCurret_HLD_v1.3/PomeGran_Rock_LittleCurret-OLT1_HLD_v1.3/vault.shp", "Contractor": null, "DtAsgCnstr": null, "ConStartDt": null, "DtInstald": null }, "geometry": { "type": "Point", "coordinates": [ 425075.54025383782573, 5080989.444859926588833 ] } },
{ "type": "Feature", "properties": { "ID": "6", "Size": "30X48X24", "Owner": "Rock Networks", "Status": "Proposed", "Struct_1": "Medium", "Subtype": "Vault", "Struct_2": "Splice", "Permit_ID": "MC-P1000019", "Trunk_ID": "TRUNK10112", "FDH_ID": "FDH101005", "Lot_No": null, "FSA_No": "Sheguiandah 24 FSA30", "OLT_ID": "101", "Subdiv": "1", "Comments": null, "SKU": "VLT-SGL-3048", "PON_ID": null, "layer": "vault", "path": "/Users/sandeepreddypailla/Downloads/Merge July 17th/PomeGran_Rock _SD1_OLT1_LittleCurret_HLD_v1.3/PomeGran_Rock_LittleCurret-OLT1_HLD_v1.3/vault.shp", "Contractor": null, "DtAsgCnstr": null, "ConStartDt": null, "DtInstald": null }, "geometry": { "type": "Point", "coordinates": [ 426677.435637770511676, 5080979.707497879862785 ] } },
{ "type": "Feature", "properties": { "ID": "7", "Size": "30X48X24", "Owner": "Rock Networks", "Status": "Proposed", "Struct_1": "Medium", "Subtype": "Vault", "Struct_2": null, "Permit_ID": "MC-P1000019", "Trunk_ID": "TRUNK10112", "FDH_ID": "FDH101005", "Lot_No": null, "FSA_No": "Sheguiandah 24 FSA30", "OLT_ID": "101", "Subdiv": "1", "Comments": null, "SKU": "VLT-SGL-3048", "PON_ID": null, "layer": "vault", "path": "/Users/sandeepreddypailla/Downloads/Merge July 17th/PomeGran_Rock _SD1_OLT1_LittleCurret_HLD_v1.3/PomeGran_Rock_LittleCurret-OLT1_HLD_v1.3/vault.shp", "Contractor": null, "DtAsgCnstr": null, "ConStartDt": null, "DtInstald": null }, "geometry": { "type": "Point", "coordinates": [ 425933.279740377212875, 5080988.22663276642561 ] } },
{ "type": "Feature", "properties": { "ID": "8", "Size": "30X48X24", "Owner": "Rock Networks", "Status": "Proposed", "Struct_1": "Medium", "Subtype": "Vault", "Struct_2": "Splice", "Permit_ID": "MC-P1000021", "Trunk_ID": "TRUNK10052", "FDH_ID": "FDH101006", "Lot_No": null, "FSA_No": "Northeastern Manitoulin and the Islands FSA25", "OLT_ID": "101", "Subdiv": "1", "Comments": null, "SKU": "VLT-SGL-3048", "PON_ID": null, "layer": "vault", "path": "/Users/sandeepreddypailla/Downloads/Merge July 17th/PomeGran_Rock _SD1_OLT1_LittleCurret_HLD_v1.3/PomeGran_Rock_LittleCurret-OLT1_HLD_v1.3/vault.shp", "Contractor": null, "DtAsgCnstr": null, "ConStartDt": null, "DtInstald": null }, "geometry": { "type": "Point", "coordinates": [ 413936.670265979599208, 5084538.891259986907244 ] } },
{ "type": "Feature", "properties": { "ID": "9", "Size": "30X48X24", "Owner": "Rock Networks", "Status": "Proposed", "Struct_1": "Medium", "Subtype": "Vault", "Struct_2": "Splice", "Permit_ID": "MC-P1000021", "Trunk_ID": "TRUNK10014", "FDH_ID": "FDH101006", "Lot_No": null, "FSA_No": "Northeastern Manitoulin and the Islands FSA25", "OLT_ID": "101", "Subdiv": "1", "Comments": null, "SKU": "VLT-SGL-3048", "PON_ID": null, "layer": "vault", "path": "/Users/sandeepreddypailla/Downloads/Merge July 17th/PomeGran_Rock _SD1_OLT1_LittleCurret_HLD_v1.3/PomeGran_Rock_LittleCurret-OLT1_HLD_v1.3/vault.shp", "Contractor": null, "DtAsgCnstr": null, "ConStartDt": null, "DtInstald": null }, "geometry": { "type": "Point", "coordinates": [ 414416.484084766299929, 5085142.972692612558603 ] } },
{ "type": "Feature", "properties": { "ID": "10", "Size": "30X48X24", "Owner": "Rock Networks", "Status": "Proposed", "Struct_1": "Medium", "Subtype": "Vault", "Struct_2": "Splice", "Permit_ID": "MC-P1000003", "Trunk_ID": "TRUNK10044", "FDH_ID": "FDH101016", "Lot_No": null, "FSA_No": "Northeastern Manitoulin and the Islands FSA25", "OLT_ID": "101", "Subdiv": "1", "Comments": null, "SKU": "VLT-SGL-3048", "PON_ID": null, "layer": "vault", "path": "/Users/sandeepreddypailla/Downloads/Merge July 17th/PomeGran_Rock _SD1_OLT1_LittleCurret_HLD_v1.3/PomeGran_Rock_LittleCurret-OLT1_HLD_v1.3/vault.shp", "Contractor": null, "DtAsgCnstr": null, "ConStartDt": null, "DtInstald": null }, "geometry": { "type": "Point", "coordinates": [ 429263.76810563710751, 5092355.67296455707401 ] } },
{ "type": "Feature", "properties": { "ID": "11", "Size": "30X48X24", "Owner": "Rock Networks", "Status": "Proposed", "Struct_1": "Medium", "Subtype": "Vault", "Struct_2": "Splice", "Permit_ID": "MC-P1000003", "Trunk_ID": "TRUNK10044", "FDH_ID": "FDH101016", "Lot_No": null, "FSA_No": "Northeastern Manitoulin and the Islands FSA25", "OLT_ID": "101", "Subdiv": "1", "Comments": null, "SKU": "VLT-SGL-3048", "PON_ID": null, "layer": "vault", "path": "/Users/sandeepreddypailla/Downloads/Merge July 17th/PomeGran_Rock _SD1_OLT1_LittleCurret_HLD_v1.3/PomeGran_Rock_LittleCurret-OLT1_HLD_v1.3/vault.shp", "Contractor": null, "DtAsgCnstr": null, "ConStartDt": null, "DtInstald": null }, "geometry": { "type": "Point", "coordinates": [ 429193.267502142349258, 5092164.096562324091792 ] } },
{ "type": "Feature", "properties": { "ID": "12", "Size": "30X48X24", "Owner": "Rock Networks", "Status": "Proposed", "Struct_1": "Medium", "Subtype": "Vault", "Struct_2": "Splice", "Permit_ID": "MC-P1000014", "Trunk_ID": "TRUNK10061", "FDH_ID": "FDH101016", "Lot_No": null, "FSA_No": "Whitefish River (Part) 4 FSA41", "OLT_ID": "101", "Subdiv": "1", "Comments": null, "SKU": "VLT-SGL-3048", "PON_ID": null, "layer": "vault", "path": "/Users/sandeepreddypailla/Downloads/Merge July 17th/PomeGran_Rock _SD1_OLT1_LittleCurret_HLD_v1.3/PomeGran_Rock_LittleCurret-OLT1_HLD_v1.3/vault.shp", "Contractor": null, "DtAsgCnstr": null, "ConStartDt": null, "DtInstald": null }, "geometry": { "type": "Point", "coordinates": [ 441714.351772612310015, 5097880.947656269185245 ] } },
{ "type": "Feature", "properties": { "ID": "13", "Size": "30X48X24", "Owner": "Rock Networks", "Status": "Proposed", "Struct_1": "Medium", "Subtype": "Vault", "Struct_2": "Splice", "Permit_ID": "MC-P1000014", "Trunk_ID": "TRUNK10061", "FDH_ID": "FDH101016", "Lot_No": null, "FSA_No": "Whitefish River (Part) 4 FSA41", "OLT_ID": "101", "Subdiv": "1", "Comments": null, "SKU": "VLT-SGL-3048", "PON_ID": null, "layer": "vault", "path": "/Users/sandeepreddypailla/Downloads/Merge July 17th/PomeGran_Rock _SD1_OLT1_LittleCurret_HLD_v1.3/PomeGran_Rock_LittleCurret-OLT1_HLD_v1.3/vault.shp", "Contractor": null, "DtAsgCnstr": null, "ConStartDt": null, "DtInstald": null }, "geometry": { "type": "Point", "coordinates": [ 441335.54030406702077, 5097547.954797436483204 ] } },
{ "type": "Feature", "properties": { "ID": "14", "Size": "30X48X24", "Owner": "Rock Networks", "Status": "Proposed", "Struct_1": "Medium", "Subtype": "Vault", "Struct_2": "Splice", "Permit_ID": "MC-P1000023", "Trunk_ID": "TRUNK10092", "FDH_ID": "FDH101010", "Lot_No": null, "FSA_No": "Northeastern Manitoulin and the Islands FSA25", "OLT_ID": "101", "Subdiv": "1", "Comments": null, "SKU": "VLT-SGL-3048", "PON_ID": null, "layer": "vault", "path": "/Users/sandeepreddypailla/Downloads/Merge July 17th/PomeGran_Rock _SD1_OLT1_LittleCurret_HLD_v1.3/PomeGran_Rock_LittleCurret-OLT1_HLD_v1.3/vault.shp", "Contractor": null, "DtAsgCnstr": null, "ConStartDt": null, "DtInstald": null }, "geometry": { "type": "Point", "coordinates": [ 428351.607529970875476, 5082972.291806735098362 ] } },
{ "type": "Feature", "properties": { "ID": "15", "Size": "30X48X24", "Owner": "Rock Networks", "Status": "Proposed", "Struct_1": "Medium", "Subtype": "Vault", "Struct_2": "Splice", "Permit_ID": "MC-P1000018", "Trunk_ID": "TRUNK10082", "FDH_ID": "FDH101015", "Lot_No": null, "FSA_No": "Northeastern Manitoulin and the Islands FSA25", "OLT_ID": "101", "Subdiv": "1", "Comments": null, "SKU": "VLT-SGL-3048", "PON_ID": null, "layer": "vault", "path": "/Users/sandeepreddypailla/Downloads/Merge July 17th/PomeGran_Rock _SD1_OLT1_LittleCurret_HLD_v1.3/PomeGran_Rock_LittleCurret-OLT1_HLD_v1.3/vault.shp", "Contractor": null, "DtAsgCnstr": null, "ConStartDt": null, "DtInstald": null }, "geometry": { "type": "Point", "coordinates": [ 423358.150987930479459, 5087084.960424456745386 ] } },
{ "type": "Feature", "properties": { "ID": "16", "Size": "30X48X24", "Owner": "Rock Networks", "Status": "Proposed", "Struct_1": "Medium", "Subtype": "Vault", "Struct_2": "Splice", "Permit_ID": "MC-P1000018", "Trunk_ID": "TRUNK10090", "FDH_ID": "FDH101015", "Lot_No": null, "FSA_No": "Northeastern Manitoulin and the Islands FSA25", "OLT_ID": "101", "Subdiv": "1", "Comments": null, "SKU": "VLT-SGL-3048", "PON_ID": null, "layer": "vault", "path": "/Users/sandeepreddypailla/Downloads/Merge July 17th/PomeGran_Rock _SD1_OLT1_LittleCurret_HLD_v1.3/PomeGran_Rock_LittleCurret-OLT1_HLD_v1.3/vault.shp", "Contractor": null, "DtAsgCnstr": null, "ConStartDt": null, "DtInstald": null }, "geometry": { "type": "Point", "coordinates": [ 422146.338282027223613, 5087096.038881343789399 ] } },
{ "type": "Feature", "properties": { "ID": "17", "Size": "30X48X24", "Owner": "Rock Networks", "Status": "Proposed", "Struct_1": "Medium", "Subtype": "Vault", "Struct_2": "Splice", "Permit_ID": "MC-P1000018", "Trunk_ID": "TRUNK10090", "FDH_ID": "FDH101015", "Lot_No": null, "FSA_No": "Northeastern Manitoulin and the Islands FSA25", "OLT_ID": "101", "Subdiv": "1", "Comments": null, "SKU": "VLT-SGL-3048", "PON_ID": null, "layer": "vault", "path": "/Users/sandeepreddypailla/Downloads/Merge July 17th/PomeGran_Rock _SD1_OLT1_LittleCurret_HLD_v1.3/PomeGran_Rock_LittleCurret-OLT1_HLD_v1.3/vault.shp", "Contractor": null, "DtAsgCnstr": null, "ConStartDt": null, "DtInstald": null }, "geometry": { "type": "Point", "coordinates": [ 421073.021951741771773, 5087107.514101574197412 ] } },
{ "type": "Feature", "properties": { "ID": "18", "Size": "30X48X24", "Owner": "Rock Networks", "Status": "Proposed", "Struct_1": "Medium", "Subtype": "Vault", "Struct_2": "Splice", "Permit_ID": "MC-P1000018", "Trunk_ID": "TRUNK10090", "FDH_ID": "FDH101015", "Lot_No": null, "FSA_No": "Northeastern Manitoulin and the Islands FSA25", "OLT_ID": "101", "Subdiv": "1", "Comments": null, "SKU": "VLT-SGL-3048", "PON_ID": null, "layer": "vault", "path": "/Users/sandeepreddypailla/Downloads/Merge July 17th/PomeGran_Rock _SD1_OLT1_LittleCurret_HLD_v1.3/PomeGran_Rock_LittleCurret-OLT1_HLD_v1.3/vault.shp", "Contractor": null, "DtAsgCnstr": null, "ConStartDt": null, "DtInstald": null }, "geometry": { "type": "Point", "coordinates": [ 420475.345952508738264, 5087112.530472139827907 ] } },
{ "type": "Feature", "properties": { "ID": "19", "Size": "30X48X24", "Owner": "Rock Networks", "Status": "Proposed", "Struct_1": "Medium", "Subtype": "Vault", "Struct_2": null, "Permit_ID": "MC-P1000018", "Trunk_ID": "TRUNK10090", "FDH_ID": "FDH101015", "Lot_No": null, "FSA_No": "Northeastern Manitoulin and the Islands FSA25", "OLT_ID": "101", "Subdiv": "1", "Comments": null, "SKU": "VLT-SGL-3048", "PON_ID": null, "layer": "vault", "path": "/Users/sandeepreddypailla/Downloads/Merge July 17th/PomeGran_Rock _SD1_OLT1_LittleCurret_HLD_v1.3/PomeGran_Rock_LittleCurret-OLT1_HLD_v1.3/vault.shp", "Contractor": null, "DtAsgCnstr": null, "ConStartDt": null, "DtInstald": null }, "geometry": { "type": "Point", "coordinates": [ 419545.058507425477728, 5087123.1254050033167 ] } },
{ "type": "Feature", "properties": { "ID": "20", "Size": "30X48X24", "Owner": "Rock Networks", "Status": "Proposed", "Struct_1": "Medium", "Subtype": "Vault", "Struct_2": "Splice", "Permit_ID": "MC-P1000018", "Trunk_ID": "TRUNK10090", "FDH_ID": "FDH101015", "Lot_No": null, "FSA_No": "Northeastern Manitoulin and the Islands FSA25", "OLT_ID": "101", "Subdiv": "1", "Comments": null, "SKU": "VLT-SGL-3048", "PON_ID": null, "layer": "vault", "path": "/Users/sandeepreddypailla/Downloads/Merge July 17th/PomeGran_Rock _SD1_OLT1_LittleCurret_HLD_v1.3/PomeGran_Rock_LittleCurret-OLT1_HLD_v1.3/vault.shp", "Contractor": null, "DtAsgCnstr": null, "ConStartDt": null, "DtInstald": null }, "geometry": { "type": "Point", "coordinates": [ 418744.924797921266872, 5087132.618319505825639 ] } },
{ "type": "Feature", "properties": { "ID": "24", "Size": "30X48X24", "Owner": "Rock Networks", "Status": "Proposed", "Struct_1": "Medium", "Subtype": "Vault", "Struct_2": "Splice", "Permit_ID": "MC-P1000071", "Trunk_ID": "TRUNK10009", "FDH_ID": "FDH101009", "Lot_No": null, "FSA_No": "Northeastern Manitoulin and the Islands FSA25", "OLT_ID": "101", "Subdiv": "1", "Comments": null, "SKU": "VLT-SGL-3048", "PON_ID": null, "layer": "vault", "path": "/Users/sandeepreddypailla/Downloads/Merge July 17th/PomeGran_Rock _SD1_OLT1_LittleCurret_HLD_v1.3/PomeGran_Rock_LittleCurret-OLT1_HLD_v1.3/vault.shp", "Contractor": null, "DtAsgCnstr": null, "ConStartDt": null, "DtInstald": null }, "geometry": { "type": "Point", "coordinates": [ 427771.903839094331488, 5092589.290740775875747 ] } },
{ "type": "Feature", "properties": { "ID": "25", "Size": "30X48X24", "Owner": "Rock Networks", "Status": "Proposed", "Struct_1": "Medium", "Subtype": "Vault", "Struct_2": "Splice", "Permit_ID": "MC-P1000071", "Trunk_ID": "TRUNK10009", "FDH_ID": "FDH101009", "Lot_No": null, "FSA_No": "Northeastern Manitoulin and the Islands FSA25", "OLT_ID": "101", "Subdiv": "1", "Comments": null, "SKU": "VLT-SGL-3048", "PON_ID": null, "layer": "vault", "path": "/Users/sandeepreddypailla/Downloads/Merge July 17th/PomeGran_Rock _SD1_OLT1_LittleCurret_HLD_v1.3/PomeGran_Rock_LittleCurret-OLT1_HLD_v1.3/vault.shp", "Contractor": null, "DtAsgCnstr": null, "ConStartDt": null, "DtInstald": null }, "geometry": { "type": "Point", "coordinates": [ 427625.102480068744626, 5092654.222301481291652 ] } },
{ "type": "Feature", "properties": { "ID": "26", "Size": "30X48X24", "Owner": "Rock Networks", "Status": "Proposed", "Struct_1": "Medium", "Subtype": "Vault", "Struct_2": "Splice", "Permit_ID": "MC-P1000023", "Trunk_ID": "TRUNK10092", "FDH_ID": "FDH101010", "Lot_No": null, "FSA_No": "Northeastern Manitoulin and the Islands FSA25", "OLT_ID": "101", "Subdiv": "1", "Comments": null, "SKU": "VLT-SGL-3048", "PON_ID": null, "layer": "vault", "path": "/Users/sandeepreddypailla/Downloads/Merge July 17th/PomeGran_Rock _SD1_OLT1_LittleCurret_HLD_v1.3/PomeGran_Rock_LittleCurret-OLT1_HLD_v1.3/vault.shp", "Contractor": null, "DtAsgCnstr": null, "ConStartDt": null, "DtInstald": null }, "geometry": { "type": "Point", "coordinates": [ 428583.116034794424195, 5083317.199979910627007 ] } },
{ "type": "Feature", "properties": { "ID": "27", "Size": "30X60X36", "Owner": "Rock Networks", "Status": "Proposed", "Struct_1": "Large", "Subtype": "Vault", "Struct_2": "Splice", "Permit_ID": "MC-P1000105", "Trunk_ID": "TRUNK10058", "FDH_ID": "FDH101011", "Lot_No": null, "FSA_No": "Northeastern Manitoulin and the Islands FSA25", "OLT_ID": "101", "Subdiv": "1", "Comments": null, "SKU": "VLT-SGL-3660", "PON_ID": null, "layer": "vault", "path": "/Users/sandeepreddypailla/Downloads/Merge July 17th/PomeGran_Rock _SD1_OLT1_LittleCurret_HLD_v1.3/PomeGran_Rock_LittleCurret-OLT1_HLD_v1.3/vault.shp", "Contractor": null, "DtAsgCnstr": null, "ConStartDt": null, "DtInstald": null }, "geometry": { "type": "Point", "coordinates": [ 427637.746412607608363, 5092144.924471782520413 ] } },
{ "type": "Feature", "properties": { "ID": "28", "Size": "30X48X24", "Owner": "Rock Networks", "Status": "Proposed", "Struct_1": "Medium", "Subtype": "Vault", "Struct_2": "Splice", "Permit_ID": "MC-P1000105", "Trunk_ID": "TRUNK10058", "FDH_ID": "FDH101011", "Lot_No": null, "FSA_No": "Northeastern Manitoulin and the Islands FSA25", "OLT_ID": "101", "Subdiv": "1", "Comments": null, "SKU": "VLT-SGL-3048", "PON_ID": null, "layer": "vault", "path": "/Users/sandeepreddypailla/Downloads/Merge July 17th/PomeGran_Rock _SD1_OLT1_LittleCurret_HLD_v1.3/PomeGran_Rock_LittleCurret-OLT1_HLD_v1.3/vault.shp", "Contractor": null, "DtAsgCnstr": null, "ConStartDt": null, "DtInstald": null }, "geometry": { "type": "Point", "coordinates": [ 427634.040040834457614, 5092077.603928315453231 ] } },
{ "type": "Feature", "properties": { "ID": "29", "Size": "30X48X24", "Owner": "Rock Networks", "Status": "Proposed", "Struct_1": "Medium", "Subtype": "Vault", "Struct_2": "Splice", "Permit_ID": "MC-P1000106", "Trunk_ID": "TRUNK10099", "FDH_ID": "FDH101014", "Lot_No": null, "FSA_No": "Northeastern Manitoulin and the Islands FSA25", "OLT_ID": "101", "Subdiv": "1", "Comments": null, "SKU": "VLT-SGL-3048", "PON_ID": null, "layer": "vault", "path": "/Users/sandeepreddypailla/Downloads/Merge July 17th/PomeGran_Rock _SD1_OLT1_LittleCurret_HLD_v1.3/PomeGran_Rock_LittleCurret-OLT1_HLD_v1.3/vault.shp", "Contractor": null, "DtAsgCnstr": null, "ConStartDt": null, "DtInstald": null }, "geometry": { "type": "Point", "coordinates": [ 428759.506113592244219, 5091385.775592040270567 ] } },
{ "type": "Feature", "properties": { "ID": "23", "Size": "30X48X24", "Owner": "Rock Networks", "Status": "Proposed", "Struct_1": "Medium", "Subtype": "Vault", "Struct_2": "Splice", "Permit_ID": "MC-P1000106", "Trunk_ID": "TRUNK10099", "FDH_ID": "FDH101014", "Lot_No": null, "FSA_No": "Northeastern Manitoulin and the Islands FSA25", "OLT_ID": "101", "Subdiv": "1", "Comments": null, "SKU": "VLT-SGL-3048", "PON_ID": null, "layer": "vault", "path": "/Users/sandeepreddypailla/Downloads/Merge July 17th/PomeGran_Rock _SD1_OLT1_LittleCurret_HLD_v1.3/PomeGran_Rock_LittleCurret-OLT1_HLD_v1.3/vault.shp", "Contractor": null, "DtAsgCnstr": null, "ConStartDt": null, "DtInstald": null }, "geometry": { "type": "Point", "coordinates": [ 428991.34925704280613, 5091465.090351643040776 ] } },
{ "type": "Feature", "properties": { "ID": "22", "Size": "30X48X24", "Owner": "Rock Networks", "Status": "Proposed", "Struct_1": "Medium", "Subtype": "Vault", "Struct_2": "Splice", "Permit_ID": "MC-P1000107", "Trunk_ID": "TRUNK10052", "FDH_ID": "FDH101006", "Lot_No": null, "FSA_No": "Northeastern Manitoulin and the Islands FSA25", "OLT_ID": "101", "Subdiv": "1", "Comments": null, "SKU": "VLT-SGL-3048", "PON_ID": null, "layer": "vault", "path": "/Users/sandeepreddypailla/Downloads/Merge July 17th/PomeGran_Rock _SD1_OLT1_LittleCurret_HLD_v1.3/PomeGran_Rock_LittleCurret-OLT1_HLD_v1.3/vault.shp", "Contractor": null, "DtAsgCnstr": null, "ConStartDt": null, "DtInstald": null }, "geometry": { "type": "Point", "coordinates": [ 414285.744772084173746, 5085664.03122123144567 ] } },
{ "type": "Feature", "properties": { "ID": "30", "Size": "30X48X24", "Owner": "Rock Networks", "Status": "Proposed", "Struct_1": "Medium", "Subtype": "Vault", "Struct_2": "Splice", "Permit_ID": "MC-P1000141", "Trunk_ID": "TRUNK10026", "FDH_ID": "FDH101003", "Lot_No": null, "FSA_No": "Whitefish River (Part) 4 FSA41", "OLT_ID": "101", "Subdiv": "1", "Comments": null, "SKU": "VLT-SGL-3048", "PON_ID": null, "layer": "vault", "path": "/Users/sandeepreddypailla/Downloads/Merge July 17th/PomeGran_Rock _SD1_OLT1_LittleCurret_HLD_v1.3/PomeGran_Rock_LittleCurret-OLT1_HLD_v1.3/vault.shp", "Contractor": null, "DtAsgCnstr": null, "ConStartDt": null, "DtInstald": null }, "geometry": { "type": "Point", "coordinates": [ 440517.144988640851807, 5101969.946227299049497 ] } },
{ "type": "Feature", "properties": { "ID": "31", "Size": "30X48X24", "Owner": "Rock Networks", "Status": "Proposed", "Struct_1": "Medium", "Subtype": "Vault", "Struct_2": "Splice", "Permit_ID": "MC-P1000142", "Trunk_ID": "TRUNK10026", "FDH_ID": "FDH101003", "Lot_No": null, "FSA_No": "Whitefish River (Part) 4 FSA41", "OLT_ID": "101", "Subdiv": "1", "Comments": null, "SKU": "VLT-SGL-3048", "PON_ID": null, "layer": "vault", "path": "/Users/sandeepreddypailla/Downloads/Merge July 17th/PomeGran_Rock _SD1_OLT1_LittleCurret_HLD_v1.3/PomeGran_Rock_LittleCurret-OLT1_HLD_v1.3/vault.shp", "Contractor": null, "DtAsgCnstr": null, "ConStartDt": null, "DtInstald": null }, "geometry": { "type": "Point", "coordinates": [ 440708.731318884703796, 5101871.178980641067028 ] } },
{ "type": "Feature", "properties": { "ID": "21", "Size": "30X48X24", "Owner": "Rock Networks", "Status": "Proposed", "Struct_1": "Medium", "Subtype": "Vault", "Struct_2": "Splice", "Permit_ID": "MC-P1000105", "Trunk_ID": "TRUNK10831", "FDH_ID": "FDH101011", "Lot_No": null, "FSA_No": "Northeastern Manitoulin and the Islands FSA25", "OLT_ID": "101", "Subdiv": "1", "Comments": null, "SKU": "VLT-SGL-3048", "PON_ID": null, "layer": "vault", "path": "/Users/sandeepreddypailla/Downloads/Merge July 17th/PomeGran_Rock _SD1_OLT1_LittleCurret_HLD_v1.3/PomeGran_Rock_LittleCurret-OLT1_HLD_v1.3/vault.shp", "Contractor": null, "DtAsgCnstr": null, "ConStartDt": null, "DtInstald": null }, "geometry": { "type": "Point", "coordinates": [ 427722.474389241775498, 5092161.274058482609689 ] } },
{ "type": "Feature", "properties": { "ID": "2", "Size": "36X60X36", "Owner": "Rock Networks", "Status": "Proposed", "Struct_1": "Large", "Subtype": "Vault", "Struct_2": "OLT", "Permit_ID": "MC-P1000006", "Trunk_ID": "TRUNK10569", "FDH_ID": "FDH105001", "Lot_No": null, "FSA_No": "GORE BAY FSA15", "OLT_ID": "105", "Subdiv": "1", "Comments": null, "SKU": "VLT-SGL-3660", "PON_ID": null, "layer": "vault", "path": "/Users/sandeepreddypailla/Downloads/Merge July 17th/PomeGran_Rock _SD1_OLT5_Gore Bay_HLD_v1.4/PomeGran_Rock _SD1_OLT5_Gore Bay_HLD_v1.4/vault.shp", "Contractor": null, "DtAsgCnstr": null, "ConStartDt": null, "DtInstald": null }, "geometry": { "type": "Point", "coordinates": [ 386704.612551341066137, 5085272.592217698693275 ] } },
{ "type": "Feature", "properties": { "ID": "3", "Size": "30X48X24", "Owner": "Rock Networks", "Status": "Proposed", "Struct_1": "Medium", "Subtype": "Vault", "Struct_2": "Splice", "Permit_ID": "MC-P1000098", "Trunk_ID": "TRUNK10537", "FDH_ID": "FDH105001", "Lot_No": null, "FSA_No": "GORDON FSA14", "OLT_ID": "105", "Subdiv": "1", "Comments": null, "SKU": "VLT-SGL-3048", "PON_ID": null, "layer": "vault", "path": "/Users/sandeepreddypailla/Downloads/Merge July 17th/PomeGran_Rock _SD1_OLT5_Gore Bay_HLD_v1.4/PomeGran_Rock _SD1_OLT5_Gore Bay_HLD_v1.4/vault.shp", "Contractor": null, "DtAsgCnstr": null, "ConStartDt": null, "DtInstald": null }, "geometry": { "type": "Point", "coordinates": [ 391691.084151216666214, 5089608.683234292082489 ] } },
{ "type": "Feature", "properties": { "ID": "4", "Size": "30X48X24", "Owner": "Rock Networks", "Status": "Proposed", "Struct_1": "Medium", "Subtype": "Vault", "Struct_2": "Splice", "Permit_ID": "MC-P1000098", "Trunk_ID": "TRUNK10537", "FDH_ID": "FDH105001", "Lot_No": null, "FSA_No": "GORDON FSA14", "OLT_ID": "105", "Subdiv": "1", "Comments": null, "SKU": "VLT-SGL-3048", "PON_ID": null, "layer": "vault", "path": "/Users/sandeepreddypailla/Downloads/Merge July 17th/PomeGran_Rock _SD1_OLT5_Gore Bay_HLD_v1.4/PomeGran_Rock _SD1_OLT5_Gore Bay_HLD_v1.4/vault.shp", "Contractor": null, "DtAsgCnstr": null, "ConStartDt": null, "DtInstald": null }, "geometry": { "type": "Point", "coordinates": [ 393315.091159631323535, 5089571.07171826902777 ] } },
{ "type": "Feature", "properties": { "ID": "5", "Size": "30X48X24", "Owner": "Rock Networks", "Status": "Proposed", "Struct_1": "Medium", "Subtype": "Vault", "Struct_2": "Splice", "Permit_ID": "MC-P1000098", "Trunk_ID": "TRUNK10537", "FDH_ID": "FDH105001", "Lot_No": null, "FSA_No": "GORDON FSA14", "OLT_ID": "105", "Subdiv": "1", "Comments": null, "SKU": "VLT-SGL-3048", "PON_ID": null, "layer": "vault", "path": "/Users/sandeepreddypailla/Downloads/Merge July 17th/PomeGran_Rock _SD1_OLT5_Gore Bay_HLD_v1.4/PomeGran_Rock _SD1_OLT5_Gore Bay_HLD_v1.4/vault.shp", "Contractor": null, "DtAsgCnstr": null, "ConStartDt": null, "DtInstald": null }, "geometry": { "type": "Point", "coordinates": [ 394282.099699576152489, 5089556.381698543205857 ] } },
{ "type": "Feature", "properties": { "ID": "6", "Size": "30X48X24", "Owner": "Rock Networks", "Status": "Proposed", "Struct_1": "Medium", "Subtype": "Vault", "Struct_2": null, "Permit_ID": "MC-P1000098", "Trunk_ID": "TRUNK10537", "FDH_ID": "FDH105001", "Lot_No": null, "FSA_No": "GORDON FSA14", "OLT_ID": "105", "Subdiv": "1", "Comments": null, "SKU": "VLT-SGL-3048", "PON_ID": null, "layer": "vault", "path": "/Users/sandeepreddypailla/Downloads/Merge July 17th/PomeGran_Rock _SD1_OLT5_Gore Bay_HLD_v1.4/PomeGran_Rock _SD1_OLT5_Gore Bay_HLD_v1.4/vault.shp", "Contractor": null, "DtAsgCnstr": null, "ConStartDt": null, "DtInstald": null }, "geometry": { "type": "Point", "coordinates": [ 392525.660748125519603, 5089589.639140124432743 ] } },
{ "type": "Feature", "properties": { "ID": "8", "Size": "30X48X24", "Owner": "Rock Networks", "Status": "Proposed", "Struct_1": "Medium", "Subtype": "Vault", "Struct_2": "Splice", "Permit_ID": "MC-P1000078", "Trunk_ID": "TRUNK10510", "FDH_ID": "FDH105004", "Lot_No": null, "FSA_No": "GORDON FSA14", "OLT_ID": "105", "Subdiv": "1", "Comments": null, "SKU": "VLT-SGL-3048", "PON_ID": null, "layer": "vault", "path": "/Users/sandeepreddypailla/Downloads/Merge July 17th/PomeGran_Rock _SD1_OLT5_Gore Bay_HLD_v1.4/PomeGran_Rock _SD1_OLT5_Gore Bay_HLD_v1.4/vault.shp", "Contractor": null, "DtAsgCnstr": null, "ConStartDt": null, "DtInstald": null }, "geometry": { "type": "Point", "coordinates": [ 387071.336808240157552, 5081806.321145444177091 ] } },
{ "type": "Feature", "properties": { "ID": "9", "Size": "30X48X24", "Owner": "Rock Networks", "Status": "Proposed", "Struct_1": "Medium", "Subtype": "Vault", "Struct_2": "Splice", "Permit_ID": "MC-P1000078", "Trunk_ID": "TRUNK10510", "FDH_ID": "FDH105004", "Lot_No": null, "FSA_No": "GORDON FSA14", "OLT_ID": "105", "Subdiv": "1", "Comments": null, "SKU": "VLT-SGL-3048", "PON_ID": null, "layer": "vault", "path": "/Users/sandeepreddypailla/Downloads/Merge July 17th/PomeGran_Rock _SD1_OLT5_Gore Bay_HLD_v1.4/PomeGran_Rock _SD1_OLT5_Gore Bay_HLD_v1.4/vault.shp", "Contractor": null, "DtAsgCnstr": null, "ConStartDt": null, "DtInstald": null }, "geometry": { "type": "Point", "coordinates": [ 387057.107482697232626, 5080762.56043579056859 ] } },
{ "type": "Feature", "properties": { "ID": "10", "Size": "30X48X24", "Owner": "Rock Networks", "Status": "Proposed", "Struct_1": "Medium", "Subtype": "Vault", "Struct_2": "Splice", "Permit_ID": "MC-P1000079", "Trunk_ID": "TRUNK10519", "FDH_ID": "FDH105004", "Lot_No": null, "FSA_No": "GORDON FSA14", "OLT_ID": "105", "Subdiv": "1", "Comments": null, "SKU": "VLT-SGL-3048", "PON_ID": null, "layer": "vault", "path": "/Users/sandeepreddypailla/Downloads/Merge July 17th/PomeGran_Rock _SD1_OLT5_Gore Bay_HLD_v1.4/PomeGran_Rock _SD1_OLT5_Gore Bay_HLD_v1.4/vault.shp", "Contractor": null, "DtAsgCnstr": null, "ConStartDt": null, "DtInstald": null }, "geometry": { "type": "Point", "coordinates": [ 389089.017026386980433, 5080486.923870818689466 ] } },
{ "type": "Feature", "properties": { "ID": "11", "Size": "30X48X24", "Owner": "Rock Networks", "Status": "Proposed", "Struct_1": "Medium", "Subtype": "Vault", "Struct_2": null, "Permit_ID": "MC-P1000080", "Trunk_ID": "TRUNK10519", "FDH_ID": "FDH105004", "Lot_No": null, "FSA_No": "GORDON FSA14", "OLT_ID": "105", "Subdiv": "1", "Comments": null, "SKU": "VLT-SGL-3048", "PON_ID": null, "layer": "vault", "path": "/Users/sandeepreddypailla/Downloads/Merge July 17th/PomeGran_Rock _SD1_OLT5_Gore Bay_HLD_v1.4/PomeGran_Rock _SD1_OLT5_Gore Bay_HLD_v1.4/vault.shp", "Contractor": null, "DtAsgCnstr": null, "ConStartDt": null, "DtInstald": null }, "geometry": { "type": "Point", "coordinates": [ 389839.599411969014909, 5080477.179031835868955 ] } },
{ "type": "Feature", "properties": { "ID": "12", "Size": "30X48X24", "Owner": "Rock Networks", "Status": "Proposed", "Struct_1": "Medium", "Subtype": "Vault", "Struct_2": "Splice", "Permit_ID": "MC-P1000080", "Trunk_ID": "TRUNK10519", "FDH_ID": "FDH105004", "Lot_No": null, "FSA_No": "GORDON FSA14", "OLT_ID": "105", "Subdiv": "1", "Comments": null, "SKU": "VLT-SGL-3048", "PON_ID": null, "layer": "vault", "path": "/Users/sandeepreddypailla/Downloads/Merge July 17th/PomeGran_Rock _SD1_OLT5_Gore Bay_HLD_v1.4/PomeGran_Rock _SD1_OLT5_Gore Bay_HLD_v1.4/vault.shp", "Contractor": null, "DtAsgCnstr": null, "ConStartDt": null, "DtInstald": null }, "geometry": { "type": "Point", "coordinates": [ 390597.008919189160224, 5080995.660999062471092 ] } },
{ "type": "Feature", "properties": { "ID": "13", "Size": "30X48X24", "Owner": "Rock Networks", "Status": "Proposed", "Struct_1": "Medium", "Subtype": "Vault", "Struct_2": "Splice", "Permit_ID": "MC-P1000080", "Trunk_ID": "TRUNK10516", "FDH_ID": "FDH105004", "Lot_No": null, "FSA_No": "GORDON FSA14", "OLT_ID": "105", "Subdiv": "1", "Comments": null, "SKU": "VLT-SGL-3048", "PON_ID": null, "layer": "vault", "path": "/Users/sandeepreddypailla/Downloads/Merge July 17th/PomeGran_Rock _SD1_OLT5_Gore Bay_HLD_v1.4/PomeGran_Rock _SD1_OLT5_Gore Bay_HLD_v1.4/vault.shp", "Contractor": null, "DtAsgCnstr": null, "ConStartDt": null, "DtInstald": null }, "geometry": { "type": "Point", "coordinates": [ 391745.699675504583865, 5081852.650510150007904 ] } },
{ "type": "Feature", "properties": { "ID": "14", "Size": "30X48X24", "Owner": "Rock Networks", "Status": "Proposed", "Struct_1": "Medium", "Subtype": "Vault", "Struct_2": "Splice", "Permit_ID": "MC-P1000080", "Trunk_ID": "TRUNK10516", "FDH_ID": "FDH105004", "Lot_No": null, "FSA_No": "GORDON FSA14", "OLT_ID": "105", "Subdiv": "1", "Comments": null, "SKU": "VLT-SGL-3048", "PON_ID": null, "layer": "vault", "path": "/Users/sandeepreddypailla/Downloads/Merge July 17th/PomeGran_Rock _SD1_OLT5_Gore Bay_HLD_v1.4/PomeGran_Rock _SD1_OLT5_Gore Bay_HLD_v1.4/vault.shp", "Contractor": null, "DtAsgCnstr": null, "ConStartDt": null, "DtInstald": null }, "geometry": { "type": "Point", "coordinates": [ 391341.486339320079423, 5081510.0437485659495 ] } },
{ "type": "Feature", "properties": { "ID": "15", "Size": "30X48X24", "Owner": "Rock Networks", "Status": "Proposed", "Struct_1": "Medium", "Subtype": "Vault", "Struct_2": "Splice", "Permit_ID": "MC-P1000080", "Trunk_ID": "TRUNK10516", "FDH_ID": "FDH105004", "Lot_No": null, "FSA_No": "GORDON FSA14", "OLT_ID": "105", "Subdiv": "1", "Comments": null, "SKU": "VLT-SGL-3048", "PON_ID": null, "layer": "vault", "path": "/Users/sandeepreddypailla/Downloads/Merge July 17th/PomeGran_Rock _SD1_OLT5_Gore Bay_HLD_v1.4/PomeGran_Rock _SD1_OLT5_Gore Bay_HLD_v1.4/vault.shp", "Contractor": null, "DtAsgCnstr": null, "ConStartDt": null, "DtInstald": null }, "geometry": { "type": "Point", "coordinates": [ 390948.719024814316072, 5081179.628780952654779 ] } },
{ "type": "Feature", "properties": { "ID": "16", "Size": "30X48X24", "Owner": "Rock Networks", "Status": "Proposed", "Struct_1": "Medium", "Subtype": "Vault", "Struct_2": "Splice", "Permit_ID": "MC-P1000080", "Trunk_ID": "TRUNK10516", "FDH_ID": "FDH105004", "Lot_No": null, "FSA_No": "GORDON FSA14", "OLT_ID": "105", "Subdiv": "1", "Comments": null, "SKU": "VLT-SGL-3048", "PON_ID": null, "layer": "vault", "path": "/Users/sandeepreddypailla/Downloads/Merge July 17th/PomeGran_Rock _SD1_OLT5_Gore Bay_HLD_v1.4/PomeGran_Rock _SD1_OLT5_Gore Bay_HLD_v1.4/vault.shp", "Contractor": null, "DtAsgCnstr": null, "ConStartDt": null, "DtInstald": null }, "geometry": { "type": "Point", "coordinates": [ 391539.787447903538123, 5081766.461625426076353 ] } },
{ "type": "Feature", "properties": { "ID": "17", "Size": "30X48X24", "Owner": "Rock Networks", "Status": "Proposed", "Struct_1": "Medium", "Subtype": "Vault", "Struct_2": "Splice", "Permit_ID": "MC-P1000080", "Trunk_ID": "TRUNK10517", "FDH_ID": "FDH105004", "Lot_No": null, "FSA_No": "GORDON FSA14", "OLT_ID": "105", "Subdiv": "1", "Comments": null, "SKU": "VLT-SGL-3048", "PON_ID": null, "layer": "vault", "path": "/Users/sandeepreddypailla/Downloads/Merge July 17th/PomeGran_Rock _SD1_OLT5_Gore Bay_HLD_v1.4/PomeGran_Rock _SD1_OLT5_Gore Bay_HLD_v1.4/vault.shp", "Contractor": null, "DtAsgCnstr": null, "ConStartDt": null, "DtInstald": null }, "geometry": { "type": "Point", "coordinates": [ 392156.268522797210608, 5081256.36742443125695 ] } },
{ "type": "Feature", "properties": { "ID": "18", "Size": "30X48X24", "Owner": "Rock Networks", "Status": "Proposed", "Struct_1": "Medium", "Subtype": "Vault", "Struct_2": "Splice", "Permit_ID": "MC-P1000080", "Trunk_ID": "TRUNK10517", "FDH_ID": "FDH105004", "Lot_No": null, "FSA_No": "GORDON FSA14", "OLT_ID": "105", "Subdiv": "1", "Comments": null, "SKU": "VLT-SGL-3048", "PON_ID": null, "layer": "vault", "path": "/Users/sandeepreddypailla/Downloads/Merge July 17th/PomeGran_Rock _SD1_OLT5_Gore Bay_HLD_v1.4/PomeGran_Rock _SD1_OLT5_Gore Bay_HLD_v1.4/vault.shp", "Contractor": null, "DtAsgCnstr": null, "ConStartDt": null, "DtInstald": null }, "geometry": { "type": "Point", "coordinates": [ 392552.854720148839988, 5080684.233324855566025 ] } },
{ "type": "Feature", "properties": { "ID": "19", "Size": "30X48X24", "Owner": "Rock Networks", "Status": "Proposed", "Struct_1": "Medium", "Subtype": "Vault", "Struct_2": "Splice", "Permit_ID": "MC-P1000080", "Trunk_ID": "TRUNK10517", "FDH_ID": "FDH105004", "Lot_No": null, "FSA_No": "GORDON FSA14", "OLT_ID": "105", "Subdiv": "1", "Comments": null, "SKU": "VLT-SGL-3048", "PON_ID": null, "layer": "vault", "path": "/Users/sandeepreddypailla/Downloads/Merge July 17th/PomeGran_Rock _SD1_OLT5_Gore Bay_HLD_v1.4/PomeGran_Rock _SD1_OLT5_Gore Bay_HLD_v1.4/vault.shp", "Contractor": null, "DtAsgCnstr": null, "ConStartDt": null, "DtInstald": null }, "geometry": { "type": "Point", "coordinates": [ 392329.100453962862957, 5080248.239756476134062 ] } },
{ "type": "Feature", "properties": { "ID": "20", "Size": "30X48X24", "Owner": "Rock Networks", "Status": "Proposed", "Struct_1": "Medium", "Subtype": "Vault", "Struct_2": "Splice", "Permit_ID": "MC-P1000080", "Trunk_ID": "TRUNK10517", "FDH_ID": "FDH105004", "Lot_No": null, "FSA_No": "GORDON FSA14", "OLT_ID": "105", "Subdiv": "1", "Comments": null, "SKU": "VLT-SGL-3048", "PON_ID": null, "layer": "vault", "path": "/Users/sandeepreddypailla/Downloads/Merge July 17th/PomeGran_Rock _SD1_OLT5_Gore Bay_HLD_v1.4/PomeGran_Rock _SD1_OLT5_Gore Bay_HLD_v1.4/vault.shp", "Contractor": null, "DtAsgCnstr": null, "ConStartDt": null, "DtInstald": null }, "geometry": { "type": "Point", "coordinates": [ 392219.556055158784147, 5079789.640576535835862 ] } },
{ "type": "Feature", "properties": { "ID": "21", "Size": "30X48X24", "Owner": "Rock Networks", "Status": "Proposed", "Struct_1": "Medium", "Subtype": "Vault", "Struct_2": "Splice", "Permit_ID": "BELL-P1000282", "Trunk_ID": "TRUNK10527", "FDH_ID": "FDH105005", "Lot_No": null, "FSA_No": "GORDON FSA14", "OLT_ID": "105", "Subdiv": "1", "Comments": null, "SKU": "VLT-SGL-3048", "PON_ID": null, "layer": "vault", "path": "/Users/sandeepreddypailla/Downloads/Merge July 17th/PomeGran_Rock _SD1_OLT5_Gore Bay_HLD_v1.4/PomeGran_Rock _SD1_OLT5_Gore Bay_HLD_v1.4/vault.shp", "Contractor": null, "DtAsgCnstr": null, "ConStartDt": null, "DtInstald": null }, "geometry": { "type": "Point", "coordinates": [ 394001.200157550978474, 5080473.538470635190606 ] } },
{ "type": "Feature", "properties": { "ID": "22", "Size": "30X48X24", "Owner": "Rock Networks", "Status": "Proposed", "Struct_1": "Medium", "Subtype": "Vault", "Struct_2": "Splice", "Permit_ID": "MC-P1000083", "Trunk_ID": "TRUNK10527", "FDH_ID": "FDH105005", "Lot_No": null, "FSA_No": "GORDON FSA14", "OLT_ID": "105", "Subdiv": "1", "Comments": null, "SKU": "VLT-SGL-3048", "PON_ID": null, "layer": "vault", "path": "/Users/sandeepreddypailla/Downloads/Merge July 17th/PomeGran_Rock _SD1_OLT5_Gore Bay_HLD_v1.4/PomeGran_Rock _SD1_OLT5_Gore Bay_HLD_v1.4/vault.shp", "Contractor": null, "DtAsgCnstr": null, "ConStartDt": null, "DtInstald": null }, "geometry": { "type": "Point", "coordinates": [ 393225.150806522753555, 5079973.362789963372052 ] } },
{ "type": "Feature", "properties": { "ID": "23", "Size": "30X48X24", "Owner": "Rock Networks", "Status": "Proposed", "Struct_1": "Medium", "Subtype": "Vault", "Struct_2": "Splice", "Permit_ID": "MC-P1000085", "Trunk_ID": "TRUNK10540", "FDH_ID": "FDH105006", "Lot_No": null, "FSA_No": "GORDON FSA14", "OLT_ID": "105", "Subdiv": "1", "Comments": null, "SKU": "VLT-SGL-3048", "PON_ID": null, "layer": "vault", "path": "/Users/sandeepreddypailla/Downloads/Merge July 17th/PomeGran_Rock _SD1_OLT5_Gore Bay_HLD_v1.4/PomeGran_Rock _SD1_OLT5_Gore Bay_HLD_v1.4/vault.shp", "Contractor": null, "DtAsgCnstr": null, "ConStartDt": null, "DtInstald": null }, "geometry": { "type": "Point", "coordinates": [ 388736.769059789250605, 5076131.749727433547378 ] } },
{ "type": "Feature", "properties": { "ID": "24", "Size": "30X48X24", "Owner": "Rock Networks", "Status": "Proposed", "Struct_1": "Medium", "Subtype": "Vault", "Struct_2": "Splice", "Permit_ID": "MC-P1000085", "Trunk_ID": "TRUNK10540", "FDH_ID": "FDH105006", "Lot_No": null, "FSA_No": "GORDON FSA14", "OLT_ID": "105", "Subdiv": "1", "Comments": null, "SKU": "VLT-SGL-3048", "PON_ID": null, "layer": "vault", "path": "/Users/sandeepreddypailla/Downloads/Merge July 17th/PomeGran_Rock _SD1_OLT5_Gore Bay_HLD_v1.4/PomeGran_Rock _SD1_OLT5_Gore Bay_HLD_v1.4/vault.shp", "Contractor": null, "DtAsgCnstr": null, "ConStartDt": null, "DtInstald": null }, "geometry": { "type": "Point", "coordinates": [ 388834.498620323312934, 5076887.692653966136277 ] } },
{ "type": "Feature", "properties": { "ID": "25", "Size": "30X48X24", "Owner": "Rock Networks", "Status": "Proposed", "Struct_1": "Medium", "Subtype": "Vault", "Struct_2": "Splice", "Permit_ID": "MC-P1000081", "Trunk_ID": "TRUNK10625", "FDH_ID": "FDH105006", "Lot_No": null, "FSA_No": "CENTRAL MANITOULIN FSA9", "OLT_ID": "105", "Subdiv": "1", "Comments": null, "SKU": "VLT-SGL-3048", "PON_ID": null, "layer": "vault", "path": "/Users/sandeepreddypailla/Downloads/Merge July 17th/PomeGran_Rock _SD1_OLT5_Gore Bay_HLD_v1.4/PomeGran_Rock _SD1_OLT5_Gore Bay_HLD_v1.4/vault.shp", "Contractor": null, "DtAsgCnstr": null, "ConStartDt": null, "DtInstald": null }, "geometry": { "type": "Point", "coordinates": [ 394093.147798165678978, 5073981.788186147809029 ] } },
{ "type": "Feature", "properties": { "ID": "26", "Size": "30X48X24", "Owner": "Rock Networks", "Status": "Proposed", "Struct_1": "Medium", "Subtype": "Vault", "Struct_2": null, "Permit_ID": "MC-P1000081", "Trunk_ID": "TRUNK10541", "FDH_ID": "FDH105006", "Lot_No": null, "FSA_No": "CENTRAL MANITOULIN FSA9", "OLT_ID": "105", "Subdiv": "1", "Comments": null, "SKU": "VLT-SGL-3048", "PON_ID": null, "layer": "vault", "path": "/Users/sandeepreddypailla/Downloads/Merge July 17th/PomeGran_Rock _SD1_OLT5_Gore Bay_HLD_v1.4/PomeGran_Rock _SD1_OLT5_Gore Bay_HLD_v1.4/vault.shp", "Contractor": null, "DtAsgCnstr": null, "ConStartDt": null, "DtInstald": null }, "geometry": { "type": "Point", "coordinates": [ 394788.310879732598551, 5074679.567665590904653 ] } },
{ "type": "Feature", "properties": { "ID": "27", "Size": "30X48X24", "Owner": "Rock Networks", "Status": "Proposed", "Struct_1": "Medium", "Subtype": "Vault", "Struct_2": "Splice", "Permit_ID": "MC-P1000082", "Trunk_ID": "TRUNK10541", "FDH_ID": "FDH105006", "Lot_No": null, "FSA_No": "BILLINGS FSA5", "OLT_ID": "105", "Subdiv": "1", "Comments": null, "SKU": "VLT-SGL-3048", "PON_ID": null, "layer": "vault", "path": "/Users/sandeepreddypailla/Downloads/Merge July 17th/PomeGran_Rock _SD1_OLT5_Gore Bay_HLD_v1.4/PomeGran_Rock _SD1_OLT5_Gore Bay_HLD_v1.4/vault.shp", "Contractor": null, "DtAsgCnstr": null, "ConStartDt": null, "DtInstald": null }, "geometry": { "type": "Point", "coordinates": [ 395379.924546215042938, 5075369.310465342365205 ] } },
{ "type": "Feature", "properties": { "ID": "28", "Size": "30X48X24", "Owner": "Rock Networks", "Status": "Proposed", "Struct_1": "Medium", "Subtype": "Vault", "Struct_2": "Splice", "Permit_ID": "MC-P1000082", "Trunk_ID": "TRUNK10541", "FDH_ID": "FDH105006", "Lot_No": null, "FSA_No": "BILLINGS FSA5", "OLT_ID": "105", "Subdiv": "1", "Comments": null, "SKU": "VLT-SGL-3048", "PON_ID": null, "layer": "vault", "path": "/Users/sandeepreddypailla/Downloads/Merge July 17th/PomeGran_Rock _SD1_OLT5_Gore Bay_HLD_v1.4/PomeGran_Rock _SD1_OLT5_Gore Bay_HLD_v1.4/vault.shp", "Contractor": null, "DtAsgCnstr": null, "ConStartDt": null, "DtInstald": null }, "geometry": { "type": "Point", "coordinates": [ 395727.453541407594457, 5075663.681132444180548 ] } },
{ "type": "Feature", "properties": { "ID": "29", "Size": "30X48X24", "Owner": "Rock Networks", "Status": "Proposed", "Struct_1": "Medium", "Subtype": "Vault", "Struct_2": "Splice", "Permit_ID": "MC-P1000085", "Trunk_ID": "TRUNK10540", "FDH_ID": "FDH105006", "Lot_No": null, "FSA_No": "GORDON FSA14", "OLT_ID": "105", "Subdiv": "1", "Comments": null, "SKU": "VLT-SGL-3048", "PON_ID": null, "layer": "vault", "path": "/Users/sandeepreddypailla/Downloads/Merge July 17th/PomeGran_Rock _SD1_OLT5_Gore Bay_HLD_v1.4/PomeGran_Rock _SD1_OLT5_Gore Bay_HLD_v1.4/vault.shp", "Contractor": null, "DtAsgCnstr": null, "ConStartDt": null, "DtInstald": null }, "geometry": { "type": "Point", "coordinates": [ 388560.979813146986999, 5075685.004689685069025 ] } },
{ "type": "Feature", "properties": { "ID": "33", "Size": "30X48X24", "Owner": "Rock Networks", "Status": "Proposed", "Struct_1": "Medium", "Subtype": "Vault", "Struct_2": "Splice", "Permit_ID": "MC-P1000080", "Trunk_ID": "TRUNK10517", "FDH_ID": "FDH105004", "Lot_No": null, "FSA_No": "GORDON FSA14", "OLT_ID": "105", "Subdiv": "1", "Comments": null, "SKU": "VLT-SGL-3048", "PON_ID": null, "layer": "vault", "path": "/Users/sandeepreddypailla/Downloads/Merge July 17th/PomeGran_Rock _SD1_OLT5_Gore Bay_HLD_v1.4/PomeGran_Rock _SD1_OLT5_Gore Bay_HLD_v1.4/vault.shp", "Contractor": null, "DtAsgCnstr": null, "ConStartDt": null, "DtInstald": null }, "geometry": { "type": "Point", "coordinates": [ 391821.851223837060388, 5081447.763252142816782 ] } },
{ "type": "Feature", "properties": { "ID": "34", "Size": "30X48X24", "Owner": "Rock Networks", "Status": "Proposed", "Struct_1": "Medium", "Subtype": "Vault", "Struct_2": "Splice", "Permit_ID": "MC-P1000082", "Trunk_ID": "TRUNK10541", "FDH_ID": "FDH105006", "Lot_No": null, "FSA_No": "BILLINGS FSA5", "OLT_ID": "105", "Subdiv": "1", "Comments": null, "SKU": "VLT-SGL-3048", "PON_ID": null, "layer": "vault", "path": "/Users/sandeepreddypailla/Downloads/Merge July 17th/PomeGran_Rock _SD1_OLT5_Gore Bay_HLD_v1.4/PomeGran_Rock _SD1_OLT5_Gore Bay_HLD_v1.4/vault.shp", "Contractor": null, "DtAsgCnstr": null, "ConStartDt": null, "DtInstald": null }, "geometry": { "type": "Point", "coordinates": [ 395520.599081816617399, 5075548.406476219184697 ] } },
{ "type": "Feature", "properties": { "ID": "35", "Size": "30X48X24", "Owner": "Rock Networks", "Status": "Proposed", "Struct_1": "Medium", "Subtype": "Vault", "Struct_2": "Splice", "Permit_ID": "MC-P1000082", "Trunk_ID": "TRUNK10541", "FDH_ID": "FDH105006", "Lot_No": null, "FSA_No": "BILLINGS FSA5", "OLT_ID": "105", "Subdiv": "1", "Comments": null, "SKU": "VLT-SGL-3048", "PON_ID": null, "layer": "vault", "path": "/Users/sandeepreddypailla/Downloads/Merge July 17th/PomeGran_Rock _SD1_OLT5_Gore Bay_HLD_v1.4/PomeGran_Rock _SD1_OLT5_Gore Bay_HLD_v1.4/vault.shp", "Contractor": null, "DtAsgCnstr": null, "ConStartDt": null, "DtInstald": null }, "geometry": { "type": "Point", "coordinates": [ 396244.60123791982187, 5076073.190015453845263 ] } },
{ "type": "Feature", "properties": { "ID": "36", "Size": "30X48X24", "Owner": "Rock Networks", "Status": "Proposed", "Struct_1": "Medium", "Subtype": "Vault", "Struct_2": "Splice", "Permit_ID": "MC-P1000084", "Trunk_ID": "TRUNK10540", "FDH_ID": "FDH105006", "Lot_No": null, "FSA_No": "GORDON FSA14", "OLT_ID": "105", "Subdiv": "1", "Comments": null, "SKU": "VLT-SGL-3048", "PON_ID": null, "layer": "vault", "path": "/Users/sandeepreddypailla/Downloads/Merge July 17th/PomeGran_Rock _SD1_OLT5_Gore Bay_HLD_v1.4/PomeGran_Rock _SD1_OLT5_Gore Bay_HLD_v1.4/vault.shp", "Contractor": null, "DtAsgCnstr": null, "ConStartDt": null, "DtInstald": null }, "geometry": { "type": "Point", "coordinates": [ 389004.743201986828353, 5076185.443103417754173 ] } },
{ "type": "Feature", "properties": { "ID": "37", "Size": "30X48X24", "Owner": "Rock Networks", "Status": "Proposed", "Struct_1": "Medium", "Subtype": "Vault", "Struct_2": null, "Permit_ID": "MC-P1000079", "Trunk_ID": "TRUNK10515", "FDH_ID": "FDH105004", "Lot_No": null, "FSA_No": "GORDON FSA14", "OLT_ID": "105", "Subdiv": "1", "Comments": null, "SKU": "VLT-SGL-3048", "PON_ID": null, "layer": "vault", "path": "/Users/sandeepreddypailla/Downloads/Merge July 17th/PomeGran_Rock _SD1_OLT5_Gore Bay_HLD_v1.4/PomeGran_Rock _SD1_OLT5_Gore Bay_HLD_v1.4/vault.shp", "Contractor": null, "DtAsgCnstr": null, "ConStartDt": null, "DtInstald": null }, "geometry": { "type": "Point", "coordinates": [ 389139.067418166901916, 5081511.697470428422093 ] } },
{ "type": "Feature", "properties": { "ID": "38", "Size": "30X48X24", "Owner": "Rock Networks", "Status": "Proposed", "Struct_1": "Medium", "Subtype": "Vault", "Struct_2": "Splice", "Permit_ID": "MC-P1000079", "Trunk_ID": "TRUNK10515", "FDH_ID": "FDH105004", "Lot_No": null, "FSA_No": "GORDON FSA14", "OLT_ID": "105", "Subdiv": "1", "Comments": null, "SKU": "VLT-SGL-3048", "PON_ID": null, "layer": "vault", "path": "/Users/sandeepreddypailla/Downloads/Merge July 17th/PomeGran_Rock _SD1_OLT5_Gore Bay_HLD_v1.4/PomeGran_Rock _SD1_OLT5_Gore Bay_HLD_v1.4/vault.shp", "Contractor": null, "DtAsgCnstr": null, "ConStartDt": null, "DtInstald": null }, "geometry": { "type": "Point", "coordinates": [ 390484.473690595186781, 5081585.07278673350811 ] } },
{ "type": "Feature", "properties": { "ID": "39", "Size": "30X48X24", "Owner": "Rock Networks", "Status": "Proposed", "Struct_1": "Medium", "Subtype": "Vault", "Struct_2": "Splice", "Permit_ID": "MC-P1000079", "Trunk_ID": "TRUNK10515", "FDH_ID": "FDH105004", "Lot_No": null, "FSA_No": "GORDON FSA14", "OLT_ID": "105", "Subdiv": "1", "Comments": null, "SKU": "VLT-SGL-3048", "PON_ID": null, "layer": "vault", "path": "/Users/sandeepreddypailla/Downloads/Merge July 17th/PomeGran_Rock _SD1_OLT5_Gore Bay_HLD_v1.4/PomeGran_Rock _SD1_OLT5_Gore Bay_HLD_v1.4/vault.shp", "Contractor": null, "DtAsgCnstr": null, "ConStartDt": null, "DtInstald": null }, "geometry": { "type": "Point", "coordinates": [ 389721.064576614880934, 5081503.677818764001131 ] } },
{ "type": "Feature", "properties": { "ID": "40", "Size": "30X48X24", "Owner": "Rock Networks", "Status": "Proposed", "Struct_1": "Medium", "Subtype": "Vault", "Struct_2": "Splice", "Permit_ID": "MC-P1000088", "Trunk_ID": "TRUNK10548", "FDH_ID": "FDH105007", "Lot_No": null, "FSA_No": "BARRIE ISLAND FSA4", "OLT_ID": "105", "Subdiv": "1", "Comments": null, "SKU": "VLT-SGL-3048", "PON_ID": null, "layer": "vault", "path": "/Users/sandeepreddypailla/Downloads/Merge July 17th/PomeGran_Rock _SD1_OLT5_Gore Bay_HLD_v1.4/PomeGran_Rock _SD1_OLT5_Gore Bay_HLD_v1.4/vault.shp", "Contractor": null, "DtAsgCnstr": null, "ConStartDt": null, "DtInstald": null }, "geometry": { "type": "Point", "coordinates": [ 377772.891183496569283, 5087106.990300224162638 ] } },
{ "type": "Feature", "properties": { "ID": "41", "Size": "30X48X24", "Owner": "Rock Networks", "Status": "Proposed", "Struct_1": "Medium", "Subtype": "Vault", "Struct_2": "Splice", "Permit_ID": "MC-P1000088", "Trunk_ID": "TRUNK10548", "FDH_ID": "FDH105007", "Lot_No": null, "FSA_No": "BARRIE ISLAND FSA4", "OLT_ID": "105", "Subdiv": "1", "Comments": null, "SKU": "VLT-SGL-3048", "PON_ID": null, "layer": "vault", "path": "/Users/sandeepreddypailla/Downloads/Merge July 17th/PomeGran_Rock _SD1_OLT5_Gore Bay_HLD_v1.4/PomeGran_Rock _SD1_OLT5_Gore Bay_HLD_v1.4/vault.shp", "Contractor": null, "DtAsgCnstr": null, "ConStartDt": null, "DtInstald": null }, "geometry": { "type": "Point", "coordinates": [ 377806.398070465249475, 5086668.573761267587543 ] } },
{ "type": "Feature", "properties": { "ID": "42", "Size": "30X48X24", "Owner": "Rock Networks", "Status": "Proposed", "Struct_1": "Medium", "Subtype": "Vault", "Struct_2": "Splice", "Permit_ID": "MC-P1000086", "Trunk_ID": "TRUNK10564", "FDH_ID": "FDH105009", "Lot_No": null, "FSA_No": "GORDON FSA14", "OLT_ID": "105", "Subdiv": "1", "Comments": null, "SKU": "VLT-SGL-3048", "PON_ID": null, "layer": "vault", "path": "/Users/sandeepreddypailla/Downloads/Merge July 17th/PomeGran_Rock _SD1_OLT5_Gore Bay_HLD_v1.4/PomeGran_Rock _SD1_OLT5_Gore Bay_HLD_v1.4/vault.shp", "Contractor": null, "DtAsgCnstr": null, "ConStartDt": null, "DtInstald": null }, "geometry": { "type": "Point", "coordinates": [ 382571.826364395790733, 5080757.799478485248983 ] } },
{ "type": "Feature", "properties": { "ID": "43", "Size": "30X48X24", "Owner": "Rock Networks", "Status": "Proposed", "Struct_1": "Medium", "Subtype": "Vault", "Struct_2": "Splice", "Permit_ID": "MC-P1000086", "Trunk_ID": "TRUNK10564", "FDH_ID": "FDH105009", "Lot_No": null, "FSA_No": "GORDON FSA14", "OLT_ID": "105", "Subdiv": "1", "Comments": null, "SKU": "VLT-SGL-3048", "PON_ID": null, "layer": "vault", "path": "/Users/sandeepreddypailla/Downloads/Merge July 17th/PomeGran_Rock _SD1_OLT5_Gore Bay_HLD_v1.4/PomeGran_Rock _SD1_OLT5_Gore Bay_HLD_v1.4/vault.shp", "Contractor": null, "DtAsgCnstr": null, "ConStartDt": null, "DtInstald": null }, "geometry": { "type": "Point", "coordinates": [ 382519.603668099094648, 5079593.758717044256628 ] } },
{ "type": "Feature", "properties": { "ID": "44", "Size": "30X48X24", "Owner": "Rock Networks", "Status": "Proposed", "Struct_1": "Medium", "Subtype": "Vault", "Struct_2": "Splice", "Permit_ID": "MC-P1000086", "Trunk_ID": "TRUNK10564", "FDH_ID": "FDH105009", "Lot_No": null, "FSA_No": "GORDON FSA14", "OLT_ID": "105", "Subdiv": "1", "Comments": null, "SKU": "VLT-SGL-3048", "PON_ID": null, "layer": "vault", "path": "/Users/sandeepreddypailla/Downloads/Merge July 17th/PomeGran_Rock _SD1_OLT5_Gore Bay_HLD_v1.4/PomeGran_Rock _SD1_OLT5_Gore Bay_HLD_v1.4/vault.shp", "Contractor": null, "DtAsgCnstr": null, "ConStartDt": null, "DtInstald": null }, "geometry": { "type": "Point", "coordinates": [ 382556.893804952793289, 5080072.34455241356045 ] } },
{ "type": "Feature", "properties": { "ID": "45", "Size": "30X48X24", "Owner": "Rock Networks", "Status": "Proposed", "Struct_1": "Medium", "Subtype": "Vault", "Struct_2": "Splice", "Permit_ID": "MC-P1000024", "Trunk_ID": "TRUNK10570", "FDH_ID": "FDH105009", "Lot_No": null, "FSA_No": "GORDON FSA14", "OLT_ID": "105", "Subdiv": "1", "Comments": null, "SKU": "VLT-SGL-3048", "PON_ID": null, "layer": "vault", "path": "/Users/sandeepreddypailla/Downloads/Merge July 17th/PomeGran_Rock _SD1_OLT5_Gore Bay_HLD_v1.4/PomeGran_Rock _SD1_OLT5_Gore Bay_HLD_v1.4/vault.shp", "Contractor": null, "DtAsgCnstr": null, "ConStartDt": null, "DtInstald": null }, "geometry": { "type": "Point", "coordinates": [ 385268.537498045130633, 5075491.073887139558792 ] } },
{ "type": "Feature", "properties": { "ID": "46", "Size": "30X48X24", "Owner": "Rock Networks", "Status": "Proposed", "Struct_1": "Medium", "Subtype": "Vault", "Struct_2": "Splice", "Permit_ID": "MC-P1000024", "Trunk_ID": "TRUNK10570", "FDH_ID": "FDH105009", "Lot_No": null, "FSA_No": "GORDON FSA14", "OLT_ID": "105", "Subdiv": "1", "Comments": null, "SKU": "VLT-SGL-3048", "PON_ID": null, "layer": "vault", "path": "/Users/sandeepreddypailla/Downloads/Merge July 17th/PomeGran_Rock _SD1_OLT5_Gore Bay_HLD_v1.4/PomeGran_Rock _SD1_OLT5_Gore Bay_HLD_v1.4/vault.shp", "Contractor": null, "DtAsgCnstr": null, "ConStartDt": null, "DtInstald": null }, "geometry": { "type": "Point", "coordinates": [ 385724.568002615880687, 5076342.299353082664311 ] } },
{ "type": "Feature", "properties": { "ID": "47", "Size": "30X48X24", "Owner": "Rock Networks", "Status": "Proposed", "Struct_1": "Medium", "Subtype": "Vault", "Struct_2": "Splice", "Permit_ID": "MC-P1000024", "Trunk_ID": "TRUNK10596", "FDH_ID": "FDH105009", "Lot_No": null, "FSA_No": "GORDON FSA14", "OLT_ID": "105", "Subdiv": "1", "Comments": null, "SKU": "VLT-SGL-3048", "PON_ID": null, "layer": "vault", "path": "/Users/sandeepreddypailla/Downloads/Merge July 17th/PomeGran_Rock _SD1_OLT5_Gore Bay_HLD_v1.4/PomeGran_Rock _SD1_OLT5_Gore Bay_HLD_v1.4/vault.shp", "Contractor": null, "DtAsgCnstr": null, "ConStartDt": null, "DtInstald": null }, "geometry": { "type": "Point", "coordinates": [ 385747.256851543148514, 5077794.814508037641644 ] } },
{ "type": "Feature", "properties": { "ID": "48", "Size": "30X48X24", "Owner": "Rock Networks", "Status": "Proposed", "Struct_1": "Medium", "Subtype": "Vault", "Struct_2": "Splice", "Permit_ID": "MC-P1000024", "Trunk_ID": "TRUNK10589", "FDH_ID": "FDH105009", "Lot_No": null, "FSA_No": "GORDON FSA14", "OLT_ID": "105", "Subdiv": "1", "Comments": null, "SKU": "VLT-SGL-3048", "PON_ID": null, "layer": "vault", "path": "/Users/sandeepreddypailla/Downloads/Merge July 17th/PomeGran_Rock _SD1_OLT5_Gore Bay_HLD_v1.4/PomeGran_Rock _SD1_OLT5_Gore Bay_HLD_v1.4/vault.shp", "Contractor": null, "DtAsgCnstr": null, "ConStartDt": null, "DtInstald": null }, "geometry": { "type": "Point", "coordinates": [ 385741.233944922219962, 5077509.773666253313422 ] } },
{ "type": "Feature", "properties": { "ID": "49", "Size": "30X48X24", "Owner": "Rock Networks", "Status": "Proposed", "Struct_1": "Medium", "Subtype": "Vault", "Struct_2": "Splice", "Permit_ID": "MC-P1000087", "Trunk_ID": "TRUNK10590", "FDH_ID": "FDH105008", "Lot_No": null, "FSA_No": "GORDON FSA14", "OLT_ID": "105", "Subdiv": "1", "Comments": null, "SKU": "VLT-SGL-3048", "PON_ID": null, "layer": "vault", "path": "/Users/sandeepreddypailla/Downloads/Merge July 17th/PomeGran_Rock _SD1_OLT5_Gore Bay_HLD_v1.4/PomeGran_Rock _SD1_OLT5_Gore Bay_HLD_v1.4/vault.shp", "Contractor": null, "DtAsgCnstr": null, "ConStartDt": null, "DtInstald": null }, "geometry": { "type": "Point", "coordinates": [ 376907.596915796748362, 5084150.717152589932084 ] } },
{ "type": "Feature", "properties": { "ID": "50", "Size": "30X48X24", "Owner": "Rock Networks", "Status": "Proposed", "Struct_1": "Medium", "Subtype": "Vault", "Struct_2": "Splice", "Permit_ID": "MC-P1000087", "Trunk_ID": "TRUNK10590", "FDH_ID": "FDH105007", "Lot_No": null, "FSA_No": "BARRIE ISLAND FSA4", "OLT_ID": "105", "Subdiv": "1", "Comments": null, "SKU": "VLT-SGL-3048", "PON_ID": null, "layer": "vault", "path": "/Users/sandeepreddypailla/Downloads/Merge July 17th/PomeGran_Rock _SD1_OLT5_Gore Bay_HLD_v1.4/PomeGran_Rock _SD1_OLT5_Gore Bay_HLD_v1.4/vault.shp", "Contractor": null, "DtAsgCnstr": null, "ConStartDt": null, "DtInstald": null }, "geometry": { "type": "Point", "coordinates": [ 376661.151981748931576, 5084306.038853011094034 ] } },
{ "type": "Feature", "properties": { "ID": "51", "Size": "30X48X24", "Owner": "Rock Networks", "Status": "Proposed", "Struct_1": "Medium", "Subtype": "Vault", "Struct_2": "Splice", "Permit_ID": "MC-P1000079", "Trunk_ID": "TRUNK10515", "FDH_ID": "FDH105004", "Lot_No": null, "FSA_No": "GORDON FSA14", "OLT_ID": "105", "Subdiv": "1", "Comments": null, "SKU": "VLT-SGL-3048", "PON_ID": null, "layer": "vault", "path": "/Users/sandeepreddypailla/Downloads/Merge July 17th/PomeGran_Rock _SD1_OLT5_Gore Bay_HLD_v1.4/PomeGran_Rock _SD1_OLT5_Gore Bay_HLD_v1.4/vault.shp", "Contractor": null, "DtAsgCnstr": null, "ConStartDt": null, "DtInstald": null }, "geometry": { "type": "Point", "coordinates": [ 390949.054608646198176, 5081755.128278009593487 ] } },
{ "type": "Feature", "properties": { "ID": "52", "Size": "30X48X24", "Owner": "Rock Networks", "Status": "Proposed", "Struct_1": "Medium", "Subtype": "Vault", "Struct_2": "Splice", "Permit_ID": "MC-P1000091", "Trunk_ID": "TRUNK10571", "FDH_ID": "FDH105010", "Lot_No": null, "FSA_No": "BURPEE AND MILLS FSA8", "OLT_ID": "105", "Subdiv": "1", "Comments": null, "SKU": "VLT-SGL-3048", "PON_ID": null, "layer": "vault", "path": "/Users/sandeepreddypailla/Downloads/Merge July 17th/PomeGran_Rock _SD1_OLT5_Gore Bay_HLD_v1.4/PomeGran_Rock _SD1_OLT5_Gore Bay_HLD_v1.4/vault.shp", "Contractor": null, "DtAsgCnstr": null, "ConStartDt": null, "DtInstald": null }, "geometry": { "type": "Point", "coordinates": [ 378902.544825061515439, 5069727.176152639091015 ] } },
{ "type": "Feature", "properties": { "ID": "53", "Size": "30X48X24", "Owner": "Rock Networks", "Status": "Proposed", "Struct_1": "Medium", "Subtype": "Vault", "Struct_2": "Splice", "Permit_ID": "MC-P1000091", "Trunk_ID": "TRUNK10571", "FDH_ID": "FDH105010", "Lot_No": null, "FSA_No": "BURPEE AND MILLS FSA8", "OLT_ID": "105", "Subdiv": "1", "Comments": null, "SKU": "VLT-SGL-3048", "PON_ID": null, "layer": "vault", "path": "/Users/sandeepreddypailla/Downloads/Merge July 17th/PomeGran_Rock _SD1_OLT5_Gore Bay_HLD_v1.4/PomeGran_Rock _SD1_OLT5_Gore Bay_HLD_v1.4/vault.shp", "Contractor": null, "DtAsgCnstr": null, "ConStartDt": null, "DtInstald": null }, "geometry": { "type": "Point", "coordinates": [ 378752.266001058917027, 5070449.640747802332044 ] } },
{ "type": "Feature", "properties": { "ID": "54", "Size": "30X48X24", "Owner": "Rock Networks", "Status": "Proposed", "Struct_1": "Medium", "Subtype": "Vault", "Struct_2": "Splice", "Permit_ID": "MC-P1000094", "Trunk_ID": "TRUNK10581", "FDH_ID": "FDH105010", "Lot_No": null, "FSA_No": "BURPEE AND MILLS FSA8", "OLT_ID": "105", "Subdiv": "1", "Comments": null, "SKU": "VLT-SGL-3048", "PON_ID": null, "layer": "vault", "path": "/Users/sandeepreddypailla/Downloads/Merge July 17th/PomeGran_Rock _SD1_OLT5_Gore Bay_HLD_v1.4/PomeGran_Rock _SD1_OLT5_Gore Bay_HLD_v1.4/vault.shp", "Contractor": null, "DtAsgCnstr": null, "ConStartDt": null, "DtInstald": null }, "geometry": { "type": "Point", "coordinates": [ 376310.139226870494895, 5075315.042415307834744 ] } },
{ "type": "Feature", "properties": { "ID": "55", "Size": "30X48X24", "Owner": "Rock Networks", "Status": "Proposed", "Struct_1": "Medium", "Subtype": "Vault", "Struct_2": "Splice", "Permit_ID": "MC-P1000093", "Trunk_ID": "TRUNK10600", "FDH_ID": "FDH105010", "Lot_No": null, "FSA_No": "BURPEE AND MILLS FSA8", "OLT_ID": "105", "Subdiv": "1", "Comments": null, "SKU": "VLT-SGL-3048", "PON_ID": null, "layer": "vault", "path": "/Users/sandeepreddypailla/Downloads/Merge July 17th/PomeGran_Rock _SD1_OLT5_Gore Bay_HLD_v1.4/PomeGran_Rock _SD1_OLT5_Gore Bay_HLD_v1.4/vault.shp", "Contractor": null, "DtAsgCnstr": null, "ConStartDt": null, "DtInstald": null }, "geometry": { "type": "Point", "coordinates": [ 377016.674331190821249, 5074687.147682290524244 ] } },
{ "type": "Feature", "properties": { "ID": "56", "Size": "30X48X24", "Owner": "Rock Networks", "Status": "Proposed", "Struct_1": "Medium", "Subtype": "Vault", "Struct_2": "Splice", "Permit_ID": "MC-P1000093", "Trunk_ID": "TRUNK10600", "FDH_ID": "FDH105010", "Lot_No": null, "FSA_No": "BURPEE AND MILLS FSA8", "OLT_ID": "105", "Subdiv": "1", "Comments": null, "SKU": "VLT-SGL-3048", "PON_ID": null, "layer": "vault", "path": "/Users/sandeepreddypailla/Downloads/Merge July 17th/PomeGran_Rock _SD1_OLT5_Gore Bay_HLD_v1.4/PomeGran_Rock _SD1_OLT5_Gore Bay_HLD_v1.4/vault.shp", "Contractor": null, "DtAsgCnstr": null, "ConStartDt": null, "DtInstald": null }, "geometry": { "type": "Point", "coordinates": [ 377838.824096407683101, 5074613.825371065177023 ] } },
{ "type": "Feature", "properties": { "ID": "57", "Size": "30X48X24", "Owner": "Rock Networks", "Status": "Proposed", "Struct_1": "Medium", "Subtype": "Vault", "Struct_2": "Splice", "Permit_ID": "MC-P1000093", "Trunk_ID": "TRUNK10600", "FDH_ID": "FDH105010", "Lot_No": null, "FSA_No": "BURPEE AND MILLS FSA8", "OLT_ID": "105", "Subdiv": "1", "Comments": null, "SKU": "VLT-SGL-3048", "PON_ID": null, "layer": "vault", "path": "/Users/sandeepreddypailla/Downloads/Merge July 17th/PomeGran_Rock _SD1_OLT5_Gore Bay_HLD_v1.4/PomeGran_Rock _SD1_OLT5_Gore Bay_HLD_v1.4/vault.shp", "Contractor": null, "DtAsgCnstr": null, "ConStartDt": null, "DtInstald": null }, "geometry": { "type": "Point", "coordinates": [ 378316.150305529648904, 5074678.160256375558674 ] } },
{ "type": "Feature", "properties": { "ID": "58", "Size": "30X48X24", "Owner": "Rock Networks", "Status": "Proposed", "Struct_1": "Medium", "Subtype": "Vault", "Struct_2": "Splice", "Permit_ID": "MC-P1000092", "Trunk_ID": "TRUNK10623", "FDH_ID": "FDH105010", "Lot_No": null, "FSA_No": "BURPEE AND MILLS FSA8", "OLT_ID": "105", "Subdiv": "1", "Comments": null, "SKU": "VLT-SGL-3048", "PON_ID": null, "layer": "vault", "path": "/Users/sandeepreddypailla/Downloads/Merge July 17th/PomeGran_Rock _SD1_OLT5_Gore Bay_HLD_v1.4/PomeGran_Rock _SD1_OLT5_Gore Bay_HLD_v1.4/vault.shp", "Contractor": null, "DtAsgCnstr": null, "ConStartDt": null, "DtInstald": null }, "geometry": { "type": "Point", "coordinates": [ 378939.18928346975008, 5075164.017554762773216 ] } },
{ "type": "Feature", "properties": { "ID": "59", "Size": "30X48X24", "Owner": "Rock Networks", "Status": "Proposed", "Struct_1": "Medium", "Subtype": "Vault", "Struct_2": "Splice", "Permit_ID": "MC-P1000092", "Trunk_ID": "TRUNK10623", "FDH_ID": "FDH105010", "Lot_No": null, "FSA_No": "BURPEE AND MILLS FSA8", "OLT_ID": "105", "Subdiv": "1", "Comments": null, "SKU": "VLT-SGL-3048", "PON_ID": null, "layer": "vault", "path": "/Users/sandeepreddypailla/Downloads/Merge July 17th/PomeGran_Rock _SD1_OLT5_Gore Bay_HLD_v1.4/PomeGran_Rock _SD1_OLT5_Gore Bay_HLD_v1.4/vault.shp", "Contractor": null, "DtAsgCnstr": null, "ConStartDt": null, "DtInstald": null }, "geometry": { "type": "Point", "coordinates": [ 378836.980209254019428, 5074840.054167608730495 ] } },
{ "type": "Feature", "properties": { "ID": "60", "Size": "30X48X24", "Owner": "Rock Networks", "Status": "Proposed", "Struct_1": "Medium", "Subtype": "Vault", "Struct_2": "Splice", "Permit_ID": "MC-P1000089", "Trunk_ID": "TRUNK10616", "FDH_ID": "FDH105007", "Lot_No": null, "FSA_No": "BARRIE ISLAND FSA4", "OLT_ID": "105", "Subdiv": "1", "Comments": null, "SKU": "VLT-SGL-3048", "PON_ID": null, "layer": "vault", "path": "/Users/sandeepreddypailla/Downloads/Merge July 17th/PomeGran_Rock _SD1_OLT5_Gore Bay_HLD_v1.4/PomeGran_Rock _SD1_OLT5_Gore Bay_HLD_v1.4/vault.shp", "Contractor": null, "DtAsgCnstr": null, "ConStartDt": null, "DtInstald": null }, "geometry": { "type": "Point", "coordinates": [ 371899.631041505548637, 5087724.442505762912333 ] } },
{ "type": "Feature", "properties": { "ID": "61", "Size": "30X48X24", "Owner": "Rock Networks", "Status": "Proposed", "Struct_1": "Medium", "Subtype": "Vault", "Struct_2": "Splice", "Permit_ID": "BELL-P1000150", "Trunk_ID": "TRUNK10616", "FDH_ID": "FDH105007", "Lot_No": null, "FSA_No": "BARRIE ISLAND FSA4", "OLT_ID": "105", "Subdiv": "1", "Comments": null, "SKU": "VLT-SGL-3048", "PON_ID": null, "layer": "vault", "path": "/Users/sandeepreddypailla/Downloads/Merge July 17th/PomeGran_Rock _SD1_OLT5_Gore Bay_HLD_v1.4/PomeGran_Rock _SD1_OLT5_Gore Bay_HLD_v1.4/vault.shp", "Contractor": null, "DtAsgCnstr": null, "ConStartDt": null, "DtInstald": null }, "geometry": { "type": "Point", "coordinates": [ 371898.041288343258202, 5087280.191058236174285 ] } },
{ "type": "Feature", "properties": { "ID": "62", "Size": "30X48X24", "Owner": "Rock Networks", "Status": "Proposed", "Struct_1": "Medium", "Subtype": "Vault", "Struct_2": "Splice", "Permit_ID": "MC-P1000091", "Trunk_ID": "TRUNK10571", "FDH_ID": "FDH105010", "Lot_No": null, "FSA_No": "BURPEE AND MILLS FSA8", "OLT_ID": "105", "Subdiv": "1", "Comments": null, "SKU": "VLT-SGL-3048", "PON_ID": null, "layer": "vault", "path": "/Users/sandeepreddypailla/Downloads/Merge July 17th/PomeGran_Rock _SD1_OLT5_Gore Bay_HLD_v1.4/PomeGran_Rock _SD1_OLT5_Gore Bay_HLD_v1.4/vault.shp", "Contractor": null, "DtAsgCnstr": null, "ConStartDt": null, "DtInstald": null }, "geometry": { "type": "Point", "coordinates": [ 378773.932130863249768, 5071491.80146857816726 ] } },
{ "type": "Feature", "properties": { "ID": "63", "Size": "30X48X24", "Owner": "Rock Networks", "Status": "Proposed", "Struct_1": "Medium", "Subtype": "Vault", "Struct_2": "Splice", "Permit_ID": "MC-P1000098", "Trunk_ID": "TRUNK10502", "FDH_ID": "FDH105001", "Lot_No": null, "FSA_No": "GORDON FSA14", "OLT_ID": "105", "Subdiv": "1", "Comments": null, "SKU": "VLT-SGL-3048", "PON_ID": null, "layer": "vault", "path": "/Users/sandeepreddypailla/Downloads/Merge July 17th/PomeGran_Rock _SD1_OLT5_Gore Bay_HLD_v1.4/PomeGran_Rock _SD1_OLT5_Gore Bay_HLD_v1.4/vault.shp", "Contractor": null, "DtAsgCnstr": null, "ConStartDt": null, "DtInstald": null }, "geometry": { "type": "Point", "coordinates": [ 388132.000662573555019, 5088677.430758859962225 ] } },
{ "type": "Feature", "properties": { "ID": "64", "Size": "30X48X24", "Owner": "Rock Networks", "Status": "Proposed", "Struct_1": "Medium", "Subtype": "Vault", "Struct_2": "Splice", "Permit_ID": "MC-P1000098", "Trunk_ID": "TRUNK10503", "FDH_ID": "FDH105001", "Lot_No": null, "FSA_No": "GORDON FSA14", "OLT_ID": "105", "Subdiv": "1", "Comments": null, "SKU": "VLT-SGL-3048", "PON_ID": null, "layer": "vault", "path": "/Users/sandeepreddypailla/Downloads/Merge July 17th/PomeGran_Rock _SD1_OLT5_Gore Bay_HLD_v1.4/PomeGran_Rock _SD1_OLT5_Gore Bay_HLD_v1.4/vault.shp", "Contractor": null, "DtAsgCnstr": null, "ConStartDt": null, "DtInstald": null }, "geometry": { "type": "Point", "coordinates": [ 389294.239551396283787, 5089721.950738245621324 ] } },
{ "type": "Feature", "properties": { "ID": "65", "Size": "30X48X24", "Owner": "Rock Networks", "Status": "Proposed", "Struct_1": "Medium", "Subtype": "Vault", "Struct_2": "Splice", "Permit_ID": "MC-P1000098", "Trunk_ID": "TRUNK10503", "FDH_ID": "FDH105001", "Lot_No": null, "FSA_No": "GORDON FSA14", "OLT_ID": "105", "Subdiv": "1", "Comments": null, "SKU": "VLT-SGL-3048", "PON_ID": null, "layer": "vault", "path": "/Users/sandeepreddypailla/Downloads/Merge July 17th/PomeGran_Rock _SD1_OLT5_Gore Bay_HLD_v1.4/PomeGran_Rock _SD1_OLT5_Gore Bay_HLD_v1.4/vault.shp", "Contractor": null, "DtAsgCnstr": null, "ConStartDt": null, "DtInstald": null }, "geometry": { "type": "Point", "coordinates": [ 388454.199191116727889, 5089610.047172764316201 ] } },
{ "type": "Feature", "properties": { "ID": "66", "Size": "30X48X24", "Owner": "Rock Networks", "Status": "Proposed", "Struct_1": "Medium", "Subtype": "Vault", "Struct_2": "Splice", "Permit_ID": "MC-P1000098", "Trunk_ID": "TRUNK10504", "FDH_ID": "FDH105001", "Lot_No": null, "FSA_No": "GORDON FSA14", "OLT_ID": "105", "Subdiv": "1", "Comments": null, "SKU": "VLT-SGL-3048", "PON_ID": null, "layer": "vault", "path": "/Users/sandeepreddypailla/Downloads/Merge July 17th/PomeGran_Rock _SD1_OLT5_Gore Bay_HLD_v1.4/PomeGran_Rock _SD1_OLT5_Gore Bay_HLD_v1.4/vault.shp", "Contractor": null, "DtAsgCnstr": null, "ConStartDt": null, "DtInstald": null }, "geometry": { "type": "Point", "coordinates": [ 390245.610261325433385, 5089665.498501210473478 ] } },
{ "type": "Feature", "properties": { "ID": "67", "Size": "30X48X24", "Owner": "Rock Networks", "Status": "Proposed", "Struct_1": "Medium", "Subtype": "Vault", "Struct_2": "Splice", "Permit_ID": "MC-P1000098", "Trunk_ID": "TRUNK10504", "FDH_ID": "FDH105001", "Lot_No": null, "FSA_No": "GORDON FSA14", "OLT_ID": "105", "Subdiv": "1", "Comments": null, "SKU": "VLT-SGL-3048", "PON_ID": null, "layer": "vault", "path": "/Users/sandeepreddypailla/Downloads/Merge July 17th/PomeGran_Rock _SD1_OLT5_Gore Bay_HLD_v1.4/PomeGran_Rock _SD1_OLT5_Gore Bay_HLD_v1.4/vault.shp", "Contractor": null, "DtAsgCnstr": null, "ConStartDt": null, "DtInstald": null }, "geometry": { "type": "Point", "coordinates": [ 391019.462133707420435, 5089629.279304850846529 ] } },
{ "type": "Feature", "properties": { "ID": "68", "Size": "30X48X24", "Owner": "Rock Networks", "Status": "Proposed", "Struct_1": "Medium", "Subtype": "Vault", "Struct_2": "Splice", "Permit_ID": "MC-P1000024", "Trunk_ID": "TRUNK10575", "FDH_ID": "FDH105009", "Lot_No": null, "FSA_No": "GORDON FSA14", "OLT_ID": "105", "Subdiv": "1", "Comments": null, "SKU": "VLT-SGL-3048", "PON_ID": null, "layer": "vault", "path": "/Users/sandeepreddypailla/Downloads/Merge July 17th/PomeGran_Rock _SD1_OLT5_Gore Bay_HLD_v1.4/PomeGran_Rock _SD1_OLT5_Gore Bay_HLD_v1.4/vault.shp", "Contractor": null, "DtAsgCnstr": null, "ConStartDt": null, "DtInstald": null }, "geometry": { "type": "Point", "coordinates": [ 385517.286349862348288, 5077507.41196199785918 ] } },
{ "type": "Feature", "properties": { "ID": "1", "Size": "30X48X24", "Owner": "Rock Networks", "Status": "Proposed", "Struct_1": "Medium", "Subtype": "Vault", "Struct_2": "Splice", "Permit_ID": "MC-P4000056", "Trunk_ID": "TRUNK40204", "FDH_ID": null, "Lot_No": "LOT_28", "FSA_No": "PLUMMER ADDITIONAL FSA26", "OLT_ID": "402", "Subdiv": "4", "Comments": null, "SKU": "VLT-SGL-3048", "PON_ID": "PON Boundaries#162", "layer": "Vault", "path": "/Users/sandeepreddypailla/Downloads/Merge July 17th/PomeGran_Rock_Desbarats_HLD_v1.9/PomeGran_Rock_Desbarats_HLD_v1.9/Vault.shp", "Contractor": null, "DtAsgCnstr": null, "ConStartDt": null, "DtInstald": null }, "geometry": { "type": "Point", "coordinates": [ 294114.357779892568942, 5138389.944592591375113 ] } },
{ "type": "Feature", "properties": { "ID": "2", "Size": "30X48X24", "Owner": "Rock Networks", "Status": "Proposed", "Struct_1": "Medium", "Subtype": "Vault", "Struct_2": "Splice", "Permit_ID": "MC-P4000056", "Trunk_ID": "TRUNK40204", "FDH_ID": null, "Lot_No": "LOT_28", "FSA_No": "PLUMMER ADDITIONAL FSA26", "OLT_ID": "402", "Subdiv": "4", "Comments": null, "SKU": "VLT-SGL-3048", "PON_ID": "PON Boundaries#162", "layer": "Vault", "path": "/Users/sandeepreddypailla/Downloads/Merge July 17th/PomeGran_Rock_Desbarats_HLD_v1.9/PomeGran_Rock_Desbarats_HLD_v1.9/Vault.shp", "Contractor": null, "DtAsgCnstr": null, "ConStartDt": null, "DtInstald": null }, "geometry": { "type": "Point", "coordinates": [ 294136.636694661807269, 5137990.224097950384021 ] } },
{ "type": "Feature", "properties": { "ID": "3", "Size": "30X48X24", "Owner": "Rock Networks", "Status": "Proposed", "Struct_1": "Medium", "Subtype": "Vault", "Struct_2": "Splice", "Permit_ID": "MC-P4000053", "Trunk_ID": "TRUNK40224", "FDH_ID": null, "Lot_No": "LOT_34", "FSA_No": "PLUMMER ADDITIONAL FSA26", "OLT_ID": "402", "Subdiv": "4", "Comments": null, "SKU": "VLT-SGL-3048", "PON_ID": "PON Boundaries#171", "layer": "Vault", "path": "/Users/sandeepreddypailla/Downloads/Merge July 17th/PomeGran_Rock_Desbarats_HLD_v1.9/PomeGran_Rock_Desbarats_HLD_v1.9/Vault.shp", "Contractor": null, "DtAsgCnstr": null, "ConStartDt": null, "DtInstald": null }, "geometry": { "type": "Point", "coordinates": [ 288580.097630130127072, 5130540.596485565416515 ] } },
{ "type": "Feature", "properties": { "ID": "4", "Size": "30X48X24", "Owner": "Rock Networks", "Status": "Proposed", "Struct_1": "Medium", "Subtype": "Vault", "Struct_2": "Splice", "Permit_ID": "MC-P4000053", "Trunk_ID": "TRUNK40224", "FDH_ID": null, "Lot_No": "LOT_34", "FSA_No": "PLUMMER ADDITIONAL FSA26", "OLT_ID": "402", "Subdiv": "4", "Comments": null, "SKU": "VLT-SGL-3048", "PON_ID": "PON Boundaries#171", "layer": "Vault", "path": "/Users/sandeepreddypailla/Downloads/Merge July 17th/PomeGran_Rock_Desbarats_HLD_v1.9/PomeGran_Rock_Desbarats_HLD_v1.9/Vault.shp", "Contractor": null, "DtAsgCnstr": null, "ConStartDt": null, "DtInstald": null }, "geometry": { "type": "Point", "coordinates": [ 289212.100714015192352, 5130103.965872158296406 ] } },
{ "type": "Feature", "properties": { "ID": "6", "Size": "30X48X24", "Owner": "Rock Networks", "Status": "Proposed", "Struct_1": "Medium", "Subtype": "Vault", "Struct_2": "Splice", "Permit_ID": "MC-P4000047", "Trunk_ID": "TRUNK40233", "FDH_ID": null, "Lot_No": "LOT_01", "FSA_No": "JOHNSON FSA20", "OLT_ID": "402", "Subdiv": "4", "Comments": null, "SKU": "VLT-SGL-3048", "PON_ID": "PON Boundaries#143", "layer": "Vault", "path": "/Users/sandeepreddypailla/Downloads/Merge July 17th/PomeGran_Rock_Desbarats_HLD_v1.9/PomeGran_Rock_Desbarats_HLD_v1.9/Vault.shp", "Contractor": null, "DtAsgCnstr": null, "ConStartDt": null, "DtInstald": null }, "geometry": { "type": "Point", "coordinates": [ 275096.88954445940908, 5136483.749665353447199 ] } },
{ "type": "Feature", "properties": { "ID": "7", "Size": "30X48X24", "Owner": "Rock Networks", "Status": "Proposed", "Struct_1": "Medium", "Subtype": "Vault", "Struct_2": "Splice", "Permit_ID": "MC-P4000049", "Trunk_ID": "TRUNK40179", "FDH_ID": null, "Lot_No": "LOT_22", "FSA_No": "JOHNSON FSA20", "OLT_ID": "402", "Subdiv": "4", "Comments": null, "SKU": "VLT-SGL-3048", "PON_ID": "PON Boundaries#152", "layer": "Vault", "path": "/Users/sandeepreddypailla/Downloads/Merge July 17th/PomeGran_Rock_Desbarats_HLD_v1.9/PomeGran_Rock_Desbarats_HLD_v1.9/Vault.shp", "Contractor": null, "DtAsgCnstr": null, "ConStartDt": null, "DtInstald": null }, "geometry": { "type": "Point", "coordinates": [ 276778.403344194870442, 5136184.369060437195003 ] } },
{ "type": "Feature", "properties": { "ID": "8", "Size": "30X48X24", "Owner": "Rock Networks", "Status": "Proposed", "Struct_1": "Medium", "Subtype": "Vault", "Struct_2": "Splice", "Permit_ID": "MC-P4000049", "Trunk_ID": "TRUNK40179", "FDH_ID": null, "Lot_No": "LOT_22", "FSA_No": "JOHNSON FSA20", "OLT_ID": "402", "Subdiv": "4", "Comments": null, "SKU": "VLT-SGL-3048", "PON_ID": "PON Boundaries#152", "layer": "Vault", "path": "/Users/sandeepreddypailla/Downloads/Merge July 17th/PomeGran_Rock_Desbarats_HLD_v1.9/PomeGran_Rock_Desbarats_HLD_v1.9/Vault.shp", "Contractor": null, "DtAsgCnstr": null, "ConStartDt": null, "DtInstald": null }, "geometry": { "type": "Point", "coordinates": [ 277512.486810276401229, 5136119.990187083370984 ] } },
{ "type": "Feature", "properties": { "ID": "9", "Size": "30X48X24", "Owner": "Rock Networks", "Status": "Proposed", "Struct_1": "Medium", "Subtype": "Vault", "Struct_2": "Splice", "Permit_ID": "MC-P4000050", "Trunk_ID": "TRUNK40261", "FDH_ID": null, "Lot_No": "LOT_22", "FSA_No": "JOHNSON FSA20", "OLT_ID": "402", "Subdiv": "4", "Comments": null, "SKU": "VLT-SGL-3048", "PON_ID": "PON Boundaries#152", "layer": "Vault", "path": "/Users/sandeepreddypailla/Downloads/Merge July 17th/PomeGran_Rock_Desbarats_HLD_v1.9/PomeGran_Rock_Desbarats_HLD_v1.9/Vault.shp", "Contractor": null, "DtAsgCnstr": null, "ConStartDt": null, "DtInstald": null }, "geometry": { "type": "Point", "coordinates": [ 277497.137790121836588, 5135694.459855510853231 ] } },
{ "type": "Feature", "properties": { "ID": "10", "Size": "30X48X24", "Owner": "Rock Networks", "Status": "Proposed", "Struct_1": "Medium", "Subtype": "Vault", "Struct_2": "Splice", "Permit_ID": "MC-P4000059", "Trunk_ID": "TRUNK40179", "FDH_ID": null, "Lot_No": "LOT_22", "FSA_No": "JOHNSON FSA20", "OLT_ID": "402", "Subdiv": "4", "Comments": null, "SKU": "VLT-SGL-3048", "PON_ID": "PON Boundaries#152", "layer": "Vault", "path": "/Users/sandeepreddypailla/Downloads/Merge July 17th/PomeGran_Rock_Desbarats_HLD_v1.9/PomeGran_Rock_Desbarats_HLD_v1.9/Vault.shp", "Contractor": null, "DtAsgCnstr": null, "ConStartDt": null, "DtInstald": null }, "geometry": { "type": "Point", "coordinates": [ 277683.090708209376317, 5136094.358956987969577 ] } },
{ "type": "Feature", "properties": { "ID": "11", "Size": "30X48X24", "Owner": "Rock Networks", "Status": "Proposed", "Struct_1": "Medium", "Subtype": "Vault", "Struct_2": "Splice", "Permit_ID": "MC-P4000059", "Trunk_ID": "TRUNK40235", "FDH_ID": null, "Lot_No": "LOT_22", "FSA_No": "JOHNSON FSA20", "OLT_ID": "402", "Subdiv": "4", "Comments": null, "SKU": "VLT-SGL-3048", "PON_ID": "PON Boundaries#152", "layer": "Vault", "path": "/Users/sandeepreddypailla/Downloads/Merge July 17th/PomeGran_Rock_Desbarats_HLD_v1.9/PomeGran_Rock_Desbarats_HLD_v1.9/Vault.shp", "Contractor": null, "DtAsgCnstr": null, "ConStartDt": null, "DtInstald": null }, "geometry": { "type": "Point", "coordinates": [ 277745.688586291973479, 5136085.932818565517664 ] } },
{ "type": "Feature", "properties": { "ID": "12", "Size": "30X48X24", "Owner": "Rock Networks", "Status": "Proposed", "Struct_1": "Medium", "Subtype": "Vault", "Struct_2": "Splice", "Permit_ID": "MC-P4000051", "Trunk_ID": "TRUNK40235", "FDH_ID": null, "Lot_No": "LOT_22", "FSA_No": "JOHNSON FSA20", "OLT_ID": "402", "Subdiv": "4", "Comments": null, "SKU": "VLT-SGL-3048", "PON_ID": "PON Boundaries#152", "layer": "Vault", "path": "/Users/sandeepreddypailla/Downloads/Merge July 17th/PomeGran_Rock_Desbarats_HLD_v1.9/PomeGran_Rock_Desbarats_HLD_v1.9/Vault.shp", "Contractor": null, "DtAsgCnstr": null, "ConStartDt": null, "DtInstald": null }, "geometry": { "type": "Point", "coordinates": [ 278146.932639747392386, 5135902.234043221920729 ] } },
{ "type": "Feature", "properties": { "ID": "15", "Size": "30X48X24", "Owner": "Rock Networks", "Status": "Proposed", "Struct_1": "Medium", "Subtype": "Vault", "Struct_2": "Splice", "Permit_ID": "MC-P4000055", "Trunk_ID": "TRUNK40214", "FDH_ID": null, "Lot_No": "LOT_25", "FSA_No": "PLUMMER ADDITIONAL FSA26", "OLT_ID": "402", "Subdiv": "4", "Comments": null, "SKU": "VLT-SGL-3048", "PON_ID": "PON Boundaries#166", "layer": "Vault", "path": "/Users/sandeepreddypailla/Downloads/Merge July 17th/PomeGran_Rock_Desbarats_HLD_v1.9/PomeGran_Rock_Desbarats_HLD_v1.9/Vault.shp", "Contractor": null, "DtAsgCnstr": null, "ConStartDt": null, "DtInstald": null }, "geometry": { "type": "Point", "coordinates": [ 291746.848579048528336, 5134277.952617240138352 ] } },
{ "type": "Feature", "properties": { "ID": "16", "Size": "30X48X24", "Owner": "Rock Networks", "Status": "Proposed", "Struct_1": "Medium", "Subtype": "Vault", "Struct_2": "Splice", "Permit_ID": "MC-P4000055", "Trunk_ID": "TRUNK40214", "FDH_ID": null, "Lot_No": "LOT_25", "FSA_No": "PLUMMER ADDITIONAL FSA26", "OLT_ID": "402", "Subdiv": "4", "Comments": null, "SKU": "VLT-SGL-3048", "PON_ID": "PON Boundaries#166", "layer": "Vault", "path": "/Users/sandeepreddypailla/Downloads/Merge July 17th/PomeGran_Rock_Desbarats_HLD_v1.9/PomeGran_Rock_Desbarats_HLD_v1.9/Vault.shp", "Contractor": null, "DtAsgCnstr": null, "ConStartDt": null, "DtInstald": null }, "geometry": { "type": "Point", "coordinates": [ 292488.904998205020092, 5134274.901203697547317 ] } },
{ "type": "Feature", "properties": { "ID": "17", "Size": "30X48X24", "Owner": "Rock Networks", "Status": "Proposed", "Struct_1": "Medium", "Subtype": "Vault", "Struct_2": "Splice", "Permit_ID": "MC-P4000112", "Trunk_ID": "TRUNK40444", "FDH_ID": null, "Lot_No": "LOT_35", "FSA_No": "PLUMMER ADDITIONAL FSA26", "OLT_ID": "402", "Subdiv": "4", "Comments": null, "SKU": "VLT-SGL-3048", "PON_ID": "PON Boundaries#164", "layer": "Vault", "path": "/Users/sandeepreddypailla/Downloads/Merge July 17th/PomeGran_Rock_Desbarats_HLD_v1.9/PomeGran_Rock_Desbarats_HLD_v1.9/Vault.shp", "Contractor": null, "DtAsgCnstr": null, "ConStartDt": null, "DtInstald": null }, "geometry": { "type": "Point", "coordinates": [ 294942.474221287644468, 5129420.941576717421412 ] } },
{ "type": "Feature", "properties": { "ID": "21", "Size": "30X48X24", "Owner": "Rock Networks", "Status": "Proposed", "Struct_1": "Medium", "Subtype": "Vault", "Struct_2": "Splice", "Permit_ID": "MC-P4000045", "Trunk_ID": "TRUNK40491", "FDH_ID": null, "Lot_No": "LOT_01", "FSA_No": "JOHNSON FSA20", "OLT_ID": "402", "Subdiv": "4", "Comments": null, "SKU": "VLT-SGL-3048", "PON_ID": "PON Boundaries#144", "layer": "Vault", "path": "/Users/sandeepreddypailla/Downloads/Merge July 17th/PomeGran_Rock_Desbarats_HLD_v1.9/PomeGran_Rock_Desbarats_HLD_v1.9/Vault.shp", "Contractor": null, "DtAsgCnstr": null, "ConStartDt": null, "DtInstald": null }, "geometry": { "type": "Point", "coordinates": [ 273943.833776852872688, 5136071.446610190905631 ] } },
{ "type": "Feature", "properties": { "ID": "22", "Size": "30X48X24", "Owner": "Rock Networks", "Status": "Proposed", "Struct_1": "Medium", "Subtype": "Vault", "Struct_2": "Splice", "Permit_ID": "MC-P4000045", "Trunk_ID": "TRUNK40491", "FDH_ID": null, "Lot_No": "LOT_01", "FSA_No": "JOHNSON FSA20", "OLT_ID": "402", "Subdiv": "4", "Comments": null, "SKU": "VLT-SGL-3048", "PON_ID": "PON Boundaries#144", "layer": "Vault", "path": "/Users/sandeepreddypailla/Downloads/Merge July 17th/PomeGran_Rock_Desbarats_HLD_v1.9/PomeGran_Rock_Desbarats_HLD_v1.9/Vault.shp", "Contractor": null, "DtAsgCnstr": null, "ConStartDt": null, "DtInstald": null }, "geometry": { "type": "Point", "coordinates": [ 273946.507222191779874, 5135695.110828428529203 ] } },
{ "type": "Feature", "properties": { "ID": "25", "Size": "30X48X24", "Owner": "Rock Networks", "Status": "Proposed", "Struct_1": "Medium", "Subtype": "Vault", "Struct_2": "Splice", "Permit_ID": "MC-P4000060", "Trunk_ID": "TRUNK40284", "FDH_ID": null, "Lot_No": "LOT_01", "FSA_No": "JOHNSON FSA20", "OLT_ID": "402", "Subdiv": "4", "Comments": null, "SKU": "VLT-SGL-3048", "PON_ID": "PON Boundaries#135", "layer": "Vault", "path": "/Users/sandeepreddypailla/Downloads/Merge July 17th/PomeGran_Rock_Desbarats_HLD_v1.9/PomeGran_Rock_Desbarats_HLD_v1.9/Vault.shp", "Contractor": null, "DtAsgCnstr": null, "ConStartDt": null, "DtInstald": null }, "geometry": { "type": "Point", "coordinates": [ 274960.233229939301964, 5136724.999888956546783 ] } },
{ "type": "Feature", "properties": { "ID": "26", "Size": "36X60X36", "Owner": "Rock Networks", "Status": "Proposed", "Struct_1": "Large", "Subtype": "Vault", "Struct_2": "Splice", "Permit_ID": "MC-P4000060", "Trunk_ID": "TRUNK40284", "FDH_ID": null, "Lot_No": "LOT_01", "FSA_No": "JOHNSON FSA20", "OLT_ID": "402", "Subdiv": "4", "Comments": null, "SKU": "VLT-SGL-3660", "PON_ID": "PON Boundaries#135", "layer": "Vault", "path": "/Users/sandeepreddypailla/Downloads/Merge July 17th/PomeGran_Rock_Desbarats_HLD_v1.9/PomeGran_Rock_Desbarats_HLD_v1.9/Vault.shp", "Contractor": null, "DtAsgCnstr": null, "ConStartDt": null, "DtInstald": null }, "geometry": { "type": "Point", "coordinates": [ 274944.367785408394411, 5136723.751654399558902 ] } },
{ "type": "Feature", "properties": { "ID": "27", "Size": "30X48X24", "Owner": "Rock Networks", "Status": "Proposed", "Struct_1": "Medium", "Subtype": "Vault", "Struct_2": "Splice", "Permit_ID": "MC-P4000042", "Trunk_ID": "TRUNK40249", "FDH_ID": null, "Lot_No": "LOT_17", "FSA_No": "JOHNSON FSA20", "OLT_ID": "402", "Subdiv": "4", "Comments": null, "SKU": "VLT-SGL-3048", "PON_ID": "PON Boundaries#140", "layer": "Vault", "path": "/Users/sandeepreddypailla/Downloads/Merge July 17th/PomeGran_Rock_Desbarats_HLD_v1.9/PomeGran_Rock_Desbarats_HLD_v1.9/Vault.shp", "Contractor": null, "DtAsgCnstr": null, "ConStartDt": null, "DtInstald": null }, "geometry": { "type": "Point", "coordinates": [ 281900.431027603277471, 5136622.7392438063398 ] } },
{ "type": "Feature", "properties": { "ID": "28", "Size": "30X48X24", "Owner": "Rock Networks", "Status": "Proposed", "Struct_1": "Medium", "Subtype": "Vault", "Struct_2": "Splice", "Permit_ID": "MC-P4000043", "Trunk_ID": "TRUNK40249", "FDH_ID": null, "Lot_No": "LOT_17", "FSA_No": "PLUMMER ADDITIONAL FSA26", "OLT_ID": "402", "Subdiv": "4", "Comments": null, "SKU": "VLT-SGL-3048", "PON_ID": "PON Boundaries#140", "layer": "Vault", "path": "/Users/sandeepreddypailla/Downloads/Merge July 17th/PomeGran_Rock_Desbarats_HLD_v1.9/PomeGran_Rock_Desbarats_HLD_v1.9/Vault.shp", "Contractor": null, "DtAsgCnstr": null, "ConStartDt": null, "DtInstald": null }, "geometry": { "type": "Point", "coordinates": [ 282412.383007180760615, 5136955.641511312685907 ] } },
{ "type": "Feature", "properties": { "ID": "30", "Size": "30X48X24", "Owner": "Rock Networks", "Status": "Proposed", "Struct_1": "Medium", "Subtype": "Vault", "Struct_2": "Splice", "Permit_ID": "RAIL-P4000016", "Trunk_ID": "TRUNK40275", "FDH_ID": null, "Lot_No": "LOT_02", "FSA_No": "JOHNSON FSA20", "OLT_ID": "402", "Subdiv": "4", "Comments": null, "SKU": "VLT-SGL-3048", "PON_ID": "PON Boundaries#101", "layer": "Vault", "path": "/Users/sandeepreddypailla/Downloads/Merge July 17th/PomeGran_Rock_Desbarats_HLD_v1.9/PomeGran_Rock_Desbarats_HLD_v1.9/Vault.shp", "Contractor": null, "DtAsgCnstr": null, "ConStartDt": null, "DtInstald": null }, "geometry": { "type": "Point", "coordinates": [ 273355.509156388929114, 5137572.748498796485364 ] } },
{ "type": "Feature", "properties": { "ID": "31", "Size": "30X48X24", "Owner": "Rock Networks", "Status": "Proposed", "Struct_1": "Medium", "Subtype": "Vault", "Struct_2": "Splice", "Permit_ID": "MC-P4000070", "Trunk_ID": "TRUNK40275", "FDH_ID": null, "Lot_No": "LOT_02", "FSA_No": "JOHNSON FSA20", "OLT_ID": "402", "Subdiv": "4", "Comments": null, "SKU": "VLT-SGL-3048", "PON_ID": "PON Boundaries#101", "layer": "Vault", "path": "/Users/sandeepreddypailla/Downloads/Merge July 17th/PomeGran_Rock_Desbarats_HLD_v1.9/PomeGran_Rock_Desbarats_HLD_v1.9/Vault.shp", "Contractor": null, "DtAsgCnstr": null, "ConStartDt": null, "DtInstald": null }, "geometry": { "type": "Point", "coordinates": [ 273544.93790317082312, 5137588.518819340504706 ] } },
{ "type": "Feature", "properties": { "ID": "32", "Size": "30X48X24", "Owner": "Rock Networks", "Status": "Proposed", "Struct_1": "Medium", "Subtype": "Vault", "Struct_2": "Splice", "Permit_ID": "MC-P4000023", "Trunk_ID": "TRUNK40122", "FDH_ID": null, "Lot_No": "LOT_07", "FSA_No": "TARBUTT AND TARBUTT ADDITIONAL FSA35", "OLT_ID": "402", "Subdiv": "4", "Comments": null, "SKU": "VLT-SGL-3048", "PON_ID": "PON Boundaries#100", "layer": "Vault", "path": "/Users/sandeepreddypailla/Downloads/Merge July 17th/PomeGran_Rock_Desbarats_HLD_v1.9/PomeGran_Rock_Desbarats_HLD_v1.9/Vault.shp", "Contractor": null, "DtAsgCnstr": null, "ConStartDt": null, "DtInstald": null }, "geometry": { "type": "Point", "coordinates": [ 272155.957826418511104, 5139565.5357795227319 ] } },
{ "type": "Feature", "properties": { "ID": "33", "Size": "30X48X24", "Owner": "Rock Networks", "Status": "Proposed", "Struct_1": "Medium", "Subtype": "Vault", "Struct_2": "Splice", "Permit_ID": "MC-P4000023", "Trunk_ID": "TRUNK40122", "FDH_ID": null, "Lot_No": "LOT_07", "FSA_No": "JOHNSON FSA20", "OLT_ID": "402", "Subdiv": "4", "Comments": null, "SKU": "VLT-SGL-3048", "PON_ID": "PON Boundaries#100", "layer": "Vault", "path": "/Users/sandeepreddypailla/Downloads/Merge July 17th/PomeGran_Rock_Desbarats_HLD_v1.9/PomeGran_Rock_Desbarats_HLD_v1.9/Vault.shp", "Contractor": null, "DtAsgCnstr": null, "ConStartDt": null, "DtInstald": null }, "geometry": { "type": "Point", "coordinates": [ 272243.838792370515876, 5139444.71904469281435 ] } },
{ "type": "Feature", "properties": { "ID": "34", "Size": "30X48X24", "Owner": "Rock Networks", "Status": "Proposed", "Struct_1": "Medium", "Subtype": "Vault", "Struct_2": "Splice", "Permit_ID": "MC-P4000017", "Trunk_ID": "TRUNK40088", "FDH_ID": null, "Lot_No": "LOT_05", "FSA_No": "LAIRD FSA21", "OLT_ID": "402", "Subdiv": "4", "Comments": null, "SKU": "VLT-SGL-3048", "PON_ID": "PON Boundaries#133", "layer": "Vault", "path": "/Users/sandeepreddypailla/Downloads/Merge July 17th/PomeGran_Rock_Desbarats_HLD_v1.9/PomeGran_Rock_Desbarats_HLD_v1.9/Vault.shp", "Contractor": null, "DtAsgCnstr": null, "ConStartDt": null, "DtInstald": null }, "geometry": { "type": "Point", "coordinates": [ 263965.511811867705546, 5138173.683542690239847 ] } },
{ "type": "Feature", "properties": { "ID": "35", "Size": "30X48X24", "Owner": "Rock Networks", "Status": "Proposed", "Struct_1": "Medium", "Subtype": "Vault", "Struct_2": "Splice", "Permit_ID": "MC-P4000016", "Trunk_ID": "TRUNK40088", "FDH_ID": null, "Lot_No": "LOT_05", "FSA_No": "LAIRD FSA21", "OLT_ID": "402", "Subdiv": "4", "Comments": null, "SKU": "VLT-SGL-3048", "PON_ID": "PON Boundaries#133", "layer": "Vault", "path": "/Users/sandeepreddypailla/Downloads/Merge July 17th/PomeGran_Rock_Desbarats_HLD_v1.9/PomeGran_Rock_Desbarats_HLD_v1.9/Vault.shp", "Contractor": null, "DtAsgCnstr": null, "ConStartDt": null, "DtInstald": null }, "geometry": { "type": "Point", "coordinates": [ 263924.717702752735931, 5138038.73914410918951 ] } },
{ "type": "Feature", "properties": { "ID": "36", "Size": "30X48X24", "Owner": "Rock Networks", "Status": "Proposed", "Struct_1": "Medium", "Subtype": "Vault", "Struct_2": "Splice", "Permit_ID": "MC-P4000024", "Trunk_ID": "TRUNK40090", "FDH_ID": null, "Lot_No": "LOT_05", "FSA_No": "LAIRD FSA21", "OLT_ID": "402", "Subdiv": "4", "Comments": null, "SKU": "VLT-SGL-3048", "PON_ID": "PON Boundaries#133", "layer": "Vault", "path": "/Users/sandeepreddypailla/Downloads/Merge July 17th/PomeGran_Rock_Desbarats_HLD_v1.9/PomeGran_Rock_Desbarats_HLD_v1.9/Vault.shp", "Contractor": null, "DtAsgCnstr": null, "ConStartDt": null, "DtInstald": null }, "geometry": { "type": "Point", "coordinates": [ 262374.218525579664856, 5138100.522607325576246 ] } },
{ "type": "Feature", "properties": { "ID": "37", "Size": "30X48X24", "Owner": "Rock Networks", "Status": "Proposed", "Struct_1": "Medium", "Subtype": "Vault", "Struct_2": "Splice", "Permit_ID": "MC-P4000063", "Trunk_ID": "TRUNK40090", "FDH_ID": null, "Lot_No": "LOT_05", "FSA_No": "LAIRD FSA21", "OLT_ID": "402", "Subdiv": "4", "Comments": null, "SKU": "VLT-SGL-3048", "PON_ID": "PON Boundaries#133", "layer": "Vault", "path": "/Users/sandeepreddypailla/Downloads/Merge July 17th/PomeGran_Rock_Desbarats_HLD_v1.9/PomeGran_Rock_Desbarats_HLD_v1.9/Vault.shp", "Contractor": null, "DtAsgCnstr": null, "ConStartDt": null, "DtInstald": null }, "geometry": { "type": "Point", "coordinates": [ 262129.016764006839367, 5137211.064970469102263 ] } },
{ "type": "Feature", "properties": { "ID": "38", "Size": "30X48X24", "Owner": "Rock Networks", "Status": "Proposed", "Struct_1": "Medium", "Subtype": "Vault", "Struct_2": "Splice", "Permit_ID": "MC-P4000031", "Trunk_ID": "TRUNK40157", "FDH_ID": null, "Lot_No": "LOT_19", "FSA_No": "PLUMMER ADDITIONAL FSA26", "OLT_ID": "402", "Subdiv": "4", "Comments": null, "SKU": "VLT-SGL-3048", "PON_ID": "PON Boundaries#115", "layer": "Vault", "path": "/Users/sandeepreddypailla/Downloads/Merge July 17th/PomeGran_Rock_Desbarats_HLD_v1.9/PomeGran_Rock_Desbarats_HLD_v1.9/Vault.shp", "Contractor": null, "DtAsgCnstr": null, "ConStartDt": null, "DtInstald": null }, "geometry": { "type": "Point", "coordinates": [ 285934.894432259956375, 5137795.621096349321306 ] } },
{ "type": "Feature", "properties": { "ID": "39", "Size": "30X48X24", "Owner": "Rock Networks", "Status": "Proposed", "Struct_1": "Medium", "Subtype": "Vault", "Struct_2": "Splice", "Permit_ID": "MC-P4000031", "Trunk_ID": "TRUNK40157", "FDH_ID": null, "Lot_No": "LOT_19", "FSA_No": "PLUMMER ADDITIONAL FSA26", "OLT_ID": "402", "Subdiv": "4", "Comments": null, "SKU": "VLT-SGL-3048", "PON_ID": "PON Boundaries#115", "layer": "Vault", "path": "/Users/sandeepreddypailla/Downloads/Merge July 17th/PomeGran_Rock_Desbarats_HLD_v1.9/PomeGran_Rock_Desbarats_HLD_v1.9/Vault.shp", "Contractor": null, "DtAsgCnstr": null, "ConStartDt": null, "DtInstald": null }, "geometry": { "type": "Point", "coordinates": [ 285324.73682654305594, 5137796.967576691880822 ] } },
{ "type": "Feature", "properties": { "ID": "40", "Size": "30X48X24", "Owner": "Rock Networks", "Status": "Proposed", "Struct_1": "Medium", "Subtype": "Vault", "Struct_2": "Splice", "Permit_ID": "MC-P4000031", "Trunk_ID": "TRUNK40157", "FDH_ID": null, "Lot_No": "LOT_19", "FSA_No": "PLUMMER ADDITIONAL FSA26", "OLT_ID": "402", "Subdiv": "4", "Comments": null, "SKU": "VLT-SGL-3048", "PON_ID": "PON Boundaries#115", "layer": "Vault", "path": "/Users/sandeepreddypailla/Downloads/Merge July 17th/PomeGran_Rock_Desbarats_HLD_v1.9/PomeGran_Rock_Desbarats_HLD_v1.9/Vault.shp", "Contractor": null, "DtAsgCnstr": null, "ConStartDt": null, "DtInstald": null }, "geometry": { "type": "Point", "coordinates": [ 285274.231366919295397, 5136115.649401783011854 ] } },
{ "type": "Feature", "properties": { "ID": "41", "Size": "30X48X24", "Owner": "Rock Networks", "Status": "Proposed", "Struct_1": "Medium", "Subtype": "Vault", "Struct_2": "Splice", "Permit_ID": "MC-P4000031", "Trunk_ID": "TRUNK40157", "FDH_ID": null, "Lot_No": "LOT_19", "FSA_No": "PLUMMER ADDITIONAL FSA26", "OLT_ID": "402", "Subdiv": "4", "Comments": null, "SKU": "VLT-SGL-3048", "PON_ID": "PON Boundaries#115", "layer": "Vault", "path": "/Users/sandeepreddypailla/Downloads/Merge July 17th/PomeGran_Rock_Desbarats_HLD_v1.9/PomeGran_Rock_Desbarats_HLD_v1.9/Vault.shp", "Contractor": null, "DtAsgCnstr": null, "ConStartDt": null, "DtInstald": null }, "geometry": { "type": "Point", "coordinates": [ 285287.577201067353599, 5136563.631573585793376 ] } },
{ "type": "Feature", "properties": { "ID": "42", "Size": "30X48X24", "Owner": "Rock Networks", "Status": "Proposed", "Struct_1": "Medium", "Subtype": "Vault", "Struct_2": "Splice", "Permit_ID": "MC-P4000031", "Trunk_ID": "TRUNK40157", "FDH_ID": null, "Lot_No": "LOT_19", "FSA_No": "PLUMMER ADDITIONAL FSA26", "OLT_ID": "402", "Subdiv": "4", "Comments": null, "SKU": "VLT-SGL-3048", "PON_ID": "PON Boundaries#115", "layer": "Vault", "path": "/Users/sandeepreddypailla/Downloads/Merge July 17th/PomeGran_Rock_Desbarats_HLD_v1.9/PomeGran_Rock_Desbarats_HLD_v1.9/Vault.shp", "Contractor": null, "DtAsgCnstr": null, "ConStartDt": null, "DtInstald": null }, "geometry": { "type": "Point", "coordinates": [ 285345.645467979717068, 5138519.771143557503819 ] } },
{ "type": "Feature", "properties": { "ID": "43", "Size": "30X48X24", "Owner": "Rock Networks", "Status": "Proposed", "Struct_1": "Medium", "Subtype": "Vault", "Struct_2": "Splice", "Permit_ID": "MC-P4000026", "Trunk_ID": "TRUNK40125", "FDH_ID": null, "Lot_No": "LOT_07", "FSA_No": "JOHNSON FSA20", "OLT_ID": "402", "Subdiv": "4", "Comments": null, "SKU": "VLT-SGL-3048", "PON_ID": "PON Boundaries#99", "layer": "Vault", "path": "/Users/sandeepreddypailla/Downloads/Merge July 17th/PomeGran_Rock_Desbarats_HLD_v1.9/PomeGran_Rock_Desbarats_HLD_v1.9/Vault.shp", "Contractor": null, "DtAsgCnstr": null, "ConStartDt": null, "DtInstald": null }, "geometry": { "type": "Point", "coordinates": [ 272825.82951793941902, 5142609.431161560118198 ] } },
{ "type": "Feature", "properties": { "ID": "44", "Size": "30X48X24", "Owner": "Rock Networks", "Status": "Proposed", "Struct_1": "Medium", "Subtype": "Vault", "Struct_2": "Splice", "Permit_ID": "MC-P4000026", "Trunk_ID": "TRUNK40125", "FDH_ID": null, "Lot_No": "LOT_07", "FSA_No": "JOHNSON FSA20", "OLT_ID": "402", "Subdiv": "4", "Comments": null, "SKU": "VLT-SGL-3048", "PON_ID": "PON Boundaries#99", "layer": "Vault", "path": "/Users/sandeepreddypailla/Downloads/Merge July 17th/PomeGran_Rock_Desbarats_HLD_v1.9/PomeGran_Rock_Desbarats_HLD_v1.9/Vault.shp", "Contractor": null, "DtAsgCnstr": null, "ConStartDt": null, "DtInstald": null }, "geometry": { "type": "Point", "coordinates": [ 272835.660551127628423, 5142728.167363768443465 ] } },
{ "type": "Feature", "properties": { "ID": "45", "Size": "30X48X24", "Owner": "Rock Networks", "Status": "Proposed", "Struct_1": "Medium", "Subtype": "Vault", "Struct_2": "Splice", "Permit_ID": "MC-P4000026", "Trunk_ID": "TRUNK40125", "FDH_ID": null, "Lot_No": "LOT_07", "FSA_No": "JOHNSON FSA20", "OLT_ID": "402", "Subdiv": "4", "Comments": null, "SKU": "VLT-SGL-3048", "PON_ID": "PON Boundaries#99", "layer": "Vault", "path": "/Users/sandeepreddypailla/Downloads/Merge July 17th/PomeGran_Rock_Desbarats_HLD_v1.9/PomeGran_Rock_Desbarats_HLD_v1.9/Vault.shp", "Contractor": null, "DtAsgCnstr": null, "ConStartDt": null, "DtInstald": null }, "geometry": { "type": "Point", "coordinates": [ 272332.869739977875724, 5141880.981346171349287 ] } },
{ "type": "Feature", "properties": { "ID": "46", "Size": "30X48X24", "Owner": "Rock Networks", "Status": "Proposed", "Struct_1": "Medium", "Subtype": "Vault", "Struct_2": "Splice", "Permit_ID": "MC-P4000025", "Trunk_ID": "TRUNK40125", "FDH_ID": null, "Lot_No": "LOT_07", "FSA_No": "TARBUTT AND TARBUTT ADDITIONAL FSA35", "OLT_ID": "402", "Subdiv": "4", "Comments": null, "SKU": "VLT-SGL-3048", "PON_ID": "PON Boundaries#99", "layer": "Vault", "path": "/Users/sandeepreddypailla/Downloads/Merge July 17th/PomeGran_Rock_Desbarats_HLD_v1.9/PomeGran_Rock_Desbarats_HLD_v1.9/Vault.shp", "Contractor": null, "DtAsgCnstr": null, "ConStartDt": null, "DtInstald": null }, "geometry": { "type": "Point", "coordinates": [ 272232.224471387220547, 5142243.869753044098616 ] } },
{ "type": "Feature", "properties": { "ID": "47", "Size": "30X48X24", "Owner": "Rock Networks", "Status": "Proposed", "Struct_1": "Medium", "Subtype": "Vault", "Struct_2": "Splice", "Permit_ID": "MC-P4000027", "Trunk_ID": "TRUNK40130", "FDH_ID": null, "Lot_No": "LOT_15", "FSA_No": "JOHNSON FSA20", "OLT_ID": "402", "Subdiv": "4", "Comments": null, "SKU": "VLT-SGL-3048", "PON_ID": "PON Boundaries#107", "layer": "Vault", "path": "/Users/sandeepreddypailla/Downloads/Merge July 17th/PomeGran_Rock_Desbarats_HLD_v1.9/PomeGran_Rock_Desbarats_HLD_v1.9/Vault.shp", "Contractor": null, "DtAsgCnstr": null, "ConStartDt": null, "DtInstald": null }, "geometry": { "type": "Point", "coordinates": [ 279708.182063886488322, 5146001.905629018321633 ] } },
{ "type": "Feature", "properties": { "ID": "48", "Size": "30X48X24", "Owner": "Rock Networks", "Status": "Proposed", "Struct_1": "Medium", "Subtype": "Vault", "Struct_2": "Splice", "Permit_ID": "MC-P4000027", "Trunk_ID": "TRUNK40130", "FDH_ID": null, "Lot_No": "LOT_15", "FSA_No": "JOHNSON FSA20", "OLT_ID": "402", "Subdiv": "4", "Comments": null, "SKU": "VLT-SGL-3048", "PON_ID": "PON Boundaries#107", "layer": "Vault", "path": "/Users/sandeepreddypailla/Downloads/Merge July 17th/PomeGran_Rock_Desbarats_HLD_v1.9/PomeGran_Rock_Desbarats_HLD_v1.9/Vault.shp", "Contractor": null, "DtAsgCnstr": null, "ConStartDt": null, "DtInstald": null }, "geometry": { "type": "Point", "coordinates": [ 279687.831836080178618, 5145142.931014097295702 ] } },
{ "type": "Feature", "properties": { "ID": "49", "Size": "30X48X24", "Owner": "Rock Networks", "Status": "Proposed", "Struct_1": "Medium", "Subtype": "Vault", "Struct_2": "Splice", "Permit_ID": "MC-P4000115", "Trunk_ID": "TRUNK40133", "FDH_ID": null, "Lot_No": "LOT_12", "FSA_No": "TARBUTT AND TARBUTT ADDITIONAL FSA35", "OLT_ID": "402", "Subdiv": "4", "Comments": null, "SKU": "VLT-SGL-3048", "PON_ID": "PON Boundaries#91", "layer": "Vault", "path": "/Users/sandeepreddypailla/Downloads/Merge July 17th/PomeGran_Rock_Desbarats_HLD_v1.9/PomeGran_Rock_Desbarats_HLD_v1.9/Vault.shp", "Contractor": null, "DtAsgCnstr": null, "ConStartDt": null, "DtInstald": null }, "geometry": { "type": "Point", "coordinates": [ 263066.402499204559717, 5135680.165556140244007 ] } },
{ "type": "Feature", "properties": { "ID": "50", "Size": "30X48X24", "Owner": "Rock Networks", "Status": "Proposed", "Struct_1": "Medium", "Subtype": "Vault", "Struct_2": "Splice", "Permit_ID": "MC-P4000114", "Trunk_ID": "TRUNK40133", "FDH_ID": null, "Lot_No": "LOT_12", "FSA_No": "LAIRD FSA21", "OLT_ID": "402", "Subdiv": "4", "Comments": null, "SKU": "VLT-SGL-3048", "PON_ID": "PON Boundaries#89", "layer": "Vault", "path": "/Users/sandeepreddypailla/Downloads/Merge July 17th/PomeGran_Rock_Desbarats_HLD_v1.9/PomeGran_Rock_Desbarats_HLD_v1.9/Vault.shp", "Contractor": null, "DtAsgCnstr": null, "ConStartDt": null, "DtInstald": null }, "geometry": { "type": "Point", "coordinates": [ 263150.897171277203597, 5136077.052594778127968 ] } },
{ "type": "Feature", "properties": { "ID": "51", "Size": "30X48X24", "Owner": "Rock Networks", "Status": "Proposed", "Struct_1": "Medium", "Subtype": "Vault", "Struct_2": "Splice", "Permit_ID": "MC-P4000020", "Trunk_ID": "TRUNK40161", "FDH_ID": null, "Lot_No": "LOT_04", "FSA_No": "TARBUTT AND TARBUTT ADDITIONAL FSA35", "OLT_ID": "402", "Subdiv": "4", "Comments": null, "SKU": "VLT-SGL-3048", "PON_ID": "PON Boundaries#80", "layer": "Vault", "path": "/Users/sandeepreddypailla/Downloads/Merge July 17th/PomeGran_Rock_Desbarats_HLD_v1.9/PomeGran_Rock_Desbarats_HLD_v1.9/Vault.shp", "Contractor": null, "DtAsgCnstr": null, "ConStartDt": null, "DtInstald": null }, "geometry": { "type": "Point", "coordinates": [ 265919.608991263841745, 5136120.738161793909967 ] } },
{ "type": "Feature", "properties": { "ID": "52", "Size": "30X48X24", "Owner": "Rock Networks", "Status": "Proposed", "Struct_1": "Medium", "Subtype": "Vault", "Struct_2": "Splice", "Permit_ID": "MC-P4000019", "Trunk_ID": "TRUNK40110", "FDH_ID": null, "Lot_No": "LOT_04", "FSA_No": "LAIRD FSA21", "OLT_ID": "402", "Subdiv": "4", "Comments": null, "SKU": "VLT-SGL-3048", "PON_ID": "PON Boundaries#79", "layer": "Vault", "path": "/Users/sandeepreddypailla/Downloads/Merge July 17th/PomeGran_Rock_Desbarats_HLD_v1.9/PomeGran_Rock_Desbarats_HLD_v1.9/Vault.shp", "Contractor": null, "DtAsgCnstr": null, "ConStartDt": null, "DtInstald": null }, "geometry": { "type": "Point", "coordinates": [ 264306.470616139296908, 5136550.325046273879707 ] } },
{ "type": "Feature", "properties": { "ID": "53", "Size": "30X48X24", "Owner": "Rock Networks", "Status": "Proposed", "Struct_1": "Medium", "Subtype": "Vault", "Struct_2": "Splice", "Permit_ID": "MC-P4000019", "Trunk_ID": "TRUNK40110", "FDH_ID": null, "Lot_No": "LOT_04", "FSA_No": "LAIRD FSA21", "OLT_ID": "402", "Subdiv": "4", "Comments": null, "SKU": "VLT-SGL-3048", "PON_ID": "PON Boundaries#79", "layer": "Vault", "path": "/Users/sandeepreddypailla/Downloads/Merge July 17th/PomeGran_Rock_Desbarats_HLD_v1.9/PomeGran_Rock_Desbarats_HLD_v1.9/Vault.shp", "Contractor": null, "DtAsgCnstr": null, "ConStartDt": null, "DtInstald": null }, "geometry": { "type": "Point", "coordinates": [ 264544.364842156064697, 5136810.522264408878982 ] } },
{ "type": "Feature", "properties": { "ID": "54", "Size": "30X48X24", "Owner": "Rock Networks", "Status": "Proposed", "Struct_1": "Medium", "Subtype": "Vault", "Struct_2": "Splice", "Permit_ID": "MC-P4000019", "Trunk_ID": "TRUNK40110", "FDH_ID": null, "Lot_No": "LOT_04", "FSA_No": "LAIRD FSA21", "OLT_ID": "402", "Subdiv": "4", "Comments": null, "SKU": "VLT-SGL-3048", "PON_ID": "PON Boundaries#79", "layer": "Vault", "path": "/Users/sandeepreddypailla/Downloads/Merge July 17th/PomeGran_Rock_Desbarats_HLD_v1.9/PomeGran_Rock_Desbarats_HLD_v1.9/Vault.shp", "Contractor": null, "DtAsgCnstr": null, "ConStartDt": null, "DtInstald": null }, "geometry": { "type": "Point", "coordinates": [ 264982.910832767491229, 5137258.322827441617846 ] } },
{ "type": "Feature", "properties": { "ID": "55", "Size": "30X48X24", "Owner": "Rock Networks", "Status": "Proposed", "Struct_1": "Medium", "Subtype": "Vault", "Struct_2": "Splice", "Permit_ID": "MC-P4000020", "Trunk_ID": "TRUNK40161", "FDH_ID": null, "Lot_No": "LOT_04", "FSA_No": "TARBUTT AND TARBUTT ADDITIONAL FSA35", "OLT_ID": "402", "Subdiv": "4", "Comments": null, "SKU": "VLT-SGL-3048", "PON_ID": "PON Boundaries#80", "layer": "Vault", "path": "/Users/sandeepreddypailla/Downloads/Merge July 17th/PomeGran_Rock_Desbarats_HLD_v1.9/PomeGran_Rock_Desbarats_HLD_v1.9/Vault.shp", "Contractor": null, "DtAsgCnstr": null, "ConStartDt": null, "DtInstald": null }, "geometry": { "type": "Point", "coordinates": [ 266535.103783004218712, 5136094.333673587068915 ] } },
{ "type": "Feature", "properties": { "ID": "56", "Size": "30X48X24", "Owner": "Rock Networks", "Status": "Proposed", "Struct_1": "Medium", "Subtype": "Vault", "Struct_2": "Splice", "Permit_ID": "MC-P4000021", "Trunk_ID": "TRUNK40097", "FDH_ID": null, "Lot_No": "LOT_12", "FSA_No": "LAIRD FSA21", "OLT_ID": "402", "Subdiv": "4", "Comments": null, "SKU": "VLT-SGL-3048", "PON_ID": "PON Boundaries#89", "layer": "Vault", "path": "/Users/sandeepreddypailla/Downloads/Merge July 17th/PomeGran_Rock_Desbarats_HLD_v1.9/PomeGran_Rock_Desbarats_HLD_v1.9/Vault.shp", "Contractor": null, "DtAsgCnstr": null, "ConStartDt": null, "DtInstald": null }, "geometry": { "type": "Point", "coordinates": [ 263175.389716364850756, 5136120.955509194172919 ] } },
{ "type": "Feature", "properties": { "ID": "57", "Size": "30X48X24", "Owner": "Rock Networks", "Status": "Proposed", "Struct_1": "Medium", "Subtype": "Vault", "Struct_2": "Splice", "Permit_ID": "MC-P4000041", "Trunk_ID": "TRUNK40111", "FDH_ID": null, "Lot_No": "LOT_04", "FSA_No": "TARBUTT AND TARBUTT ADDITIONAL FSA35", "OLT_ID": "402", "Subdiv": "4", "Comments": null, "SKU": "VLT-SGL-3048", "PON_ID": "PON Boundaries#80", "layer": "Vault", "path": "/Users/sandeepreddypailla/Downloads/Merge July 17th/PomeGran_Rock_Desbarats_HLD_v1.9/PomeGran_Rock_Desbarats_HLD_v1.9/Vault.shp", "Contractor": null, "DtAsgCnstr": null, "ConStartDt": null, "DtInstald": null }, "geometry": { "type": "Point", "coordinates": [ 265688.548941238317639, 5136829.584963425062597 ] } },
{ "type": "Feature", "properties": { "ID": "58", "Size": "30X48X24", "Owner": "Rock Networks", "Status": "Proposed", "Struct_1": "Medium", "Subtype": "Vault", "Struct_2": "Splice", "Permit_ID": "MC-P4000041", "Trunk_ID": "TRUNK40111", "FDH_ID": null, "Lot_No": "LOT_04", "FSA_No": "TARBUTT AND TARBUTT ADDITIONAL FSA35", "OLT_ID": "402", "Subdiv": "4", "Comments": null, "SKU": "VLT-SGL-3048", "PON_ID": "PON Boundaries#80", "layer": "Vault", "path": "/Users/sandeepreddypailla/Downloads/Merge July 17th/PomeGran_Rock_Desbarats_HLD_v1.9/PomeGran_Rock_Desbarats_HLD_v1.9/Vault.shp", "Contractor": null, "DtAsgCnstr": null, "ConStartDt": null, "DtInstald": null }, "geometry": { "type": "Point", "coordinates": [ 265668.206258446909487, 5136553.276566138491035 ] } },
{ "type": "Feature", "properties": { "ID": "59", "Size": "30X48X24", "Owner": "Rock Networks", "Status": "Proposed", "Struct_1": "Medium", "Subtype": "Vault", "Struct_2": "Splice", "Permit_ID": "MC-P4000046", "Trunk_ID": "TRUNK40142", "FDH_ID": null, "Lot_No": "LOT_07", "FSA_No": "JOHNSON FSA20", "OLT_ID": "402", "Subdiv": "4", "Comments": null, "SKU": "VLT-SGL-3048", "PON_ID": "PON Boundaries#100", "layer": "Vault", "path": "/Users/sandeepreddypailla/Downloads/Merge July 17th/PomeGran_Rock_Desbarats_HLD_v1.9/PomeGran_Rock_Desbarats_HLD_v1.9/Vault.shp", "Contractor": null, "DtAsgCnstr": null, "ConStartDt": null, "DtInstald": null }, "geometry": { "type": "Point", "coordinates": [ 272281.473749392142054, 5140971.947765087708831 ] } },
{ "type": "Feature", "properties": { "ID": "60", "Size": "30X48X24", "Owner": "Rock Networks", "Status": "Proposed", "Struct_1": "Medium", "Subtype": "Vault", "Struct_2": "Splice", "Permit_ID": "RAIL-P4000008", "Trunk_ID": "TRUNK40142", "FDH_ID": null, "Lot_No": "LOT_07", "FSA_No": "JOHNSON FSA20", "OLT_ID": "402", "Subdiv": "4", "Comments": null, "SKU": "VLT-SGL-3048", "PON_ID": "PON Boundaries#100", "layer": "Vault", "path": "/Users/sandeepreddypailla/Downloads/Merge July 17th/PomeGran_Rock_Desbarats_HLD_v1.9/PomeGran_Rock_Desbarats_HLD_v1.9/Vault.shp", "Contractor": null, "DtAsgCnstr": null, "ConStartDt": null, "DtInstald": null }, "geometry": { "type": "Point", "coordinates": [ 272304.779631609271746, 5140802.074042167514563 ] } },
{ "type": "Feature", "properties": { "ID": "61", "Size": "30X48X24", "Owner": "Rock Networks", "Status": "Proposed", "Struct_1": "Medium", "Subtype": "Vault", "Struct_2": "Splice", "Permit_ID": "MC-P4000068", "Trunk_ID": "TRUNK40195", "FDH_ID": null, "Lot_No": "LOT_23", "FSA_No": "JOHNSON FSA20", "OLT_ID": "402", "Subdiv": "4", "Comments": null, "SKU": "VLT-SGL-3048", "PON_ID": "PON Boundaries#153", "layer": "Vault", "path": "/Users/sandeepreddypailla/Downloads/Merge July 17th/PomeGran_Rock_Desbarats_HLD_v1.9/PomeGran_Rock_Desbarats_HLD_v1.9/Vault.shp", "Contractor": null, "DtAsgCnstr": null, "ConStartDt": null, "DtInstald": null }, "geometry": { "type": "Point", "coordinates": [ 281964.447825977695175, 5134885.426127515733242 ] } },
{ "type": "Feature", "properties": { "ID": "62", "Size": "30X48X24", "Owner": "Rock Networks", "Status": "Proposed", "Struct_1": "Medium", "Subtype": "Vault", "Struct_2": "Splice", "Permit_ID": "MC-P4000085", "Trunk_ID": "TRUNK40187", "FDH_ID": null, "Lot_No": "LOT_13", "FSA_No": "JOHNSON FSA20", "OLT_ID": "402", "Subdiv": "4", "Comments": null, "SKU": "VLT-SGL-3048", "PON_ID": "PON Boundaries#138", "layer": "Vault", "path": "/Users/sandeepreddypailla/Downloads/Merge July 17th/PomeGran_Rock_Desbarats_HLD_v1.9/PomeGran_Rock_Desbarats_HLD_v1.9/Vault.shp", "Contractor": null, "DtAsgCnstr": null, "ConStartDt": null, "DtInstald": null }, "geometry": { "type": "Point", "coordinates": [ 278230.722609589516651, 5137154.619425494223833 ] } },
{ "type": "Feature", "properties": { "ID": "63", "Size": "30X48X24", "Owner": "Rock Networks", "Status": "Proposed", "Struct_1": "Medium", "Subtype": "Vault", "Struct_2": "Splice", "Permit_ID": "MC-P4000068", "Trunk_ID": "TRUNK40193", "FDH_ID": null, "Lot_No": "LOT_23", "FSA_No": "JOHNSON FSA20", "OLT_ID": "402", "Subdiv": "4", "Comments": null, "SKU": "VLT-SGL-3048", "PON_ID": "PON Boundaries#153", "layer": "Vault", "path": "/Users/sandeepreddypailla/Downloads/Merge July 17th/PomeGran_Rock_Desbarats_HLD_v1.9/PomeGran_Rock_Desbarats_HLD_v1.9/Vault.shp", "Contractor": null, "DtAsgCnstr": null, "ConStartDt": null, "DtInstald": null }, "geometry": { "type": "Point", "coordinates": [ 278894.966969051398337, 5135128.128546474501491 ] } },
{ "type": "Feature", "properties": { "ID": "64", "Size": "30X48X24", "Owner": "Rock Networks", "Status": "Proposed", "Struct_1": "Medium", "Subtype": "Vault", "Struct_2": "Splice", "Permit_ID": "MC-P4000068", "Trunk_ID": "TRUNK40193", "FDH_ID": null, "Lot_No": "LOT_23", "FSA_No": "JOHNSON FSA20", "OLT_ID": "402", "Subdiv": "4", "Comments": null, "SKU": "VLT-SGL-3048", "PON_ID": "PON Boundaries#153", "layer": "Vault", "path": "/Users/sandeepreddypailla/Downloads/Merge July 17th/PomeGran_Rock_Desbarats_HLD_v1.9/PomeGran_Rock_Desbarats_HLD_v1.9/Vault.shp", "Contractor": null, "DtAsgCnstr": null, "ConStartDt": null, "DtInstald": null }, "geometry": { "type": "Point", "coordinates": [ 279312.67397001630161, 5135117.805221041664481 ] } },
{ "type": "Feature", "properties": { "ID": "65", "Size": "30X48X24", "Owner": "Rock Networks", "Status": "Proposed", "Struct_1": "Medium", "Subtype": "Vault", "Struct_2": "Splice", "Permit_ID": "MC-P4000068", "Trunk_ID": "TRUNK40194", "FDH_ID": null, "Lot_No": "LOT_23", "FSA_No": "JOHNSON FSA20", "OLT_ID": "402", "Subdiv": "4", "Comments": null, "SKU": "VLT-SGL-3048", "PON_ID": "PON Boundaries#153", "layer": "Vault", "path": "/Users/sandeepreddypailla/Downloads/Merge July 17th/PomeGran_Rock_Desbarats_HLD_v1.9/PomeGran_Rock_Desbarats_HLD_v1.9/Vault.shp", "Contractor": null, "DtAsgCnstr": null, "ConStartDt": null, "DtInstald": null }, "geometry": { "type": "Point", "coordinates": [ 281201.201331012591254, 5135027.267277864739299 ] } },
{ "type": "Feature", "properties": { "ID": "66", "Size": "30X48X24", "Owner": "Rock Networks", "Status": "Proposed", "Struct_1": "Medium", "Subtype": "Vault", "Struct_2": "Splice", "Permit_ID": "MC-P4000068", "Trunk_ID": "TRUNK40193", "FDH_ID": null, "Lot_No": "LOT_23", "FSA_No": "JOHNSON FSA20", "OLT_ID": "402", "Subdiv": "4", "Comments": null, "SKU": "VLT-SGL-3048", "PON_ID": "PON Boundaries#153", "layer": "Vault", "path": "/Users/sandeepreddypailla/Downloads/Merge July 17th/PomeGran_Rock_Desbarats_HLD_v1.9/PomeGran_Rock_Desbarats_HLD_v1.9/Vault.shp", "Contractor": null, "DtAsgCnstr": null, "ConStartDt": null, "DtInstald": null }, "geometry": { "type": "Point", "coordinates": [ 280388.447821047855541, 5135063.313868273049593 ] } },
{ "type": "Feature", "properties": { "ID": "67", "Size": "30X48X24", "Owner": "Rock Networks", "Status": "Proposed", "Struct_1": "Medium", "Subtype": "Vault", "Struct_2": "Splice", "Permit_ID": "MC-P4000068", "Trunk_ID": "TRUNK40194", "FDH_ID": null, "Lot_No": "LOT_23", "FSA_No": "JOHNSON FSA20", "OLT_ID": "402", "Subdiv": "4", "Comments": null, "SKU": "VLT-SGL-3048", "PON_ID": "PON Boundaries#153", "layer": "Vault", "path": "/Users/sandeepreddypailla/Downloads/Merge July 17th/PomeGran_Rock_Desbarats_HLD_v1.9/PomeGran_Rock_Desbarats_HLD_v1.9/Vault.shp", "Contractor": null, "DtAsgCnstr": null, "ConStartDt": null, "DtInstald": null }, "geometry": { "type": "Point", "coordinates": [ 280795.166735589154996, 5135050.882078871130943 ] } },
{ "type": "Feature", "properties": { "ID": "68", "Size": "30X48X24", "Owner": "Rock Networks", "Status": "Proposed", "Struct_1": "Medium", "Subtype": "Vault", "Struct_2": "Splice", "Permit_ID": "MC-P4000068", "Trunk_ID": "TRUNK40194", "FDH_ID": null, "Lot_No": "LOT_23", "FSA_No": "JOHNSON FSA20", "OLT_ID": "402", "Subdiv": "4", "Comments": null, "SKU": "VLT-SGL-3048", "PON_ID": "PON Boundaries#153", "layer": "Vault", "path": "/Users/sandeepreddypailla/Downloads/Merge July 17th/PomeGran_Rock_Desbarats_HLD_v1.9/PomeGran_Rock_Desbarats_HLD_v1.9/Vault.shp", "Contractor": null, "DtAsgCnstr": null, "ConStartDt": null, "DtInstald": null }, "geometry": { "type": "Point", "coordinates": [ 281605.635005486314185, 5135011.156856710091233 ] } },
{ "type": "Feature", "properties": { "ID": "69", "Size": "30X48X24", "Owner": "Rock Networks", "Status": "Proposed", "Struct_1": "Medium", "Subtype": "Vault", "Struct_2": "Splice", "Permit_ID": "MC-P4000094", "Trunk_ID": "TRUNK40173", "FDH_ID": null, "Lot_No": "LOT_01", "FSA_No": "JOHNSON FSA20", "OLT_ID": "402", "Subdiv": "4", "Comments": null, "SKU": "VLT-SGL-3048", "PON_ID": "PON Boundaries#144", "layer": "Vault", "path": "/Users/sandeepreddypailla/Downloads/Merge July 17th/PomeGran_Rock_Desbarats_HLD_v1.9/PomeGran_Rock_Desbarats_HLD_v1.9/Vault.shp", "Contractor": null, "DtAsgCnstr": null, "ConStartDt": null, "DtInstald": null }, "geometry": { "type": "Point", "coordinates": [ 273322.161649653746281, 5134344.05805706884712 ] } },
{ "type": "Feature", "properties": { "ID": "70", "Size": "30X48X24", "Owner": "Rock Networks", "Status": "Proposed", "Struct_1": "Medium", "Subtype": "Vault", "Struct_2": "Splice", "Permit_ID": "MC-P4000091", "Trunk_ID": "TRUNK40314", "FDH_ID": null, "Lot_No": "LOT_24", "FSA_No": "PLUMMER ADDITIONAL FSA26", "OLT_ID": "402", "Subdiv": "4", "Comments": null, "SKU": "VLT-SGL-3048", "PON_ID": "PON Boundaries#157", "layer": "Vault", "path": "/Users/sandeepreddypailla/Downloads/Merge July 17th/PomeGran_Rock_Desbarats_HLD_v1.9/PomeGran_Rock_Desbarats_HLD_v1.9/Vault.shp", "Contractor": null, "DtAsgCnstr": null, "ConStartDt": null, "DtInstald": null }, "geometry": { "type": "Point", "coordinates": [ 285161.905250259616878, 5133501.682585476897657 ] } },
{ "type": "Feature", "properties": { "ID": "71", "Size": "30X48X24", "Owner": "Rock Networks", "Status": "Proposed", "Struct_1": "Medium", "Subtype": "Vault", "Struct_2": "Splice", "Permit_ID": "MC-P4000091", "Trunk_ID": "TRUNK40314", "FDH_ID": null, "Lot_No": "LOT_24", "FSA_No": "PLUMMER ADDITIONAL FSA26", "OLT_ID": "402", "Subdiv": "4", "Comments": null, "SKU": "VLT-SGL-3048", "PON_ID": "PON Boundaries#157", "layer": "Vault", "path": "/Users/sandeepreddypailla/Downloads/Merge July 17th/PomeGran_Rock_Desbarats_HLD_v1.9/PomeGran_Rock_Desbarats_HLD_v1.9/Vault.shp", "Contractor": null, "DtAsgCnstr": null, "ConStartDt": null, "DtInstald": null }, "geometry": { "type": "Point", "coordinates": [ 285186.553144674573559, 5133664.948235902935266 ] } },
{ "type": "Feature", "properties": { "ID": "72", "Size": "30X48X24", "Owner": "Rock Networks", "Status": "Proposed", "Struct_1": "Medium", "Subtype": "Vault", "Struct_2": "Splice", "Permit_ID": "MC-P4000092", "Trunk_ID": "TRUNK40180", "FDH_ID": null, "Lot_No": "LOT_22", "FSA_No": "JOHNSON FSA20", "OLT_ID": "402", "Subdiv": "4", "Comments": null, "SKU": "VLT-SGL-3048", "PON_ID": "PON Boundaries#152", "layer": "Vault", "path": "/Users/sandeepreddypailla/Downloads/Merge July 17th/PomeGran_Rock_Desbarats_HLD_v1.9/PomeGran_Rock_Desbarats_HLD_v1.9/Vault.shp", "Contractor": null, "DtAsgCnstr": null, "ConStartDt": null, "DtInstald": null }, "geometry": { "type": "Point", "coordinates": [ 277242.910979395615868, 5135114.656864303164184 ] } },
{ "type": "Feature", "properties": { "ID": "73", "Size": "30X48X24", "Owner": "Rock Networks", "Status": "Proposed", "Struct_1": "Medium", "Subtype": "Vault", "Struct_2": "Splice", "Permit_ID": "MC-P4000092", "Trunk_ID": "TRUNK40180", "FDH_ID": null, "Lot_No": "LOT_22", "FSA_No": "JOHNSON FSA20", "OLT_ID": "402", "Subdiv": "4", "Comments": null, "SKU": "VLT-SGL-3048", "PON_ID": "PON Boundaries#152", "layer": "Vault", "path": "/Users/sandeepreddypailla/Downloads/Merge July 17th/PomeGran_Rock_Desbarats_HLD_v1.9/PomeGran_Rock_Desbarats_HLD_v1.9/Vault.shp", "Contractor": null, "DtAsgCnstr": null, "ConStartDt": null, "DtInstald": null }, "geometry": { "type": "Point", "coordinates": [ 277377.362351336458232, 5135072.914426350966096 ] } },
{ "type": "Feature", "properties": { "ID": "75", "Size": "30X48X24", "Owner": "Rock Networks", "Status": "Proposed", "Struct_1": "Medium", "Subtype": "Vault", "Struct_2": "Splice", "Permit_ID": "MC-P4000101", "Trunk_ID": "TRUNK40447", "FDH_ID": null, "Lot_No": "LOT_13", "FSA_No": "JOHNSON FSA20", "OLT_ID": "402", "Subdiv": "4", "Comments": null, "SKU": "VLT-SGL-3048", "PON_ID": "PON Boundaries#138", "layer": "Vault", "path": "/Users/sandeepreddypailla/Downloads/Merge July 17th/PomeGran_Rock_Desbarats_HLD_v1.9/PomeGran_Rock_Desbarats_HLD_v1.9/Vault.shp", "Contractor": null, "DtAsgCnstr": null, "ConStartDt": null, "DtInstald": null }, "geometry": { "type": "Point", "coordinates": [ 278190.303410519030876, 5137171.383471548557281 ] } },
{ "type": "Feature", "properties": { "ID": "76", "Size": "30X48X24", "Owner": "Rock Networks", "Status": "Proposed", "Struct_1": "Medium", "Subtype": "Vault", "Struct_2": "Splice", "Permit_ID": "MC-P4000101", "Trunk_ID": "TRUNK40468", "FDH_ID": null, "Lot_No": "LOT_13", "FSA_No": "JOHNSON FSA20", "OLT_ID": "402", "Subdiv": "4", "Comments": null, "SKU": "VLT-SGL-3048", "PON_ID": "PON Boundaries#138", "layer": "Vault", "path": "/Users/sandeepreddypailla/Downloads/Merge July 17th/PomeGran_Rock_Desbarats_HLD_v1.9/PomeGran_Rock_Desbarats_HLD_v1.9/Vault.shp", "Contractor": null, "DtAsgCnstr": null, "ConStartDt": null, "DtInstald": null }, "geometry": { "type": "Point", "coordinates": [ 276267.304490729118697, 5137308.449904199689627 ] } },
{ "type": "Feature", "properties": { "ID": "77", "Size": "30X48X24", "Owner": "Rock Networks", "Status": "Proposed", "Struct_1": "Medium", "Subtype": "Vault", "Struct_2": "Splice", "Permit_ID": "MC-P4000101", "Trunk_ID": "TRUNK40257", "FDH_ID": null, "Lot_No": "LOT_13", "FSA_No": "JOHNSON FSA20", "OLT_ID": "402", "Subdiv": "4", "Comments": null, "SKU": "VLT-SGL-3048", "PON_ID": "PON Boundaries#138", "layer": "Vault", "path": "/Users/sandeepreddypailla/Downloads/Merge July 17th/PomeGran_Rock_Desbarats_HLD_v1.9/PomeGran_Rock_Desbarats_HLD_v1.9/Vault.shp", "Contractor": null, "DtAsgCnstr": null, "ConStartDt": null, "DtInstald": null }, "geometry": { "type": "Point", "coordinates": [ 277153.244474845705554, 5137208.409275963902473 ] } },
{ "type": "Feature", "properties": { "ID": "78", "Size": "30X48X24", "Owner": "Rock Networks", "Status": "Proposed", "Struct_1": "Medium", "Subtype": "Vault", "Struct_2": "Splice", "Permit_ID": "MC-P4000101", "Trunk_ID": "TRUNK40257", "FDH_ID": null, "Lot_No": "LOT_13", "FSA_No": "JOHNSON FSA20", "OLT_ID": "402", "Subdiv": "4", "Comments": null, "SKU": "VLT-SGL-3048", "PON_ID": "PON Boundaries#138", "layer": "Vault", "path": "/Users/sandeepreddypailla/Downloads/Merge July 17th/PomeGran_Rock_Desbarats_HLD_v1.9/PomeGran_Rock_Desbarats_HLD_v1.9/Vault.shp", "Contractor": null, "DtAsgCnstr": null, "ConStartDt": null, "DtInstald": null }, "geometry": { "type": "Point", "coordinates": [ 276744.74939253157936, 5137311.338280843570828 ] } },
{ "type": "Feature", "properties": { "ID": "79", "Size": "30X48X24", "Owner": "Rock Networks", "Status": "Proposed", "Struct_1": "Medium", "Subtype": "Vault", "Struct_2": "Splice", "Permit_ID": "MC-P4000101", "Trunk_ID": "TRUNK40468", "FDH_ID": null, "Lot_No": "LOT_13", "FSA_No": "JOHNSON FSA20", "OLT_ID": "402", "Subdiv": "4", "Comments": null, "SKU": "VLT-SGL-3048", "PON_ID": "PON Boundaries#138", "layer": "Vault", "path": "/Users/sandeepreddypailla/Downloads/Merge July 17th/PomeGran_Rock_Desbarats_HLD_v1.9/PomeGran_Rock_Desbarats_HLD_v1.9/Vault.shp", "Contractor": null, "DtAsgCnstr": null, "ConStartDt": null, "DtInstald": null }, "geometry": { "type": "Point", "coordinates": [ 276173.831590035289992, 5137305.580314610153437 ] } },
{ "type": "Feature", "properties": { "ID": "80", "Size": "30X48X24", "Owner": "Rock Networks", "Status": "Proposed", "Struct_1": "Medium", "Subtype": "Vault", "Struct_2": "Splice", "Permit_ID": "MC-P4000101", "Trunk_ID": "TRUNK40256", "FDH_ID": null, "Lot_No": "LOT_13", "FSA_No": "JOHNSON FSA20", "OLT_ID": "402", "Subdiv": "4", "Comments": null, "SKU": "VLT-SGL-3048", "PON_ID": "PON Boundaries#138", "layer": "Vault", "path": "/Users/sandeepreddypailla/Downloads/Merge July 17th/PomeGran_Rock_Desbarats_HLD_v1.9/PomeGran_Rock_Desbarats_HLD_v1.9/Vault.shp", "Contractor": null, "DtAsgCnstr": null, "ConStartDt": null, "DtInstald": null }, "geometry": { "type": "Point", "coordinates": [ 275695.643974432023242, 5137300.08420446049422 ] } },
{ "type": "Feature", "properties": { "ID": "81", "Size": "30X48X24", "Owner": "Rock Networks", "Status": "Proposed", "Struct_1": "Medium", "Subtype": "Vault", "Struct_2": "Splice", "Permit_ID": "MC-P4000101", "Trunk_ID": "TRUNK40256", "FDH_ID": null, "Lot_No": "LOT_13", "FSA_No": "JOHNSON FSA20", "OLT_ID": "402", "Subdiv": "4", "Comments": null, "SKU": "VLT-SGL-3048", "PON_ID": "PON Boundaries#138", "layer": "Vault", "path": "/Users/sandeepreddypailla/Downloads/Merge July 17th/PomeGran_Rock_Desbarats_HLD_v1.9/PomeGran_Rock_Desbarats_HLD_v1.9/Vault.shp", "Contractor": null, "DtAsgCnstr": null, "ConStartDt": null, "DtInstald": null }, "geometry": { "type": "Point", "coordinates": [ 275218.013529915828258, 5137289.875695252791047 ] } },
{ "type": "Feature", "properties": { "ID": "82", "Size": "30X48X24", "Owner": "Rock Networks", "Status": "Proposed", "Struct_1": "Medium", "Subtype": "Vault", "Struct_2": "Splice", "Permit_ID": "MC-P4000101", "Trunk_ID": "TRUNK40256", "FDH_ID": null, "Lot_No": "LOT_01", "FSA_No": "JOHNSON FSA20", "OLT_ID": "402", "Subdiv": "4", "Comments": null, "SKU": "VLT-SGL-3048", "PON_ID": "PON Boundaries#138", "layer": "Vault", "path": "/Users/sandeepreddypailla/Downloads/Merge July 17th/PomeGran_Rock_Desbarats_HLD_v1.9/PomeGran_Rock_Desbarats_HLD_v1.9/Vault.shp", "Contractor": null, "DtAsgCnstr": null, "ConStartDt": null, "DtInstald": null }, "geometry": { "type": "Point", "coordinates": [ 275055.649723181151785, 5137285.699153699912131 ] } },
{ "type": "Feature", "properties": { "ID": "83", "Size": "30X48X24", "Owner": "Rock Networks", "Status": "Proposed", "Struct_1": "Medium", "Subtype": "Vault", "Struct_2": "Splice", "Permit_ID": "MC-P4000105", "Trunk_ID": "TRUNK40470", "FDH_ID": null, "Lot_No": "LOT_01", "FSA_No": "JOHNSON FSA20", "OLT_ID": "402", "Subdiv": "4", "Comments": null, "SKU": "VLT-SGL-3048", "PON_ID": "PON Boundaries#135", "layer": "Vault", "path": "/Users/sandeepreddypailla/Downloads/Merge July 17th/PomeGran_Rock_Desbarats_HLD_v1.9/PomeGran_Rock_Desbarats_HLD_v1.9/Vault.shp", "Contractor": null, "DtAsgCnstr": null, "ConStartDt": null, "DtInstald": null }, "geometry": { "type": "Point", "coordinates": [ 274932.973297158547211, 5136875.848393906839192 ] } },
{ "type": "Feature", "properties": { "ID": "84", "Size": "30X48X24", "Owner": "Rock Networks", "Status": "Proposed", "Struct_1": "Medium", "Subtype": "Vault", "Struct_2": "Splice", "Permit_ID": "MC-P4000110", "Trunk_ID": "TRUNK40472", "FDH_ID": null, "Lot_No": "LOT_35", "FSA_No": "PLUMMER ADDITIONAL FSA26", "OLT_ID": "402", "Subdiv": "4", "Comments": null, "SKU": "VLT-SGL-3048", "PON_ID": "PON Boundaries#164", "layer": "Vault", "path": "/Users/sandeepreddypailla/Downloads/Merge July 17th/PomeGran_Rock_Desbarats_HLD_v1.9/PomeGran_Rock_Desbarats_HLD_v1.9/Vault.shp", "Contractor": null, "DtAsgCnstr": null, "ConStartDt": null, "DtInstald": null }, "geometry": { "type": "Point", "coordinates": [ 294970.340322276111692, 5129448.521047668531537 ] } },
{ "type": "Feature", "properties": { "ID": "85", "Size": "30X48X24", "Owner": "Rock Networks", "Status": "Proposed", "Struct_1": "Medium", "Subtype": "Vault", "Struct_2": "Splice", "Permit_ID": "MC-P4000109", "Trunk_ID": "TRUNK40473", "FDH_ID": null, "Lot_No": "LOT_24", "FSA_No": "PLUMMER ADDITIONAL FSA26", "OLT_ID": "402", "Subdiv": "4", "Comments": null, "SKU": "VLT-SGL-3048", "PON_ID": "PON Boundaries#158", "layer": "Vault", "path": "/Users/sandeepreddypailla/Downloads/Merge July 17th/PomeGran_Rock_Desbarats_HLD_v1.9/PomeGran_Rock_Desbarats_HLD_v1.9/Vault.shp", "Contractor": null, "DtAsgCnstr": null, "ConStartDt": null, "DtInstald": null }, "geometry": { "type": "Point", "coordinates": [ 286795.716285750910174, 5133409.455532827414572 ] } },
{ "type": "Feature", "properties": { "ID": "86", "Size": "30X48X24", "Owner": "Rock Networks", "Status": "Proposed", "Struct_1": "Medium", "Subtype": "Vault", "Struct_2": "Splice", "Permit_ID": "MC-P4000109", "Trunk_ID": "TRUNK40440", "FDH_ID": null, "Lot_No": "LOT_24", "FSA_No": "PLUMMER ADDITIONAL FSA26", "OLT_ID": "402", "Subdiv": "4", "Comments": null, "SKU": "VLT-SGL-3048", "PON_ID": "PON Boundaries#158", "layer": "Vault", "path": "/Users/sandeepreddypailla/Downloads/Merge July 17th/PomeGran_Rock_Desbarats_HLD_v1.9/PomeGran_Rock_Desbarats_HLD_v1.9/Vault.shp", "Contractor": null, "DtAsgCnstr": null, "ConStartDt": null, "DtInstald": null }, "geometry": { "type": "Point", "coordinates": [ 286812.900318459607661, 5133254.124001582153141 ] } },
{ "type": "Feature", "properties": { "ID": "87", "Size": "30X48X24", "Owner": "Rock Networks", "Status": "Proposed", "Struct_1": "Medium", "Subtype": "Vault", "Struct_2": "Splice", "Permit_ID": "MC-P4000109", "Trunk_ID": "TRUNK40440", "FDH_ID": null, "Lot_No": "LOT_24", "FSA_No": "PLUMMER ADDITIONAL FSA26", "OLT_ID": "402", "Subdiv": "4", "Comments": null, "SKU": "VLT-SGL-3048", "PON_ID": "PON Boundaries#158", "layer": "Vault", "path": "/Users/sandeepreddypailla/Downloads/Merge July 17th/PomeGran_Rock_Desbarats_HLD_v1.9/PomeGran_Rock_Desbarats_HLD_v1.9/Vault.shp", "Contractor": null, "DtAsgCnstr": null, "ConStartDt": null, "DtInstald": null }, "geometry": { "type": "Point", "coordinates": [ 286813.298752917093225, 5133172.695131645537913 ] } },
{ "type": "Feature", "properties": { "ID": "88", "Size": "30X48X24", "Owner": "Rock Networks", "Status": "Proposed", "Struct_1": "Medium", "Subtype": "Vault", "Struct_2": "Splice", "Permit_ID": "MC-P4000109", "Trunk_ID": "TRUNK40226", "FDH_ID": null, "Lot_No": "LOT_24", "FSA_No": "PLUMMER ADDITIONAL FSA26", "OLT_ID": "402", "Subdiv": "4", "Comments": null, "SKU": "VLT-SGL-3048", "PON_ID": "PON Boundaries#159", "layer": "Vault", "path": "/Users/sandeepreddypailla/Downloads/Merge July 17th/PomeGran_Rock_Desbarats_HLD_v1.9/PomeGran_Rock_Desbarats_HLD_v1.9/Vault.shp", "Contractor": null, "DtAsgCnstr": null, "ConStartDt": null, "DtInstald": null }, "geometry": { "type": "Point", "coordinates": [ 286810.322971044573933, 5133020.656762602739036 ] } },
{ "type": "Feature", "properties": { "ID": "89", "Size": "30X48X24", "Owner": "Rock Networks", "Status": "Proposed", "Struct_1": "Medium", "Subtype": "Vault", "Struct_2": "Splice", "Permit_ID": "MC-P4000109", "Trunk_ID": "TRUNK40226", "FDH_ID": null, "Lot_No": "LOT_24", "FSA_No": "PLUMMER ADDITIONAL FSA26", "OLT_ID": "402", "Subdiv": "4", "Comments": null, "SKU": "VLT-SGL-3048", "PON_ID": "PON Boundaries#159", "layer": "Vault", "path": "/Users/sandeepreddypailla/Downloads/Merge July 17th/PomeGran_Rock_Desbarats_HLD_v1.9/PomeGran_Rock_Desbarats_HLD_v1.9/Vault.shp", "Contractor": null, "DtAsgCnstr": null, "ConStartDt": null, "DtInstald": null }, "geometry": { "type": "Point", "coordinates": [ 286701.624944742652588, 5132491.028625634498894 ] } },
{ "type": "Feature", "properties": { "ID": "90", "Size": "30X48X24", "Owner": "Rock Networks", "Status": "Proposed", "Struct_1": "Medium", "Subtype": "Vault", "Struct_2": "Splice", "Permit_ID": "MC-P4000109", "Trunk_ID": "TRUNK40244", "FDH_ID": null, "Lot_No": "LOT_34", "FSA_No": "BRUCE MINES FSA7", "OLT_ID": "402", "Subdiv": "4", "Comments": null, "SKU": "VLT-SGL-3048", "PON_ID": "PON Boundaries#168", "layer": "Vault", "path": "/Users/sandeepreddypailla/Downloads/Merge July 17th/PomeGran_Rock_Desbarats_HLD_v1.9/PomeGran_Rock_Desbarats_HLD_v1.9/Vault.shp", "Contractor": null, "DtAsgCnstr": null, "ConStartDt": null, "DtInstald": null }, "geometry": { "type": "Point", "coordinates": [ 285713.572602285770699, 5131354.662719112820923 ] } },
{ "type": "Feature", "properties": { "ID": "91", "Size": "30X48X24", "Owner": "Rock Networks", "Status": "Proposed", "Struct_1": "Medium", "Subtype": "Vault", "Struct_2": "Splice", "Permit_ID": "MC-P4000109", "Trunk_ID": "TRUNK40227", "FDH_ID": null, "Lot_No": "LOT_34", "FSA_No": "BRUCE MINES FSA7", "OLT_ID": "402", "Subdiv": "4", "Comments": null, "SKU": "VLT-SGL-3048", "PON_ID": "PON Boundaries#168", "layer": "Vault", "path": "/Users/sandeepreddypailla/Downloads/Merge July 17th/PomeGran_Rock_Desbarats_HLD_v1.9/PomeGran_Rock_Desbarats_HLD_v1.9/Vault.shp", "Contractor": null, "DtAsgCnstr": null, "ConStartDt": null, "DtInstald": null }, "geometry": { "type": "Point", "coordinates": [ 286007.208046790619846, 5131617.442288166843355 ] } },
{ "type": "Feature", "properties": { "ID": "92", "Size": "30X48X24", "Owner": "Rock Networks", "Status": "Proposed", "Struct_1": "Medium", "Subtype": "Vault", "Struct_2": "Splice", "Permit_ID": "MC-P4000109", "Trunk_ID": "TRUNK40227", "FDH_ID": null, "Lot_No": "LOT_34", "FSA_No": "BRUCE MINES FSA7", "OLT_ID": "402", "Subdiv": "4", "Comments": null, "SKU": "VLT-SGL-3048", "PON_ID": "PON Boundaries#168", "layer": "Vault", "path": "/Users/sandeepreddypailla/Downloads/Merge July 17th/PomeGran_Rock_Desbarats_HLD_v1.9/PomeGran_Rock_Desbarats_HLD_v1.9/Vault.shp", "Contractor": null, "DtAsgCnstr": null, "ConStartDt": null, "DtInstald": null }, "geometry": { "type": "Point", "coordinates": [ 286225.496432317653671, 5131731.824423137120903 ] } },
{ "type": "Feature", "properties": { "ID": "93", "Size": "30X48X24", "Owner": "Rock Networks", "Status": "Proposed", "Struct_1": "Medium", "Subtype": "Vault", "Struct_2": "Splice", "Permit_ID": "MC-P4000110", "Trunk_ID": "TRUNK40472", "FDH_ID": null, "Lot_No": "LOT_35", "FSA_No": "PLUMMER ADDITIONAL FSA26", "OLT_ID": "402", "Subdiv": "4", "Comments": null, "SKU": "VLT-SGL-3048", "PON_ID": "PON Boundaries#164", "layer": "Vault", "path": "/Users/sandeepreddypailla/Downloads/Merge July 17th/PomeGran_Rock_Desbarats_HLD_v1.9/PomeGran_Rock_Desbarats_HLD_v1.9/Vault.shp", "Contractor": null, "DtAsgCnstr": null, "ConStartDt": null, "DtInstald": null }, "geometry": { "type": "Point", "coordinates": [ 294822.210569369315635, 5129449.005452055484056 ] } },
{ "type": "Feature", "properties": { "ID": "94", "Size": "30X48X24", "Owner": "Rock Networks", "Status": "Proposed", "Struct_1": "Medium", "Subtype": "Vault", "Struct_2": "Splice", "Permit_ID": "MC-P4000106", "Trunk_ID": "TRUNK40435", "FDH_ID": null, "Lot_No": "LOT_01", "FSA_No": "JOHNSON FSA20", "OLT_ID": "402", "Subdiv": "4", "Comments": null, "SKU": "VLT-SGL-3048", "PON_ID": "PON Boundaries#141", "layer": "Vault", "path": "/Users/sandeepreddypailla/Downloads/Merge July 17th/PomeGran_Rock_Desbarats_HLD_v1.9/PomeGran_Rock_Desbarats_HLD_v1.9/Vault.shp", "Contractor": null, "DtAsgCnstr": null, "ConStartDt": null, "DtInstald": null }, "geometry": { "type": "Point", "coordinates": [ 275084.520231899281498, 5136610.386675579473376 ] } },
{ "type": "Feature", "properties": { "ID": "95", "Size": "30X48X24", "Owner": "Rock Networks", "Status": "Proposed", "Struct_1": "Medium", "Subtype": "Vault", "Struct_2": "Splice", "Permit_ID": "MC-P4000068", "Trunk_ID": "TRUNK40195", "FDH_ID": null, "Lot_No": "LOT_23", "FSA_No": "JOHNSON FSA20", "OLT_ID": "402", "Subdiv": "4", "Comments": null, "SKU": "VLT-SGL-3048", "PON_ID": "PON Boundaries#153", "layer": "Vault", "path": "/Users/sandeepreddypailla/Downloads/Merge July 17th/PomeGran_Rock_Desbarats_HLD_v1.9/PomeGran_Rock_Desbarats_HLD_v1.9/Vault.shp", "Contractor": null, "DtAsgCnstr": null, "ConStartDt": null, "DtInstald": null }, "geometry": { "type": "Point", "coordinates": [ 281976.828389725531451, 5134162.38984028249979 ] } },
{ "type": "Feature", "properties": { "ID": "96", "Size": "30X48X24", "Owner": "Rock Networks", "Status": "Proposed", "Struct_1": "Medium", "Subtype": "Vault", "Struct_2": "Splice", "Permit_ID": "MC-P4000108", "Trunk_ID": "TRUNK40195", "FDH_ID": null, "Lot_No": "LOT_23", "FSA_No": "JOHNSON FSA20", "OLT_ID": "402", "Subdiv": "4", "Comments": null, "SKU": "VLT-SGL-3048", "PON_ID": "PON Boundaries#153", "layer": "Vault", "path": "/Users/sandeepreddypailla/Downloads/Merge July 17th/PomeGran_Rock_Desbarats_HLD_v1.9/PomeGran_Rock_Desbarats_HLD_v1.9/Vault.shp", "Contractor": null, "DtAsgCnstr": null, "ConStartDt": null, "DtInstald": null }, "geometry": { "type": "Point", "coordinates": [ 282328.227307802415453, 5133792.210148813202977 ] } },
{ "type": "Feature", "properties": { "ID": "97", "Size": "30X48X24", "Owner": "Rock Networks", "Status": "Proposed", "Struct_1": "Medium", "Subtype": "Vault", "Struct_2": "Splice", "Permit_ID": "RAIL-P4000020", "Trunk_ID": "TRUNK40142", "FDH_ID": null, "Lot_No": "LOT_07", "FSA_No": "JOHNSON FSA20", "OLT_ID": "402", "Subdiv": "4", "Comments": null, "SKU": "VLT-SGL-3048", "PON_ID": "PON Boundaries#100", "layer": "Vault", "path": "/Users/sandeepreddypailla/Downloads/Merge July 17th/PomeGran_Rock_Desbarats_HLD_v1.9/PomeGran_Rock_Desbarats_HLD_v1.9/Vault.shp", "Contractor": null, "DtAsgCnstr": null, "ConStartDt": null, "DtInstald": null }, "geometry": { "type": "Point", "coordinates": [ 272278.353238450188655, 5140764.949995112605393 ] } },
{ "type": "Feature", "properties": { "ID": "98", "Size": "30X48X24", "Owner": "Rock Networks", "Status": "Proposed", "Struct_1": "Medium", "Subtype": "Vault", "Struct_2": "Splice", "Permit_ID": "RAIL-P4000010", "Trunk_ID": "TRUNK40437", "FDH_ID": null, "Lot_No": "LOT_24", "FSA_No": "PLUMMER ADDITIONAL FSA26", "OLT_ID": "402", "Subdiv": "4", "Comments": null, "SKU": "VLT-SGL-3048", "PON_ID": "PON Boundaries#157", "layer": "Vault", "path": "/Users/sandeepreddypailla/Downloads/Merge July 17th/PomeGran_Rock_Desbarats_HLD_v1.9/PomeGran_Rock_Desbarats_HLD_v1.9/Vault.shp", "Contractor": null, "DtAsgCnstr": null, "ConStartDt": null, "DtInstald": null }, "geometry": { "type": "Point", "coordinates": [ 285200.812904279096983, 5134300.609222875908017 ] } },
{ "type": "Feature", "properties": { "ID": "99", "Size": "30X48X24", "Owner": "Rock Networks", "Status": "Proposed", "Struct_1": "Medium", "Subtype": "Vault", "Struct_2": "Splice", "Permit_ID": "RAIL-P4000010", "Trunk_ID": "TRUNK40437", "FDH_ID": null, "Lot_No": "LOT_24", "FSA_No": "PLUMMER ADDITIONAL FSA26", "OLT_ID": "402", "Subdiv": "4", "Comments": null, "SKU": "VLT-SGL-3048", "PON_ID": "PON Boundaries#157", "layer": "Vault", "path": "/Users/sandeepreddypailla/Downloads/Merge July 17th/PomeGran_Rock_Desbarats_HLD_v1.9/PomeGran_Rock_Desbarats_HLD_v1.9/Vault.shp", "Contractor": null, "DtAsgCnstr": null, "ConStartDt": null, "DtInstald": null }, "geometry": { "type": "Point", "coordinates": [ 285205.296664070279803, 5134347.726780692115426 ] } },
{ "type": "Feature", "properties": { "ID": "3", "Size": "36X60X36", "Owner": "Rock Networks", "Status": "Proposed", "Struct_1": "Large", "Subtype": "Vault", "Struct_2": "Splice", "Permit_ID": "FS06-MC09-UG", "Trunk_ID": null, "FDH_ID": "FDH202029", "Lot_No": null, "FSA_No": "BLIND RIVER FSA6", "OLT_ID": "202", "Subdiv": "2", "Comments": null, "SKU": "VLT366036", "PON_ID": null, "layer": null, "path": null, "Contractor": null, "DtAsgCnstr": null, "ConStartDt": null, "DtInstald": null }, "geometry": { "type": "Point", "coordinates": [ 346946.441898657009006, 5122088.621029861271381 ] } },
{ "type": "Feature", "properties": { "ID": "12", "Size": "36X60X36", "Owner": "Rock Networks", "Status": "Proposed", "Struct_1": "Large", "Subtype": "Vault", "Struct_2": "Splice", "Permit_ID": "FS18-MC01-UG", "Trunk_ID": null, "FDH_ID": "FDH201032", "Lot_No": null, "FSA_No": "HURON SHORES FSA18", "OLT_ID": "201", "Subdiv": "2", "Comments": null, "SKU": "VLT366036", "PON_ID": null, "layer": null, "path": null, "Contractor": null, "DtAsgCnstr": null, "ConStartDt": null, "DtInstald": null }, "geometry": { "type": "Point", "coordinates": [ 318059.048033615690656, 5133282.08009350951761 ] } },
{ "type": "Feature", "properties": { "ID": "10", "Size": "9x12", "Owner": "Rock Networks", "Status": "Proposed", "Struct_1": "Flower pot", "Subtype": "Vault", "Struct_2": null, "Permit_ID": "FS18-MC01-UG", "Trunk_ID": null, "FDH_ID": "FDH201032", "Lot_No": null, "FSA_No": "HURON SHORES FSA18", "OLT_ID": "201", "Subdiv": "2", "Comments": null, "SKU": null, "PON_ID": null, "layer": null, "path": null, "Contractor": null, "DtAsgCnstr": null, "ConStartDt": null, "DtInstald": null }, "geometry": { "type": "Point", "coordinates": [ 319388.031541629228741, 5135752.711563440971076 ] } },
{ "type": "Feature", "properties": { "ID": "13", "Size": "36X60X36", "Owner": "Rock Networks", "Status": "Proposed", "Struct_1": "Large", "Subtype": "Vault", "Struct_2": "Splice", "Permit_ID": "FS18-MC01-UG", "Trunk_ID": null, "FDH_ID": "FDH201032", "Lot_No": null, "FSA_No": "HURON SHORES FSA18", "OLT_ID": "201", "Subdiv": "2", "Comments": null, "SKU": "VLT366036", "PON_ID": null, "layer": null, "path": null, "Contractor": null, "DtAsgCnstr": null, "ConStartDt": null, "DtInstald": null }, "geometry": { "type": "Point", "coordinates": [ 319373.301127888378687, 5135166.018860409036279 ] } },
{ "type": "Feature", "properties": { "ID": "375", "Size": "30X48X24", "Owner": "Rock Networks", "Status": "Proposed", "Struct_1": "Medium", "Subtype": "Vault", "Struct_2": null, "Permit_ID": "FS18-MC01-UG", "Trunk_ID": "TRUNK20183", "FDH_ID": "FDH201032", "Lot_No": null, "FSA_No": "HURON SHORES FSA18", "OLT_ID": "201", "Subdiv": "2", "Comments": "For future expansion", "SKU": "VLT304824", "PON_ID": null, "layer": null, "path": null, "Contractor": null, "DtAsgCnstr": null, "ConStartDt": null, "DtInstald": null }, "geometry": { "type": "Point", "coordinates": [ 317383.177359482040629, 5133621.694887099787593 ] } },
{ "type": "Feature", "properties": { "ID": "14", "Size": "36X60X36", "Owner": "Rock Networks", "Status": "Proposed", "Struct_1": "Large", "Subtype": "Vault", "Struct_2": "Splice", "Permit_ID": "FS18-MC01-UG", "Trunk_ID": null, "FDH_ID": "FDH201032", "Lot_No": null, "FSA_No": "HURON SHORES FSA18", "OLT_ID": "201", "Subdiv": "2", "Comments": null, "SKU": "VLT366036", "PON_ID": null, "layer": null, "path": null, "Contractor": null, "DtAsgCnstr": null, "ConStartDt": null, "DtInstald": null }, "geometry": { "type": "Point", "coordinates": [ 317734.848023615195416, 5134155.307659046724439 ] } },
{ "type": "Feature", "properties": { "ID": "376", "Size": "9x12", "Owner": "Rock Networks", "Status": "Proposed", "Struct_1": "Flower pot", "Subtype": "Vault", "Struct_2": null, "Permit_ID": "FS18-MC01-UG", "Trunk_ID": "TRUNK20182", "FDH_ID": "FDH201032", "Lot_No": null, "FSA_No": "HURON SHORES FSA18", "OLT_ID": "201", "Subdiv": "2", "Comments": null, "SKU": null, "PON_ID": null, "layer": null, "path": null, "Contractor": null, "DtAsgCnstr": null, "ConStartDt": null, "DtInstald": null }, "geometry": { "type": "Point", "coordinates": [ 317781.794203065219335, 5133517.567937998101115 ] } },
{ "type": "Feature", "properties": { "ID": "377", "Size": "9x12", "Owner": "Rock Networks", "Status": "Proposed", "Struct_1": "Flower pot", "Subtype": "Vault", "Struct_2": null, "Permit_ID": "FS18-MC01-UG", "Trunk_ID": "TRUNK20182", "FDH_ID": "FDH201032", "Lot_No": null, "FSA_No": "HURON SHORES FSA18", "OLT_ID": "201", "Subdiv": "2", "Comments": null, "SKU": null, "PON_ID": null, "layer": null, "path": null, "Contractor": null, "DtAsgCnstr": null, "ConStartDt": null, "DtInstald": null }, "geometry": { "type": "Point", "coordinates": [ 317834.541018467862159, 5133413.107188746333122 ] } },
{ "type": "Feature", "properties": { "ID": "15", "Size": "36X60X36", "Owner": "Rock Networks", "Status": "Proposed", "Struct_1": "Large", "Subtype": "Vault", "Struct_2": "Splice", "Permit_ID": "FS18-MC01-UG", "Trunk_ID": null, "FDH_ID": "FDH201032", "Lot_No": null, "FSA_No": "HURON SHORES FSA18", "OLT_ID": "201", "Subdiv": "2", "Comments": null, "SKU": "VLT366036", "PON_ID": null, "layer": null, "path": null, "Contractor": null, "DtAsgCnstr": null, "ConStartDt": null, "DtInstald": null }, "geometry": { "type": "Point", "coordinates": [ 319355.409781876136549, 5134863.733973355032504 ] } },
{ "type": "Feature", "properties": { "ID": "378", "Size": "9x12", "Owner": "Rock Networks", "Status": "Proposed", "Struct_1": "Flower pot", "Subtype": "Vault", "Struct_2": null, "Permit_ID": "FS18-MC01-UG", "Trunk_ID": "TRUNK20182", "FDH_ID": "FDH201032", "Lot_No": null, "FSA_No": "HURON SHORES FSA18", "OLT_ID": "201", "Subdiv": "2", "Comments": null, "SKU": null, "PON_ID": null, "layer": null, "path": null, "Contractor": null, "DtAsgCnstr": null, "ConStartDt": null, "DtInstald": null }, "geometry": { "type": "Point", "coordinates": [ 318016.536325507098809, 5133298.438088145107031 ] } },
{ "type": "Feature", "properties": { "ID": "379", "Size": "9x12", "Owner": "Rock Networks", "Status": "Proposed", "Struct_1": "Flower pot", "Subtype": "Vault", "Struct_2": null, "Permit_ID": "FS18-MC01-UG", "Trunk_ID": "TRUNK20182", "FDH_ID": "FDH201032", "Lot_No": null, "FSA_No": "HURON SHORES FSA18", "OLT_ID": "201", "Subdiv": "2", "Comments": null, "SKU": null, "PON_ID": null, "layer": null, "path": null, "Contractor": null, "DtAsgCnstr": null, "ConStartDt": null, "DtInstald": null }, "geometry": { "type": "Point", "coordinates": [ 318145.504518109490164, 5133244.323734856210649 ] } },
{ "type": "Feature", "properties": { "ID": "380", "Size": "9x12", "Owner": "Rock Networks", "Status": "Proposed", "Struct_1": "Flower pot", "Subtype": "Vault", "Struct_2": null, "Permit_ID": "FS18-MC01-UG", "Trunk_ID": "TRUNK20182", "FDH_ID": "FDH201032", "Lot_No": null, "FSA_No": "HURON SHORES FSA18", "OLT_ID": "201", "Subdiv": "2", "Comments": null, "SKU": null, "PON_ID": null, "layer": null, "path": null, "Contractor": null, "DtAsgCnstr": null, "ConStartDt": null, "DtInstald": null }, "geometry": { "type": "Point", "coordinates": [ 318118.092641422757879, 5133257.890966297127306 ] } },
{ "type": "Feature", "properties": { "ID": "1", "Size": "36X60X36", "Owner": "Rock Networks", "Status": "Proposed", "Struct_1": "Large", "Subtype": "Vault", "Struct_2": "Splice", "Permit_ID": "FS06-MC03-UG", "Trunk_ID": null, "FDH_ID": "FDH202031", "Lot_No": null, "FSA_No": "BLIND RIVER FSA6", "OLT_ID": "202", "Subdiv": "2", "Comments": null, "SKU": "VLT366036", "PON_ID": null, "layer": null, "path": null, "Contractor": null, "DtAsgCnstr": null, "ConStartDt": null, "DtInstald": null }, "geometry": { "type": "Point", "coordinates": [ 351431.875389360589907, 5124565.61990294419229 ] } },
{ "type": "Feature", "properties": { "ID": "7", "Size": "36X60X36", "Owner": "Rock Networks", "Status": "Proposed", "Struct_1": "Large", "Subtype": "Vault", "Struct_2": "Splice", "Permit_ID": "FS06-MC03-UG", "Trunk_ID": null, "FDH_ID": "FDH202029", "Lot_No": null, "FSA_No": "BLIND RIVER FSA6", "OLT_ID": "202", "Subdiv": "2", "Comments": null, "SKU": "VLT366036", "PON_ID": null, "layer": null, "path": null, "Contractor": null, "DtAsgCnstr": null, "ConStartDt": null, "DtInstald": null }, "geometry": { "type": "Point", "coordinates": [ 346949.674591081449762, 5122162.223196274600923 ] } },
{ "type": "Feature", "properties": { "ID": "39", "Size": "36X60X36", "Owner": "Rock Networks", "Status": "Proposed", "Struct_1": "Large", "Subtype": "Vault", "Struct_2": "Splice", "Permit_ID": "FS38-MC01-UG", "Trunk_ID": null, "FDH_ID": "FDH201034", "Lot_No": null, "FSA_No": "THESSALON FSA38", "OLT_ID": "201", "Subdiv": "2", "Comments": null, "SKU": "VLT366036", "PON_ID": null, "layer": null, "path": null, "Contractor": null, "DtAsgCnstr": null, "ConStartDt": null, "DtInstald": null }, "geometry": { "type": "Point", "coordinates": [ 302897.329547325731255, 5126723.03926704544574 ] } },
{ "type": "Feature", "properties": { "ID": "46", "Size": "36X60X36", "Owner": "Rock Networks", "Status": "Proposed", "Struct_1": "Large", "Subtype": "Vault", "Struct_2": "Splice", "Permit_ID": "FS06-MC01-UG", "Trunk_ID": null, "FDH_ID": "FDH202002", "Lot_No": null, "FSA_No": "BLIND RIVER FSA6", "OLT_ID": "202", "Subdiv": "2", "Comments": null, "SKU": "VLT366036", "PON_ID": null, "layer": null, "path": null, "Contractor": null, "DtAsgCnstr": null, "ConStartDt": null, "DtInstald": null }, "geometry": { "type": "Point", "coordinates": [ 349594.052144620218314, 5116401.86816952843219 ] } },
{ "type": "Feature", "properties": { "ID": "366", "Size": "9x12", "Owner": "Rock Networks", "Status": "Proposed", "Struct_1": "Flower pot", "Subtype": "Vault", "Struct_2": null, "Permit_ID": "FS18-MC01-UG", "Trunk_ID": "TRUNK20390", "FDH_ID": "FDH201032", "Lot_No": null, "FSA_No": "HURON SHORES FSA18", "OLT_ID": "201", "Subdiv": "2", "Comments": null, "SKU": null, "PON_ID": null, "layer": null, "path": null, "Contractor": null, "DtAsgCnstr": null, "ConStartDt": null, "DtInstald": null }, "geometry": { "type": "Point", "coordinates": [ 316964.46955346519826, 5133531.93804054427892 ] } },
{ "type": "Feature", "properties": { "ID": "358", "Size": "36X60X36", "Owner": "Rock Networks", "Status": "Proposed", "Struct_1": "Large", "Subtype": "Vault", "Struct_2": "Splice", "Permit_ID": "FS06-MC01-UG", "Trunk_ID": "TRUNK20352", "FDH_ID": "FDH202027", "Lot_No": null, "FSA_No": "BLIND RIVER FSA6", "OLT_ID": "202", "Subdiv": "2", "Comments": null, "SKU": "VLT366036", "PON_ID": null, "layer": null, "path": null, "Contractor": null, "DtAsgCnstr": null, "ConStartDt": null, "DtInstald": null }, "geometry": { "type": "Point", "coordinates": [ 350451.421528664126527, 5120930.278239437378943 ] } },
{ "type": "Feature", "properties": { "ID": "149", "Size": "36X60X36", "Owner": "Rock Networks", "Status": "Proposed", "Struct_1": "Large", "Subtype": "Vault", "Struct_2": "Splice", "Permit_ID": "FS06-MC14-UG", "Trunk_ID": "TRUNK30184", "FDH_ID": "FDH202027", "Lot_No": null, "FSA_No": "BLIND RIVER FSA6", "OLT_ID": "202", "Subdiv": "2", "Comments": "Abandonned. See comment in permit FS06-MC14.", "SKU": "VLT366036", "PON_ID": null, "layer": null, "path": null, "Contractor": null, "DtAsgCnstr": null, "ConStartDt": null, "DtInstald": null }, "geometry": { "type": "Point", "coordinates": [ 350155.120095115737058, 5121949.744011091068387 ] } },
{ "type": "Feature", "properties": { "ID": "363", "Size": "9x12", "Owner": "Rock Networks", "Status": "Proposed", "Struct_1": "Flower pot", "Subtype": "Vault", "Struct_2": null, "Permit_ID": "FS18-MC01-UG", "Trunk_ID": "TRUNK20390", "FDH_ID": "FDH201032", "Lot_No": null, "FSA_No": "HURON SHORES FSA18", "OLT_ID": "201", "Subdiv": "2", "Comments": null, "SKU": null, "PON_ID": null, "layer": null, "path": null, "Contractor": null, "DtAsgCnstr": null, "ConStartDt": null, "DtInstald": null }, "geometry": { "type": "Point", "coordinates": [ 317146.970690226065926, 5133480.001069494523108 ] } },
{ "type": "Feature", "properties": { "ID": "6", "Size": "36X60X36", "Owner": "Rock Networks", "Status": "Proposed", "Struct_1": "Large", "Subtype": "Vault", "Struct_2": "Splice", "Permit_ID": "FS06-MC09-UG", "Trunk_ID": null, "FDH_ID": "FDH202029", "Lot_No": null, "FSA_No": "BLIND RIVER FSA6", "OLT_ID": "202", "Subdiv": "2", "Comments": null, "SKU": "VLT366036", "PON_ID": null, "layer": null, "path": null, "Contractor": null, "DtAsgCnstr": null, "ConStartDt": null, "DtInstald": null }, "geometry": { "type": "Point", "coordinates": [ 347100.322144068544731, 5121494.350339137949049 ] } },
{ "type": "Feature", "properties": { "ID": "38", "Size": "36X60X36", "Owner": "Rock Networks", "Status": "Proposed", "Struct_1": "Large", "Subtype": "Vault", "Struct_2": "Splice", "Permit_ID": "FS38-MC01-UG", "Trunk_ID": null, "FDH_ID": "FDH201034", "Lot_No": null, "FSA_No": "THESSALON FSA38", "OLT_ID": "201", "Subdiv": "2", "Comments": null, "SKU": "VLT366036", "PON_ID": null, "layer": null, "path": null, "Contractor": null, "DtAsgCnstr": null, "ConStartDt": null, "DtInstald": null }, "geometry": { "type": "Point", "coordinates": [ 302900.690959303057753, 5126773.026309865526855 ] } },
{ "type": "Feature", "properties": { "ID": "365", "Size": "9x12", "Owner": "Rock Networks", "Status": "Proposed", "Struct_1": "Flower pot", "Subtype": "Vault", "Struct_2": null, "Permit_ID": "FS18-MC01-UG", "Trunk_ID": "TRUNK20390", "FDH_ID": "FDH201032", "Lot_No": null, "FSA_No": "HURON SHORES FSA18", "OLT_ID": "201", "Subdiv": "2", "Comments": null, "SKU": null, "PON_ID": null, "layer": null, "path": null, "Contractor": null, "DtAsgCnstr": null, "ConStartDt": null, "DtInstald": null }, "geometry": { "type": "Point", "coordinates": [ 317009.567874325439334, 5133489.192056872881949 ] } },
{ "type": "Feature", "properties": { "ID": "367", "Size": "9x12", "Owner": "Rock Networks", "Status": "Proposed", "Struct_1": "Flower pot", "Subtype": "Vault", "Struct_2": null, "Permit_ID": "FS18-MC01-UG", "Trunk_ID": "TRUNK20390", "FDH_ID": "FDH201032", "Lot_No": null, "FSA_No": "HURON SHORES FSA18", "OLT_ID": "201", "Subdiv": "2", "Comments": null, "SKU": null, "PON_ID": null, "layer": null, "path": null, "Contractor": null, "DtAsgCnstr": null, "ConStartDt": null, "DtInstald": null }, "geometry": { "type": "Point", "coordinates": [ 316953.243707367102616, 5133578.282371788285673 ] } },
{ "type": "Feature", "properties": { "ID": "8", "Size": "36X60X36", "Owner": "Rock Networks", "Status": "Proposed", "Struct_1": "Large", "Subtype": "Vault", "Struct_2": "Splice", "Permit_ID": "FS18-MC02-UG", "Trunk_ID": null, "FDH_ID": "FDH201014", "Lot_No": null, "FSA_No": "HURON SHORES FSA18", "OLT_ID": "201", "Subdiv": "2", "Comments": null, "SKU": "VLT366036", "PON_ID": null, "layer": null, "path": null, "Contractor": null, "DtAsgCnstr": null, "ConStartDt": null, "DtInstald": null }, "geometry": { "type": "Point", "coordinates": [ 312498.66743574681459, 5130109.131143918260932 ] } },
{ "type": "Feature", "properties": { "ID": "9", "Size": "36X60X36", "Owner": "Rock Networks", "Status": "Proposed", "Struct_1": "Large", "Subtype": "Vault", "Struct_2": "Splice", "Permit_ID": "FS18-MC02-UG", "Trunk_ID": null, "FDH_ID": "FDH201014", "Lot_No": null, "FSA_No": "HURON SHORES FSA18", "OLT_ID": "201", "Subdiv": "2", "Comments": null, "SKU": "VLT366036", "PON_ID": null, "layer": null, "path": null, "Contractor": null, "DtAsgCnstr": null, "ConStartDt": null, "DtInstald": null }, "geometry": { "type": "Point", "coordinates": [ 312773.396043806103989, 5130066.333247249014676 ] } },
{ "type": "Feature", "properties": { "ID": "11", "Size": "30X48X24", "Owner": "Rock Networks", "Status": "Proposed", "Struct_1": "Medium", "Subtype": "Vault", "Struct_2": null, "Permit_ID": "FS18-MC01-UG", "Trunk_ID": null, "FDH_ID": "FDH201032", "Lot_No": null, "FSA_No": "HURON SHORES FSA18", "OLT_ID": "201", "Subdiv": "2", "Comments": null, "SKU": null, "PON_ID": null, "layer": null, "path": null, "Contractor": null, "DtAsgCnstr": null, "ConStartDt": null, "DtInstald": null }, "geometry": { "type": "Point", "coordinates": [ 318235.690446250257082, 5133136.503399004228413 ] } },
{ "type": "Feature", "properties": { "ID": "368", "Size": "9x12", "Owner": "Rock Networks", "Status": "Proposed", "Struct_1": "Flower pot", "Subtype": "Vault", "Struct_2": null, "Permit_ID": "FS18-MC01-UG", "Trunk_ID": "TRUNK20390", "FDH_ID": "FDH201032", "Lot_No": null, "FSA_No": "HURON SHORES FSA18", "OLT_ID": "201", "Subdiv": "2", "Comments": null, "SKU": null, "PON_ID": null, "layer": null, "path": null, "Contractor": null, "DtAsgCnstr": null, "ConStartDt": null, "DtInstald": null }, "geometry": { "type": "Point", "coordinates": [ 316871.852650417247787, 5133943.892776784487069 ] } },
{ "type": "Feature", "properties": { "ID": "369", "Size": "9x12", "Owner": "Rock Networks", "Status": "Proposed", "Struct_1": "Flower pot", "Subtype": "Vault", "Struct_2": null, "Permit_ID": "FS18-MC01-UG", "Trunk_ID": "TRUNK20390", "FDH_ID": "FDH201032", "Lot_No": null, "FSA_No": "HURON SHORES FSA18", "OLT_ID": "201", "Subdiv": "2", "Comments": null, "SKU": null, "PON_ID": null, "layer": null, "path": null, "Contractor": null, "DtAsgCnstr": null, "ConStartDt": null, "DtInstald": null }, "geometry": { "type": "Point", "coordinates": [ 316874.743130979652051, 5133872.177360448986292 ] } },
{ "type": "Feature", "properties": { "ID": "370", "Size": "9x12", "Owner": "Rock Networks", "Status": "Proposed", "Struct_1": "Flower pot", "Subtype": "Vault", "Struct_2": null, "Permit_ID": "FS18-MC01-UG", "Trunk_ID": "TRUNK20390", "FDH_ID": "FDH201032", "Lot_No": null, "FSA_No": "HURON SHORES FSA18", "OLT_ID": "201", "Subdiv": "2", "Comments": null, "SKU": null, "PON_ID": null, "layer": null, "path": null, "Contractor": null, "DtAsgCnstr": null, "ConStartDt": null, "DtInstald": null }, "geometry": { "type": "Point", "coordinates": [ 316875.895457478356548, 5133846.761243118904531 ] } },
{ "type": "Feature", "properties": { "ID": "35", "Size": "36X60X36", "Owner": "Rock Networks", "Status": "Proposed", "Struct_1": "Large", "Subtype": "Vault", "Struct_2": "Splice", "Permit_ID": "FS18-MC01-UG", "Trunk_ID": null, "FDH_ID": "FDH201015", "Lot_No": null, "FSA_No": "HURON SHORES FSA18", "OLT_ID": "201", "Subdiv": "2", "Comments": null, "SKU": "VLT366036", "PON_ID": null, "layer": null, "path": null, "Contractor": null, "DtAsgCnstr": null, "ConStartDt": null, "DtInstald": null }, "geometry": { "type": "Point", "coordinates": [ 314206.546952442615293, 5128310.546741856262088 ] } },
{ "type": "Feature", "properties": { "ID": "36", "Size": "36X60X36", "Owner": "Rock Networks", "Status": "Proposed", "Struct_1": "Large", "Subtype": "Vault", "Struct_2": "Splice", "Permit_ID": "FS18-MC01-UG", "Trunk_ID": null, "FDH_ID": "FDH201015", "Lot_No": null, "FSA_No": "HURON SHORES FSA18", "OLT_ID": "201", "Subdiv": "2", "Comments": null, "SKU": "VLT366036", "PON_ID": null, "layer": null, "path": null, "Contractor": null, "DtAsgCnstr": null, "ConStartDt": null, "DtInstald": null }, "geometry": { "type": "Point", "coordinates": [ 315141.89678395492956, 5129118.269371264614165 ] } },
{ "type": "Feature", "properties": { "ID": "37", "Size": "36X60X36", "Owner": "Rock Networks", "Status": "Proposed", "Struct_1": "Large", "Subtype": "Vault", "Struct_2": "Splice", "Permit_ID": "FS18-MC01-UG", "Trunk_ID": null, "FDH_ID": "FDH201015", "Lot_No": null, "FSA_No": "HURON SHORES FSA18", "OLT_ID": "201", "Subdiv": "2", "Comments": null, "SKU": "VLT366036", "PON_ID": null, "layer": null, "path": null, "Contractor": null, "DtAsgCnstr": null, "ConStartDt": null, "DtInstald": null }, "geometry": { "type": "Point", "coordinates": [ 315563.22122409613803, 5129453.458269657567143 ] } },
{ "type": "Feature", "properties": { "ID": "19", "Size": "9x12", "Owner": "Rock Networks", "Status": "Proposed", "Struct_1": "Flower pot", "Subtype": "Vault", "Struct_2": null, "Permit_ID": "FS18-MC01-UG", "Trunk_ID": null, "FDH_ID": "FDH201032", "Lot_No": null, "FSA_No": "HURON SHORES FSA18", "OLT_ID": "201", "Subdiv": "2", "Comments": null, "SKU": null, "PON_ID": null, "layer": null, "path": null, "Contractor": null, "DtAsgCnstr": null, "ConStartDt": null, "DtInstald": null }, "geometry": { "type": "Point", "coordinates": [ 317878.860226414748468, 5133366.6677226126194 ] } },
{ "type": "Feature", "properties": { "ID": "20", "Size": "36X60X36", "Owner": "Rock Networks", "Status": "Proposed", "Struct_1": "Large", "Subtype": "Vault", "Struct_2": "Splice", "Permit_ID": "FS18-MC01-UG", "Trunk_ID": null, "FDH_ID": "FDH201032", "Lot_No": null, "FSA_No": "HURON SHORES FSA18", "OLT_ID": "201", "Subdiv": "2", "Comments": null, "SKU": "VLT366036", "PON_ID": null, "layer": null, "path": null, "Contractor": null, "DtAsgCnstr": null, "ConStartDt": null, "DtInstald": null }, "geometry": { "type": "Point", "coordinates": [ 317775.976428961497732, 5133552.612208706326783 ] } },
{ "type": "Feature", "properties": { "ID": "27", "Size": "36X60X36", "Owner": "Rock Networks", "Status": "Proposed", "Struct_1": "Large", "Subtype": "Vault", "Struct_2": "Splice", "Permit_ID": "FS18-MC01-UG", "Trunk_ID": null, "FDH_ID": "FDH201032", "Lot_No": null, "FSA_No": "HURON SHORES FSA18", "OLT_ID": "201", "Subdiv": "2", "Comments": null, "SKU": "VLT366036", "PON_ID": null, "layer": null, "path": null, "Contractor": null, "DtAsgCnstr": null, "ConStartDt": null, "DtInstald": null }, "geometry": { "type": "Point", "coordinates": [ 319625.792475485242903, 5135149.790953890420496 ] } },
{ "type": "Feature", "properties": { "ID": "28", "Size": "36X60X36", "Owner": "Rock Networks", "Status": "Proposed", "Struct_1": "Large", "Subtype": "Vault", "Struct_2": "Splice", "Permit_ID": "FS18-MC01-UG", "Trunk_ID": null, "FDH_ID": "FDH201032", "Lot_No": null, "FSA_No": "HURON SHORES FSA18", "OLT_ID": "201", "Subdiv": "2", "Comments": null, "SKU": "VLT366036", "PON_ID": null, "layer": null, "path": null, "Contractor": null, "DtAsgCnstr": null, "ConStartDt": null, "DtInstald": null }, "geometry": { "type": "Point", "coordinates": [ 321128.561286911193747, 5133205.19996530469507 ] } },
{ "type": "Feature", "properties": { "ID": "29", "Size": "36X60X36", "Owner": "Rock Networks", "Status": "Proposed", "Struct_1": "Large", "Subtype": "Vault", "Struct_2": "Splice", "Permit_ID": "FS18-MC01-UG", "Trunk_ID": null, "FDH_ID": "FDH201032", "Lot_No": null, "FSA_No": "HURON SHORES FSA18", "OLT_ID": "201", "Subdiv": "2", "Comments": null, "SKU": "VLT366036", "PON_ID": null, "layer": null, "path": null, "Contractor": null, "DtAsgCnstr": null, "ConStartDt": null, "DtInstald": null }, "geometry": { "type": "Point", "coordinates": [ 320944.727367085288279, 5134447.047766949981451 ] } },
{ "type": "Feature", "properties": { "ID": "31", "Size": "36X60X36", "Owner": "Rock Networks", "Status": "Proposed", "Struct_1": "Large", "Subtype": "Vault", "Struct_2": "Splice", "Permit_ID": "FS18-MC01-UG", "Trunk_ID": null, "FDH_ID": "FDH201032", "Lot_No": null, "FSA_No": "HURON SHORES FSA18", "OLT_ID": "201", "Subdiv": "2", "Comments": null, "SKU": "VLT366036", "PON_ID": null, "layer": null, "path": null, "Contractor": null, "DtAsgCnstr": null, "ConStartDt": null, "DtInstald": null }, "geometry": { "type": "Point", "coordinates": [ 322323.491502417717129, 5132101.730714108794928 ] } },
{ "type": "Feature", "properties": { "ID": "388", "Size": "9x12", "Owner": "Rock Networks", "Status": "Proposed", "Struct_1": "Flower pot", "Subtype": "Vault", "Struct_2": null, "Permit_ID": "FS38-MC01-UG-P1", "Trunk_ID": "TRUNK20272", "FDH_ID": "FDH201040", "Lot_No": null, "FSA_No": "THESSALON FSA38", "OLT_ID": "201", "Subdiv": "2", "Comments": null, "SKU": null, "PON_ID": null, "layer": null, "path": null, "Contractor": null, "DtAsgCnstr": null, "ConStartDt": null, "DtInstald": null }, "geometry": { "type": "Point", "coordinates": [ 302032.683891170658171, 5123932.359307182021439 ] } },
{ "type": "Feature", "properties": { "ID": "33", "Size": "36X60X36", "Owner": "Rock Networks", "Status": "Proposed", "Struct_1": "Large", "Subtype": "Vault", "Struct_2": "Splice", "Permit_ID": "FS18-MC01-UG", "Trunk_ID": null, "FDH_ID": "FDH201034", "Lot_No": null, "FSA_No": "HURON SHORES FSA18", "OLT_ID": "201", "Subdiv": "2", "Comments": null, "SKU": "VLT366036", "PON_ID": null, "layer": null, "path": null, "Contractor": null, "DtAsgCnstr": null, "ConStartDt": null, "DtInstald": null }, "geometry": { "type": "Point", "coordinates": [ 303004.614592835539952, 5127813.063152224756777 ] } },
{ "type": "Feature", "properties": { "ID": "17", "Size": "36X60X36", "Owner": "Rock Networks", "Status": "Proposed", "Struct_1": "Large", "Subtype": "Vault", "Struct_2": "Splice", "Permit_ID": "FS18-MC01-UG", "Trunk_ID": null, "FDH_ID": "FDH201025", "Lot_No": null, "FSA_No": "HURON SHORES FSA18", "OLT_ID": "201", "Subdiv": "2", "Comments": null, "SKU": "VLT366036", "PON_ID": null, "layer": null, "path": null, "Contractor": null, "DtAsgCnstr": null, "ConStartDt": null, "DtInstald": null }, "geometry": { "type": "Point", "coordinates": [ 304911.193248139577918, 5127123.255703986622393 ] } },
{ "type": "Feature", "properties": { "ID": "18", "Size": "36X60X36", "Owner": "Rock Networks", "Status": "Proposed", "Struct_1": "Large", "Subtype": "Vault", "Struct_2": "Splice", "Permit_ID": "FS18-MC01-UG", "Trunk_ID": null, "FDH_ID": "FDH201025", "Lot_No": null, "FSA_No": "HURON SHORES FSA18", "OLT_ID": "201", "Subdiv": "2", "Comments": null, "SKU": "VLT366036", "PON_ID": null, "layer": null, "path": null, "Contractor": null, "DtAsgCnstr": null, "ConStartDt": null, "DtInstald": null }, "geometry": { "type": "Point", "coordinates": [ 304874.121853471035138, 5127108.859148933552206 ] } },
{ "type": "Feature", "properties": { "ID": "383", "Size": "9x12", "Owner": "Rock Networks", "Status": "Proposed", "Struct_1": "Flower pot", "Subtype": "Vault", "Struct_2": null, "Permit_ID": "FS18-MC01-UG", "Trunk_ID": "TRUNK20182", "FDH_ID": "FDH201032", "Lot_No": null, "FSA_No": "HURON SHORES FSA18", "OLT_ID": "201", "Subdiv": "2", "Comments": null, "SKU": null, "PON_ID": null, "layer": null, "path": null, "Contractor": null, "DtAsgCnstr": null, "ConStartDt": null, "DtInstald": null }, "geometry": { "type": "Point", "coordinates": [ 317930.282629849039949, 5133321.417984323576093 ] } },
{ "type": "Feature", "properties": { "ID": "73", "Size": "36X60X36", "Owner": "Rock Networks", "Status": "Proposed", "Struct_1": "Large", "Subtype": "Vault", "Struct_2": "Splice", "Permit_ID": "FS18-MC10-UG", "Trunk_ID": null, "FDH_ID": "FDH201024", "Lot_No": null, "FSA_No": "HURON SHORES FSA18", "OLT_ID": "201", "Subdiv": "2", "Comments": null, "SKU": "VLT366036", "PON_ID": null, "layer": null, "path": null, "Contractor": null, "DtAsgCnstr": null, "ConStartDt": null, "DtInstald": null }, "geometry": { "type": "Point", "coordinates": [ 303617.607230844150763, 5131888.788986463099718 ] } },
{ "type": "Feature", "properties": { "ID": "90", "Size": "36X60X36", "Owner": "Rock Networks", "Status": "Proposed", "Struct_1": "Large", "Subtype": "Vault", "Struct_2": "Splice", "Permit_ID": "FS06-MC10-UG", "Trunk_ID": null, "FDH_ID": "FDH201012", "Lot_No": null, "FSA_No": "HURON SHORES FSA18", "OLT_ID": "201", "Subdiv": "2", "Comments": null, "SKU": "VLT366036", "PON_ID": null, "layer": null, "path": null, "Contractor": null, "DtAsgCnstr": null, "ConStartDt": null, "DtInstald": null }, "geometry": { "type": "Point", "coordinates": [ 319033.330569545156322, 5129655.309775707311928 ] } },
{ "type": "Feature", "properties": { "ID": "384", "Size": "30X48X24", "Owner": "Rock Networks", "Status": "Proposed", "Struct_1": "Medium", "Subtype": "Vault", "Struct_2": null, "Permit_ID": "FS18-MC15-UG", "Trunk_ID": "TRUNK20181", "FDH_ID": "FDH201032", "Lot_No": null, "FSA_No": "HURON SHORES FSA18", "OLT_ID": "201", "Subdiv": "2", "Comments": null, "SKU": "VLT304824", "PON_ID": null, "layer": null, "path": null, "Contractor": null, "DtAsgCnstr": null, "ConStartDt": null, "DtInstald": null }, "geometry": { "type": "Point", "coordinates": [ 318346.959817976923659, 5134359.378701449371874 ] } },
{ "type": "Feature", "properties": { "ID": "32", "Size": "36X60X36", "Owner": "Rock Networks", "Status": "Proposed", "Struct_1": "Large", "Subtype": "Vault", "Struct_2": "Splice", "Permit_ID": "FS18-MC01-UG", "Trunk_ID": null, "FDH_ID": "FDH201050", "Lot_No": null, "FSA_No": "HURON SHORES FSA18", "OLT_ID": "201", "Subdiv": "2", "Comments": null, "SKU": "VLT366036", "PON_ID": null, "layer": null, "path": null, "Contractor": null, "DtAsgCnstr": null, "ConStartDt": null, "DtInstald": null }, "geometry": { "type": "Point", "coordinates": [ 322747.181713220663369, 5131022.015736989676952 ] } },
{ "type": "Feature", "properties": { "ID": "385", "Size": "36X60X36", "Owner": "Rock Networks", "Status": "Proposed", "Struct_1": "Large", "Subtype": "Vault", "Struct_2": "Splice", "Permit_ID": "FS06-AR17-HO-NS", "Trunk_ID": "TRUNK20040", "FDH_ID": "FDH202031", "Lot_No": null, "FSA_No": "BLIND RIVER FSA6", "OLT_ID": "202", "Subdiv": "2", "Comments": null, "SKU": "VLT366036", "PON_ID": null, "layer": null, "path": null, "Contractor": null, "DtAsgCnstr": null, "ConStartDt": null, "DtInstald": null }, "geometry": { "type": "Point", "coordinates": [ 347766.58439749921672, 5125412.380421135574579 ] } },
{ "type": "Feature", "properties": { "ID": "386", "Size": "30X48X24", "Owner": "Rock Networks", "Status": "Proposed", "Struct_1": "Medium", "Subtype": "Vault", "Struct_2": null, "Permit_ID": null, "Trunk_ID": null, "FDH_ID": null, "Lot_No": null, "FSA_No": "BLIND RIVER FSA6", "OLT_ID": "202", "Subdiv": "2", "Comments": null, "SKU": "VLT304824", "PON_ID": null, "layer": null, "path": null, "Contractor": null, "DtAsgCnstr": null, "ConStartDt": null, "DtInstald": null }, "geometry": { "type": "Point", "coordinates": [ 347087.628515515476465, 5125042.958474483340979 ] } },
{ "type": "Feature", "properties": { "ID": "392", "Size": "36X60X36", "Owner": "Rock Networks", "Status": "Proposed", "Struct_1": "Large", "Subtype": "Vault", "Struct_2": null, "Permit_ID": "FS38-MC01-UG-P1", "Trunk_ID": "TRUNK20272", "FDH_ID": "FDH201040", "Lot_No": null, "FSA_No": "THESSALON FSA38", "OLT_ID": "201", "Subdiv": "2", "Comments": "Future growth", "SKU": "VLT366036", "PON_ID": null, "layer": null, "path": null, "Contractor": null, "DtAsgCnstr": null, "ConStartDt": null, "DtInstald": null }, "geometry": { "type": "Point", "coordinates": [ 302030.827884807367809, 5124119.361947186291218 ] } },
{ "type": "Feature", "properties": { "ID": "91", "Size": "36X60X36", "Owner": "Rock Networks", "Status": "Proposed", "Struct_1": "Large", "Subtype": "Vault", "Struct_2": "Splice", "Permit_ID": "FS06-MC10-UG", "Trunk_ID": null, "FDH_ID": "FDH201012", "Lot_No": null, "FSA_No": "HURON SHORES FSA18", "OLT_ID": "201", "Subdiv": "2", "Comments": null, "SKU": "VLT366036", "PON_ID": null, "layer": null, "path": null, "Contractor": null, "DtAsgCnstr": null, "ConStartDt": null, "DtInstald": null }, "geometry": { "type": "Point", "coordinates": [ 318846.911995430244133, 5129867.151400198228657 ] } },
{ "type": "Feature", "properties": { "ID": "387", "Size": "9x12", "Owner": "Rock Networks", "Status": "Proposed", "Struct_1": "Flower pot", "Subtype": "Vault", "Struct_2": null, "Permit_ID": "FS38-MC01-UG-P1", "Trunk_ID": "TRUNK20272", "FDH_ID": "FDH201040", "Lot_No": null, "FSA_No": "THESSALON FSA38", "OLT_ID": "201", "Subdiv": "2", "Comments": null, "SKU": null, "PON_ID": null, "layer": null, "path": null, "Contractor": null, "DtAsgCnstr": null, "ConStartDt": null, "DtInstald": null }, "geometry": { "type": "Point", "coordinates": [ 302016.09783130872529, 5123879.1521181082353 ] } },
{ "type": "Feature", "properties": { "ID": "389", "Size": "9x12", "Owner": "Rock Networks", "Status": "Proposed", "Struct_1": "Flower pot", "Subtype": "Vault", "Struct_2": null, "Permit_ID": "FS38-MC01-UG-P1", "Trunk_ID": "TRUNK20272", "FDH_ID": "FDH201040", "Lot_No": null, "FSA_No": "THESSALON FSA38", "OLT_ID": "201", "Subdiv": "2", "Comments": null, "SKU": null, "PON_ID": null, "layer": null, "path": null, "Contractor": null, "DtAsgCnstr": null, "ConStartDt": null, "DtInstald": null }, "geometry": { "type": "Point", "coordinates": [ 302022.593931534909643, 5123953.891695301048458 ] } },
{ "type": "Feature", "properties": { "ID": "396", "Size": "36X60X36", "Owner": "Rock Networks", "Status": "Proposed", "Struct_1": "Large", "Subtype": "Vault", "Struct_2": "Splice", "Permit_ID": "FS06-AR19-HO-OL", "Trunk_ID": "TRUNK20068", "FDH_ID": "FDH202028", "Lot_No": null, "FSA_No": "BLIND RIVER FSA6", "OLT_ID": "202", "Subdiv": "2", "Comments": null, "SKU": "VLT366036", "PON_ID": null, "layer": null, "path": null, "Contractor": null, "DtAsgCnstr": null, "ConStartDt": null, "DtInstald": null }, "geometry": { "type": "Point", "coordinates": [ 347758.951092979055829, 5124393.611482579261065 ] } },
{ "type": "Feature", "properties": { "ID": "391", "Size": "9x12", "Owner": "Rock Networks", "Status": "Proposed", "Struct_1": "Flower pot", "Subtype": "Vault", "Struct_2": null, "Permit_ID": "FS38-MC01-UG-P1", "Trunk_ID": "TRUNK20272", "FDH_ID": "FDH201040", "Lot_No": null, "FSA_No": "THESSALON FSA38", "OLT_ID": "201", "Subdiv": "2", "Comments": null, "SKU": null, "PON_ID": null, "layer": null, "path": null, "Contractor": null, "DtAsgCnstr": null, "ConStartDt": null, "DtInstald": null }, "geometry": { "type": "Point", "coordinates": [ 302067.225480090593919, 5124196.682424612343311 ] } },
{ "type": "Feature", "properties": { "ID": "393", "Size": "9x12", "Owner": "Rock Networks", "Status": "Proposed", "Struct_1": "Flower pot", "Subtype": "Vault", "Struct_2": null, "Permit_ID": "FS38-MC01-UG-P1", "Trunk_ID": "TRUNK20272", "FDH_ID": "FDH201040", "Lot_No": null, "FSA_No": "THESSALON FSA38", "OLT_ID": "201", "Subdiv": "2", "Comments": null, "SKU": null, "PON_ID": null, "layer": null, "path": null, "Contractor": null, "DtAsgCnstr": null, "ConStartDt": null, "DtInstald": null }, "geometry": { "type": "Point", "coordinates": [ 302112.645816519972868, 5124313.592446382157505 ] } },
{ "type": "Feature", "properties": { "ID": "395", "Size": "9x12", "Owner": "Rock Networks", "Status": "Proposed", "Struct_1": "Flower pot", "Subtype": "Vault", "Struct_2": null, "Permit_ID": "FS38-MC01-UG-P1", "Trunk_ID": "TRUNK20272", "FDH_ID": "FDH201040", "Lot_No": null, "FSA_No": "THESSALON FSA38", "OLT_ID": "201", "Subdiv": "2", "Comments": null, "SKU": null, "PON_ID": null, "layer": null, "path": null, "Contractor": null, "DtAsgCnstr": null, "ConStartDt": null, "DtInstald": null }, "geometry": { "type": "Point", "coordinates": [ 302096.924299812235404, 5124277.470469484105706 ] } },
{ "type": "Feature", "properties": { "ID": "394", "Size": "9x12", "Owner": "Rock Networks", "Status": "Proposed", "Struct_1": "Flower pot", "Subtype": "Vault", "Struct_2": null, "Permit_ID": "FS38-MC01-UG-P1", "Trunk_ID": "TRUNK20272", "FDH_ID": "FDH201040", "Lot_No": null, "FSA_No": "THESSALON FSA38", "OLT_ID": "201", "Subdiv": "2", "Comments": null, "SKU": null, "PON_ID": null, "layer": null, "path": null, "Contractor": null, "DtAsgCnstr": null, "ConStartDt": null, "DtInstald": null }, "geometry": { "type": "Point", "coordinates": [ 302076.532825641217642, 5124262.07014393992722 ] } },
{ "type": "Feature", "properties": { "ID": "381", "Size": "9x12", "Owner": "Rock Networks", "Status": "Proposed", "Struct_1": "Flower pot", "Subtype": "Vault", "Struct_2": null, "Permit_ID": "FS18-MC01-UG", "Trunk_ID": "TRUNK20182", "FDH_ID": "FDH201032", "Lot_No": null, "FSA_No": "HURON SHORES FSA18", "OLT_ID": "201", "Subdiv": "2", "Comments": null, "SKU": null, "PON_ID": null, "layer": null, "path": null, "Contractor": null, "DtAsgCnstr": null, "ConStartDt": null, "DtInstald": null }, "geometry": { "type": "Point", "coordinates": [ 318219.787032055144664, 5133175.731313122436404 ] } },
{ "type": "Feature", "properties": { "ID": "382", "Size": "9x12", "Owner": "Rock Networks", "Status": "Proposed", "Struct_1": "Flower pot", "Subtype": "Vault", "Struct_2": null, "Permit_ID": "FS18-MC01-UG", "Trunk_ID": "TRUNK20182", "FDH_ID": "FDH201032", "Lot_No": null, "FSA_No": "HURON SHORES FSA18", "OLT_ID": "201", "Subdiv": "2", "Comments": null, "SKU": null, "PON_ID": null, "layer": null, "path": null, "Contractor": null, "DtAsgCnstr": null, "ConStartDt": null, "DtInstald": null }, "geometry": { "type": "Point", "coordinates": [ 318207.939087965525687, 5133202.491559759713709 ] } },
{ "type": "Feature", "properties": { "ID": "92", "Size": "36X60X36", "Owner": "Rock Networks", "Status": "Proposed", "Struct_1": "Large", "Subtype": "Vault", "Struct_2": "Splice", "Permit_ID": "FS06-MC10-UG", "Trunk_ID": null, "FDH_ID": "FDH201012", "Lot_No": null, "FSA_No": "HURON SHORES FSA18", "OLT_ID": "201", "Subdiv": "2", "Comments": null, "SKU": "VLT366036", "PON_ID": null, "layer": null, "path": null, "Contractor": null, "DtAsgCnstr": null, "ConStartDt": null, "DtInstald": null }, "geometry": { "type": "Point", "coordinates": [ 318937.0282228164142, 5129863.703141161240637 ] } },
{ "type": "Feature", "properties": { "ID": "390", "Size": "9x12", "Owner": "Rock Networks", "Status": "Proposed", "Struct_1": "Flower pot", "Subtype": "Vault", "Struct_2": null, "Permit_ID": "FS38-MC01-UG-P1", "Trunk_ID": "TRUNK20272", "FDH_ID": "FDH201040", "Lot_No": null, "FSA_No": "THESSALON FSA38", "OLT_ID": "201", "Subdiv": "2", "Comments": null, "SKU": null, "PON_ID": null, "layer": null, "path": null, "Contractor": null, "DtAsgCnstr": null, "ConStartDt": null, "DtInstald": null }, "geometry": { "type": "Point", "coordinates": [ 301995.414198819664307, 5123822.154485007748008 ] } },
{ "type": "Feature", "properties": { "ID": "398", "Size": "30X48X24", "Owner": "Rock Networks\n", "Status": "Proposed", "Struct_1": "Medium", "Subtype": "Vault", "Struct_2": "Splice", "Permit_ID": "FS18-AR10-HO-NS", "Trunk_ID": null, "FDH_ID": "FDH202007", "Lot_No": null, "FSA_No": "HURON SHORES FSA18", "OLT_ID": "202", "Subdiv": "2", "Comments": null, "SKU": null, "PON_ID": null, "layer": null, "path": null, "Contractor": null, "DtAsgCnstr": null, "ConStartDt": null, "DtInstald": null }, "geometry": { "type": "Point", "coordinates": [ 333830.372465045773424, 5123367.405514509417117 ] } },
{ "type": "Feature", "properties": { "ID": "399", "Size": "30X48X24", "Owner": "Rock Networks\n", "Status": "Proposed", "Struct_1": "Medium", "Subtype": "Vault", "Struct_2": "Splice", "Permit_ID": null, "Trunk_ID": null, "FDH_ID": "FDH202007", "Lot_No": null, "FSA_No": "HURON SHORES FSA18", "OLT_ID": "202", "Subdiv": "2", "Comments": null, "SKU": null, "PON_ID": null, "layer": null, "path": null, "Contractor": null, "DtAsgCnstr": null, "ConStartDt": null, "DtInstald": null }, "geometry": { "type": "Point", "coordinates": [ 334012.070119639975019, 5123548.361035446636379 ] } },
{ "type": "Feature", "properties": { "ID": "397", "Size": "30X48X24", "Owner": "Rock Networks\n", "Status": "Proposed", "Struct_1": "Medium", "Subtype": "Vault", "Struct_2": "Splice", "Permit_ID": "FS18-AR10-HO-NS", "Trunk_ID": null, "FDH_ID": "FDH202007", "Lot_No": null, "FSA_No": "HURON SHORES FSA18", "OLT_ID": "202", "Subdiv": "2", "Comments": null, "SKU": null, "PON_ID": null, "layer": null, "path": null, "Contractor": null, "DtAsgCnstr": null, "ConStartDt": null, "DtInstald": null }, "geometry": { "type": "Point", "coordinates": [ 333742.848602566577028, 5123242.602855219505727 ] } },
{ "type": "Feature", "properties": { "ID": "401", "Size": "36X60X36", "Owner": "Rock Networks", "Status": "Proposed", "Struct_1": "Large", "Subtype": "Vault", "Struct_2": "Splice", "Permit_ID": "FS18-MC22-UG", "Trunk_ID": "TRUNK20290", "FDH_ID": "FDH201015", "Lot_No": null, "FSA_No": "HURON SHORES FSA18", "OLT_ID": "201", "Subdiv": "2", "Comments": null, "SKU": "VLT366036", "PON_ID": null, "layer": null, "path": null, "Contractor": null, "DtAsgCnstr": null, "ConStartDt": null, "DtInstald": null }, "geometry": { "type": "Point", "coordinates": [ 311442.805717367271427, 5126693.329780815169215 ] } },
{ "type": "Feature", "properties": { "ID": "16", "Size": "36X60X36", "Owner": "Rock Networks", "Status": "Proposed", "Struct_1": "Large", "Subtype": "Vault", "Struct_2": "Splice", "Permit_ID": "FS18-MC01-UG", "Trunk_ID": "TRUNK20390", "FDH_ID": "FDH201032", "Lot_No": null, "FSA_No": "HURON SHORES FSA18", "OLT_ID": "201", "Subdiv": "2", "Comments": null, "SKU": "VLT366036", "PON_ID": null, "layer": null, "path": null, "Contractor": null, "DtAsgCnstr": null, "ConStartDt": null, "DtInstald": null }, "geometry": { "type": "Point", "coordinates": [ 316863.510655209596734, 5134075.943845544941723 ] } },
{ "type": "Feature", "properties": { "ID": "34", "Size": "36X60X36", "Owner": "Rock Networks", "Status": "Proposed", "Struct_1": "Large", "Subtype": "Vault", "Struct_2": "Splice", "Permit_ID": "FS18-MC01-UG", "Trunk_ID": null, "FDH_ID": "FDH201015", "Lot_No": null, "FSA_No": "HURON SHORES FSA18", "OLT_ID": "201", "Subdiv": "2", "Comments": null, "SKU": "VLT366036", "PON_ID": null, "layer": null, "path": null, "Contractor": null, "DtAsgCnstr": null, "ConStartDt": null, "DtInstald": null }, "geometry": { "type": "Point", "coordinates": [ 314036.817083024187014, 5128204.577354211360216 ] } },
{ "type": "Feature", "properties": { "ID": "86", "Size": "30X48X24", "Owner": "Rock Networks", "Status": "Proposed", "Struct_1": "Medium", "Subtype": "Vault", "Struct_2": null, "Permit_ID": "FS06-MC08-UG", "Trunk_ID": null, "FDH_ID": "FDH202049", "Lot_No": null, "FSA_No": "BLIND RIVER FSA6", "OLT_ID": "202", "Subdiv": "2", "Comments": null, "SKU": "VLT304824", "PON_ID": null, "layer": null, "path": null, "Contractor": null, "DtAsgCnstr": null, "ConStartDt": null, "DtInstald": null }, "geometry": { "type": "Point", "coordinates": [ 354587.480191321927123, 5123048.970850490964949 ] } },
{ "type": "Feature", "properties": { "ID": "47", "Size": "36X60X36", "Owner": "Rock Networks", "Status": "Proposed", "Struct_1": "Large", "Subtype": "Vault", "Struct_2": "Splice", "Permit_ID": "FS18-MC08-UG", "Trunk_ID": null, "FDH_ID": "FDH201015", "Lot_No": null, "FSA_No": "HURON SHORES FSA18", "OLT_ID": "201", "Subdiv": "2", "Comments": null, "SKU": "VLT366036", "PON_ID": null, "layer": null, "path": null, "Contractor": null, "DtAsgCnstr": null, "ConStartDt": null, "DtInstald": null }, "geometry": { "type": "Point", "coordinates": [ 310166.199193224543706, 5126706.227609400637448 ] } },
{ "type": "Feature", "properties": { "ID": "94", "Size": "30X48X24", "Owner": "Rock Networks", "Status": "Proposed", "Struct_1": "Medium", "Subtype": "Vault", "Struct_2": null, "Permit_ID": "FS06-MC09-UG", "Trunk_ID": null, "FDH_ID": "FDH202031", "Lot_No": null, "FSA_No": "BLIND RIVER FSA6", "OLT_ID": "202", "Subdiv": "2", "Comments": null, "SKU": "VLT304824", "PON_ID": null, "layer": null, "path": null, "Contractor": null, "DtAsgCnstr": null, "ConStartDt": null, "DtInstald": null }, "geometry": { "type": "Point", "coordinates": [ 350430.822984413360246, 5125795.633493892848492 ] } },
{ "type": "Feature", "properties": { "ID": "120", "Size": "36X60X36", "Owner": "Rock Networks", "Status": "Proposed", "Struct_1": "Large", "Subtype": "Vault", "Struct_2": "Splice", "Permit_ID": "FS06-MC13-UG", "Trunk_ID": null, "FDH_ID": "FDH202002", "Lot_No": null, "FSA_No": "BLIND RIVER FSA6", "OLT_ID": "202", "Subdiv": "2", "Comments": null, "SKU": "VLT366036", "PON_ID": null, "layer": null, "path": null, "Contractor": null, "DtAsgCnstr": null, "ConStartDt": null, "DtInstald": null }, "geometry": { "type": "Point", "coordinates": [ 349772.730360549350735, 5116335.488681600429118 ] } },
{ "type": "Feature", "properties": { "ID": "95", "Size": "36X60X36", "Owner": "Rock Networks", "Status": "Proposed", "Struct_1": "Large", "Subtype": "Vault", "Struct_2": "Splice", "Permit_ID": "FS06-MC07-UG", "Trunk_ID": null, "FDH_ID": "FDH202028", "Lot_No": null, "FSA_No": "BLIND RIVER FSA6", "OLT_ID": "202", "Subdiv": "2", "Comments": null, "SKU": "VLT366036", "PON_ID": null, "layer": null, "path": null, "Contractor": null, "DtAsgCnstr": null, "ConStartDt": null, "DtInstald": null }, "geometry": { "type": "Point", "coordinates": [ 348569.473835401586257, 5124108.324028121307492 ] } },
{ "type": "Feature", "properties": { "ID": "96", "Size": "36X60X36", "Owner": "Rock Networks", "Status": "Proposed", "Struct_1": "Large", "Subtype": "Vault", "Struct_2": "Splice", "Permit_ID": "FS18-MC02-UG", "Trunk_ID": null, "FDH_ID": "FDH201025", "Lot_No": null, "FSA_No": "HURON SHORES FSA18", "OLT_ID": "201", "Subdiv": "2", "Comments": null, "SKU": "VLT366036", "PON_ID": null, "layer": null, "path": null, "Contractor": null, "DtAsgCnstr": null, "ConStartDt": null, "DtInstald": null }, "geometry": { "type": "Point", "coordinates": [ 304706.610488037811592, 5128516.865163370966911 ] } },
{ "type": "Feature", "properties": { "ID": "400", "Size": "36X60X36", "Owner": "Rock Networks", "Status": "Proposed", "Struct_1": "Large", "Subtype": "Vault", "Struct_2": "Splice", "Permit_ID": "FS18-MC22-UG", "Trunk_ID": "TRUNK20290", "FDH_ID": "FDH201015", "Lot_No": null, "FSA_No": "HURON SHORES FSA18", "OLT_ID": "201", "Subdiv": "2", "Comments": null, "SKU": "VLT366036", "PON_ID": null, "layer": null, "path": null, "Contractor": null, "DtAsgCnstr": null, "ConStartDt": null, "DtInstald": null }, "geometry": { "type": "Point", "coordinates": [ 311383.960442467185203, 5126759.208968571387231 ] } },
{ "type": "Feature", "properties": { "ID": "374", "Size": "9x12", "Owner": "Rock Networks", "Status": "Proposed", "Struct_1": "Flower pot", "Subtype": "Vault", "Struct_2": null, "Permit_ID": "FS18-MC01-UG", "Trunk_ID": "TRUNK20390", "FDH_ID": "FDH201032", "Lot_No": null, "FSA_No": "HURON SHORES FSA18", "OLT_ID": "201", "Subdiv": "2", "Comments": null, "SKU": null, "PON_ID": null, "layer": null, "path": null, "Contractor": null, "DtAsgCnstr": null, "ConStartDt": null, "DtInstald": null }, "geometry": { "type": "Point", "coordinates": [ 316860.883428473607637, 5134041.003372738137841 ] } },
{ "type": "Feature", "properties": { "ID": "67", "Size": "36X60X36", "Owner": "Rock Networks", "Status": "Proposed", "Struct_1": "Large", "Subtype": "Vault", "Struct_2": "Splice", "Permit_ID": "FS06-MC05-UG", "Trunk_ID": "TRUNK20396", "FDH_ID": "FDH202045", "Lot_No": null, "FSA_No": "BLIND RIVER FSA6", "OLT_ID": "202", "Subdiv": "2", "Comments": null, "SKU": "VLT366036", "PON_ID": null, "layer": null, "path": null, "Contractor": null, "DtAsgCnstr": null, "ConStartDt": null, "DtInstald": null }, "geometry": { "type": "Point", "coordinates": [ 348811.629506371449679, 5116621.64738589245826 ] } },
{ "type": "Feature", "properties": { "ID": "97", "Size": "36X60X36", "Owner": "Rock Networks", "Status": "Proposed", "Struct_1": "Large", "Subtype": "Vault", "Struct_2": "Splice", "Permit_ID": "FS18-MC02-UG", "Trunk_ID": null, "FDH_ID": "FDH201025", "Lot_No": null, "FSA_No": "HURON SHORES FSA18", "OLT_ID": "201", "Subdiv": "2", "Comments": null, "SKU": "VLT366036", "PON_ID": null, "layer": null, "path": null, "Contractor": null, "DtAsgCnstr": null, "ConStartDt": null, "DtInstald": null }, "geometry": { "type": "Point", "coordinates": [ 304700.179645292751957, 5128506.432682503946126 ] } },
{ "type": "Feature", "properties": { "ID": "98", "Size": "36X60X36", "Owner": "Rock Networks", "Status": "Proposed", "Struct_1": "Large", "Subtype": "Vault", "Struct_2": "Splice", "Permit_ID": "FS18-MC01-UG", "Trunk_ID": null, "FDH_ID": "FDH201015", "Lot_No": null, "FSA_No": "HURON SHORES FSA18", "OLT_ID": "201", "Subdiv": "2", "Comments": null, "SKU": "VLT366036", "PON_ID": null, "layer": null, "path": null, "Contractor": null, "DtAsgCnstr": null, "ConStartDt": null, "DtInstald": null }, "geometry": { "type": "Point", "coordinates": [ 309298.809334530262277, 5124624.728542499244213 ] } },
{ "type": "Feature", "properties": { "ID": "81", "Size": "36X60X36", "Owner": "Rock Networks", "Status": "Proposed", "Struct_1": "Large", "Subtype": "Vault", "Struct_2": "Splice", "Permit_ID": "FS06-MC07-UG", "Trunk_ID": null, "FDH_ID": "FDH202028", "Lot_No": null, "FSA_No": "BLIND RIVER FSA6", "OLT_ID": "202", "Subdiv": "2", "Comments": null, "SKU": "VLT366036", "PON_ID": null, "layer": null, "path": null, "Contractor": null, "DtAsgCnstr": null, "ConStartDt": null, "DtInstald": null }, "geometry": { "type": "Point", "coordinates": [ 347740.936857533291914, 5124501.33962136413902 ] } },
{ "type": "Feature", "properties": { "ID": "82", "Size": "36X60X36", "Owner": "Rock Networks", "Status": "Proposed", "Struct_1": "Large", "Subtype": "Vault", "Struct_2": "Splice", "Permit_ID": "FS06-MC07-UG", "Trunk_ID": null, "FDH_ID": "FDH202028", "Lot_No": null, "FSA_No": "BLIND RIVER FSA6", "OLT_ID": "202", "Subdiv": "2", "Comments": null, "SKU": "VLT366036", "PON_ID": null, "layer": null, "path": null, "Contractor": null, "DtAsgCnstr": null, "ConStartDt": null, "DtInstald": null }, "geometry": { "type": "Point", "coordinates": [ 349538.285721746447962, 5123739.602767248637974 ] } },
{ "type": "Feature", "properties": { "ID": "74", "Size": "36X60X36", "Owner": "Rock Networks", "Status": "Proposed", "Struct_1": "Large", "Subtype": "Vault", "Struct_2": "Splice", "Permit_ID": "FS18-MC10-UG", "Trunk_ID": null, "FDH_ID": "FDH201023", "Lot_No": null, "FSA_No": "HURON SHORES FSA18", "OLT_ID": "201", "Subdiv": "2", "Comments": null, "SKU": "VLT366036", "PON_ID": null, "layer": null, "path": null, "Contractor": null, "DtAsgCnstr": null, "ConStartDt": null, "DtInstald": null }, "geometry": { "type": "Point", "coordinates": [ 303538.533754867734388, 5131914.251169331371784 ] } },
{ "type": "Feature", "properties": { "ID": "75", "Size": "36X60X36", "Owner": "Rock Networks", "Status": "Proposed", "Struct_1": "Large", "Subtype": "Vault", "Struct_2": "Splice", "Permit_ID": "FS18-MC10-UG", "Trunk_ID": null, "FDH_ID": "FDH201023", "Lot_No": null, "FSA_No": "HURON SHORES FSA18", "OLT_ID": "201", "Subdiv": "2", "Comments": null, "SKU": "VLT366036", "PON_ID": null, "layer": null, "path": null, "Contractor": null, "DtAsgCnstr": null, "ConStartDt": null, "DtInstald": null }, "geometry": { "type": "Point", "coordinates": [ 303582.776203586952761, 5131906.290808266028762 ] } },
{ "type": "Feature", "properties": { "ID": "40", "Size": "36X60X36", "Owner": "Rock Networks", "Status": "Proposed", "Struct_1": "Large", "Subtype": "Vault", "Struct_2": "Splice", "Permit_ID": "FS18-MC02-UG", "Trunk_ID": null, "FDH_ID": "FDH201035", "Lot_No": null, "FSA_No": "HURON SHORES FSA18", "OLT_ID": "201", "Subdiv": "2", "Comments": null, "SKU": "VLT366036", "PON_ID": null, "layer": null, "path": null, "Contractor": null, "DtAsgCnstr": null, "ConStartDt": null, "DtInstald": null }, "geometry": { "type": "Point", "coordinates": [ 303736.366989412112162, 5128958.837078459560871 ] } },
{ "type": "Feature", "properties": { "ID": "67", "Size": "36X60X36", "Owner": "Rock Networks", "Status": "Proposed", "Struct_1": "Large", "Subtype": "Vault", "Struct_2": "Splice", "Permit_ID": "FS18-AR173-RW-UG", "Trunk_ID": null, "FDH_ID": "FDH201026", "Lot_No": null, "FSA_No": "HURON SHORES FSA18", "OLT_ID": "201", "Subdiv": "2", "Comments": null, "SKU": "VLT366036", "PON_ID": null, "layer": null, "path": null, "Contractor": null, "DtAsgCnstr": null, "ConStartDt": null, "DtInstald": null }, "geometry": { "type": "Point", "coordinates": [ 296514.841151984699536, 5129929.893446038477123 ] } },
{ "type": "Feature", "properties": { "ID": "69", "Size": "36X60X36", "Owner": "Rock Networks", "Status": "Proposed", "Struct_1": "Large", "Subtype": "Vault", "Struct_2": "Splice", "Permit_ID": "FS18-MC10-UG", "Trunk_ID": null, "FDH_ID": "FDH201035", "Lot_No": null, "FSA_No": "HURON SHORES FSA18", "OLT_ID": "201", "Subdiv": "2", "Comments": null, "SKU": "VLT366036", "PON_ID": null, "layer": null, "path": null, "Contractor": null, "DtAsgCnstr": null, "ConStartDt": null, "DtInstald": null }, "geometry": { "type": "Point", "coordinates": [ 303837.747199665056542, 5128310.824372940696776 ] } },
{ "type": "Feature", "properties": { "ID": "70", "Size": "36X60X36", "Owner": "Rock Networks", "Status": "Proposed", "Struct_1": "Large", "Subtype": "Vault", "Struct_2": "Splice", "Permit_ID": "FS18-MC10-UG", "Trunk_ID": null, "FDH_ID": "FDH201035", "Lot_No": null, "FSA_No": "HURON SHORES FSA18", "OLT_ID": "201", "Subdiv": "2", "Comments": null, "SKU": "VLT366036", "PON_ID": null, "layer": null, "path": null, "Contractor": null, "DtAsgCnstr": null, "ConStartDt": null, "DtInstald": null }, "geometry": { "type": "Point", "coordinates": [ 303873.264664650545456, 5128300.792949260212481 ] } },
{ "type": "Feature", "properties": { "ID": "76", "Size": "36X60X36", "Owner": "Rock Networks", "Status": "Proposed", "Struct_1": "Large", "Subtype": "Vault", "Struct_2": "Splice", "Permit_ID": "FS18-MC09-UG", "Trunk_ID": null, "FDH_ID": "FDH201024", "Lot_No": null, "FSA_No": "HURON SHORES FSA18", "OLT_ID": "201", "Subdiv": "2", "Comments": null, "SKU": "VLT366036", "PON_ID": null, "layer": null, "path": null, "Contractor": null, "DtAsgCnstr": null, "ConStartDt": null, "DtInstald": null }, "geometry": { "type": "Point", "coordinates": [ 303650.050065153976902, 5131238.063407828100026 ] } },
{ "type": "Feature", "properties": { "ID": "78", "Size": "36X60X36", "Owner": "Rock Networks", "Status": "Proposed", "Struct_1": "Large", "Subtype": "Vault", "Struct_2": "Splice", "Permit_ID": "FS18-MC09-UG", "Trunk_ID": null, "FDH_ID": "FDH201024", "Lot_No": null, "FSA_No": "HURON SHORES FSA18", "OLT_ID": "201", "Subdiv": "2", "Comments": null, "SKU": "VLT366036", "PON_ID": null, "layer": null, "path": null, "Contractor": null, "DtAsgCnstr": null, "ConStartDt": null, "DtInstald": null }, "geometry": { "type": "Point", "coordinates": [ 303639.296485670958646, 5131366.608905297704041 ] } },
{ "type": "Feature", "properties": { "ID": "79", "Size": "36X60X36", "Owner": "Rock Networks", "Status": "Proposed", "Struct_1": "Large", "Subtype": "Vault", "Struct_2": "Splice", "Permit_ID": "FS06-MC06-UG", "Trunk_ID": null, "FDH_ID": "FDH202030", "Lot_No": null, "FSA_No": "BLIND RIVER FSA6", "OLT_ID": "202", "Subdiv": "2", "Comments": null, "SKU": "VLT366036", "PON_ID": null, "layer": null, "path": null, "Contractor": null, "DtAsgCnstr": null, "ConStartDt": null, "DtInstald": null }, "geometry": { "type": "Point", "coordinates": [ 354736.132925541896839, 5119928.182078252546489 ] } },
{ "type": "Feature", "properties": { "ID": "80", "Size": "36X60X36", "Owner": "Rock Networks", "Status": "Proposed", "Struct_1": "Large", "Subtype": "Vault", "Struct_2": "Splice", "Permit_ID": "FS06-MC06-UG", "Trunk_ID": null, "FDH_ID": "FDH202030", "Lot_No": null, "FSA_No": "BLIND RIVER FSA6", "OLT_ID": "202", "Subdiv": "2", "Comments": null, "SKU": "VLT366036", "PON_ID": null, "layer": null, "path": null, "Contractor": null, "DtAsgCnstr": null, "ConStartDt": null, "DtInstald": null }, "geometry": { "type": "Point", "coordinates": [ 354428.915912480326369, 5120276.17450238019228 ] } },
{ "type": "Feature", "properties": { "ID": "83", "Size": "30X48X24", "Owner": "Rock Networks", "Status": "Proposed", "Struct_1": "Medium", "Subtype": "Vault", "Struct_2": null, "Permit_ID": "FS06-MC07-UG", "Trunk_ID": null, "FDH_ID": "FDH202028", "Lot_No": null, "FSA_No": "BLIND RIVER FSA6", "OLT_ID": "202", "Subdiv": "2", "Comments": null, "SKU": "VLT304824", "PON_ID": null, "layer": null, "path": null, "Contractor": null, "DtAsgCnstr": null, "ConStartDt": null, "DtInstald": null }, "geometry": { "type": "Point", "coordinates": [ 349122.723826961708255, 5123949.606381430290639 ] } },
{ "type": "Feature", "properties": { "ID": "84", "Size": "36X60X36", "Owner": "Rock Networks", "Status": "Proposed", "Struct_1": "Large", "Subtype": "Vault", "Struct_2": "Splice", "Permit_ID": "FS06-MC08-UG", "Trunk_ID": null, "FDH_ID": "FDH202049", "Lot_No": null, "FSA_No": "BLIND RIVER FSA6", "OLT_ID": "202", "Subdiv": "2", "Comments": null, "SKU": "VLT366036", "PON_ID": null, "layer": null, "path": null, "Contractor": null, "DtAsgCnstr": null, "ConStartDt": null, "DtInstald": null }, "geometry": { "type": "Point", "coordinates": [ 353793.481534808292054, 5123146.071854044683278 ] } },
{ "type": "Feature", "properties": { "ID": "85", "Size": "36X60X36", "Owner": "Rock Networks", "Status": "Proposed", "Struct_1": "Large", "Subtype": "Vault", "Struct_2": "Splice", "Permit_ID": "FS06-MC08-UG", "Trunk_ID": null, "FDH_ID": "FDH202049", "Lot_No": null, "FSA_No": "BLIND RIVER FSA6", "OLT_ID": "202", "Subdiv": "2", "Comments": null, "SKU": "VLT366036", "PON_ID": null, "layer": null, "path": null, "Contractor": null, "DtAsgCnstr": null, "ConStartDt": null, "DtInstald": null }, "geometry": { "type": "Point", "coordinates": [ 355183.406299147638492, 5122455.76064123865217 ] } },
{ "type": "Feature", "properties": { "ID": "87", "Size": "36X60X36", "Owner": "Rock Networks", "Status": "Proposed", "Struct_1": "Large", "Subtype": "Vault", "Struct_2": "Splice", "Permit_ID": "FS06-MC03-UG", "Trunk_ID": null, "FDH_ID": "FDH202031", "Lot_No": null, "FSA_No": "BLIND RIVER FSA6", "OLT_ID": "202", "Subdiv": "2", "Comments": null, "SKU": "VLT366036", "PON_ID": null, "layer": null, "path": null, "Contractor": null, "DtAsgCnstr": null, "ConStartDt": null, "DtInstald": null }, "geometry": { "type": "Point", "coordinates": [ 350071.30690184404375, 5126036.634067878127098 ] } },
{ "type": "Feature", "properties": { "ID": "88", "Size": "36X60X36", "Owner": "Rock Networks", "Status": "Proposed", "Struct_1": "Large", "Subtype": "Vault", "Struct_2": "Splice", "Permit_ID": "FS06-MC03-UG", "Trunk_ID": null, "FDH_ID": "FDH202031", "Lot_No": null, "FSA_No": "BLIND RIVER FSA6", "OLT_ID": "202", "Subdiv": "2", "Comments": null, "SKU": "VLT366036", "PON_ID": null, "layer": null, "path": null, "Contractor": null, "DtAsgCnstr": null, "ConStartDt": null, "DtInstald": null }, "geometry": { "type": "Point", "coordinates": [ 351253.97385132976342, 5124386.916779218241572 ] } },
{ "type": "Feature", "properties": { "ID": "121", "Size": "36X60X36", "Owner": "Rock Networks", "Status": "Proposed", "Struct_1": "Large", "Subtype": "Vault", "Struct_2": "Splice", "Permit_ID": "FS06-MC11-UG", "Trunk_ID": null, "FDH_ID": "FDH202021", "Lot_No": null, "FSA_No": "BLIND RIVER FSA6", "OLT_ID": "202", "Subdiv": "2", "Comments": null, "SKU": "VLT366036", "PON_ID": null, "layer": null, "path": null, "Contractor": null, "DtAsgCnstr": null, "ConStartDt": null, "DtInstald": null }, "geometry": { "type": "Point", "coordinates": [ 358437.806233202689327, 5116157.578332839533687 ] } },
{ "type": "Feature", "properties": { "ID": "364", "Size": "36X60X36", "Owner": "Rock Networks", "Status": "Proposed", "Struct_1": "Large", "Subtype": "Vault", "Struct_2": "Splice", "Permit_ID": "FS18-MC01-UG", "Trunk_ID": "TRUNK20183", "FDH_ID": "FDH201032", "Lot_No": null, "FSA_No": "HURON SHORES FSA18", "OLT_ID": "201", "Subdiv": "2", "Comments": null, "SKU": "VLT366036", "PON_ID": null, "layer": null, "path": null, "Contractor": null, "DtAsgCnstr": null, "ConStartDt": null, "DtInstald": null }, "geometry": { "type": "Point", "coordinates": [ 317335.637932453246322, 5133562.199556224048138 ] } },
{ "type": "Feature", "properties": { "ID": "55", "Size": "36X60X36", "Owner": "Rock Networks", "Status": "Proposed", "Struct_1": "Large", "Subtype": "Vault", "Struct_2": "Splice", "Permit_ID": "FS18-MC07-UG", "Trunk_ID": null, "FDH_ID": "FDH201016", "Lot_No": null, "FSA_No": "HURON SHORES FSA18", "OLT_ID": "201", "Subdiv": "2", "Comments": null, "SKU": "VLT366036", "PON_ID": null, "layer": null, "path": null, "Contractor": null, "DtAsgCnstr": null, "ConStartDt": null, "DtInstald": null }, "geometry": { "type": "Point", "coordinates": [ 306076.70980459760176, 5127023.545082547701895 ] } },
{ "type": "Feature", "properties": { "ID": "56", "Size": "36X60X36", "Owner": "Rock Networks", "Status": "Proposed", "Struct_1": "Large", "Subtype": "Vault", "Struct_2": "Splice", "Permit_ID": "FS18-MC07-UG", "Trunk_ID": null, "FDH_ID": "FDH201016", "Lot_No": null, "FSA_No": "HURON SHORES FSA18", "OLT_ID": "201", "Subdiv": "2", "Comments": null, "SKU": "VLT366036", "PON_ID": null, "layer": null, "path": null, "Contractor": null, "DtAsgCnstr": null, "ConStartDt": null, "DtInstald": null }, "geometry": { "type": "Point", "coordinates": [ 306130.162349623104092, 5127090.689505767077208 ] } },
{ "type": "Feature", "properties": { "ID": "21", "Size": "9x12", "Owner": "Rock Networks", "Status": "Proposed", "Struct_1": "Flower pot", "Subtype": "Vault", "Struct_2": null, "Permit_ID": "FS18-MC01-UG", "Trunk_ID": "TRUNK20390", "FDH_ID": "FDH201032", "Lot_No": null, "FSA_No": "HURON SHORES FSA18", "OLT_ID": "201", "Subdiv": "2", "Comments": null, "SKU": null, "PON_ID": null, "layer": null, "path": null, "Contractor": null, "DtAsgCnstr": null, "ConStartDt": null, "DtInstald": null }, "geometry": { "type": "Point", "coordinates": [ 316875.563513361033984, 5133896.610192538239062 ] } },
{ "type": "Feature", "properties": { "ID": "22", "Size": "36X60X36", "Owner": "Rock Networks", "Status": "Proposed", "Struct_1": "Large", "Subtype": "Vault", "Struct_2": "Splice", "Permit_ID": "FS18-MC01-UG", "Trunk_ID": "TRUNK20390", "FDH_ID": "FDH201032", "Lot_No": null, "FSA_No": "HURON SHORES FSA18", "OLT_ID": "201", "Subdiv": "2", "Comments": null, "SKU": "VLT366036", "PON_ID": null, "layer": null, "path": null, "Contractor": null, "DtAsgCnstr": null, "ConStartDt": null, "DtInstald": null }, "geometry": { "type": "Point", "coordinates": [ 316926.102284974534996, 5133685.015209629200399 ] } },
{ "type": "Feature", "properties": { "ID": "44", "Size": "36X60X36", "Owner": "Rock Networks", "Status": "Proposed", "Struct_1": "Large", "Subtype": "Vault", "Struct_2": "Splice", "Permit_ID": "FS38-MC01-UG", "Trunk_ID": null, "FDH_ID": "FDH201040", "Lot_No": null, "FSA_No": "THESSALON FSA38", "OLT_ID": "201", "Subdiv": "2", "Comments": null, "SKU": "VLT366036", "PON_ID": null, "layer": null, "path": null, "Contractor": null, "DtAsgCnstr": null, "ConStartDt": null, "DtInstald": null }, "geometry": { "type": "Point", "coordinates": [ 302020.646294397884049, 5123986.725414271466434 ] } },
{ "type": "Feature", "properties": { "ID": "23", "Size": "9x12", "Owner": "Rock Networks", "Status": "Proposed", "Struct_1": "Flower pot", "Subtype": "Vault", "Struct_2": null, "Permit_ID": "FS18-MC01-UG", "Trunk_ID": "TRUNK20390", "FDH_ID": "FDH201032", "Lot_No": null, "FSA_No": "HURON SHORES FSA18", "OLT_ID": "201", "Subdiv": "2", "Comments": null, "SKU": null, "PON_ID": null, "layer": null, "path": null, "Contractor": null, "DtAsgCnstr": null, "ConStartDt": null, "DtInstald": null }, "geometry": { "type": "Point", "coordinates": [ 316953.45801411557477, 5133563.980410004965961 ] } },
{ "type": "Feature", "properties": { "ID": "50", "Size": "36X60X36", "Owner": "Rock Networks", "Status": "Proposed", "Struct_1": "Large", "Subtype": "Vault", "Struct_2": "Splice", "Permit_ID": "FS18-MC05-UG", "Trunk_ID": null, "FDH_ID": "FDH201013", "Lot_No": null, "FSA_No": "HURON SHORES FSA18", "OLT_ID": "201", "Subdiv": "2", "Comments": null, "SKU": "VLT366036", "PON_ID": null, "layer": null, "path": null, "Contractor": null, "DtAsgCnstr": null, "ConStartDt": null, "DtInstald": null }, "geometry": { "type": "Point", "coordinates": [ 309795.63093285728246, 5136509.851547960191965 ] } },
{ "type": "Feature", "properties": { "ID": "51", "Size": "36X60X36", "Owner": "Rock Networks", "Status": "Proposed", "Struct_1": "Large", "Subtype": "Vault", "Struct_2": "Splice", "Permit_ID": "FS18-MC05-UG", "Trunk_ID": null, "FDH_ID": "FDH201013", "Lot_No": null, "FSA_No": "HURON SHORES FSA18", "OLT_ID": "201", "Subdiv": "2", "Comments": null, "SKU": "VLT366036", "PON_ID": null, "layer": null, "path": null, "Contractor": null, "DtAsgCnstr": null, "ConStartDt": null, "DtInstald": null }, "geometry": { "type": "Point", "coordinates": [ 309824.340825284423772, 5136468.799223080277443 ] } },
{ "type": "Feature", "properties": { "ID": "57", "Size": "36X60X36", "Owner": "Rock Networks", "Status": "Proposed", "Struct_1": "Large", "Subtype": "Vault", "Struct_2": "Splice", "Permit_ID": "FS18-MC01-UG", "Trunk_ID": null, "FDH_ID": "FDH201050", "Lot_No": null, "FSA_No": "HURON SHORES FSA18", "OLT_ID": "201", "Subdiv": "2", "Comments": null, "SKU": "VLT366036", "PON_ID": null, "layer": null, "path": null, "Contractor": null, "DtAsgCnstr": null, "ConStartDt": null, "DtInstald": null }, "geometry": { "type": "Point", "coordinates": [ 322704.505357367335819, 5130528.405522143468261 ] } },
{ "type": "Feature", "properties": { "ID": "24", "Size": "9x12", "Owner": "Rock Networks", "Status": "Proposed", "Struct_1": "Flower pot", "Subtype": "Vault", "Struct_2": null, "Permit_ID": "FS18-MC01-UG", "Trunk_ID": "TRUNK20390", "FDH_ID": "FDH201032", "Lot_No": null, "FSA_No": "HURON SHORES FSA18", "OLT_ID": "201", "Subdiv": "2", "Comments": null, "SKU": null, "PON_ID": null, "layer": null, "path": null, "Contractor": null, "DtAsgCnstr": null, "ConStartDt": null, "DtInstald": null }, "geometry": { "type": "Point", "coordinates": [ 317061.249205255880952, 5133460.162604309618473 ] } },
{ "type": "Feature", "properties": { "ID": "25", "Size": "9x12", "Owner": "Rock Networks", "Status": "Proposed", "Struct_1": "Flower pot", "Subtype": "Vault", "Struct_2": null, "Permit_ID": "FS18-MC01-UG", "Trunk_ID": "TRUNK20390", "FDH_ID": "FDH201032", "Lot_No": null, "FSA_No": "HURON SHORES FSA18", "OLT_ID": "201", "Subdiv": "2", "Comments": null, "SKU": null, "PON_ID": null, "layer": null, "path": null, "Contractor": null, "DtAsgCnstr": null, "ConStartDt": null, "DtInstald": null }, "geometry": { "type": "Point", "coordinates": [ 317111.205604636925273, 5133465.632227181456983 ] } },
{ "type": "Feature", "properties": { "ID": "58", "Size": "36X60X36", "Owner": "Rock Networks", "Status": "Proposed", "Struct_1": "Large", "Subtype": "Vault", "Struct_2": "Splice", "Permit_ID": "FS18-MC01-UG", "Trunk_ID": null, "FDH_ID": "FDH201050", "Lot_No": null, "FSA_No": "HURON SHORES FSA18", "OLT_ID": "201", "Subdiv": "2", "Comments": null, "SKU": "VLT366036", "PON_ID": null, "layer": null, "path": null, "Contractor": null, "DtAsgCnstr": null, "ConStartDt": null, "DtInstald": null }, "geometry": { "type": "Point", "coordinates": [ 322707.630806105094962, 5130564.07376323454082 ] } },
{ "type": "Feature", "properties": { "ID": "26", "Size": "9x12", "Owner": "Rock Networks", "Status": "Proposed", "Struct_1": "Flower pot", "Subtype": "Vault", "Struct_2": null, "Permit_ID": "FS18-MC01-UG", "Trunk_ID": "TRUNK20390", "FDH_ID": "FDH201032", "Lot_No": null, "FSA_No": "HURON SHORES FSA18", "OLT_ID": "201", "Subdiv": "2", "Comments": null, "SKU": null, "PON_ID": null, "layer": null, "path": null, "Contractor": null, "DtAsgCnstr": null, "ConStartDt": null, "DtInstald": null }, "geometry": { "type": "Point", "coordinates": [ 317254.746633078437299, 5133530.038757351227105 ] } },
{ "type": "Feature", "properties": { "ID": "59", "Size": "36X60X36", "Owner": "Rock Networks", "Status": "Proposed", "Struct_1": "Large", "Subtype": "Vault", "Struct_2": "Splice", "Permit_ID": "FS18-MC01-UG", "Trunk_ID": null, "FDH_ID": "FDH201015", "Lot_No": null, "FSA_No": "HURON SHORES FSA18", "OLT_ID": "201", "Subdiv": "2", "Comments": null, "SKU": "VLT366036", "PON_ID": null, "layer": null, "path": null, "Contractor": null, "DtAsgCnstr": null, "ConStartDt": null, "DtInstald": null }, "geometry": { "type": "Point", "coordinates": [ 309292.979499132314231, 5124678.795165722258389 ] } },
{ "type": "Feature", "properties": { "ID": "372", "Size": "9x12", "Owner": "Rock Networks", "Status": "Proposed", "Struct_1": "Flower pot", "Subtype": "Vault", "Struct_2": null, "Permit_ID": "FS18-MC01-UG", "Trunk_ID": "TRUNK20390", "FDH_ID": "FDH201032", "Lot_No": null, "FSA_No": "HURON SHORES FSA18", "OLT_ID": "201", "Subdiv": "2", "Comments": null, "SKU": null, "PON_ID": null, "layer": null, "path": null, "Contractor": null, "DtAsgCnstr": null, "ConStartDt": null, "DtInstald": null }, "geometry": { "type": "Point", "coordinates": [ 316870.662577514362056, 5133797.201886298134923 ] } },
{ "type": "Feature", "properties": { "ID": "373", "Size": "9x12", "Owner": "Rock Networks", "Status": "Proposed", "Struct_1": "Flower pot", "Subtype": "Vault", "Struct_2": null, "Permit_ID": "FS18-MC01-UG", "Trunk_ID": "TRUNK20390", "FDH_ID": "FDH201032", "Lot_No": null, "FSA_No": "HURON SHORES FSA18", "OLT_ID": "201", "Subdiv": "2", "Comments": null, "SKU": null, "PON_ID": null, "layer": null, "path": null, "Contractor": null, "DtAsgCnstr": null, "ConStartDt": null, "DtInstald": null }, "geometry": { "type": "Point", "coordinates": [ 316861.753091962309554, 5133992.206111232750118 ] } },
{ "type": "Feature", "properties": { "ID": "60", "Size": "36X60X36", "Owner": "Rock Networks", "Status": "Proposed", "Struct_1": "Large", "Subtype": "Vault", "Struct_2": "Splice", "Permit_ID": "FS18-MC01-UG", "Trunk_ID": null, "FDH_ID": "FDH201034", "Lot_No": null, "FSA_No": "HURON SHORES FSA18", "OLT_ID": "201", "Subdiv": "2", "Comments": null, "SKU": "VLT366036", "PON_ID": null, "layer": null, "path": null, "Contractor": null, "DtAsgCnstr": null, "ConStartDt": null, "DtInstald": null }, "geometry": { "type": "Point", "coordinates": [ 302944.076363515225239, 5127645.030490826815367 ] } },
{ "type": "Feature", "properties": { "ID": "199", "Size": "36X60X36", "Owner": "Rock Networks", "Status": "Proposed", "Struct_1": "Large", "Subtype": "Vault", "Struct_2": "Splice", "Permit_ID": null, "Trunk_ID": "TRUNK30368", "FDH_ID": null, "Lot_No": null, "FSA_No": null, "OLT_ID": null, "Subdiv": "3", "Comments": null, "SKU": "VLT304824", "PON_ID": null, "layer": null, "path": null, "Contractor": null, "DtAsgCnstr": null, "ConStartDt": null, "DtInstald": null }, "geometry": { "type": "Point", "coordinates": [ 311635.00496233656304, 5135851.112831385806203 ] } },
{ "type": "Feature", "properties": { "ID": "41", "Size": "36X60X36", "Owner": "Rock Networks", "Status": "Proposed", "Struct_1": "Large", "Subtype": "Vault", "Struct_2": "Splice", "Permit_ID": "FS18-MC02-UG", "Trunk_ID": null, "FDH_ID": "FDH201035", "Lot_No": null, "FSA_No": "HURON SHORES FSA18", "OLT_ID": "201", "Subdiv": "2", "Comments": null, "SKU": "VLT366036", "PON_ID": null, "layer": null, "path": null, "Contractor": null, "DtAsgCnstr": null, "ConStartDt": null, "DtInstald": null }, "geometry": { "type": "Point", "coordinates": [ 303752.590091806370765, 5128958.848986575379968 ] } },
{ "type": "Feature", "properties": { "ID": "64", "Size": "36X60X36", "Owner": "Rock Networks", "Status": "Proposed", "Struct_1": "Large", "Subtype": "Vault", "Struct_2": "Splice", "Permit_ID": "FS18-AR173-RW-UG", "Trunk_ID": null, "FDH_ID": "FDH201026", "Lot_No": null, "FSA_No": "HURON SHORES FSA18", "OLT_ID": "201", "Subdiv": "2", "Comments": null, "SKU": "VLT366036", "PON_ID": null, "layer": null, "path": null, "Contractor": null, "DtAsgCnstr": null, "ConStartDt": null, "DtInstald": null }, "geometry": { "type": "Point", "coordinates": [ 296513.253881021286361, 5129960.517795322462916 ] } },
{ "type": "Feature", "properties": { "ID": "45", "Size": "36X60X36", "Owner": "Rock Networks", "Status": "Proposed", "Struct_1": "Large", "Subtype": "Vault", "Struct_2": "Splice", "Permit_ID": "FS38-MC01-UG", "Trunk_ID": null, "FDH_ID": "FDH201040", "Lot_No": null, "FSA_No": "THESSALON FSA38", "OLT_ID": "201", "Subdiv": "2", "Comments": null, "SKU": "VLT366036", "PON_ID": null, "layer": null, "path": null, "Contractor": null, "DtAsgCnstr": null, "ConStartDt": null, "DtInstald": null }, "geometry": { "type": "Point", "coordinates": [ 302052.170645516889635, 5124201.845910081639886 ] } },
{ "type": "Feature", "properties": { "ID": "200", "Size": "30X48X24", "Owner": "Rock Networks", "Status": "Proposed", "Struct_1": "Large", "Subtype": "Vault", "Struct_2": "Splice", "Permit_ID": null, "Trunk_ID": "TRUNK30368", "FDH_ID": null, "Lot_No": null, "FSA_No": null, "OLT_ID": null, "Subdiv": "3", "Comments": null, "SKU": "VLT304824", "PON_ID": null, "layer": null, "path": null, "Contractor": null, "DtAsgCnstr": null, "ConStartDt": null, "DtInstald": null }, "geometry": { "type": "Point", "coordinates": [ 311689.882150446646847, 5135816.740277186967432 ] } },
{ "type": "Feature", "properties": { "ID": "61", "Size": "36X60X36", "Owner": "Rock Networks", "Status": "Proposed", "Struct_1": "Large", "Subtype": "Vault", "Struct_2": "Splice", "Permit_ID": "FS18-AR172-RW-NS", "Trunk_ID": null, "FDH_ID": "FDH201033", "Lot_No": null, "FSA_No": "HURON SHORES FSA18", "OLT_ID": "201", "Subdiv": "2", "Comments": null, "SKU": "VLT366036", "PON_ID": null, "layer": null, "path": null, "Contractor": null, "DtAsgCnstr": null, "ConStartDt": null, "DtInstald": null }, "geometry": { "type": "Point", "coordinates": [ 299624.055764164193533, 5129347.247457818128169 ] } },
{ "type": "Feature", "properties": { "ID": "42", "Size": "36X60X36", "Owner": "Rock Networks", "Status": "Proposed", "Struct_1": "Large", "Subtype": "Vault", "Struct_2": "Splice", "Permit_ID": "FS38-MC01-UG", "Trunk_ID": null, "FDH_ID": "FDH201040", "Lot_No": null, "FSA_No": "THESSALON FSA38", "OLT_ID": "201", "Subdiv": "2", "Comments": null, "SKU": "VLT366036", "PON_ID": null, "layer": null, "path": null, "Contractor": null, "DtAsgCnstr": null, "ConStartDt": null, "DtInstald": null }, "geometry": { "type": "Point", "coordinates": [ 302153.582360746455379, 5124416.571184502914548 ] } },
{ "type": "Feature", "properties": { "ID": "146", "Size": "9x12", "Owner": "Rock Networks", "Status": "Proposed", "Struct_1": "Flower pot", "Subtype": "Vault", "Struct_2": null, "Permit_ID": "FS06-MC14-UG", "Trunk_ID": "TRUNK30184", "FDH_ID": "FDH202027", "Lot_No": null, "FSA_No": "BLIND RIVER FSA6", "OLT_ID": "202", "Subdiv": "2", "Comments": "Abandonned. See comment in permit FS06-MC14.", "SKU": null, "PON_ID": null, "layer": null, "path": null, "Contractor": null, "DtAsgCnstr": null, "ConStartDt": null, "DtInstald": null }, "geometry": { "type": "Point", "coordinates": [ 349721.20085406198632, 5122825.796266487799585 ] } },
{ "type": "Feature", "properties": { "ID": "147", "Size": "9x12", "Owner": "Rock Networks", "Status": "Proposed", "Struct_1": "Flower pot", "Subtype": "Vault", "Struct_2": null, "Permit_ID": "FS06-MC14-UG", "Trunk_ID": "TRUNK30184", "FDH_ID": "FDH202027", "Lot_No": null, "FSA_No": "BLIND RIVER FSA6", "OLT_ID": "202", "Subdiv": "2", "Comments": "Abandonned. See comment in permit FS06-MC14.", "SKU": null, "PON_ID": null, "layer": null, "path": null, "Contractor": null, "DtAsgCnstr": null, "ConStartDt": null, "DtInstald": null }, "geometry": { "type": "Point", "coordinates": [ 349735.686307231837418, 5122805.757864939980209 ] } },
{ "type": "Feature", "properties": { "ID": "148", "Size": "9x12", "Owner": "Rock Networks", "Status": "Proposed", "Struct_1": "Flower pot", "Subtype": "Vault", "Struct_2": null, "Permit_ID": "FS06-MC14-UG", "Trunk_ID": "TRUNK30184", "FDH_ID": "FDH202027", "Lot_No": null, "FSA_No": "BLIND RIVER FSA6", "OLT_ID": "202", "Subdiv": "2", "Comments": "Abandonned. See comment in permit FS06-MC14.", "SKU": null, "PON_ID": null, "layer": null, "path": null, "Contractor": null, "DtAsgCnstr": null, "ConStartDt": null, "DtInstald": null }, "geometry": { "type": "Point", "coordinates": [ 349736.930622586805839, 5122782.634239000268281 ] } },
{ "type": "Feature", "properties": { "ID": "65", "Size": "36X60X36", "Owner": "Rock Networks", "Status": "Proposed", "Struct_1": "Large", "Subtype": "Vault", "Struct_2": "Splice", "Permit_ID": "FS06-MC05-UG", "Trunk_ID": "TRUNK20396", "FDH_ID": "FDH202045", "Lot_No": null, "FSA_No": "BLIND RIVER FSA6", "OLT_ID": "202", "Subdiv": "2", "Comments": null, "SKU": "VLT366036", "PON_ID": null, "layer": null, "path": null, "Contractor": null, "DtAsgCnstr": null, "ConStartDt": null, "DtInstald": null }, "geometry": { "type": "Point", "coordinates": [ 348832.542198085749988, 5116668.046099923551083 ] } },
{ "type": "Feature", "properties": { "ID": "66", "Size": "36X60X36", "Owner": "Rock Networks", "Status": "Proposed", "Struct_1": "Large", "Subtype": "Vault", "Struct_2": "Splice", "Permit_ID": "FS06-MC05-UG", "Trunk_ID": "TRUNK20396", "FDH_ID": "FDH202045", "Lot_No": null, "FSA_No": "BLIND RIVER FSA6", "OLT_ID": "202", "Subdiv": "2", "Comments": null, "SKU": "VLT366036", "PON_ID": null, "layer": null, "path": null, "Contractor": null, "DtAsgCnstr": null, "ConStartDt": null, "DtInstald": null }, "geometry": { "type": "Point", "coordinates": [ 348768.881856750696898, 5116582.429196995683014 ] } },
{ "type": "Feature", "properties": { "ID": "49", "Size": "36X60X36", "Owner": "Rock Networks", "Status": "Proposed", "Struct_1": "Large", "Subtype": "Vault", "Struct_2": "Splice", "Permit_ID": "FS18-MC02-UG", "Trunk_ID": null, "FDH_ID": "FDH201017", "Lot_No": null, "FSA_No": "HURON SHORES FSA18", "OLT_ID": "201", "Subdiv": "2", "Comments": null, "SKU": "VLT366036", "PON_ID": null, "layer": null, "path": null, "Contractor": null, "DtAsgCnstr": null, "ConStartDt": null, "DtInstald": null }, "geometry": { "type": "Point", "coordinates": [ 306040.176817257655784, 5130421.219119990244508 ] } },
{ "type": "Feature", "properties": { "ID": "54", "Size": "36X60X36", "Owner": "Rock Networks", "Status": "Proposed", "Struct_1": "Large", "Subtype": "Vault", "Struct_2": "Splice", "Permit_ID": "FS18-MC08-UG", "Trunk_ID": null, "FDH_ID": "FDH201015", "Lot_No": null, "FSA_No": "HURON SHORES FSA18", "OLT_ID": "201", "Subdiv": "2", "Comments": null, "SKU": "VLT366036", "PON_ID": null, "layer": null, "path": null, "Contractor": null, "DtAsgCnstr": null, "ConStartDt": null, "DtInstald": null }, "geometry": { "type": "Point", "coordinates": [ 310166.527605509210844, 5126728.458713172934949 ] } },
{ "type": "Feature", "properties": { "ID": "62", "Size": "36X60X36", "Owner": "Rock Networks", "Status": "Proposed", "Struct_1": "Large", "Subtype": "Vault", "Struct_2": "Splice", "Permit_ID": "FS18-AR172-RW-NS", "Trunk_ID": null, "FDH_ID": "FDH201033", "Lot_No": null, "FSA_No": "HURON SHORES FSA18", "OLT_ID": "201", "Subdiv": "2", "Comments": null, "SKU": "VLT366036", "PON_ID": null, "layer": null, "path": null, "Contractor": null, "DtAsgCnstr": null, "ConStartDt": null, "DtInstald": null }, "geometry": { "type": "Point", "coordinates": [ 299629.077438744774554, 5129385.991578540764749 ] } },
{ "type": "Feature", "properties": { "ID": "93", "Size": "30X48X24", "Owner": "Rock Networks", "Status": "Proposed", "Struct_1": "Medium", "Subtype": "Vault", "Struct_2": null, "Permit_ID": "FS06-MC09-UG", "Trunk_ID": null, "FDH_ID": "FDH202031", "Lot_No": null, "FSA_No": "BLIND RIVER FSA6", "OLT_ID": "202", "Subdiv": "2", "Comments": null, "SKU": "VLT304824", "PON_ID": null, "layer": null, "path": null, "Contractor": null, "DtAsgCnstr": null, "ConStartDt": null, "DtInstald": null }, "geometry": { "type": "Point", "coordinates": [ 350586.531855612236541, 5124973.713094167411327 ] } },
{ "type": "Feature", "properties": { "ID": "101", "Size": "36X60X36", "Owner": "Rock Networks", "Status": "Proposed", "Struct_1": "Large", "Subtype": "Vault", "Struct_2": "Splice", "Permit_ID": "FS38-MC01-UG", "Trunk_ID": null, "FDH_ID": "FDH201037", "Lot_No": null, "FSA_No": "THESSALON FSA38", "OLT_ID": "201", "Subdiv": "2", "Comments": null, "SKU": "VLT366036", "PON_ID": null, "layer": null, "path": null, "Contractor": null, "DtAsgCnstr": null, "ConStartDt": null, "DtInstald": null }, "geometry": { "type": "Point", "coordinates": [ 302918.865455995197408, 5126684.044173519127071 ] } },
{ "type": "Feature", "properties": { "ID": "102", "Size": "36X60X36", "Owner": "Rock Networks", "Status": "Proposed", "Struct_1": "Large", "Subtype": "Vault", "Struct_2": "Splice", "Permit_ID": "FS38-MC01-UG", "Trunk_ID": null, "FDH_ID": "FDH201039", "Lot_No": null, "FSA_No": "THESSALON FSA38", "OLT_ID": "201", "Subdiv": "2", "Comments": null, "SKU": "VLT366036", "PON_ID": null, "layer": null, "path": null, "Contractor": null, "DtAsgCnstr": null, "ConStartDt": null, "DtInstald": null }, "geometry": { "type": "Point", "coordinates": [ 302414.226722056046128, 5125821.102326326072216 ] } },
{ "type": "Feature", "properties": { "ID": "106", "Size": "36X60X36", "Owner": "Rock Networks", "Status": "Proposed", "Struct_1": "Large", "Subtype": "Vault", "Struct_2": "Splice", "Permit_ID": "FS06-MC04-UG", "Trunk_ID": null, "FDH_ID": "FDH202019", "Lot_No": null, "FSA_No": "BLIND RIVER FSA6", "OLT_ID": "202", "Subdiv": "2", "Comments": null, "SKU": "VLT366036", "PON_ID": null, "layer": null, "path": null, "Contractor": null, "DtAsgCnstr": null, "ConStartDt": null, "DtInstald": null }, "geometry": { "type": "Point", "coordinates": [ 344099.641258700052276, 5117747.319717859849334 ] } },
{ "type": "Feature", "properties": { "ID": "107", "Size": "36X60X36", "Owner": "Rock Networks", "Status": "Proposed", "Struct_1": "Large", "Subtype": "Vault", "Struct_2": "Splice", "Permit_ID": "FS06-MC04-UG", "Trunk_ID": null, "FDH_ID": "FDH202019", "Lot_No": null, "FSA_No": "BLIND RIVER FSA6", "OLT_ID": "202", "Subdiv": "2", "Comments": null, "SKU": "VLT366036", "PON_ID": null, "layer": null, "path": null, "Contractor": null, "DtAsgCnstr": null, "ConStartDt": null, "DtInstald": null }, "geometry": { "type": "Point", "coordinates": [ 344096.056253626826219, 5117768.517972328700125 ] } },
{ "type": "Feature", "properties": { "ID": "99", "Size": "36X60X36", "Owner": "Rock Networks", "Status": "Proposed", "Struct_1": "Large", "Subtype": "Vault", "Struct_2": "Splice", "Permit_ID": "FS06-MC11-UG", "Trunk_ID": null, "FDH_ID": "FDH202046", "Lot_No": null, "FSA_No": "BLIND RIVER FSA6", "OLT_ID": "202", "Subdiv": "2", "Comments": null, "SKU": "VLT366036", "PON_ID": null, "layer": null, "path": null, "Contractor": null, "DtAsgCnstr": null, "ConStartDt": null, "DtInstald": null }, "geometry": { "type": "Point", "coordinates": [ 346867.45252672652714, 5116655.151359555311501 ] } },
{ "type": "Feature", "properties": { "ID": "128", "Size": "36X60X36", "Owner": "Rock Networks", "Status": "Proposed", "Struct_1": "Large", "Subtype": "Vault", "Struct_2": "Splice", "Permit_ID": "FS18-MC12-UG", "Trunk_ID": null, "FDH_ID": "FDH201008", "Lot_No": null, "FSA_No": "HURON SHORES FSA18", "OLT_ID": "201", "Subdiv": "2", "Comments": null, "SKU": "VLT366036", "PON_ID": null, "layer": null, "path": null, "Contractor": null, "DtAsgCnstr": null, "ConStartDt": null, "DtInstald": null }, "geometry": { "type": "Point", "coordinates": [ 324260.712205611576792, 5123726.32480476796627 ] } },
{ "type": "Feature", "properties": { "ID": "111", "Size": "36X60X36", "Owner": "Rock Networks", "Status": "Proposed", "Struct_1": "Large", "Subtype": "Vault", "Struct_2": "Splice", "Permit_ID": "FS18-MC11-UG", "Trunk_ID": null, "FDH_ID": "FDH201034", "Lot_No": null, "FSA_No": "HURON SHORES FSA18", "OLT_ID": "201", "Subdiv": "2", "Comments": null, "SKU": "VLT366036", "PON_ID": null, "layer": null, "path": null, "Contractor": null, "DtAsgCnstr": null, "ConStartDt": null, "DtInstald": null }, "geometry": { "type": "Point", "coordinates": [ 301354.03606776043307, 5131269.110559999011457 ] } },
{ "type": "Feature", "properties": { "ID": "112", "Size": "36X60X36", "Owner": "Rock Networks", "Status": "Proposed", "Struct_1": "Large", "Subtype": "Vault", "Struct_2": "Splice", "Permit_ID": "FS18-MC11-UG", "Trunk_ID": null, "FDH_ID": "FDH201034", "Lot_No": null, "FSA_No": "HURON SHORES FSA18", "OLT_ID": "201", "Subdiv": "2", "Comments": null, "SKU": "VLT366036", "PON_ID": null, "layer": null, "path": null, "Contractor": null, "DtAsgCnstr": null, "ConStartDt": null, "DtInstald": null }, "geometry": { "type": "Point", "coordinates": [ 301371.174117960734293, 5131268.230728450231254 ] } },
{ "type": "Feature", "properties": { "ID": "115", "Size": "36X60X36", "Owner": "Rock Networks", "Status": "Proposed", "Struct_1": "Large", "Subtype": "Vault", "Struct_2": "Splice", "Permit_ID": "FS18-MC12-UG", "Trunk_ID": null, "FDH_ID": "FDH201004", "Lot_No": null, "FSA_No": "HURON SHORES FSA18", "OLT_ID": "201", "Subdiv": "2", "Comments": null, "SKU": "VLT366036", "PON_ID": null, "layer": null, "path": null, "Contractor": null, "DtAsgCnstr": null, "ConStartDt": null, "DtInstald": null }, "geometry": { "type": "Point", "coordinates": [ 327576.109365644049831, 5130487.245094011537731 ] } },
{ "type": "Feature", "properties": { "ID": "113", "Size": "36X60X36", "Owner": "Rock Networks", "Status": "Proposed", "Struct_1": "Large", "Subtype": "Vault", "Struct_2": "Splice", "Permit_ID": "FS06-MC04-UG", "Trunk_ID": null, "FDH_ID": "FDH202021", "Lot_No": null, "FSA_No": "BLIND RIVER FSA6", "OLT_ID": "202", "Subdiv": "2", "Comments": null, "SKU": "VLT366036", "PON_ID": null, "layer": null, "path": null, "Contractor": null, "DtAsgCnstr": null, "ConStartDt": null, "DtInstald": null }, "geometry": { "type": "Point", "coordinates": [ 353465.132435098523274, 5116475.229249189607799 ] } },
{ "type": "Feature", "properties": { "ID": "114", "Size": "36X60X36", "Owner": "Rock Networks", "Status": "Proposed", "Struct_1": "Large", "Subtype": "Vault", "Struct_2": "Splice", "Permit_ID": "FS06-MC04-UG", "Trunk_ID": null, "FDH_ID": "FDH202021", "Lot_No": null, "FSA_No": "BLIND RIVER FSA6", "OLT_ID": "202", "Subdiv": "2", "Comments": null, "SKU": "VLT366036", "PON_ID": null, "layer": null, "path": null, "Contractor": null, "DtAsgCnstr": null, "ConStartDt": null, "DtInstald": null }, "geometry": { "type": "Point", "coordinates": [ 353449.403850395581685, 5116431.64454398304224 ] } },
{ "type": "Feature", "properties": { "ID": "116", "Size": "36X60X36", "Owner": "Rock Networks", "Status": "Proposed", "Struct_1": "Large", "Subtype": "Vault", "Struct_2": "Splice", "Permit_ID": "FS18-MC12-UG", "Trunk_ID": null, "FDH_ID": "FDH201004", "Lot_No": null, "FSA_No": "HURON SHORES FSA18", "OLT_ID": "201", "Subdiv": "2", "Comments": null, "SKU": "VLT366036", "PON_ID": null, "layer": null, "path": null, "Contractor": null, "DtAsgCnstr": null, "ConStartDt": null, "DtInstald": null }, "geometry": { "type": "Point", "coordinates": [ 327555.795166974654421, 5129821.49716202262789 ] } },
{ "type": "Feature", "properties": { "ID": "117", "Size": "36X60X36", "Owner": "Rock Networks", "Status": "Proposed", "Struct_1": "Large", "Subtype": "Vault", "Struct_2": "Splice", "Permit_ID": "FS06-MC12-UG", "Trunk_ID": null, "FDH_ID": "FDH202002", "Lot_No": null, "FSA_No": "BLIND RIVER FSA6", "OLT_ID": "202", "Subdiv": "2", "Comments": null, "SKU": "VLT366036", "PON_ID": null, "layer": null, "path": null, "Contractor": null, "DtAsgCnstr": null, "ConStartDt": null, "DtInstald": null }, "geometry": { "type": "Point", "coordinates": [ 349480.105372901307419, 5116492.232574298046529 ] } },
{ "type": "Feature", "properties": { "ID": "118", "Size": "36X60X36", "Owner": "Rock Networks", "Status": "Proposed", "Struct_1": "Large", "Subtype": "Vault", "Struct_2": "Splice", "Permit_ID": "FS06-MC12-UG", "Trunk_ID": null, "FDH_ID": "FDH202002", "Lot_No": null, "FSA_No": "BLIND RIVER FSA6", "OLT_ID": "202", "Subdiv": "2", "Comments": null, "SKU": "VLT366036", "PON_ID": null, "layer": null, "path": null, "Contractor": null, "DtAsgCnstr": null, "ConStartDt": null, "DtInstald": null }, "geometry": { "type": "Point", "coordinates": [ 349525.42762243153993, 5116445.368640280328691 ] } },
{ "type": "Feature", "properties": { "ID": "119", "Size": "36X60X36", "Owner": "Rock Networks", "Status": "Proposed", "Struct_1": "Large", "Subtype": "Vault", "Struct_2": "Splice", "Permit_ID": "FS06-MC13-UG", "Trunk_ID": null, "FDH_ID": "FDH202002", "Lot_No": null, "FSA_No": "BLIND RIVER FSA6", "OLT_ID": "202", "Subdiv": "2", "Comments": null, "SKU": "VLT366036", "PON_ID": null, "layer": null, "path": null, "Contractor": null, "DtAsgCnstr": null, "ConStartDt": null, "DtInstald": null }, "geometry": { "type": "Point", "coordinates": [ 349688.157086096762214, 5116392.012809474952519 ] } },
{ "type": "Feature", "properties": { "ID": "103", "Size": "36X60X36", "Owner": "Rock Networks", "Status": "Proposed", "Struct_1": "Large", "Subtype": "Vault", "Struct_2": "Splice", "Permit_ID": "FS38-MC01-UG", "Trunk_ID": null, "FDH_ID": "FDH201039", "Lot_No": null, "FSA_No": "THESSALON FSA38", "OLT_ID": "201", "Subdiv": "2", "Comments": null, "SKU": "VLT366036", "PON_ID": null, "layer": null, "path": null, "Contractor": null, "DtAsgCnstr": null, "ConStartDt": null, "DtInstald": null }, "geometry": { "type": "Point", "coordinates": [ 302414.20545230229618, 5125849.792589507997036 ] } },
{ "type": "Feature", "properties": { "ID": "109", "Size": "36X60X36", "Owner": "Rock Networks", "Status": "Proposed", "Struct_1": "Large", "Subtype": "Vault", "Struct_2": "Splice", "Permit_ID": "FS06-MC02-UG", "Trunk_ID": null, "FDH_ID": "FDH202030", "Lot_No": null, "FSA_No": "BLIND RIVER FSA6", "OLT_ID": "202", "Subdiv": "2", "Comments": null, "SKU": "VLT366036", "PON_ID": null, "layer": null, "path": null, "Contractor": null, "DtAsgCnstr": null, "ConStartDt": null, "DtInstald": null }, "geometry": { "type": "Point", "coordinates": [ 353833.08487294317456, 5119374.584839990362525 ] } },
{ "type": "Feature", "properties": { "ID": "110", "Size": "36X60X36", "Owner": "Rock Networks", "Status": "Proposed", "Struct_1": "Large", "Subtype": "Vault", "Struct_2": "Splice", "Permit_ID": "FS06-MC02-UG", "Trunk_ID": null, "FDH_ID": "FDH202030", "Lot_No": null, "FSA_No": "BLIND RIVER FSA6", "OLT_ID": "202", "Subdiv": "2", "Comments": null, "SKU": "VLT366036", "PON_ID": null, "layer": null, "path": null, "Contractor": null, "DtAsgCnstr": null, "ConStartDt": null, "DtInstald": null }, "geometry": { "type": "Point", "coordinates": [ 353891.043127010227181, 5119451.909378688782454 ] } },
{ "type": "Feature", "properties": { "ID": "100", "Size": "36X60X36", "Owner": "Rock Networks", "Status": "Proposed", "Struct_1": "Large", "Subtype": "Vault", "Struct_2": "Splice", "Permit_ID": "FS38-MC01-UG", "Trunk_ID": null, "FDH_ID": "FDH201034", "Lot_No": null, "FSA_No": "THESSALON FSA38", "OLT_ID": "201", "Subdiv": "2", "Comments": null, "SKU": "VLT366036", "PON_ID": null, "layer": null, "path": null, "Contractor": null, "DtAsgCnstr": null, "ConStartDt": null, "DtInstald": null }, "geometry": { "type": "Point", "coordinates": [ 302857.215320658171549, 5126719.031752971000969 ] } },
{ "type": "Feature", "properties": { "ID": "104", "Size": "36X60X36", "Owner": "Rock Networks", "Status": "Proposed", "Struct_1": "Large", "Subtype": "Vault", "Struct_2": "Splice", "Permit_ID": "FS06-MC05-UG", "Trunk_ID": null, "FDH_ID": "FDH202020", "Lot_No": null, "FSA_No": "BLIND RIVER FSA6", "OLT_ID": "202", "Subdiv": "2", "Comments": null, "SKU": "VLT366036", "PON_ID": null, "layer": null, "path": null, "Contractor": null, "DtAsgCnstr": null, "ConStartDt": null, "DtInstald": null }, "geometry": { "type": "Point", "coordinates": [ 340514.127558760577813, 5119135.430971327237785 ] } },
{ "type": "Feature", "properties": { "ID": "105", "Size": "36X60X36", "Owner": "Rock Networks", "Status": "Proposed", "Struct_1": "Large", "Subtype": "Vault", "Struct_2": "Splice", "Permit_ID": "FS06-MC05-UG", "Trunk_ID": null, "FDH_ID": "FDH202020", "Lot_No": null, "FSA_No": "BLIND RIVER FSA6", "OLT_ID": "202", "Subdiv": "2", "Comments": null, "SKU": "VLT366036", "PON_ID": null, "layer": null, "path": null, "Contractor": null, "DtAsgCnstr": null, "ConStartDt": null, "DtInstald": null }, "geometry": { "type": "Point", "coordinates": [ 340506.055713021778502, 5119160.559318860992789 ] } },
{ "type": "Feature", "properties": { "ID": "108", "Size": "36X60X36", "Owner": "Rock Networks", "Status": "Proposed", "Struct_1": "Large", "Subtype": "Vault", "Struct_2": "Splice", "Permit_ID": "FS06-MC11-UG", "Trunk_ID": null, "FDH_ID": "FDH202046", "Lot_No": null, "FSA_No": "BLIND RIVER FSA6", "OLT_ID": "202", "Subdiv": "2", "Comments": null, "SKU": "VLT366036", "PON_ID": null, "layer": null, "path": null, "Contractor": null, "DtAsgCnstr": null, "ConStartDt": null, "DtInstald": null }, "geometry": { "type": "Point", "coordinates": [ 346922.691429070429876, 5116655.172269343398511 ] } },
{ "type": "Feature", "properties": { "ID": "122", "Size": "36X60X36", "Owner": "Rock Networks", "Status": "Proposed", "Struct_1": "Large", "Subtype": "Vault", "Struct_2": "Splice", "Permit_ID": "FS06-MC11-UG", "Trunk_ID": null, "FDH_ID": "FDH202021", "Lot_No": null, "FSA_No": "BLIND RIVER FSA6", "OLT_ID": "202", "Subdiv": "2", "Comments": null, "SKU": "VLT366036", "PON_ID": null, "layer": null, "path": null, "Contractor": null, "DtAsgCnstr": null, "ConStartDt": null, "DtInstald": null }, "geometry": { "type": "Point", "coordinates": [ 358437.420758942549583, 5116132.225600057281554 ] } },
{ "type": "Feature", "properties": { "ID": "129", "Size": "36X60X36", "Owner": "Rock Networks", "Status": "Proposed", "Struct_1": "Large", "Subtype": "Vault", "Struct_2": "Splice", "Permit_ID": "FS18-MC12-UG", "Trunk_ID": null, "FDH_ID": "FDH201008", "Lot_No": null, "FSA_No": "HURON SHORES FSA18", "OLT_ID": "201", "Subdiv": "2", "Comments": null, "SKU": "VLT366036", "PON_ID": null, "layer": null, "path": null, "Contractor": null, "DtAsgCnstr": null, "ConStartDt": null, "DtInstald": null }, "geometry": { "type": "Point", "coordinates": [ 324274.805567576782778, 5123746.865179338492453 ] } },
{ "type": "Feature", "properties": { "ID": "357", "Size": "36X60X36", "Owner": "Rock Networks", "Status": "Proposed", "Struct_1": "Large", "Subtype": "Vault", "Struct_2": "Splice", "Permit_ID": "FS06-MC01-UG", "Trunk_ID": "TRUNK20352", "FDH_ID": "FDH202027", "Lot_No": null, "FSA_No": "BLIND RIVER FSA6", "OLT_ID": "202", "Subdiv": "2", "Comments": null, "SKU": "VLT366036", "PON_ID": null, "layer": null, "path": null, "Contractor": null, "DtAsgCnstr": null, "ConStartDt": null, "DtInstald": null }, "geometry": { "type": "Point", "coordinates": [ 350444.662909522070549, 5120964.378922660835087 ] } },
{ "type": "Feature", "properties": { "ID": "359", "Size": "30X48X24", "Owner": "Rock Networks", "Status": "Proposed", "Struct_1": "Medium", "Subtype": "Vault", "Struct_2": null, "Permit_ID": "FS18-MC01-UG", "Trunk_ID": "TRUNK20180", "FDH_ID": "FDH201032", "Lot_No": null, "FSA_No": "HURON SHORES FSA18", "OLT_ID": "201", "Subdiv": "2", "Comments": null, "SKU": "VLT304824", "PON_ID": null, "layer": null, "path": null, "Contractor": null, "DtAsgCnstr": null, "ConStartDt": null, "DtInstald": null }, "geometry": { "type": "Point", "coordinates": [ 319385.344957176188473, 5135659.92742199730128 ] } },
{ "type": "Feature", "properties": { "ID": "360", "Size": "9x12", "Owner": "Rock Networks", "Status": "Proposed", "Struct_1": "Flower pot", "Subtype": "Vault", "Struct_2": null, "Permit_ID": "FS18-MC01-UG", "Trunk_ID": "TRUNK20178", "FDH_ID": "FDH201032", "Lot_No": null, "FSA_No": "HURON SHORES FSA18", "OLT_ID": "201", "Subdiv": "2", "Comments": null, "SKU": null, "PON_ID": null, "layer": null, "path": null, "Contractor": null, "DtAsgCnstr": null, "ConStartDt": null, "DtInstald": null }, "geometry": { "type": "Point", "coordinates": [ 321009.306659037480131, 5133161.280646726489067 ] } },
{ "type": "Feature", "properties": { "ID": "361", "Size": "9x12", "Owner": "Rock Networks", "Status": "Proposed", "Struct_1": "Flower pot", "Subtype": "Vault", "Struct_2": null, "Permit_ID": "FS18-MC01-UG", "Trunk_ID": "TRUNK20178", "FDH_ID": "FDH201032", "Lot_No": null, "FSA_No": "HURON SHORES FSA18", "OLT_ID": "201", "Subdiv": "2", "Comments": null, "SKU": null, "PON_ID": null, "layer": null, "path": null, "Contractor": null, "DtAsgCnstr": null, "ConStartDt": null, "DtInstald": null }, "geometry": { "type": "Point", "coordinates": [ 320983.098946730140597, 5133026.959222040139139 ] } },
{ "type": "Feature", "properties": { "ID": "362", "Size": "9x12", "Owner": "Rock Networks", "Status": "Proposed", "Struct_1": "Flower pot", "Subtype": "Vault", "Struct_2": null, "Permit_ID": "FS18-MC01-UG", "Trunk_ID": "TRUNK20178", "FDH_ID": "FDH201032", "Lot_No": null, "FSA_No": "HURON SHORES FSA18", "OLT_ID": "201", "Subdiv": "2", "Comments": null, "SKU": null, "PON_ID": null, "layer": null, "path": null, "Contractor": null, "DtAsgCnstr": null, "ConStartDt": null, "DtInstald": null }, "geometry": { "type": "Point", "coordinates": [ 320977.689967079961207, 5133019.861574664711952 ] } },
{ "type": "Feature", "properties": { "ID": "133", "Size": "36X60X36", "Owner": "Rock Networks", "Status": "Proposed", "Struct_1": "Large", "Subtype": "Vault", "Struct_2": "Splice", "Permit_ID": "FS06-MC14-UG", "Trunk_ID": "TRUNK20005", "FDH_ID": "FDH202027", "Lot_No": null, "FSA_No": "BLIND RIVER FSA6", "OLT_ID": "202", "Subdiv": "2", "Comments": "Abandonned. See comment in permit FS06-MC14.", "SKU": "VLT366036", "PON_ID": null, "layer": null, "path": null, "Contractor": null, "DtAsgCnstr": null, "ConStartDt": null, "DtInstald": null }, "geometry": { "type": "Point", "coordinates": [ 349875.445784028444905, 5122724.827826669439673 ] } },
{ "type": "Feature", "properties": { "ID": "130", "Size": "36X60X36", "Owner": "Rock Networks", "Status": "Proposed", "Struct_1": "Large", "Subtype": "Vault", "Struct_2": "Splice", "Permit_ID": "FS18-MC13-UG", "Trunk_ID": "TRUNK20291", "FDH_ID": "FDH201013", "Lot_No": null, "FSA_No": "HURON SHORES FSA18", "OLT_ID": "201", "Subdiv": "2", "Comments": null, "SKU": "VLT366036", "PON_ID": null, "layer": null, "path": null, "Contractor": null, "DtAsgCnstr": null, "ConStartDt": null, "DtInstald": null }, "geometry": { "type": "Point", "coordinates": [ 308781.507268342596944, 5134806.966118690557778 ] } },
{ "type": "Feature", "properties": { "ID": "131", "Size": "36X60X36", "Owner": "Rock Networks", "Status": "Proposed", "Struct_1": "Large", "Subtype": "Vault", "Struct_2": "Splice", "Permit_ID": "FS18-MC13-UG", "Trunk_ID": "TRUNK20291", "FDH_ID": "FDH201013", "Lot_No": null, "FSA_No": "HURON SHORES FSA18", "OLT_ID": "201", "Subdiv": "2", "Comments": null, "SKU": "VLT366036", "PON_ID": null, "layer": null, "path": null, "Contractor": null, "DtAsgCnstr": null, "ConStartDt": null, "DtInstald": null }, "geometry": { "type": "Point", "coordinates": [ 308820.534150365740061, 5134754.679953005164862 ] } },
{ "type": "Feature", "properties": { "ID": "134", "Size": "36X60X36", "Owner": "Rock Networks", "Status": "Proposed", "Struct_1": "Large", "Subtype": "Vault", "Struct_2": "Splice", "Permit_ID": "FS06-MC14-UG", "Trunk_ID": "TRUNK20005", "FDH_ID": "FDH202027", "Lot_No": null, "FSA_No": "BLIND RIVER FSA6", "OLT_ID": "202", "Subdiv": "2", "Comments": "Abandonned. See comment in permit FS06-MC14.", "SKU": "VLT366036", "PON_ID": null, "layer": null, "path": null, "Contractor": null, "DtAsgCnstr": null, "ConStartDt": null, "DtInstald": null }, "geometry": { "type": "Point", "coordinates": [ 349753.814619625220075, 5122326.202274136245251 ] } },
{ "type": "Feature", "properties": { "ID": "135", "Size": "9x12", "Owner": "Rock Networks", "Status": "Proposed", "Struct_1": "Flower pot", "Subtype": "Vault", "Struct_2": null, "Permit_ID": "FS06-MC14-UG", "Trunk_ID": "TRUNK30184", "FDH_ID": "FDH202027", "Lot_No": null, "FSA_No": "BLIND RIVER FSA6", "OLT_ID": "202", "Subdiv": "2", "Comments": "Abandonned. See comment in permit FS06-MC14.", "SKU": null, "PON_ID": null, "layer": null, "path": null, "Contractor": null, "DtAsgCnstr": null, "ConStartDt": null, "DtInstald": null }, "geometry": { "type": "Point", "coordinates": [ 349696.388394200243056, 5122462.003430712968111 ] } },
{ "type": "Feature", "properties": { "ID": "136", "Size": "30X48X24", "Owner": "Rock Networks", "Status": "Proposed", "Struct_1": "Medium", "Subtype": "Vault", "Struct_2": null, "Permit_ID": "FS06-MC14-UG", "Trunk_ID": "TRUNK30184", "FDH_ID": "FDH202027", "Lot_No": null, "FSA_No": "BLIND RIVER FSA6", "OLT_ID": "202", "Subdiv": "2", "Comments": "Abandonned. See comment in permit FS06-MC14.", "SKU": "VLT304824", "PON_ID": null, "layer": null, "path": null, "Contractor": null, "DtAsgCnstr": null, "ConStartDt": null, "DtInstald": null }, "geometry": { "type": "Point", "coordinates": [ 349782.839555624406785, 5122700.788101810030639 ] } },
{ "type": "Feature", "properties": { "ID": "137", "Size": "9x12", "Owner": "Rock Networks", "Status": "Proposed", "Struct_1": "Flower pot", "Subtype": "Vault", "Struct_2": null, "Permit_ID": "FS06-MC14-UG", "Trunk_ID": "TRUNK30184", "FDH_ID": "FDH202027", "Lot_No": null, "FSA_No": "BLIND RIVER FSA6", "OLT_ID": "202", "Subdiv": "2", "Comments": "Abandonned. See comment in permit FS06-MC14.", "SKU": null, "PON_ID": null, "layer": null, "path": null, "Contractor": null, "DtAsgCnstr": null, "ConStartDt": null, "DtInstald": null }, "geometry": { "type": "Point", "coordinates": [ 349783.67142205266282, 5122688.993740786798298 ] } },
{ "type": "Feature", "properties": { "ID": "138", "Size": "9x12", "Owner": "Rock Networks", "Status": "Proposed", "Struct_1": "Flower pot", "Subtype": "Vault", "Struct_2": null, "Permit_ID": "FS06-MC14-UG", "Trunk_ID": "TRUNK30184", "FDH_ID": "FDH202027", "Lot_No": null, "FSA_No": "BLIND RIVER FSA6", "OLT_ID": "202", "Subdiv": "2", "Comments": "Abandonned. See comment in permit FS06-MC14.", "SKU": null, "PON_ID": null, "layer": null, "path": null, "Contractor": null, "DtAsgCnstr": null, "ConStartDt": null, "DtInstald": null }, "geometry": { "type": "Point", "coordinates": [ 349764.291241235448979, 5122638.43026215583086 ] } },
{ "type": "Feature", "properties": { "ID": "139", "Size": "30X48X24", "Owner": "Rock Networks", "Status": "Proposed", "Struct_1": "Medium", "Subtype": "Vault", "Struct_2": null, "Permit_ID": "FS06-MC14-UG", "Trunk_ID": "TRUNK30184", "FDH_ID": "FDH202027", "Lot_No": null, "FSA_No": "BLIND RIVER FSA6", "OLT_ID": "202", "Subdiv": "2", "Comments": "Abandonned. See comment in permit FS06-MC14.", "SKU": "VLT304824", "PON_ID": null, "layer": null, "path": null, "Contractor": null, "DtAsgCnstr": null, "ConStartDt": null, "DtInstald": null }, "geometry": { "type": "Point", "coordinates": [ 349735.433699895220343, 5122849.686220423318446 ] } },
{ "type": "Feature", "properties": { "ID": "140", "Size": "30X48X24", "Owner": "Rock Networks", "Status": "Proposed", "Struct_1": "Medium", "Subtype": "Vault", "Struct_2": null, "Permit_ID": "FS06-MC14-UG", "Trunk_ID": "TRUNK30184", "FDH_ID": "FDH202027", "Lot_No": null, "FSA_No": "BLIND RIVER FSA6", "OLT_ID": "202", "Subdiv": "2", "Comments": "Abandonned. See comment in permit FS06-MC14.", "SKU": "VLT304824", "PON_ID": null, "layer": null, "path": null, "Contractor": null, "DtAsgCnstr": null, "ConStartDt": null, "DtInstald": null }, "geometry": { "type": "Point", "coordinates": [ 349917.664350619423203, 5122956.454969449900091 ] } },
{ "type": "Feature", "properties": { "ID": "141", "Size": "9x12", "Owner": "Rock Networks", "Status": "Proposed", "Struct_1": "Flower pot", "Subtype": "Vault", "Struct_2": null, "Permit_ID": "FS06-MC14-UG", "Trunk_ID": "TRUNK30184", "FDH_ID": "FDH202027", "Lot_No": null, "FSA_No": "BLIND RIVER FSA6", "OLT_ID": "202", "Subdiv": "2", "Comments": "Abandonned. See comment in permit FS06-MC14.", "SKU": null, "PON_ID": null, "layer": null, "path": null, "Contractor": null, "DtAsgCnstr": null, "ConStartDt": null, "DtInstald": null }, "geometry": { "type": "Point", "coordinates": [ 349944.898142066434957, 5122955.713087794370949 ] } },
{ "type": "Feature", "properties": { "ID": "142", "Size": "9x12", "Owner": "Rock Networks", "Status": "Proposed", "Struct_1": "Flower pot", "Subtype": "Vault", "Struct_2": null, "Permit_ID": "FS06-MC14-UG", "Trunk_ID": "TRUNK30184", "FDH_ID": "FDH202027", "Lot_No": null, "FSA_No": "BLIND RIVER FSA6", "OLT_ID": "202", "Subdiv": "2", "Comments": "Abandonned. See comment in permit FS06-MC14.", "SKU": null, "PON_ID": null, "layer": null, "path": null, "Contractor": null, "DtAsgCnstr": null, "ConStartDt": null, "DtInstald": null }, "geometry": { "type": "Point", "coordinates": [ 349980.423349663149565, 5122973.83285048045218 ] } },
{ "type": "Feature", "properties": { "ID": "143", "Size": "9x12", "Owner": "Rock Networks", "Status": "Proposed", "Struct_1": "Flower pot", "Subtype": "Vault", "Struct_2": null, "Permit_ID": "FS06-MC14-UG", "Trunk_ID": "TRUNK30184", "FDH_ID": "FDH202027", "Lot_No": null, "FSA_No": "BLIND RIVER FSA6", "OLT_ID": "202", "Subdiv": "2", "Comments": "Abandonned. See comment in permit FS06-MC14.", "SKU": null, "PON_ID": null, "layer": null, "path": null, "Contractor": null, "DtAsgCnstr": null, "ConStartDt": null, "DtInstald": null }, "geometry": { "type": "Point", "coordinates": [ 349872.240416823304258, 5122957.0280239302665 ] } },
{ "type": "Feature", "properties": { "ID": "144", "Size": "9x12", "Owner": "Rock Networks", "Status": "Proposed", "Struct_1": "Flower pot", "Subtype": "Vault", "Struct_2": null, "Permit_ID": "FS06-MC14-UG", "Trunk_ID": "TRUNK30184", "FDH_ID": "FDH202027", "Lot_No": null, "FSA_No": "BLIND RIVER FSA6", "OLT_ID": "202", "Subdiv": "2", "Comments": "Abandonned. See comment in permit FS06-MC14.", "SKU": null, "PON_ID": null, "layer": null, "path": null, "Contractor": null, "DtAsgCnstr": null, "ConStartDt": null, "DtInstald": null }, "geometry": { "type": "Point", "coordinates": [ 349678.453573983220849, 5122886.761755716986954 ] } },
{ "type": "Feature", "properties": { "ID": "145", "Size": "9x12", "Owner": "Rock Networks", "Status": "Proposed", "Struct_1": "Flower pot", "Subtype": "Vault", "Struct_2": null, "Permit_ID": "FS06-MC14-UG", "Trunk_ID": "TRUNK30184", "FDH_ID": "FDH202027", "Lot_No": null, "FSA_No": "BLIND RIVER FSA6", "OLT_ID": "202", "Subdiv": "2", "Comments": "Abandonned. See comment in permit FS06-MC14.", "SKU": null, "PON_ID": null, "layer": null, "path": null, "Contractor": null, "DtAsgCnstr": null, "ConStartDt": null, "DtInstald": null }, "geometry": { "type": "Point", "coordinates": [ 349722.171174610499293, 5122857.452741470187902 ] } },
{ "type": "Feature", "properties": { "ID": "132", "Size": "36X60X36", "Owner": "Rock Networks", "Status": "Proposed", "Struct_1": "Large", "Subtype": "Vault", "Struct_2": "Splice", "Permit_ID": "FS06-MC14-UG", "Trunk_ID": "TRUNK20067", "FDH_ID": "FDH202027", "Lot_No": null, "FSA_No": "BLIND RIVER FSA6", "OLT_ID": "202", "Subdiv": "2", "Comments": "Abandonned. See comment in permit FS06-MC14.", "SKU": "VLT366036", "PON_ID": null, "layer": null, "path": null, "Contractor": null, "DtAsgCnstr": null, "ConStartDt": null, "DtInstald": null }, "geometry": { "type": "Point", "coordinates": [ 349865.74891793448478, 5122900.047609884291887 ] } },
{ "type": "Feature", "properties": { "ID": "22", "Size": "30X48X24", "Owner": "Rock Networks", "Status": "Proposed", "Struct_1": "Medium", "Subtype": "Vault", "Struct_2": null, "Permit_ID": "FS11-MC01-UG-P1", "Trunk_ID": "TRUNK30226", "FDH_ID": "FDH301045", "Lot_No": null, "FSA_No": "ELLIOT LAKE", "OLT_ID": "301", "Subdiv": "3", "Comments": null, "SKU": "VLT304824", "PON_ID": null, "layer": null, "path": null, "Contractor": null, "DtAsgCnstr": null, "ConStartDt": null, "DtInstald": null }, "geometry": { "type": "Point", "coordinates": [ 376646.090809142100625, 5146948.347793515771627 ] } },
{ "type": "Feature", "properties": { "ID": "106", "Size": "36X60X36", "Owner": "Rock Networks", "Status": "Proposed", "Struct_1": "Large", "Subtype": "Vault", "Struct_2": "Splice", "Permit_ID": "FS32-MC04-UG", "Trunk_ID": "TRUNK30167", "FDH_ID": "FDH302022", "Lot_No": null, "FSA_No": "SPANISH", "OLT_ID": "302", "Subdiv": "3", "Comments": null, "SKU": "VLT366036", "PON_ID": null, "layer": null, "path": null, "Contractor": null, "DtAsgCnstr": null, "ConStartDt": null, "DtInstald": null }, "geometry": { "type": "Point", "coordinates": [ 398098.601268902479205, 5121582.188677487894893 ] } },
{ "type": "Feature", "properties": { "ID": "107", "Size": "30X48X24", "Owner": "Rock Networks", "Status": "Proposed", "Struct_1": "Medium", "Subtype": "Vault", "Struct_2": null, "Permit_ID": "FS32-MC04-UG", "Trunk_ID": "TRUNK30167", "FDH_ID": "FDH302022", "Lot_No": null, "FSA_No": "SPANISH", "OLT_ID": "302", "Subdiv": "3", "Comments": null, "SKU": "VLT304824", "PON_ID": null, "layer": null, "path": null, "Contractor": null, "DtAsgCnstr": null, "ConStartDt": null, "DtInstald": null }, "geometry": { "type": "Point", "coordinates": [ 398555.309722201200202, 5121787.137111076153815 ] } },
{ "type": "Feature", "properties": { "ID": "126", "Size": "36X60X36", "Owner": "Rock Networks", "Status": "Proposed", "Struct_1": "Large", "Subtype": "Vault", "Struct_2": "Splice", "Permit_ID": "FS27-MC01-UG-P22", "Trunk_ID": "TRUNK30372", "FDH_ID": "FDH303014", "Lot_No": null, "FSA_No": "SABLES-SPANISH RIVERS", "OLT_ID": "303", "Subdiv": "3", "Comments": null, "SKU": "VLT366036", "PON_ID": null, "layer": null, "path": null, "Contractor": null, "DtAsgCnstr": null, "ConStartDt": null, "DtInstald": null }, "geometry": { "type": "Point", "coordinates": [ 406582.706376718706451, 5117590.499439854174852 ] } },
{ "type": "Feature", "properties": { "ID": "127", "Size": "36X60X36", "Owner": "Rock Networks", "Status": "Proposed", "Struct_1": "Large", "Subtype": "Vault", "Struct_2": "Splice", "Permit_ID": "FS27-MC01-UG-P22", "Trunk_ID": "TRUNK30372", "FDH_ID": "FDH303014", "Lot_No": null, "FSA_No": "SABLES-SPANISH RIVERS", "OLT_ID": "303", "Subdiv": "3", "Comments": null, "SKU": "VLT366036", "PON_ID": null, "layer": null, "path": null, "Contractor": null, "DtAsgCnstr": null, "ConStartDt": null, "DtInstald": null }, "geometry": { "type": "Point", "coordinates": [ 406583.247445317683741, 5117661.19651329703629 ] } },
{ "type": "Feature", "properties": { "ID": "128", "Size": "36X60X36", "Owner": "Rock Networks", "Status": "Proposed", "Struct_1": "Large", "Subtype": "Vault", "Struct_2": "Splice", "Permit_ID": "FS27-MC06-UG", "Trunk_ID": "TRUNK30173", "FDH_ID": "FDH303003", "Lot_No": null, "FSA_No": "SABLES-SPANISH RIVERS", "OLT_ID": "303", "Subdiv": "3", "Comments": null, "SKU": "VLT366036", "PON_ID": null, "layer": null, "path": null, "Contractor": null, "DtAsgCnstr": null, "ConStartDt": null, "DtInstald": null }, "geometry": { "type": "Point", "coordinates": [ 419712.319788432214409, 5120717.403641213662922 ] } },
{ "type": "Feature", "properties": { "ID": "129", "Size": "36X60X36", "Owner": "Rock Networks", "Status": "Proposed", "Struct_1": "Large", "Subtype": "Vault", "Struct_2": "Splice", "Permit_ID": "FS27-MC06-UG", "Trunk_ID": "TRUNK30311", "FDH_ID": "FDH303003", "Lot_No": null, "FSA_No": "SABLES-SPANISH RIVERS", "OLT_ID": "303", "Subdiv": "3", "Comments": null, "SKU": "VLT366036", "PON_ID": null, "layer": null, "path": null, "Contractor": null, "DtAsgCnstr": null, "ConStartDt": null, "DtInstald": null }, "geometry": { "type": "Point", "coordinates": [ 420343.333068286534399, 5120715.564205469563603 ] } },
{ "type": "Feature", "properties": { "ID": "130", "Size": "36X60X36", "Owner": "Rock Networks", "Status": "Proposed", "Struct_1": "Large", "Subtype": "Vault", "Struct_2": "Splice", "Permit_ID": "FS27-MC06-UG", "Trunk_ID": "TRUNK30173", "FDH_ID": "FDH303003", "Lot_No": null, "FSA_No": "SABLES-SPANISH RIVERS", "OLT_ID": "303", "Subdiv": "3", "Comments": null, "SKU": "VLT366036", "PON_ID": null, "layer": null, "path": null, "Contractor": null, "DtAsgCnstr": null, "ConStartDt": null, "DtInstald": null }, "geometry": { "type": "Point", "coordinates": [ 419833.28300571825821, 5120717.178039633668959 ] } },
{ "type": "Feature", "properties": { "ID": "131", "Size": "36X60X36", "Owner": "Rock Networks", "Status": "Proposed", "Struct_1": "Large", "Subtype": "Vault", "Struct_2": "Splice", "Permit_ID": "FS32-MC03-UG", "Trunk_ID": "TRUNK30251", "FDH_ID": "FDH301045", "Lot_No": null, "FSA_No": "ELLIOT LAKE", "OLT_ID": "301", "Subdiv": "3", "Comments": null, "SKU": "VLT366036", "PON_ID": null, "layer": null, "path": null, "Contractor": null, "DtAsgCnstr": null, "ConStartDt": null, "DtInstald": null }, "geometry": { "type": "Point", "coordinates": [ 372301.823424460133538, 5145964.201793382875621 ] } },
{ "type": "Feature", "properties": { "ID": "132", "Size": "30X48X24", "Owner": "Rock Networks", "Status": "Proposed", "Struct_1": "Medium", "Subtype": "Vault", "Struct_2": null, "Permit_ID": "FS32-MC03-UG", "Trunk_ID": "TRUNK30174", "FDH_ID": "FDH301045", "Lot_No": null, "FSA_No": "ELLIOT LAKE", "OLT_ID": "301", "Subdiv": "3", "Comments": null, "SKU": "VLT304824", "PON_ID": null, "layer": null, "path": null, "Contractor": null, "DtAsgCnstr": null, "ConStartDt": null, "DtInstald": null }, "geometry": { "type": "Point", "coordinates": [ 371530.977781404857524, 5146240.037301519885659 ] } },
{ "type": "Feature", "properties": { "ID": "133", "Size": "36X60X36", "Owner": "Rock Networks", "Status": "Proposed", "Struct_1": "Large", "Subtype": "Vault", "Struct_2": "Splice", "Permit_ID": "FS32-MC03-UG", "Trunk_ID": "TRUNK30174", "FDH_ID": "FDH301045", "Lot_No": null, "FSA_No": "ELLIOT LAKE", "OLT_ID": "301", "Subdiv": "3", "Comments": null, "SKU": "VLT366036", "PON_ID": null, "layer": null, "path": null, "Contractor": null, "DtAsgCnstr": null, "ConStartDt": null, "DtInstald": null }, "geometry": { "type": "Point", "coordinates": [ 371104.491705664724577, 5147063.947942595928907 ] } },
{ "type": "Feature", "properties": { "ID": "134", "Size": "30X48X24", "Owner": "Rock Networks", "Status": "Proposed", "Struct_1": "Medium", "Subtype": "Vault", "Struct_2": null, "Permit_ID": "FS32-MC03-UG", "Trunk_ID": "TRUNK30175", "FDH_ID": "FDH301028", "Lot_No": null, "FSA_No": "ELLIOT LAKE", "OLT_ID": "301", "Subdiv": "3", "Comments": null, "SKU": "VLT304824", "PON_ID": null, "layer": null, "path": null, "Contractor": null, "DtAsgCnstr": null, "ConStartDt": null, "DtInstald": null }, "geometry": { "type": "Point", "coordinates": [ 370359.19104050018359, 5147449.352080503478646 ] } },
{ "type": "Feature", "properties": { "ID": "135", "Size": "36X60X36", "Owner": "Rock Networks", "Status": "Proposed", "Struct_1": "Large", "Subtype": "Vault", "Struct_2": "Splice", "Permit_ID": "FS32-MC03-UG", "Trunk_ID": "TRUNK30175", "FDH_ID": "FDH301028", "Lot_No": null, "FSA_No": "ELLIOT LAKE", "OLT_ID": "301", "Subdiv": "3", "Comments": null, "SKU": "VLT366036", "PON_ID": null, "layer": null, "path": null, "Contractor": null, "DtAsgCnstr": null, "ConStartDt": null, "DtInstald": null }, "geometry": { "type": "Point", "coordinates": [ 369751.890651202877052, 5147959.999157051555812 ] } },
{ "type": "Feature", "properties": { "ID": "136", "Size": "30X48X24", "Owner": "Rock Networks", "Status": "Proposed", "Struct_1": "Medium", "Subtype": "Vault", "Struct_2": null, "Permit_ID": "FS32-MC03-UG", "Trunk_ID": "TRUNK30176", "FDH_ID": "FDH301028", "Lot_No": null, "FSA_No": "ELLIOT LAKE", "OLT_ID": "301", "Subdiv": "3", "Comments": null, "SKU": "VLT304824", "PON_ID": null, "layer": null, "path": null, "Contractor": null, "DtAsgCnstr": null, "ConStartDt": null, "DtInstald": null }, "geometry": { "type": "Point", "coordinates": [ 369137.539136858948041, 5148449.331311474554241 ] } },
{ "type": "Feature", "properties": { "ID": "137", "Size": "36X60X36", "Owner": "Rock Networks", "Status": "Proposed", "Struct_1": "Large", "Subtype": "Vault", "Struct_2": "Splice", "Permit_ID": "FS32-MC03-UG", "Trunk_ID": "TRUNK30176", "FDH_ID": "FDH301028", "Lot_No": null, "FSA_No": "ELLIOT LAKE", "OLT_ID": "301", "Subdiv": "3", "Comments": null, "SKU": "VLT366036", "PON_ID": null, "layer": null, "path": null, "Contractor": null, "DtAsgCnstr": null, "ConStartDt": null, "DtInstald": null }, "geometry": { "type": "Point", "coordinates": [ 368939.551013105723541, 5149235.298987084068358 ] } },
{ "type": "Feature", "properties": { "ID": "138", "Size": "9x12", "Owner": "Rock Networks", "Status": "Proposed", "Struct_1": "Flower pot", "Subtype": "Vault", "Struct_2": null, "Permit_ID": "FS32-MC03-UG", "Trunk_ID": "TRUNK30176", "FDH_ID": "FDH301028", "Lot_No": null, "FSA_No": "ELLIOT LAKE", "OLT_ID": "301", "Subdiv": "3", "Comments": null, "SKU": null, "PON_ID": null, "layer": null, "path": null, "Contractor": null, "DtAsgCnstr": null, "ConStartDt": null, "DtInstald": null }, "geometry": { "type": "Point", "coordinates": [ 369174.017828721669503, 5149395.619163477793336 ] } },
{ "type": "Feature", "properties": { "ID": "139", "Size": "9x12", "Owner": "Rock Networks", "Status": "Proposed", "Struct_1": "Flower pot", "Subtype": "Vault", "Struct_2": null, "Permit_ID": "FS32-MC03-UG", "Trunk_ID": "TRUNK30176", "FDH_ID": "FDH301028", "Lot_No": null, "FSA_No": "ELLIOT LAKE", "OLT_ID": "301", "Subdiv": "3", "Comments": null, "SKU": null, "PON_ID": null, "layer": null, "path": null, "Contractor": null, "DtAsgCnstr": null, "ConStartDt": null, "DtInstald": null }, "geometry": { "type": "Point", "coordinates": [ 369216.097935826168396, 5149420.661994355730712 ] } },
{ "type": "Feature", "properties": { "ID": "140", "Size": "9x12", "Owner": "Rock Networks", "Status": "Proposed", "Struct_1": "Flower pot", "Subtype": "Vault", "Struct_2": null, "Permit_ID": "FS32-MC03-UG", "Trunk_ID": "TRUNK30176", "FDH_ID": "FDH301028", "Lot_No": null, "FSA_No": "ELLIOT LAKE", "OLT_ID": "301", "Subdiv": "3", "Comments": null, "SKU": null, "PON_ID": null, "layer": null, "path": null, "Contractor": null, "DtAsgCnstr": null, "ConStartDt": null, "DtInstald": null }, "geometry": { "type": "Point", "coordinates": [ 369110.278140393202193, 5149361.318699596449733 ] } },
{ "type": "Feature", "properties": { "ID": "141", "Size": "9x12", "Owner": "Rock Networks", "Status": "Proposed", "Struct_1": "Flower pot", "Subtype": "Vault", "Struct_2": null, "Permit_ID": "FS32-MC03-UG", "Trunk_ID": "TRUNK30176", "FDH_ID": "FDH301028", "Lot_No": null, "FSA_No": "ELLIOT LAKE", "OLT_ID": "301", "Subdiv": "3", "Comments": null, "SKU": null, "PON_ID": null, "layer": null, "path": null, "Contractor": null, "DtAsgCnstr": null, "ConStartDt": null, "DtInstald": null }, "geometry": { "type": "Point", "coordinates": [ 369114.16617277689511, 5149362.960738264024258 ] } },
{ "type": "Feature", "properties": { "ID": "142", "Size": "9x12", "Owner": "Rock Networks", "Status": "Proposed", "Struct_1": "Flower pot", "Subtype": "Vault", "Struct_2": null, "Permit_ID": "FS32-MC03-UG", "Trunk_ID": "TRUNK30176", "FDH_ID": "FDH301028", "Lot_No": null, "FSA_No": "ELLIOT LAKE", "OLT_ID": "301", "Subdiv": "3", "Comments": null, "SKU": null, "PON_ID": null, "layer": null, "path": null, "Contractor": null, "DtAsgCnstr": null, "ConStartDt": null, "DtInstald": null }, "geometry": { "type": "Point", "coordinates": [ 369035.883352019242011, 5149342.884121577255428 ] } },
{ "type": "Feature", "properties": { "ID": "143", "Size": "9x12", "Owner": "Rock Networks", "Status": "Proposed", "Struct_1": "Flower pot", "Subtype": "Vault", "Struct_2": null, "Permit_ID": "FS32-MC03-UG", "Trunk_ID": "TRUNK30176", "FDH_ID": "FDH301028", "Lot_No": null, "FSA_No": "ELLIOT LAKE", "OLT_ID": "301", "Subdiv": "3", "Comments": null, "SKU": null, "PON_ID": null, "layer": null, "path": null, "Contractor": null, "DtAsgCnstr": null, "ConStartDt": null, "DtInstald": null }, "geometry": { "type": "Point", "coordinates": [ 368996.18550730793504, 5149322.976880512200296 ] } },
{ "type": "Feature", "properties": { "ID": "145", "Size": "30X48X24", "Owner": "Rock Networks", "Status": "Proposed", "Struct_1": "Medium", "Subtype": "Vault", "Struct_2": null, "Permit_ID": "FS32-MC03-UG", "Trunk_ID": "TRUNK30177", "FDH_ID": "FDH301028", "Lot_No": null, "FSA_No": "ELLIOT LAKE", "OLT_ID": "301", "Subdiv": "3", "Comments": null, "SKU": "VLT304824", "PON_ID": null, "layer": null, "path": null, "Contractor": null, "DtAsgCnstr": null, "ConStartDt": null, "DtInstald": null }, "geometry": { "type": "Point", "coordinates": [ 368753.803661169891711, 5149284.217626018449664 ] } },
{ "type": "Feature", "properties": { "ID": "146", "Size": "9x12", "Owner": "Rock Networks", "Status": "Proposed", "Struct_1": "Flower pot", "Subtype": "Vault", "Struct_2": null, "Permit_ID": "FS32-MC03-UG", "Trunk_ID": "TRUNK30177", "FDH_ID": "FDH301028", "Lot_No": null, "FSA_No": "ELLIOT LAKE", "OLT_ID": "301", "Subdiv": "3", "Comments": null, "SKU": null, "PON_ID": null, "layer": null, "path": null, "Contractor": null, "DtAsgCnstr": null, "ConStartDt": null, "DtInstald": null }, "geometry": { "type": "Point", "coordinates": [ 368813.685854716051836, 5149284.5900933528319 ] } },
{ "type": "Feature", "properties": { "ID": "147", "Size": "36X60X36", "Owner": "Rock Networks", "Status": "Proposed", "Struct_1": "Large", "Subtype": "Vault", "Struct_2": "Splice", "Permit_ID": "FS32-MC03-UG", "Trunk_ID": "TRUNK30177", "FDH_ID": "FDH301028", "Lot_No": null, "FSA_No": "ELLIOT LAKE", "OLT_ID": "301", "Subdiv": "3", "Comments": null, "SKU": "VLT366036", "PON_ID": null, "layer": null, "path": null, "Contractor": null, "DtAsgCnstr": null, "ConStartDt": null, "DtInstald": null }, "geometry": { "type": "Point", "coordinates": [ 368583.614681228296831, 5149236.629624197259545 ] } },
{ "type": "Feature", "properties": { "ID": "148", "Size": "9x12", "Owner": "Rock Networks", "Status": "Proposed", "Struct_1": "Flower pot", "Subtype": "Vault", "Struct_2": null, "Permit_ID": "FS32-MC03-UG", "Trunk_ID": "TRUNK30177", "FDH_ID": "FDH301028", "Lot_No": null, "FSA_No": "ELLIOT LAKE", "OLT_ID": "301", "Subdiv": "3", "Comments": null, "SKU": null, "PON_ID": null, "layer": null, "path": null, "Contractor": null, "DtAsgCnstr": null, "ConStartDt": null, "DtInstald": null }, "geometry": { "type": "Point", "coordinates": [ 368540.545341941469815, 5149278.262958161532879 ] } },
{ "type": "Feature", "properties": { "ID": "149", "Size": "9x12", "Owner": "Rock Networks", "Status": "Proposed", "Struct_1": "Flower pot", "Subtype": "Vault", "Struct_2": null, "Permit_ID": "FS32-MC03-UG", "Trunk_ID": "TRUNK30177", "FDH_ID": "FDH301028", "Lot_No": null, "FSA_No": "ELLIOT LAKE", "OLT_ID": "301", "Subdiv": "3", "Comments": null, "SKU": null, "PON_ID": null, "layer": null, "path": null, "Contractor": null, "DtAsgCnstr": null, "ConStartDt": null, "DtInstald": null }, "geometry": { "type": "Point", "coordinates": [ 368487.190894040570129, 5149279.613007883541286 ] } },
{ "type": "Feature", "properties": { "ID": "150", "Size": "9x12", "Owner": "Rock Networks", "Status": "Proposed", "Struct_1": "Flower pot", "Subtype": "Vault", "Struct_2": null, "Permit_ID": "FS32-MC03-UG", "Trunk_ID": "TRUNK30177", "FDH_ID": "FDH301028", "Lot_No": null, "FSA_No": "ELLIOT LAKE", "OLT_ID": "301", "Subdiv": "3", "Comments": null, "SKU": null, "PON_ID": null, "layer": null, "path": null, "Contractor": null, "DtAsgCnstr": null, "ConStartDt": null, "DtInstald": null }, "geometry": { "type": "Point", "coordinates": [ 368459.951334347773809, 5149280.080811424180865 ] } },
{ "type": "Feature", "properties": { "ID": "151", "Size": "9x12", "Owner": "Rock Networks", "Status": "Proposed", "Struct_1": "Flower pot", "Subtype": "Vault", "Struct_2": null, "Permit_ID": "FS32-MC03-UG", "Trunk_ID": "TRUNK30177", "FDH_ID": "FDH301028", "Lot_No": null, "FSA_No": "ELLIOT LAKE", "OLT_ID": "301", "Subdiv": "3", "Comments": null, "SKU": null, "PON_ID": null, "layer": null, "path": null, "Contractor": null, "DtAsgCnstr": null, "ConStartDt": null, "DtInstald": null }, "geometry": { "type": "Point", "coordinates": [ 368349.835535248857923, 5149353.687809461727738 ] } },
{ "type": "Feature", "properties": { "ID": "152", "Size": "9x12", "Owner": "Rock Networks", "Status": "Proposed", "Struct_1": "Flower pot", "Subtype": "Vault", "Struct_2": null, "Permit_ID": "FS32-MC03-UG", "Trunk_ID": "TRUNK30177", "FDH_ID": "FDH301028", "Lot_No": null, "FSA_No": "ELLIOT LAKE", "OLT_ID": "301", "Subdiv": "3", "Comments": null, "SKU": null, "PON_ID": null, "layer": null, "path": null, "Contractor": null, "DtAsgCnstr": null, "ConStartDt": null, "DtInstald": null }, "geometry": { "type": "Point", "coordinates": [ 368316.809478907380253, 5149472.351500095799565 ] } },
{ "type": "Feature", "properties": { "ID": "153", "Size": "36X60X36", "Owner": "Rock Networks", "Status": "Proposed", "Struct_1": "Large", "Subtype": "Vault", "Struct_2": "Splice", "Permit_ID": "FS32-MC03-UG", "Trunk_ID": "TRUNK30177", "FDH_ID": "FDH301028", "Lot_No": null, "FSA_No": "ELLIOT LAKE", "OLT_ID": "301", "Subdiv": "3", "Comments": null, "SKU": "VLT366036", "PON_ID": null, "layer": null, "path": null, "Contractor": null, "DtAsgCnstr": null, "ConStartDt": null, "DtInstald": null }, "geometry": { "type": "Point", "coordinates": [ 368338.04563252767548, 5149407.799660821445286 ] } },
{ "type": "Feature", "properties": { "ID": "154", "Size": "9x12", "Owner": "Rock Networks", "Status": "Proposed", "Struct_1": "Flower pot", "Subtype": "Vault", "Struct_2": null, "Permit_ID": "FS32-MC03-UG", "Trunk_ID": "TRUNK30177", "FDH_ID": "FDH301028", "Lot_No": null, "FSA_No": "ELLIOT LAKE", "OLT_ID": "301", "Subdiv": "3", "Comments": null, "SKU": null, "PON_ID": null, "layer": null, "path": null, "Contractor": null, "DtAsgCnstr": null, "ConStartDt": null, "DtInstald": null }, "geometry": { "type": "Point", "coordinates": [ 368257.991518160211854, 5149517.201332332566381 ] } },
{ "type": "Feature", "properties": { "ID": "155", "Size": "9x12", "Owner": "Rock Networks", "Status": "Proposed", "Struct_1": "Flower pot", "Subtype": "Vault", "Struct_2": null, "Permit_ID": "FS32-MC03-UG", "Trunk_ID": "TRUNK30177", "FDH_ID": "FDH301028", "Lot_No": null, "FSA_No": "ELLIOT LAKE", "OLT_ID": "301", "Subdiv": "3", "Comments": null, "SKU": null, "PON_ID": null, "layer": null, "path": null, "Contractor": null, "DtAsgCnstr": null, "ConStartDt": null, "DtInstald": null }, "geometry": { "type": "Point", "coordinates": [ 368183.878066510485951, 5149579.194491893053055 ] } },
{ "type": "Feature", "properties": { "ID": "156", "Size": "9x12", "Owner": "Rock Networks", "Status": "Proposed", "Struct_1": "Flower pot", "Subtype": "Vault", "Struct_2": null, "Permit_ID": "FS32-MC03-UG", "Trunk_ID": "TRUNK30177", "FDH_ID": "FDH301028", "Lot_No": null, "FSA_No": "ELLIOT LAKE", "OLT_ID": "301", "Subdiv": "3", "Comments": null, "SKU": null, "PON_ID": null, "layer": null, "path": null, "Contractor": null, "DtAsgCnstr": null, "ConStartDt": null, "DtInstald": null }, "geometry": { "type": "Point", "coordinates": [ 368062.470008497708477, 5149751.858902734704316 ] } },
{ "type": "Feature", "properties": { "ID": "157", "Size": "36X60X36", "Owner": "Rock Networks", "Status": "Proposed", "Struct_1": "Large", "Subtype": "Vault", "Struct_2": "Splice", "Permit_ID": "FS32-MC05-UG-P2", "Trunk_ID": "TRUNK30177", "FDH_ID": "FDH301028", "Lot_No": null, "FSA_No": "ELLIOT LAKE", "OLT_ID": "301", "Subdiv": "3", "Comments": null, "SKU": "VLT366036", "PON_ID": null, "layer": null, "path": null, "Contractor": null, "DtAsgCnstr": null, "ConStartDt": null, "DtInstald": null }, "geometry": { "type": "Point", "coordinates": [ 368094.732418144703843, 5149959.707660431042314 ] } },
{ "type": "Feature", "properties": { "ID": "158", "Size": "30X48X24", "Owner": "Rock Networks", "Status": "Proposed", "Struct_1": "Medium", "Subtype": "Vault", "Struct_2": null, "Permit_ID": "FS32-MC04-UG", "Trunk_ID": "TRUNK30171", "FDH_ID": "FDH302022", "Lot_No": null, "FSA_No": "SPANISH", "OLT_ID": "302", "Subdiv": "3", "Comments": null, "SKU": "VLT304824", "PON_ID": null, "layer": null, "path": null, "Contractor": null, "DtAsgCnstr": null, "ConStartDt": null, "DtInstald": null }, "geometry": { "type": "Point", "coordinates": [ 396670.836532680084929, 5123949.670278082601726 ] } },
{ "type": "Feature", "properties": { "ID": "159", "Size": "36X60X36", "Owner": "Rock Networks", "Status": "Proposed", "Struct_1": "Large", "Subtype": "Vault", "Struct_2": "Splice", "Permit_ID": "FS32-MC04-UG", "Trunk_ID": "TRUNK30171", "FDH_ID": "FDH302022", "Lot_No": null, "FSA_No": "SPANISH", "OLT_ID": "302", "Subdiv": "3", "Comments": null, "SKU": "VLT366036", "PON_ID": null, "layer": null, "path": null, "Contractor": null, "DtAsgCnstr": null, "ConStartDt": null, "DtInstald": null }, "geometry": { "type": "Point", "coordinates": [ 397256.446973839658312, 5124394.102560504339635 ] } },
{ "type": "Feature", "properties": { "ID": "160", "Size": "36X60X36", "Owner": "Rock Networks", "Status": "Proposed", "Struct_1": "Large", "Subtype": "Vault", "Struct_2": "Splice", "Permit_ID": "FS27-MC02-UG", "Trunk_ID": "TRUNK30178", "FDH_ID": "FDH302020", "Lot_No": null, "FSA_No": "SPANISH", "OLT_ID": "302", "Subdiv": "3", "Comments": null, "SKU": "VLT366036", "PON_ID": null, "layer": null, "path": null, "Contractor": null, "DtAsgCnstr": null, "ConStartDt": null, "DtInstald": null }, "geometry": { "type": "Point", "coordinates": [ 398169.499528579530306, 5124238.346276600845158 ] } },
{ "type": "Feature", "properties": { "ID": "161", "Size": "36X60X36", "Owner": "Rock Networks", "Status": "Proposed", "Struct_1": "Large", "Subtype": "Vault", "Struct_2": "Splice", "Permit_ID": "FS27-MC04-UG-P1", "Trunk_ID": "TRUNK30282", "FDH_ID": "FDH303034", "Lot_No": null, "FSA_No": "SABLES-SPANISH RIVERS", "OLT_ID": "303", "Subdiv": "3", "Comments": null, "SKU": "VLT366036", "PON_ID": null, "layer": null, "path": null, "Contractor": null, "DtAsgCnstr": null, "ConStartDt": null, "DtInstald": null }, "geometry": { "type": "Point", "coordinates": [ 403878.371399402618408, 5120757.004822753369808 ] } },
{ "type": "Feature", "properties": { "ID": "162", "Size": "36X60X36", "Owner": "Rock Networks", "Status": "Proposed", "Struct_1": "Large", "Subtype": "Vault", "Struct_2": "Splice", "Permit_ID": "FS27-MC04-UG-P1", "Trunk_ID": "TRUNK30282", "FDH_ID": "FDH303034", "Lot_No": null, "FSA_No": "SABLES-SPANISH RIVERS", "OLT_ID": "303", "Subdiv": "3", "Comments": null, "SKU": "VLT366036", "PON_ID": null, "layer": null, "path": null, "Contractor": null, "DtAsgCnstr": null, "ConStartDt": null, "DtInstald": null }, "geometry": { "type": "Point", "coordinates": [ 404133.633823483774904, 5121134.675816026516259 ] } },
{ "type": "Feature", "properties": { "ID": "163", "Size": "30X48X24", "Owner": "Rock Networks", "Status": "Proposed", "Struct_1": "Medium", "Subtype": "Vault", "Struct_2": null, "Permit_ID": "FS27-MC04-UG-P1", "Trunk_ID": "TRUNK30286", "FDH_ID": "FDH303034", "Lot_No": null, "FSA_No": "SABLES-SPANISH RIVERS", "OLT_ID": "303", "Subdiv": "3", "Comments": null, "SKU": "VLT304824", "PON_ID": null, "layer": null, "path": null, "Contractor": null, "DtAsgCnstr": null, "ConStartDt": null, "DtInstald": null }, "geometry": { "type": "Point", "coordinates": [ 404134.48420653276844, 5121484.957820984534919 ] } },
{ "type": "Feature", "properties": { "ID": "164", "Size": "36X60X36", "Owner": "Rock Networks", "Status": "Proposed", "Struct_1": "Large", "Subtype": "Vault", "Struct_2": "Splice", "Permit_ID": "FS27-MC04-UG-P1", "Trunk_ID": "TRUNK30286", "FDH_ID": "FDH303034", "Lot_No": null, "FSA_No": "SABLES-SPANISH RIVERS", "OLT_ID": "303", "Subdiv": "3", "Comments": null, "SKU": "VLT366036", "PON_ID": null, "layer": null, "path": null, "Contractor": null, "DtAsgCnstr": null, "ConStartDt": null, "DtInstald": null }, "geometry": { "type": "Point", "coordinates": [ 404148.683418585802428, 5121329.326317061670125 ] } },
{ "type": "Feature", "properties": { "ID": "165", "Size": "9x12", "Owner": "Rock Networks", "Status": "Proposed", "Struct_1": "Flower pot", "Subtype": "Vault", "Struct_2": null, "Permit_ID": "FS37-MC02-UG", "Trunk_ID": "TRUNK30183", "FDH_ID": "FDH302040", "Lot_No": null, "FSA_No": "THE NORTH SHORE", "OLT_ID": "302", "Subdiv": "3", "Comments": null, "SKU": null, "PON_ID": null, "layer": null, "path": null, "Contractor": null, "DtAsgCnstr": null, "ConStartDt": null, "DtInstald": null }, "geometry": { "type": "Point", "coordinates": [ 359110.566862624604255, 5117559.882237151265144 ] } },
{ "type": "Feature", "properties": { "ID": "47", "Size": "36X60X36", "Owner": "Rock Networks", "Status": "Proposed", "Struct_1": "Large", "Subtype": "Vault", "Struct_2": null, "Permit_ID": "FS27-MC02-UG", "Trunk_ID": "TRUNK30137", "FDH_ID": "FDH303016", "Lot_No": null, "FSA_No": "SABLES-SPANISH RIVERS", "OLT_ID": "303", "Subdiv": "3", "Comments": null, "SKU": "VLT366036", "PON_ID": null, "layer": null, "path": null, "Contractor": null, "DtAsgCnstr": null, "ConStartDt": null, "DtInstald": null }, "geometry": { "type": "Point", "coordinates": [ 427903.624914715299383, 5129893.056755270808935 ] } },
{ "type": "Feature", "properties": { "ID": "1", "Size": "36X60X36", "Owner": "Rock Networks", "Status": "Proposed", "Struct_1": "Large", "Subtype": "Vault", "Struct_2": "Splice", "Permit_ID": "FS27-MC01-UG-P15", "Trunk_ID": "TRUNK30122", "FDH_ID": "FDH303012", "Lot_No": null, "FSA_No": "SABLES-SPANISH RIVERS", "OLT_ID": "303", "Subdiv": "3", "Comments": null, "SKU": "VLT366036", "PON_ID": null, "layer": null, "path": null, "Contractor": null, "DtAsgCnstr": null, "ConStartDt": null, "DtInstald": null }, "geometry": { "type": "Point", "coordinates": [ 416573.120343146380037, 5118365.303361221216619 ] } },
{ "type": "Feature", "properties": { "ID": "144", "Size": "9x12", "Owner": "Rock Networks", "Status": "Proposed", "Struct_1": "Flower pot", "Subtype": "Vault", "Struct_2": null, "Permit_ID": "FS32-MC03-UG", "Trunk_ID": "TRUNK30176", "FDH_ID": "FDH301028", "Lot_No": null, "FSA_No": "ELLIOT LAKE", "OLT_ID": "301", "Subdiv": "3", "Comments": null, "SKU": null, "PON_ID": null, "layer": null, "path": null, "Contractor": null, "DtAsgCnstr": null, "ConStartDt": null, "DtInstald": null }, "geometry": { "type": "Point", "coordinates": [ 368872.01275789848296, 5149296.010857977904379 ] } },
{ "type": "Feature", "properties": { "ID": "167", "Size": "36X60X36", "Owner": "Rock Networks", "Status": "Proposed", "Struct_1": "Large", "Subtype": "Vault", "Struct_2": "Splice", "Permit_ID": "FS37-MC02-UG", "Trunk_ID": "TRUNK30183", "FDH_ID": "FDH302040", "Lot_No": null, "FSA_No": "THE NORTH SHORE", "OLT_ID": "302", "Subdiv": "3", "Comments": null, "SKU": "VLT366036", "PON_ID": null, "layer": null, "path": null, "Contractor": null, "DtAsgCnstr": null, "ConStartDt": null, "DtInstald": null }, "geometry": { "type": "Point", "coordinates": [ 359189.865940253715962, 5117528.230963690206409 ] } },
{ "type": "Feature", "properties": { "ID": "168", "Size": "36X60X36", "Owner": "Rock Networks", "Status": "Proposed", "Struct_1": "Large", "Subtype": "Vault", "Struct_2": "Splice", "Permit_ID": "FS37-MC02-UG", "Trunk_ID": "TRUNK30183", "FDH_ID": "FDH302040", "Lot_No": null, "FSA_No": "THE NORTH SHORE", "OLT_ID": "302", "Subdiv": "3", "Comments": null, "SKU": "VLT366036", "PON_ID": null, "layer": null, "path": null, "Contractor": null, "DtAsgCnstr": null, "ConStartDt": null, "DtInstald": null }, "geometry": { "type": "Point", "coordinates": [ 358922.191209317417815, 5117638.724333373829722 ] } },
{ "type": "Feature", "properties": { "ID": "169", "Size": "9x12", "Owner": "Rock Networks", "Status": "Proposed", "Struct_1": "Flower pot", "Subtype": "Vault", "Struct_2": null, "Permit_ID": "FS37-MC02-UG", "Trunk_ID": "TRUNK30183", "FDH_ID": "FDH302040", "Lot_No": null, "FSA_No": "THE NORTH SHORE", "OLT_ID": "302", "Subdiv": "3", "Comments": null, "SKU": null, "PON_ID": null, "layer": null, "path": null, "Contractor": null, "DtAsgCnstr": null, "ConStartDt": null, "DtInstald": null }, "geometry": { "type": "Point", "coordinates": [ 359001.499299760791473, 5117609.821489992551506 ] } },
{ "type": "Feature", "properties": { "ID": "172", "Size": "9x12", "Owner": "Rock Networks", "Status": "Proposed", "Struct_1": "Flower pot", "Subtype": "Vault", "Struct_2": null, "Permit_ID": "FS37-MC02-UG", "Trunk_ID": "TRUNK30183", "FDH_ID": "FDH302040", "Lot_No": null, "FSA_No": "THE NORTH SHORE", "OLT_ID": "302", "Subdiv": "3", "Comments": null, "SKU": null, "PON_ID": null, "layer": null, "path": null, "Contractor": null, "DtAsgCnstr": null, "ConStartDt": null, "DtInstald": null }, "geometry": { "type": "Point", "coordinates": [ 358801.980462097912095, 5117652.123089456930757 ] } },
{ "type": "Feature", "properties": { "ID": "173", "Size": "9x12", "Owner": "Rock Networks", "Status": "Proposed", "Struct_1": "Flower pot", "Subtype": "Vault", "Struct_2": null, "Permit_ID": "FS37-MC02-UG", "Trunk_ID": "TRUNK30183", "FDH_ID": "FDH302040", "Lot_No": null, "FSA_No": "THE NORTH SHORE", "OLT_ID": "302", "Subdiv": "3", "Comments": null, "SKU": null, "PON_ID": null, "layer": null, "path": null, "Contractor": null, "DtAsgCnstr": null, "ConStartDt": null, "DtInstald": null }, "geometry": { "type": "Point", "coordinates": [ 358805.661703534133267, 5117640.267446191050112 ] } },
{ "type": "Feature", "properties": { "ID": "174", "Size": "9x12", "Owner": "Rock Networks", "Status": "Proposed", "Struct_1": "Flower pot", "Subtype": "Vault", "Struct_2": null, "Permit_ID": "FS37-MC02-UG", "Trunk_ID": "TRUNK30183", "FDH_ID": "FDH302040", "Lot_No": null, "FSA_No": "THE NORTH SHORE", "OLT_ID": "302", "Subdiv": "3", "Comments": null, "SKU": null, "PON_ID": null, "layer": null, "path": null, "Contractor": null, "DtAsgCnstr": null, "ConStartDt": null, "DtInstald": null }, "geometry": { "type": "Point", "coordinates": [ 358687.912329529819544, 5117637.341248072683811 ] } },
{ "type": "Feature", "properties": { "ID": "175", "Size": "9x12", "Owner": "Rock Networks", "Status": "Proposed", "Struct_1": "Flower pot", "Subtype": "Vault", "Struct_2": null, "Permit_ID": "FS37-MC02-UG", "Trunk_ID": "TRUNK30183", "FDH_ID": "FDH302040", "Lot_No": null, "FSA_No": "THE NORTH SHORE", "OLT_ID": "302", "Subdiv": "3", "Comments": null, "SKU": null, "PON_ID": null, "layer": null, "path": null, "Contractor": null, "DtAsgCnstr": null, "ConStartDt": null, "DtInstald": null }, "geometry": { "type": "Point", "coordinates": [ 358551.936117930221371, 5117581.872675128281116 ] } },
{ "type": "Feature", "properties": { "ID": "176", "Size": "9x12", "Owner": "Rock Networks", "Status": "Proposed", "Struct_1": "Flower pot", "Subtype": "Vault", "Struct_2": null, "Permit_ID": "FS37-MC02-UG", "Trunk_ID": "TRUNK30183", "FDH_ID": "FDH302040", "Lot_No": null, "FSA_No": "THE NORTH SHORE", "OLT_ID": "302", "Subdiv": "3", "Comments": null, "SKU": null, "PON_ID": null, "layer": null, "path": null, "Contractor": null, "DtAsgCnstr": null, "ConStartDt": null, "DtInstald": null }, "geometry": { "type": "Point", "coordinates": [ 358223.668385436176322, 5117707.302951266057789 ] } },
{ "type": "Feature", "properties": { "ID": "182", "Size": "9x12", "Owner": "Rock Networks", "Status": "Proposed", "Struct_1": "Flower pot", "Subtype": "Vault", "Struct_2": null, "Permit_ID": "FS37-MC02-UG", "Trunk_ID": "TRUNK30183", "FDH_ID": "FDH302040", "Lot_No": null, "FSA_No": "THE NORTH SHORE", "OLT_ID": "302", "Subdiv": "3", "Comments": null, "SKU": null, "PON_ID": null, "layer": null, "path": null, "Contractor": null, "DtAsgCnstr": null, "ConStartDt": null, "DtInstald": null }, "geometry": { "type": "Point", "coordinates": [ 358415.792895373888314, 5117720.413262019865215 ] } },
{ "type": "Feature", "properties": { "ID": "183", "Size": "9x12", "Owner": "Rock Networks", "Status": "Proposed", "Struct_1": "Flower pot", "Subtype": "Vault", "Struct_2": null, "Permit_ID": "FS37-MC02-UG", "Trunk_ID": "TRUNK30363", "FDH_ID": "FDH302040", "Lot_No": null, "FSA_No": "THE NORTH SHORE", "OLT_ID": "302", "Subdiv": "3", "Comments": null, "SKU": null, "PON_ID": null, "layer": null, "path": null, "Contractor": null, "DtAsgCnstr": null, "ConStartDt": null, "DtInstald": null }, "geometry": { "type": "Point", "coordinates": [ 359109.088568501465488, 5117897.835535489954054 ] } },
{ "type": "Feature", "properties": { "ID": "184", "Size": "9x12", "Owner": "Rock Networks", "Status": "Proposed", "Struct_1": "Flower pot", "Subtype": "Vault", "Struct_2": null, "Permit_ID": "FS37-MC02-UG", "Trunk_ID": "TRUNK30363", "FDH_ID": "FDH302040", "Lot_No": null, "FSA_No": "THE NORTH SHORE", "OLT_ID": "302", "Subdiv": "3", "Comments": null, "SKU": null, "PON_ID": null, "layer": null, "path": null, "Contractor": null, "DtAsgCnstr": null, "ConStartDt": null, "DtInstald": null }, "geometry": { "type": "Point", "coordinates": [ 359056.129376885830425, 5117923.519352929666638 ] } },
{ "type": "Feature", "properties": { "ID": "185", "Size": "9x12", "Owner": "Rock Networks", "Status": "Proposed", "Struct_1": "Flower pot", "Subtype": "Vault", "Struct_2": null, "Permit_ID": "FS37-MC02-UG", "Trunk_ID": "TRUNK30363", "FDH_ID": "FDH302040", "Lot_No": null, "FSA_No": "THE NORTH SHORE", "OLT_ID": "302", "Subdiv": "3", "Comments": null, "SKU": null, "PON_ID": null, "layer": null, "path": null, "Contractor": null, "DtAsgCnstr": null, "ConStartDt": null, "DtInstald": null }, "geometry": { "type": "Point", "coordinates": [ 358828.454982466762885, 5117973.544524297118187 ] } },
{ "type": "Feature", "properties": { "ID": "186", "Size": "9x12", "Owner": "Rock Networks", "Status": "Proposed", "Struct_1": "Flower pot", "Subtype": "Vault", "Struct_2": null, "Permit_ID": "FS37-MC02-UG", "Trunk_ID": "TRUNK30363", "FDH_ID": "FDH302040", "Lot_No": null, "FSA_No": "THE NORTH SHORE", "OLT_ID": "302", "Subdiv": "3", "Comments": null, "SKU": null, "PON_ID": null, "layer": null, "path": null, "Contractor": null, "DtAsgCnstr": null, "ConStartDt": null, "DtInstald": null }, "geometry": { "type": "Point", "coordinates": [ 358931.547618079814129, 5117961.81976624019444 ] } },
{ "type": "Feature", "properties": { "ID": "187", "Size": "9x12", "Owner": "Rock Networks", "Status": "Proposed", "Struct_1": "Flower pot", "Subtype": "Vault", "Struct_2": null, "Permit_ID": "FS37-MC02-UG", "Trunk_ID": "TRUNK30363", "FDH_ID": "FDH302040", "Lot_No": null, "FSA_No": "THE NORTH SHORE", "OLT_ID": "302", "Subdiv": "3", "Comments": null, "SKU": null, "PON_ID": null, "layer": null, "path": null, "Contractor": null, "DtAsgCnstr": null, "ConStartDt": null, "DtInstald": null }, "geometry": { "type": "Point", "coordinates": [ 358767.043562567443587, 5117982.463481936603785 ] } },
{ "type": "Feature", "properties": { "ID": "188", "Size": "36X60X36", "Owner": "Rock Networks", "Status": "Proposed", "Struct_1": "Large", "Subtype": "Vault", "Struct_2": "Splice", "Permit_ID": "FS37-MC02-UG", "Trunk_ID": "TRUNK30363", "FDH_ID": "FDH302040", "Lot_No": null, "FSA_No": "THE NORTH SHORE", "OLT_ID": "302", "Subdiv": "3", "Comments": null, "SKU": "VLT366036", "PON_ID": null, "layer": null, "path": null, "Contractor": null, "DtAsgCnstr": null, "ConStartDt": null, "DtInstald": null }, "geometry": { "type": "Point", "coordinates": [ 358723.059353965101764, 5117985.969434198923409 ] } },
{ "type": "Feature", "properties": { "ID": "189", "Size": "9x12", "Owner": "Rock Networks", "Status": "Proposed", "Struct_1": "Flower pot", "Subtype": "Vault", "Struct_2": null, "Permit_ID": "FS37-MC02-UG", "Trunk_ID": "TRUNK30363", "FDH_ID": "FDH302040", "Lot_No": null, "FSA_No": "THE NORTH SHORE", "OLT_ID": "302", "Subdiv": "3", "Comments": null, "SKU": null, "PON_ID": null, "layer": null, "path": null, "Contractor": null, "DtAsgCnstr": null, "ConStartDt": null, "DtInstald": null }, "geometry": { "type": "Point", "coordinates": [ 358679.348086162877735, 5117988.242311978712678 ] } },
{ "type": "Feature", "properties": { "ID": "190", "Size": "9x12", "Owner": "Rock Networks", "Status": "Proposed", "Struct_1": "Flower pot", "Subtype": "Vault", "Struct_2": null, "Permit_ID": "FS37-MC02-UG", "Trunk_ID": "TRUNK30363", "FDH_ID": "FDH302040", "Lot_No": null, "FSA_No": "THE NORTH SHORE", "OLT_ID": "302", "Subdiv": "3", "Comments": null, "SKU": null, "PON_ID": null, "layer": null, "path": null, "Contractor": null, "DtAsgCnstr": null, "ConStartDt": null, "DtInstald": null }, "geometry": { "type": "Point", "coordinates": [ 358641.523704947554506, 5117989.915229989215732 ] } },
{ "type": "Feature", "properties": { "ID": "191", "Size": "9x12", "Owner": "Rock Networks", "Status": "Proposed", "Struct_1": "Flower pot", "Subtype": "Vault", "Struct_2": null, "Permit_ID": "FS37-MC02-UG", "Trunk_ID": "TRUNK30363", "FDH_ID": "FDH302040", "Lot_No": null, "FSA_No": "THE NORTH SHORE", "OLT_ID": "302", "Subdiv": "3", "Comments": null, "SKU": null, "PON_ID": null, "layer": null, "path": null, "Contractor": null, "DtAsgCnstr": null, "ConStartDt": null, "DtInstald": null }, "geometry": { "type": "Point", "coordinates": [ 358604.117641611606814, 5117993.814922202378511 ] } },
{ "type": "Feature", "properties": { "ID": "192", "Size": "9x12", "Owner": "Rock Networks", "Status": "Proposed", "Struct_1": "Flower pot", "Subtype": "Vault", "Struct_2": null, "Permit_ID": "FS37-MC02-UG", "Trunk_ID": "TRUNK30363", "FDH_ID": "FDH302040", "Lot_No": null, "FSA_No": "THE NORTH SHORE", "OLT_ID": "302", "Subdiv": "3", "Comments": null, "SKU": null, "PON_ID": null, "layer": null, "path": null, "Contractor": null, "DtAsgCnstr": null, "ConStartDt": null, "DtInstald": null }, "geometry": { "type": "Point", "coordinates": [ 358580.951585867675021, 5118000.53923063352704 ] } },
{ "type": "Feature", "properties": { "ID": "193", "Size": "9x12", "Owner": "Rock Networks", "Status": "Proposed", "Struct_1": "Flower pot", "Subtype": "Vault", "Struct_2": null, "Permit_ID": "FS37-MC02-UG", "Trunk_ID": "TRUNK30363", "FDH_ID": "FDH302040", "Lot_No": null, "FSA_No": "THE NORTH SHORE", "OLT_ID": "302", "Subdiv": "3", "Comments": null, "SKU": null, "PON_ID": null, "layer": null, "path": null, "Contractor": null, "DtAsgCnstr": null, "ConStartDt": null, "DtInstald": null }, "geometry": { "type": "Point", "coordinates": [ 358524.668030581553467, 5118014.309760577976704 ] } },
{ "type": "Feature", "properties": { "ID": "194", "Size": "9x12", "Owner": "Rock Networks", "Status": "Proposed", "Struct_1": "Flower pot", "Subtype": "Vault", "Struct_2": null, "Permit_ID": "FS37-MC02-UG", "Trunk_ID": "TRUNK30363", "FDH_ID": "FDH302040", "Lot_No": null, "FSA_No": "THE NORTH SHORE", "OLT_ID": "302", "Subdiv": "3", "Comments": null, "SKU": null, "PON_ID": null, "layer": null, "path": null, "Contractor": null, "DtAsgCnstr": null, "ConStartDt": null, "DtInstald": null }, "geometry": { "type": "Point", "coordinates": [ 358499.831530752708204, 5118016.921703259460628 ] } },
{ "type": "Feature", "properties": { "ID": "195", "Size": "36X60X36", "Owner": "Rock Networks", "Status": "Proposed", "Struct_1": "Large", "Subtype": "Vault", "Struct_2": "Splice", "Permit_ID": "FS37-MC02-UG", "Trunk_ID": "TRUNK30363", "FDH_ID": "FDH302040", "Lot_No": null, "FSA_No": "THE NORTH SHORE", "OLT_ID": "302", "Subdiv": "3", "Comments": null, "SKU": "VLT366036", "PON_ID": null, "layer": null, "path": null, "Contractor": null, "DtAsgCnstr": null, "ConStartDt": null, "DtInstald": null }, "geometry": { "type": "Point", "coordinates": [ 358309.153520241670776, 5118039.679889550432563 ] } },
{ "type": "Feature", "properties": { "ID": "196", "Size": "9x12", "Owner": "Rock Networks", "Status": "Proposed", "Struct_1": "Flower pot", "Subtype": "Vault", "Struct_2": null, "Permit_ID": "FS37-MC02-UG", "Trunk_ID": "TRUNK30363", "FDH_ID": "FDH302040", "Lot_No": null, "FSA_No": "THE NORTH SHORE", "OLT_ID": "302", "Subdiv": "3", "Comments": null, "SKU": null, "PON_ID": null, "layer": null, "path": null, "Contractor": null, "DtAsgCnstr": null, "ConStartDt": null, "DtInstald": null }, "geometry": { "type": "Point", "coordinates": [ 358395.221762243134435, 5118026.668720004148781 ] } },
{ "type": "Feature", "properties": { "ID": "197", "Size": "9x12", "Owner": "Rock Networks", "Status": "Proposed", "Struct_1": "Flower pot", "Subtype": "Vault", "Struct_2": null, "Permit_ID": "FS37-MC02-UG", "Trunk_ID": "TRUNK30363", "FDH_ID": "FDH302040", "Lot_No": null, "FSA_No": "THE NORTH SHORE", "OLT_ID": "302", "Subdiv": "3", "Comments": null, "SKU": null, "PON_ID": null, "layer": null, "path": null, "Contractor": null, "DtAsgCnstr": null, "ConStartDt": null, "DtInstald": null }, "geometry": { "type": "Point", "coordinates": [ 358312.60608839977067, 5118045.677791646681726 ] } },
{ "type": "Feature", "properties": { "ID": "198", "Size": "9x12", "Owner": "Rock Networks", "Status": "Proposed", "Struct_1": "Flower pot", "Subtype": "Vault", "Struct_2": null, "Permit_ID": "FS37-MC02-UG", "Trunk_ID": "TRUNK30184", "FDH_ID": "FDH302040", "Lot_No": null, "FSA_No": "THE NORTH SHORE", "OLT_ID": "302", "Subdiv": "3", "Comments": null, "SKU": null, "PON_ID": null, "layer": null, "path": null, "Contractor": null, "DtAsgCnstr": null, "ConStartDt": null, "DtInstald": null }, "geometry": { "type": "Point", "coordinates": [ 358723.878098431625403, 5118109.524841409176588 ] } },
{ "type": "Feature", "properties": { "ID": "199", "Size": "9x12", "Owner": "Rock Networks", "Status": "Proposed", "Struct_1": "Flower pot", "Subtype": "Vault", "Struct_2": null, "Permit_ID": "FS37-MC02-UG", "Trunk_ID": "TRUNK30363", "FDH_ID": "FDH302040", "Lot_No": null, "FSA_No": "THE NORTH SHORE", "OLT_ID": "302", "Subdiv": "3", "Comments": null, "SKU": null, "PON_ID": null, "layer": null, "path": null, "Contractor": null, "DtAsgCnstr": null, "ConStartDt": null, "DtInstald": null }, "geometry": { "type": "Point", "coordinates": [ 358691.268125235335901, 5118000.685576066374779 ] } },
{ "type": "Feature", "properties": { "ID": "200", "Size": "9x12", "Owner": "Rock Networks", "Status": "Proposed", "Struct_1": "Flower pot", "Subtype": "Vault", "Struct_2": null, "Permit_ID": "FS37-MC02-UG", "Trunk_ID": "TRUNK30184", "FDH_ID": "FDH302040", "Lot_No": null, "FSA_No": "THE NORTH SHORE", "OLT_ID": "302", "Subdiv": "3", "Comments": null, "SKU": null, "PON_ID": null, "layer": null, "path": null, "Contractor": null, "DtAsgCnstr": null, "ConStartDt": null, "DtInstald": null }, "geometry": { "type": "Point", "coordinates": [ 358674.918881308054551, 5118109.889634500257671 ] } },
{ "type": "Feature", "properties": { "ID": "201", "Size": "9x12", "Owner": "Rock Networks", "Status": "Proposed", "Struct_1": "Flower pot", "Subtype": "Vault", "Struct_2": null, "Permit_ID": "FS37-MC02-UG", "Trunk_ID": "TRUNK30184", "FDH_ID": "FDH302040", "Lot_No": null, "FSA_No": "THE NORTH SHORE", "OLT_ID": "302", "Subdiv": "3", "Comments": null, "SKU": null, "PON_ID": null, "layer": null, "path": null, "Contractor": null, "DtAsgCnstr": null, "ConStartDt": null, "DtInstald": null }, "geometry": { "type": "Point", "coordinates": [ 358759.777710725087672, 5118103.875702992081642 ] } },
{ "type": "Feature", "properties": { "ID": "202", "Size": "9x12", "Owner": "Rock Networks", "Status": "Proposed", "Struct_1": "Flower pot", "Subtype": "Vault", "Struct_2": null, "Permit_ID": "FS37-MC02-UG", "Trunk_ID": "TRUNK30184", "FDH_ID": "FDH302040", "Lot_No": null, "FSA_No": "THE NORTH SHORE", "OLT_ID": "302", "Subdiv": "3", "Comments": null, "SKU": null, "PON_ID": null, "layer": null, "path": null, "Contractor": null, "DtAsgCnstr": null, "ConStartDt": null, "DtInstald": null }, "geometry": { "type": "Point", "coordinates": [ 358741.675933708553202, 5118107.474847142584622 ] } },
{ "type": "Feature", "properties": { "ID": "203", "Size": "30X48X24", "Owner": "Rock Networks", "Status": "Proposed", "Struct_1": "Medium", "Subtype": "Vault", "Struct_2": null, "Permit_ID": "FS37-MC02-UG", "Trunk_ID": "TRUNK30184", "FDH_ID": "FDH302040", "Lot_No": null, "FSA_No": "THE NORTH SHORE", "OLT_ID": "302", "Subdiv": "3", "Comments": null, "SKU": "VLT304824", "PON_ID": null, "layer": null, "path": null, "Contractor": null, "DtAsgCnstr": null, "ConStartDt": null, "DtInstald": null }, "geometry": { "type": "Point", "coordinates": [ 358771.346861494006589, 5118078.859217170625925 ] } },
{ "type": "Feature", "properties": { "ID": "204", "Size": "36X60X36", "Owner": "Rock Networks", "Status": "Proposed", "Struct_1": "Large", "Subtype": "Vault", "Struct_2": "Splice", "Permit_ID": "FS37-MC02-UG", "Trunk_ID": "TRUNK30368", "FDH_ID": "FDH302040", "Lot_No": null, "FSA_No": "THE NORTH SHORE", "OLT_ID": "302", "Subdiv": "3", "Comments": null, "SKU": "VLT366036", "PON_ID": null, "layer": null, "path": null, "Contractor": null, "DtAsgCnstr": null, "ConStartDt": null, "DtInstald": null }, "geometry": { "type": "Point", "coordinates": [ 358404.130078822607175, 5118661.043513746000826 ] } },
{ "type": "Feature", "properties": { "ID": "205", "Size": "36X60X36", "Owner": "Rock Networks", "Status": "Proposed", "Struct_1": "Large", "Subtype": "Vault", "Struct_2": "Splice", "Permit_ID": "FS37-MC02-UG", "Trunk_ID": "TRUNK30184", "FDH_ID": "FDH302040", "Lot_No": null, "FSA_No": "THE NORTH SHORE", "OLT_ID": "302", "Subdiv": "3", "Comments": null, "SKU": "VLT366036", "PON_ID": null, "layer": null, "path": null, "Contractor": null, "DtAsgCnstr": null, "ConStartDt": null, "DtInstald": null }, "geometry": { "type": "Point", "coordinates": [ 359310.066395956790075, 5118366.357989554293454 ] } },
{ "type": "Feature", "properties": { "ID": "206", "Size": "30X48X24", "Owner": "Rock Networks", "Status": "Proposed", "Struct_1": "Medium", "Subtype": "Vault", "Struct_2": null, "Permit_ID": "FS37-MC02-UG", "Trunk_ID": "TRUNK30184", "FDH_ID": "FDH302040", "Lot_No": null, "FSA_No": "THE NORTH SHORE", "OLT_ID": "302", "Subdiv": "3", "Comments": null, "SKU": "VLT304824", "PON_ID": null, "layer": null, "path": null, "Contractor": null, "DtAsgCnstr": null, "ConStartDt": null, "DtInstald": null }, "geometry": { "type": "Point", "coordinates": [ 358968.839156063681003, 5118475.70203691162169 ] } },
{ "type": "Feature", "properties": { "ID": "207", "Size": "9x12", "Owner": "Rock Networks", "Status": "Proposed", "Struct_1": "Flower pot", "Subtype": "Vault", "Struct_2": null, "Permit_ID": "FS37-MC02-UG", "Trunk_ID": "TRUNK30184", "FDH_ID": "FDH302040", "Lot_No": null, "FSA_No": "THE NORTH SHORE", "OLT_ID": "302", "Subdiv": "3", "Comments": null, "SKU": null, "PON_ID": null, "layer": null, "path": null, "Contractor": null, "DtAsgCnstr": null, "ConStartDt": null, "DtInstald": null }, "geometry": { "type": "Point", "coordinates": [ 359277.824140978278592, 5118295.866368552669883 ] } },
{ "type": "Feature", "properties": { "ID": "208", "Size": "9x12", "Owner": "Rock Networks", "Status": "Proposed", "Struct_1": "Flower pot", "Subtype": "Vault", "Struct_2": null, "Permit_ID": "FS37-MC02-UG", "Trunk_ID": "TRUNK30184", "FDH_ID": "FDH302040", "Lot_No": null, "FSA_No": "THE NORTH SHORE", "OLT_ID": "302", "Subdiv": "3", "Comments": null, "SKU": null, "PON_ID": null, "layer": null, "path": null, "Contractor": null, "DtAsgCnstr": null, "ConStartDt": null, "DtInstald": null }, "geometry": { "type": "Point", "coordinates": [ 358944.62782800628338, 5118185.076175045222044 ] } },
{ "type": "Feature", "properties": { "ID": "264", "Size": "9x12", "Owner": "Rock Networks", "Status": "Proposed", "Struct_1": "Flower pot", "Subtype": "Vault", "Struct_2": null, "Permit_ID": "FS32-MC05-UG-P1", "Trunk_ID": "TRUNK30188", "FDH_ID": "FDH301037", "Lot_No": null, "FSA_No": "ELLIOT LAKE", "OLT_ID": "301", "Subdiv": "3", "Comments": null, "SKU": null, "PON_ID": null, "layer": null, "path": null, "Contractor": null, "DtAsgCnstr": null, "ConStartDt": null, "DtInstald": null }, "geometry": { "type": "Point", "coordinates": [ 366626.436549246776849, 5150431.999516380950809 ] } },
{ "type": "Feature", "properties": { "ID": "28", "Size": "36X60X36", "Owner": "Rock Networks", "Status": "Proposed", "Struct_1": "Large", "Subtype": "Vault", "Struct_2": "Splice", "Permit_ID": "FS37-MC02-UG", "Trunk_ID": "TRUNK30182", "FDH_ID": "FDH302040", "Lot_No": null, "FSA_No": "THE NORTH SHORE", "OLT_ID": "302", "Subdiv": "3", "Comments": null, "SKU": "VLT366036", "PON_ID": null, "layer": null, "path": null, "Contractor": null, "DtAsgCnstr": null, "ConStartDt": null, "DtInstald": null }, "geometry": { "type": "Point", "coordinates": [ 359245.784291293821298, 5117509.798899532295763 ] } },
{ "type": "Feature", "properties": { "ID": "2", "Size": "36X60X36", "Owner": "Rock Networks", "Status": "Proposed", "Struct_1": "Large", "Subtype": "Vault", "Struct_2": "Splice", "Permit_ID": "FS27-MC01-UG-P15", "Trunk_ID": "TRUNK30123", "FDH_ID": "FDH303012", "Lot_No": null, "FSA_No": "SABLES-SPANISH RIVERS", "OLT_ID": "303", "Subdiv": "3", "Comments": null, "SKU": "VLT366036", "PON_ID": null, "layer": null, "path": null, "Contractor": null, "DtAsgCnstr": null, "ConStartDt": null, "DtInstald": null }, "geometry": { "type": "Point", "coordinates": [ 416572.146212125546299, 5118328.987975029274821 ] } },
{ "type": "Feature", "properties": { "ID": "3", "Size": "36X60X36", "Owner": "Rock Networks", "Status": "Proposed", "Struct_1": "Large", "Subtype": "Vault", "Struct_2": "Splice", "Permit_ID": "FS27-MC01-UG-P6", "Trunk_ID": "TRUNK30280", "FDH_ID": "FDH303032", "Lot_No": null, "FSA_No": "SABLES-SPANISH RIVERS", "OLT_ID": "303", "Subdiv": "3", "Comments": null, "SKU": "VLT366036", "PON_ID": null, "layer": null, "path": null, "Contractor": null, "DtAsgCnstr": null, "ConStartDt": null, "DtInstald": null }, "geometry": { "type": "Point", "coordinates": [ 401356.776669308717828, 5117543.606559565290809 ] } },
{ "type": "Feature", "properties": { "ID": "4", "Size": "36X60X36", "Owner": "Rock Networks", "Status": "Proposed", "Struct_1": "Large", "Subtype": "Vault", "Struct_2": "Splice", "Permit_ID": "FS27-MC09-UG-P4", "Trunk_ID": "TRUNK30280", "FDH_ID": "FDH303032", "Lot_No": null, "FSA_No": "SABLES-SPANISH RIVERS", "OLT_ID": "303", "Subdiv": "3", "Comments": null, "SKU": "VLT366036", "PON_ID": null, "layer": null, "path": null, "Contractor": null, "DtAsgCnstr": null, "ConStartDt": null, "DtInstald": null }, "geometry": { "type": "Point", "coordinates": [ 401347.112777307629585, 5117646.796417871490121 ] } },
{ "type": "Feature", "properties": { "ID": "70", "Size": "36X60X36", "Owner": "Rock Networks", "Status": "Proposed", "Struct_1": "Large", "Subtype": "Vault", "Struct_2": "Splice", "Permit_ID": "FS37-MC01-UG-P4", "Trunk_ID": "TRUNK30326", "FDH_ID": "FDH302024", "Lot_No": null, "FSA_No": "THE NORTH SHORE", "OLT_ID": "302", "Subdiv": "3", "Comments": null, "SKU": "VLT366036", "PON_ID": null, "layer": null, "path": null, "Contractor": null, "DtAsgCnstr": null, "ConStartDt": null, "DtInstald": null }, "geometry": { "type": "Point", "coordinates": [ 367389.509181432193145, 5117718.773568864911795 ] } },
{ "type": "Feature", "properties": { "ID": "91", "Size": "36X60X36", "Owner": "Rock Networks", "Status": "Proposed", "Struct_1": "Large", "Subtype": "Vault", "Struct_2": "Splice", "Permit_ID": "FS37-MC03-UG-P2", "Trunk_ID": "TRUNK30210", "FDH_ID": "FDH302024", "Lot_No": null, "FSA_No": "THE NORTH SHORE", "OLT_ID": "302", "Subdiv": "3", "Comments": null, "SKU": "VLT366036", "PON_ID": null, "layer": null, "path": null, "Contractor": null, "DtAsgCnstr": null, "ConStartDt": null, "DtInstald": null }, "geometry": { "type": "Point", "coordinates": [ 367438.126592956599779, 5117445.46900939848274 ] } },
{ "type": "Feature", "properties": { "ID": "92", "Size": "36X60X36", "Owner": "Rock Networks", "Status": "Proposed", "Struct_1": "Large", "Subtype": "Vault", "Struct_2": "Splice", "Permit_ID": "FS37-MC01-UG-P2", "Trunk_ID": "TRUNK30325", "FDH_ID": "FDH302024", "Lot_No": null, "FSA_No": "THE NORTH SHORE", "OLT_ID": "302", "Subdiv": "3", "Comments": null, "SKU": "VLT366036", "PON_ID": null, "layer": null, "path": null, "Contractor": null, "DtAsgCnstr": null, "ConStartDt": null, "DtInstald": null }, "geometry": { "type": "Point", "coordinates": [ 367422.262152304814663, 5117523.402523091062903 ] } },
{ "type": "Feature", "properties": { "ID": "115", "Size": "36X60X36", "Owner": "Rock Networks", "Status": "Proposed", "Struct_1": "Large", "Subtype": "Vault", "Struct_2": "Splice", "Permit_ID": "FS11-MC01-UG-P3", "Trunk_ID": "TRUNK30214", "FDH_ID": "FDH301045", "Lot_No": null, "FSA_No": "ELLIOT LAKE", "OLT_ID": "301", "Subdiv": "3", "Comments": null, "SKU": "VLT366036", "PON_ID": null, "layer": null, "path": null, "Contractor": null, "DtAsgCnstr": null, "ConStartDt": null, "DtInstald": null }, "geometry": { "type": "Point", "coordinates": [ 373467.60687102843076, 5149544.269565572030842 ] } },
{ "type": "Feature", "properties": { "ID": "118", "Size": "36X60X36", "Owner": "Rock Networks", "Status": "Proposed", "Struct_1": "Large", "Subtype": "Vault", "Struct_2": "Splice", "Permit_ID": "FS27-MC01-UG-P8-2", "Trunk_ID": "TRUNK30206", "FDH_ID": "FDH303014", "Lot_No": null, "FSA_No": "SABLES-SPANISH RIVERS", "OLT_ID": "303", "Subdiv": "3", "Comments": null, "SKU": "VLT366036", "PON_ID": null, "layer": null, "path": null, "Contractor": null, "DtAsgCnstr": null, "ConStartDt": null, "DtInstald": null }, "geometry": { "type": "Point", "coordinates": [ 414557.982870799081866, 5117561.868329863995314 ] } },
{ "type": "Feature", "properties": { "ID": "120", "Size": "36X60X36", "Owner": "Rock Networks", "Status": "Proposed", "Struct_1": "Large", "Subtype": "Vault", "Struct_2": "Splice", "Permit_ID": "FS27-MC01-UG-P8-1", "Trunk_ID": "TRUNK30160", "FDH_ID": "FDH303034", "Lot_No": null, "FSA_No": "SABLES-SPANISH RIVERS", "OLT_ID": "303", "Subdiv": "3", "Comments": null, "SKU": "VLT366036", "PON_ID": null, "layer": null, "path": null, "Contractor": null, "DtAsgCnstr": null, "ConStartDt": null, "DtInstald": null }, "geometry": { "type": "Point", "coordinates": [ 404968.537653007195331, 5119574.451807761564851 ] } },
{ "type": "Feature", "properties": { "ID": "121", "Size": "36X60X36", "Owner": "Rock Networks", "Status": "Proposed", "Struct_1": "Large", "Subtype": "Vault", "Struct_2": "Splice", "Permit_ID": "FS27-MC04-UG-P4", "Trunk_ID": "TRUNK30305", "FDH_ID": "FDH303013", "Lot_No": null, "FSA_No": "SABLES-SPANISH RIVERS", "OLT_ID": "303", "Subdiv": "3", "Comments": null, "SKU": "VLT366036", "PON_ID": null, "layer": null, "path": null, "Contractor": null, "DtAsgCnstr": null, "ConStartDt": null, "DtInstald": null }, "geometry": { "type": "Point", "coordinates": [ 412973.291793410724495, 5119997.679251186549664 ] } },
{ "type": "Feature", "properties": { "ID": "99", "Size": "36X60X36", "Owner": "Rock Networks", "Status": "Proposed", "Struct_1": "Large", "Subtype": "Vault", "Struct_2": "Splice", "Permit_ID": "FS32-MC04-UG", "Trunk_ID": "TRUNK30169", "FDH_ID": "FDH302022", "Lot_No": null, "FSA_No": "SPANISH", "OLT_ID": "302", "Subdiv": "3", "Comments": null, "SKU": "VLT366036", "PON_ID": null, "layer": null, "path": null, "Contractor": null, "DtAsgCnstr": null, "ConStartDt": null, "DtInstald": null }, "geometry": { "type": "Point", "coordinates": [ 396522.704209133749828, 5122212.604256734251976 ] } },
{ "type": "Feature", "properties": { "ID": "108", "Size": "30X48X24", "Owner": "Rock Networks", "Status": "Proposed", "Struct_1": "Medium", "Subtype": "Vault", "Struct_2": null, "Permit_ID": "FS32-MC04-UG", "Trunk_ID": "TRUNK30167", "FDH_ID": "FDH302022", "Lot_No": null, "FSA_No": "SPANISH", "OLT_ID": "302", "Subdiv": "3", "Comments": null, "SKU": "VLT304824", "PON_ID": null, "layer": null, "path": null, "Contractor": null, "DtAsgCnstr": null, "ConStartDt": null, "DtInstald": null }, "geometry": { "type": "Point", "coordinates": [ 397856.436819926893804, 5121198.177218953147531 ] } },
{ "type": "Feature", "properties": { "ID": "265", "Size": "9x12", "Owner": "Rock Networks", "Status": "Proposed", "Struct_1": "Flower pot", "Subtype": "Vault", "Struct_2": null, "Permit_ID": "FS32-MC05-UG-P1", "Trunk_ID": "TRUNK30188", "FDH_ID": "FDH301037", "Lot_No": null, "FSA_No": "ELLIOT LAKE", "OLT_ID": "301", "Subdiv": "3", "Comments": null, "SKU": null, "PON_ID": null, "layer": null, "path": null, "Contractor": null, "DtAsgCnstr": null, "ConStartDt": null, "DtInstald": null }, "geometry": { "type": "Point", "coordinates": [ 366585.629120911820792, 5150443.594902149401605 ] } },
{ "type": "Feature", "properties": { "ID": "266", "Size": "9x12", "Owner": "Rock Networks", "Status": "Proposed", "Struct_1": "Flower pot", "Subtype": "Vault", "Struct_2": null, "Permit_ID": "FS32-MC05-UG-P1", "Trunk_ID": "TRUNK30188", "FDH_ID": "FDH301037", "Lot_No": null, "FSA_No": "ELLIOT LAKE", "OLT_ID": "301", "Subdiv": "3", "Comments": null, "SKU": null, "PON_ID": null, "layer": null, "path": null, "Contractor": null, "DtAsgCnstr": null, "ConStartDt": null, "DtInstald": null }, "geometry": { "type": "Point", "coordinates": [ 366503.181301062519196, 5150469.615775676444173 ] } },
{ "type": "Feature", "properties": { "ID": "267", "Size": "9x12", "Owner": "Rock Networks", "Status": "Proposed", "Struct_1": "Flower pot", "Subtype": "Vault", "Struct_2": null, "Permit_ID": "FS32-MC05-UG-P1", "Trunk_ID": "TRUNK30188", "FDH_ID": "FDH301037", "Lot_No": null, "FSA_No": "ELLIOT LAKE", "OLT_ID": "301", "Subdiv": "3", "Comments": null, "SKU": null, "PON_ID": null, "layer": null, "path": null, "Contractor": null, "DtAsgCnstr": null, "ConStartDt": null, "DtInstald": null }, "geometry": { "type": "Point", "coordinates": [ 366441.731292886426672, 5150472.487230462953448 ] } },
{ "type": "Feature", "properties": { "ID": "268", "Size": "9x12", "Owner": "Rock Networks", "Status": "Proposed", "Struct_1": "Flower pot", "Subtype": "Vault", "Struct_2": null, "Permit_ID": "FS32-MC05-UG-P1", "Trunk_ID": "TRUNK30188", "FDH_ID": "FDH301037", "Lot_No": null, "FSA_No": "ELLIOT LAKE", "OLT_ID": "301", "Subdiv": "3", "Comments": null, "SKU": null, "PON_ID": null, "layer": null, "path": null, "Contractor": null, "DtAsgCnstr": null, "ConStartDt": null, "DtInstald": null }, "geometry": { "type": "Point", "coordinates": [ 366372.393920843256637, 5150443.162077622488141 ] } },
{ "type": "Feature", "properties": { "ID": "269", "Size": "9x12", "Owner": "Rock Networks", "Status": "Proposed", "Struct_1": "Flower pot", "Subtype": "Vault", "Struct_2": null, "Permit_ID": "FS32-MC05-UG-P1", "Trunk_ID": "TRUNK30188", "FDH_ID": "FDH301037", "Lot_No": null, "FSA_No": "ELLIOT LAKE", "OLT_ID": "301", "Subdiv": "3", "Comments": null, "SKU": null, "PON_ID": null, "layer": null, "path": null, "Contractor": null, "DtAsgCnstr": null, "ConStartDt": null, "DtInstald": null }, "geometry": { "type": "Point", "coordinates": [ 366303.250392604677472, 5150413.917637319304049 ] } },
{ "type": "Feature", "properties": { "ID": "270", "Size": "9x12", "Owner": "Rock Networks", "Status": "Proposed", "Struct_1": "Flower pot", "Subtype": "Vault", "Struct_2": null, "Permit_ID": "FS32-MC05-UG-P1", "Trunk_ID": "TRUNK30188", "FDH_ID": "FDH301037", "Lot_No": null, "FSA_No": "ELLIOT LAKE", "OLT_ID": "301", "Subdiv": "3", "Comments": null, "SKU": null, "PON_ID": null, "layer": null, "path": null, "Contractor": null, "DtAsgCnstr": null, "ConStartDt": null, "DtInstald": null }, "geometry": { "type": "Point", "coordinates": [ 366197.799198713211808, 5150390.383128352463245 ] } },
{ "type": "Feature", "properties": { "ID": "272", "Size": "9x12", "Owner": "Rock Networks", "Status": "Proposed", "Struct_1": "Flower pot", "Subtype": "Vault", "Struct_2": null, "Permit_ID": "FS32-MC05-UG-P2", "Trunk_ID": "TRUNK30186", "FDH_ID": "FDH301028", "Lot_No": null, "FSA_No": "ELLIOT LAKE", "OLT_ID": "301", "Subdiv": "3", "Comments": null, "SKU": null, "PON_ID": null, "layer": null, "path": null, "Contractor": null, "DtAsgCnstr": null, "ConStartDt": null, "DtInstald": null }, "geometry": { "type": "Point", "coordinates": [ 368152.184512644074857, 5149970.508238142356277 ] } },
{ "type": "Feature", "properties": { "ID": "273", "Size": "9x12", "Owner": "Rock Networks", "Status": "Proposed", "Struct_1": "Flower pot", "Subtype": "Vault", "Struct_2": null, "Permit_ID": "FS32-MC05-UG-P2", "Trunk_ID": "TRUNK30186", "FDH_ID": "FDH301028", "Lot_No": null, "FSA_No": "ELLIOT LAKE", "OLT_ID": "301", "Subdiv": "3", "Comments": null, "SKU": null, "PON_ID": null, "layer": null, "path": null, "Contractor": null, "DtAsgCnstr": null, "ConStartDt": null, "DtInstald": null }, "geometry": { "type": "Point", "coordinates": [ 368808.657209190947469, 5149809.653811812400818 ] } },
{ "type": "Feature", "properties": { "ID": "292", "Size": "9x12", "Owner": "Rock Networks", "Status": "Proposed", "Struct_1": "Flower pot", "Subtype": "Vault", "Struct_2": null, "Permit_ID": "FS32-MC06-UG-P2", "Trunk_ID": "TRUNK30194", "FDH_ID": "FDH301037", "Lot_No": null, "FSA_No": "ELLIOT LAKE", "OLT_ID": "301", "Subdiv": "3", "Comments": null, "SKU": null, "PON_ID": null, "layer": null, "path": null, "Contractor": null, "DtAsgCnstr": null, "ConStartDt": null, "DtInstald": null }, "geometry": { "type": "Point", "coordinates": [ 364091.408789277425967, 5150215.920817258767784 ] } },
{ "type": "Feature", "properties": { "ID": "293", "Size": "9x12", "Owner": "Rock Networks", "Status": "Proposed", "Struct_1": "Flower pot", "Subtype": "Vault", "Struct_2": null, "Permit_ID": "FS32-MC06-UG-P2", "Trunk_ID": "TRUNK30194", "FDH_ID": "FDH301037", "Lot_No": null, "FSA_No": "ELLIOT LAKE", "OLT_ID": "301", "Subdiv": "3", "Comments": null, "SKU": null, "PON_ID": null, "layer": null, "path": null, "Contractor": null, "DtAsgCnstr": null, "ConStartDt": null, "DtInstald": null }, "geometry": { "type": "Point", "coordinates": [ 364468.48237008106662, 5150335.718698053620756 ] } },
{ "type": "Feature", "properties": { "ID": "294", "Size": "30X48X24", "Owner": "Rock Networks", "Status": "Proposed", "Struct_1": "Medium", "Subtype": "Vault", "Struct_2": null, "Permit_ID": "FS32-MC06-UG-P2", "Trunk_ID": "TRUNK30194", "FDH_ID": "FDH301037", "Lot_No": null, "FSA_No": "ELLIOT LAKE", "OLT_ID": "301", "Subdiv": "3", "Comments": null, "SKU": "VLT304824", "PON_ID": null, "layer": null, "path": null, "Contractor": null, "DtAsgCnstr": null, "ConStartDt": null, "DtInstald": null }, "geometry": { "type": "Point", "coordinates": [ 364392.568074947805144, 5150294.467874702997506 ] } },
{ "type": "Feature", "properties": { "ID": "295", "Size": "9x12", "Owner": "Rock Networks", "Status": "Proposed", "Struct_1": "Flower pot", "Subtype": "Vault", "Struct_2": null, "Permit_ID": "FS32-MC06-UG-P2", "Trunk_ID": "TRUNK30194", "FDH_ID": "FDH301037", "Lot_No": null, "FSA_No": "ELLIOT LAKE", "OLT_ID": "301", "Subdiv": "3", "Comments": null, "SKU": null, "PON_ID": null, "layer": null, "path": null, "Contractor": null, "DtAsgCnstr": null, "ConStartDt": null, "DtInstald": null }, "geometry": { "type": "Point", "coordinates": [ 364403.121886854467448, 5150304.000425410456955 ] } },
{ "type": "Feature", "properties": { "ID": "296", "Size": "9x12", "Owner": "Rock Networks", "Status": "Proposed", "Struct_1": "Flower pot", "Subtype": "Vault", "Struct_2": null, "Permit_ID": "FS32-MC06-UG-P2", "Trunk_ID": "TRUNK30194", "FDH_ID": "FDH301037", "Lot_No": null, "FSA_No": "ELLIOT LAKE", "OLT_ID": "301", "Subdiv": "3", "Comments": null, "SKU": null, "PON_ID": null, "layer": null, "path": null, "Contractor": null, "DtAsgCnstr": null, "ConStartDt": null, "DtInstald": null }, "geometry": { "type": "Point", "coordinates": [ 364305.063624290982261, 5150275.144213165156543 ] } },
{ "type": "Feature", "properties": { "ID": "297", "Size": "9x12", "Owner": "Rock Networks", "Status": "Proposed", "Struct_1": "Flower pot", "Subtype": "Vault", "Struct_2": null, "Permit_ID": "FS32-MC06-UG-P2", "Trunk_ID": "TRUNK30194", "FDH_ID": "FDH301037", "Lot_No": null, "FSA_No": "ELLIOT LAKE", "OLT_ID": "301", "Subdiv": "3", "Comments": null, "SKU": null, "PON_ID": null, "layer": null, "path": null, "Contractor": null, "DtAsgCnstr": null, "ConStartDt": null, "DtInstald": null }, "geometry": { "type": "Point", "coordinates": [ 364512.761487193638459, 5150373.984528254717588 ] } },
{ "type": "Feature", "properties": { "ID": "298", "Size": "9x12", "Owner": "Rock Networks", "Status": "Proposed", "Struct_1": "Flower pot", "Subtype": "Vault", "Struct_2": null, "Permit_ID": "FS32-MC06-UG-P2", "Trunk_ID": "TRUNK30194", "FDH_ID": "FDH301037", "Lot_No": null, "FSA_No": "ELLIOT LAKE", "OLT_ID": "301", "Subdiv": "3", "Comments": null, "SKU": null, "PON_ID": null, "layer": null, "path": null, "Contractor": null, "DtAsgCnstr": null, "ConStartDt": null, "DtInstald": null }, "geometry": { "type": "Point", "coordinates": [ 364189.626145145681221, 5150263.631098988465965 ] } },
{ "type": "Feature", "properties": { "ID": "27", "Size": "36X60X36", "Owner": "Rock Networks", "Status": "Proposed", "Struct_1": "Large", "Subtype": "Vault", "Struct_2": "Splice", "Permit_ID": "FS27-MC09-UG-P6", "Trunk_ID": "TRUNK30339", "FDH_ID": "FDH303002", "Lot_No": null, "FSA_No": "SABLES-SPANISH RIVERS", "OLT_ID": "303", "Subdiv": "3", "Comments": null, "SKU": "VLT366036", "PON_ID": null, "layer": null, "path": null, "Contractor": null, "DtAsgCnstr": null, "ConStartDt": null, "DtInstald": null }, "geometry": { "type": "Point", "coordinates": [ 429236.424554471916053, 5122513.203534176573157 ] } },
{ "type": "Feature", "properties": { "ID": "34", "Size": "30X48X24", "Owner": "Rock Networks", "Status": "Proposed", "Struct_1": "Medium", "Subtype": "Vault", "Struct_2": null, "Permit_ID": "FS27-MC02-UG", "Trunk_ID": "TRUNK30143", "FDH_ID": "FDH303016", "Lot_No": null, "FSA_No": "SABLES-SPANISH RIVERS", "OLT_ID": "303", "Subdiv": "3", "Comments": null, "SKU": "VLT304824", "PON_ID": null, "layer": null, "path": null, "Contractor": null, "DtAsgCnstr": null, "ConStartDt": null, "DtInstald": null }, "geometry": { "type": "Point", "coordinates": [ 425509.379027289804071, 5129200.514546141028404 ] } },
{ "type": "Feature", "properties": { "ID": "35", "Size": "36X60X36", "Owner": "Rock Networks", "Status": "Proposed", "Struct_1": "Large", "Subtype": "Vault", "Struct_2": "Splice", "Permit_ID": "FS27-MC09-UG-P6", "Trunk_ID": "TRUNK30064", "FDH_ID": "FDH303002", "Lot_No": null, "FSA_No": "SABLES-SPANISH RIVERS", "OLT_ID": "303", "Subdiv": "3", "Comments": null, "SKU": "VLT366036", "PON_ID": null, "layer": null, "path": null, "Contractor": null, "DtAsgCnstr": null, "ConStartDt": null, "DtInstald": null }, "geometry": { "type": "Point", "coordinates": [ 429121.911462627758738, 5122414.041310610249639 ] } },
{ "type": "Feature", "properties": { "ID": "36", "Size": "36X60X36", "Owner": "Rock Networks", "Status": "Proposed", "Struct_1": "Large", "Subtype": "Vault", "Struct_2": "Splice", "Permit_ID": "FS11-MC02-UG-P2", "Trunk_ID": "TRUNK30259", "FDH_ID": "FDH301045", "Lot_No": null, "FSA_No": "ELLIOT LAKE", "OLT_ID": "301", "Subdiv": "3", "Comments": null, "SKU": "VLT366036", "PON_ID": null, "layer": null, "path": null, "Contractor": null, "DtAsgCnstr": null, "ConStartDt": null, "DtInstald": null }, "geometry": { "type": "Point", "coordinates": [ 373038.118944905465469, 5147195.408012153580785 ] } },
{ "type": "Feature", "properties": { "ID": "37", "Size": "36X60X36", "Owner": "Rock Networks", "Status": "Proposed", "Struct_1": "Large", "Subtype": "Vault", "Struct_2": "Splice", "Permit_ID": "FS11-MC01-UG-P1", "Trunk_ID": "TRUNK30129", "FDH_ID": "FDH301044", "Lot_No": null, "FSA_No": "ELLIOT LAKE", "OLT_ID": "301", "Subdiv": "3", "Comments": null, "SKU": "VLT366036", "PON_ID": null, "layer": null, "path": null, "Contractor": null, "DtAsgCnstr": null, "ConStartDt": null, "DtInstald": null }, "geometry": { "type": "Point", "coordinates": [ 378908.403172022721265, 5145591.022789313457906 ] } },
{ "type": "Feature", "properties": { "ID": "38", "Size": "36X60X36", "Owner": "Rock Networks", "Status": "Proposed", "Struct_1": "Large", "Subtype": "Vault", "Struct_2": "Splice", "Permit_ID": "FS11-MC01-UG-P1", "Trunk_ID": "TRUNK30283", "FDH_ID": "FDH301045", "Lot_No": null, "FSA_No": "ELLIOT LAKE", "OLT_ID": "301", "Subdiv": "3", "Comments": null, "SKU": "VLT366036", "PON_ID": null, "layer": null, "path": null, "Contractor": null, "DtAsgCnstr": null, "ConStartDt": null, "DtInstald": null }, "geometry": { "type": "Point", "coordinates": [ 377129.522840790799819, 5145845.081066930666566 ] } },
{ "type": "Feature", "properties": { "ID": "39", "Size": "36X60X36", "Owner": "Rock Networks", "Status": "Proposed", "Struct_1": "Large", "Subtype": "Vault", "Struct_2": "Splice", "Permit_ID": "FS11-MC01-UG-P1", "Trunk_ID": "TRUNK30226", "FDH_ID": "FDH301045", "Lot_No": null, "FSA_No": "ELLIOT LAKE", "OLT_ID": "301", "Subdiv": "3", "Comments": null, "SKU": "VLT366036", "PON_ID": null, "layer": null, "path": null, "Contractor": null, "DtAsgCnstr": null, "ConStartDt": null, "DtInstald": null }, "geometry": { "type": "Point", "coordinates": [ 376038.340351910272148, 5146908.952155793085694 ] } },
{ "type": "Feature", "properties": { "ID": "5", "Size": "36X60X36", "Owner": "Rock Networks", "Status": "Proposed", "Struct_1": "Large", "Subtype": "Vault", "Struct_2": "Splice", "Permit_ID": "FS27-MC01-UG-P7-1", "Trunk_ID": "TRUNK30133", "FDH_ID": "FDH302030", "Lot_No": null, "FSA_No": "SABLES-SPANISH RIVERS", "OLT_ID": "302", "Subdiv": "3", "Comments": null, "SKU": "VLT366036", "PON_ID": null, "layer": null, "path": null, "Contractor": null, "DtAsgCnstr": null, "ConStartDt": null, "DtInstald": null }, "geometry": { "type": "Point", "coordinates": [ 400056.988702148431912, 5118419.861470203846693 ] } },
{ "type": "Feature", "properties": { "ID": "73", "Size": "36X60X36", "Owner": "Rock Networks", "Status": "Proposed", "Struct_1": "Large", "Subtype": "Vault", "Struct_2": "Splice", "Permit_ID": "FS27-MC01-UG-P7-1", "Trunk_ID": "TRUNK30132", "FDH_ID": "FDH302030", "Lot_No": null, "FSA_No": "SABLES-SPANISH RIVERS", "OLT_ID": "302", "Subdiv": "3", "Comments": null, "SKU": "VLT366036", "PON_ID": null, "layer": null, "path": null, "Contractor": null, "DtAsgCnstr": null, "ConStartDt": null, "DtInstald": null }, "geometry": { "type": "Point", "coordinates": [ 400147.479042146122083, 5118461.971367044374347 ] } },
{ "type": "Feature", "properties": { "ID": "74", "Size": "36X60X36", "Owner": "Rock Networks", "Status": "Proposed", "Struct_1": "Large", "Subtype": "Vault", "Struct_2": "Splice", "Permit_ID": "FS27-MC01-UG-P9", "Trunk_ID": "TRUNK30287", "FDH_ID": "FDH303014", "Lot_No": null, "FSA_No": "SABLES-SPANISH RIVERS", "OLT_ID": "303", "Subdiv": "3", "Comments": null, "SKU": "VLT366036", "PON_ID": null, "layer": null, "path": null, "Contractor": null, "DtAsgCnstr": null, "ConStartDt": null, "DtInstald": null }, "geometry": { "type": "Point", "coordinates": [ 408100.762664198409766, 5117819.507581082172692 ] } },
{ "type": "Feature", "properties": { "ID": "75", "Size": "36X60X36", "Owner": "Rock Networks", "Status": "Proposed", "Struct_1": "Large", "Subtype": "Vault", "Struct_2": "Splice", "Permit_ID": "FS27-MC01-UG-P9", "Trunk_ID": "TRUNK30247", "FDH_ID": "FDH303014", "Lot_No": null, "FSA_No": "SABLES-SPANISH RIVERS", "OLT_ID": "303", "Subdiv": "3", "Comments": null, "SKU": "VLT366036", "PON_ID": null, "layer": null, "path": null, "Contractor": null, "DtAsgCnstr": null, "ConStartDt": null, "DtInstald": null }, "geometry": { "type": "Point", "coordinates": [ 408089.68799540004693, 5117798.242642123252153 ] } },
{ "type": "Feature", "properties": { "ID": "69", "Size": "36X60X36", "Owner": "Rock Networks", "Status": "Proposed", "Struct_1": "Large", "Subtype": "Vault", "Struct_2": "Splice", "Permit_ID": "FS27-MC01-UG-P10", "Trunk_ID": "TRUNK30254", "FDH_ID": "FDH303014", "Lot_No": null, "FSA_No": "SABLES-SPANISH RIVERS", "OLT_ID": "303", "Subdiv": "3", "Comments": null, "SKU": "VLT366036", "PON_ID": null, "layer": null, "path": null, "Contractor": null, "DtAsgCnstr": null, "ConStartDt": null, "DtInstald": null }, "geometry": { "type": "Point", "coordinates": [ 406584.049868881236762, 5117882.888201906345785 ] } },
{ "type": "Feature", "properties": { "ID": "76", "Size": "36X60X36", "Owner": "Rock Networks", "Status": "Proposed", "Struct_1": "Large", "Subtype": "Vault", "Struct_2": "Splice", "Permit_ID": "FS27-MC01-UG-P10", "Trunk_ID": "TRUNK30223", "FDH_ID": "FDH303014", "Lot_No": null, "FSA_No": "SABLES-SPANISH RIVERS", "OLT_ID": "303", "Subdiv": "3", "Comments": null, "SKU": "VLT366036", "PON_ID": null, "layer": null, "path": null, "Contractor": null, "DtAsgCnstr": null, "ConStartDt": null, "DtInstald": null }, "geometry": { "type": "Point", "coordinates": [ 406584.848127191013191, 5117840.722678896971047 ] } },
{ "type": "Feature", "properties": { "ID": "9", "Size": "36X60X36", "Owner": "Rock Networks", "Status": "Proposed", "Struct_1": "Large", "Subtype": "Vault", "Struct_2": "Splice", "Permit_ID": "FS27-MC101-RW-UG", "Trunk_ID": "TRUNK30264", "FDH_ID": "FDH303014", "Lot_No": null, "FSA_No": "SABLES-SPANISH RIVERS", "OLT_ID": "303", "Subdiv": "3", "Comments": null, "SKU": "VLT366036", "PON_ID": null, "layer": null, "path": null, "Contractor": null, "DtAsgCnstr": null, "ConStartDt": null, "DtInstald": null }, "geometry": { "type": "Point", "coordinates": [ 412947.584107048925944, 5117609.845731574110687 ] } },
{ "type": "Feature", "properties": { "ID": "11", "Size": "36X60X36", "Owner": "Rock Networks", "Status": "Proposed", "Struct_1": "Large", "Subtype": "Vault", "Struct_2": "Splice", "Permit_ID": "FS27-MC01-UG-P7-2", "Trunk_ID": "TRUNK30135", "FDH_ID": "FDH302030", "Lot_No": null, "FSA_No": "SABLES-SPANISH RIVERS", "OLT_ID": "302", "Subdiv": "3", "Comments": null, "SKU": "VLT366036", "PON_ID": null, "layer": null, "path": null, "Contractor": null, "DtAsgCnstr": null, "ConStartDt": null, "DtInstald": null }, "geometry": { "type": "Point", "coordinates": [ 400259.389098682149779, 5119256.128524821251631 ] } },
{ "type": "Feature", "properties": { "ID": "12", "Size": "36X60X36", "Owner": "Rock Networks", "Status": "Proposed", "Struct_1": "Large", "Subtype": "Vault", "Struct_2": "Splice", "Permit_ID": "FS27-MC01-UG-P7-3", "Trunk_ID": "TRUNK30144", "FDH_ID": "FDH302030", "Lot_No": null, "FSA_No": "SABLES-SPANISH RIVERS", "OLT_ID": "302", "Subdiv": "3", "Comments": null, "SKU": "VLT366036", "PON_ID": null, "layer": null, "path": null, "Contractor": null, "DtAsgCnstr": null, "ConStartDt": null, "DtInstald": null }, "geometry": { "type": "Point", "coordinates": [ 401042.962247716030106, 5119232.239389907568693 ] } },
{ "type": "Feature", "properties": { "ID": "13", "Size": "36X60X36", "Owner": "Rock Networks", "Status": "Proposed", "Struct_1": "Large", "Subtype": "Vault", "Struct_2": "Splice", "Permit_ID": "FS27-MC01-UG-P7-3", "Trunk_ID": "TRUNK30145", "FDH_ID": "FDH302030", "Lot_No": null, "FSA_No": "SABLES-SPANISH RIVERS", "OLT_ID": "302", "Subdiv": "3", "Comments": null, "SKU": "VLT366036", "PON_ID": null, "layer": null, "path": null, "Contractor": null, "DtAsgCnstr": null, "ConStartDt": null, "DtInstald": null }, "geometry": { "type": "Point", "coordinates": [ 401041.338729634066112, 5119242.957833358086646 ] } },
{ "type": "Feature", "properties": { "ID": "299", "Size": "9x12", "Owner": "Rock Networks", "Status": "Proposed", "Struct_1": "Flower pot", "Subtype": "Vault", "Struct_2": null, "Permit_ID": "FS32-MC06-UG-P2", "Trunk_ID": "TRUNK30194", "FDH_ID": "FDH301037", "Lot_No": null, "FSA_No": "ELLIOT LAKE", "OLT_ID": "301", "Subdiv": "3", "Comments": null, "SKU": null, "PON_ID": null, "layer": null, "path": null, "Contractor": null, "DtAsgCnstr": null, "ConStartDt": null, "DtInstald": null }, "geometry": { "type": "Point", "coordinates": [ 364116.820692585431971, 5150243.182551155798137 ] } },
{ "type": "Feature", "properties": { "ID": "300", "Size": "36X60X36", "Owner": "Rock Networks", "Status": "Proposed", "Struct_1": "Large", "Subtype": "Vault", "Struct_2": "Splice", "Permit_ID": "FS32-MC06-UG-P2", "Trunk_ID": "TRUNK30194", "FDH_ID": "FDH301037", "Lot_No": null, "FSA_No": "ELLIOT LAKE", "OLT_ID": "301", "Subdiv": "3", "Comments": null, "SKU": "VLT366036", "PON_ID": null, "layer": null, "path": null, "Contractor": null, "DtAsgCnstr": null, "ConStartDt": null, "DtInstald": null }, "geometry": { "type": "Point", "coordinates": [ 363927.21847925928887, 5149960.527889213524759 ] } },
{ "type": "Feature", "properties": { "ID": "301", "Size": "9x12", "Owner": "Rock Networks", "Status": "Proposed", "Struct_1": "Flower pot", "Subtype": "Vault", "Struct_2": null, "Permit_ID": "FS32-MC06-UG-P2", "Trunk_ID": "TRUNK30194", "FDH_ID": "FDH301037", "Lot_No": null, "FSA_No": "ELLIOT LAKE", "OLT_ID": "301", "Subdiv": "3", "Comments": null, "SKU": null, "PON_ID": null, "layer": null, "path": null, "Contractor": null, "DtAsgCnstr": null, "ConStartDt": null, "DtInstald": null }, "geometry": { "type": "Point", "coordinates": [ 364067.556729517411441, 5150009.249101210385561 ] } },
{ "type": "Feature", "properties": { "ID": "302", "Size": "9x12", "Owner": "Rock Networks", "Status": "Proposed", "Struct_1": "Flower pot", "Subtype": "Vault", "Struct_2": null, "Permit_ID": "FS32-MC06-UG-P2", "Trunk_ID": "TRUNK30194", "FDH_ID": "FDH301037", "Lot_No": null, "FSA_No": "ELLIOT LAKE", "OLT_ID": "301", "Subdiv": "3", "Comments": null, "SKU": null, "PON_ID": null, "layer": null, "path": null, "Contractor": null, "DtAsgCnstr": null, "ConStartDt": null, "DtInstald": null }, "geometry": { "type": "Point", "coordinates": [ 363967.462607799563557, 5149937.774955164641142 ] } },
{ "type": "Feature", "properties": { "ID": "29", "Size": "36X60X36", "Owner": "Rock Networks", "Status": "Proposed", "Struct_1": "Large", "Subtype": "Vault", "Struct_2": "Splice", "Permit_ID": "FS11-MC01-UG-P2", "Trunk_ID": "TRUNK30126", "FDH_ID": "FDH301043", "Lot_No": null, "FSA_No": "ELLIOT LAKE", "OLT_ID": "301", "Subdiv": "3", "Comments": null, "SKU": "VLT366036", "PON_ID": null, "layer": null, "path": null, "Contractor": null, "DtAsgCnstr": null, "ConStartDt": null, "DtInstald": null }, "geometry": { "type": "Point", "coordinates": [ 381434.949260052409954, 5145077.922837457619607 ] } },
{ "type": "Feature", "properties": { "ID": "30", "Size": "36X60X36", "Owner": "Rock Networks", "Status": "Proposed", "Struct_1": "Large", "Subtype": "Vault", "Struct_2": "Splice", "Permit_ID": "FS11-MC01-UG-P2", "Trunk_ID": "TRUNK30127", "FDH_ID": "FDH301043", "Lot_No": null, "FSA_No": "ELLIOT LAKE", "OLT_ID": "301", "Subdiv": "3", "Comments": null, "SKU": "VLT366036", "PON_ID": null, "layer": null, "path": null, "Contractor": null, "DtAsgCnstr": null, "ConStartDt": null, "DtInstald": null }, "geometry": { "type": "Point", "coordinates": [ 381498.673436930635944, 5144833.125166652724147 ] } },
{ "type": "Feature", "properties": { "ID": "31", "Size": "36X60X36", "Owner": "Rock Networks", "Status": "Proposed", "Struct_1": "Large", "Subtype": "Vault", "Struct_2": "Splice", "Permit_ID": "FS11-MC01-UG-P3", "Trunk_ID": "TRUNK30253", "FDH_ID": "FDH301045", "Lot_No": null, "FSA_No": "ELLIOT LAKE", "OLT_ID": "301", "Subdiv": "3", "Comments": null, "SKU": "VLT366036", "PON_ID": null, "layer": null, "path": null, "Contractor": null, "DtAsgCnstr": null, "ConStartDt": null, "DtInstald": null }, "geometry": { "type": "Point", "coordinates": [ 373504.144016869715415, 5149523.406770397908986 ] } },
{ "type": "Feature", "properties": { "ID": "7", "Size": "36X60X36", "Owner": "Rock Networks", "Status": "Proposed", "Struct_1": "Large", "Subtype": "Vault", "Struct_2": "Splice", "Permit_ID": "FS27-MC02-UG", "Trunk_ID": "TRUNK30142", "FDH_ID": "FDH303016", "Lot_No": null, "FSA_No": "SABLES-SPANISH RIVERS", "OLT_ID": "303", "Subdiv": "3", "Comments": null, "SKU": "VLT366036", "PON_ID": null, "layer": null, "path": null, "Contractor": null, "DtAsgCnstr": null, "ConStartDt": null, "DtInstald": null }, "geometry": { "type": "Point", "coordinates": [ 424433.251623744727112, 5130593.917516719549894 ] } },
{ "type": "Feature", "properties": { "ID": "32", "Size": "36X60X36", "Owner": "Rock Networks", "Status": "Proposed", "Struct_1": "Large", "Subtype": "Vault", "Struct_2": "Splice", "Permit_ID": "FS27-MC02-UG", "Trunk_ID": "TRUNK30141", "FDH_ID": "FDH303016", "Lot_No": null, "FSA_No": "SABLES-SPANISH RIVERS", "OLT_ID": "303", "Subdiv": "3", "Comments": null, "SKU": "VLT366036", "PON_ID": null, "layer": null, "path": null, "Contractor": null, "DtAsgCnstr": null, "ConStartDt": null, "DtInstald": null }, "geometry": { "type": "Point", "coordinates": [ 425244.197638560901396, 5131167.72593404725194 ] } },
{ "type": "Feature", "properties": { "ID": "6", "Size": "36X60X36", "Owner": "Rock Networks", "Status": "Proposed", "Struct_1": "Large", "Subtype": "Vault", "Struct_2": "Splice", "Permit_ID": "FS27-MC02-UG", "Trunk_ID": "TRUNK30141", "FDH_ID": "FDH303016", "Lot_No": null, "FSA_No": "SABLES-SPANISH RIVERS", "OLT_ID": "303", "Subdiv": "3", "Comments": null, "SKU": "VLT366036", "PON_ID": null, "layer": null, "path": null, "Contractor": null, "DtAsgCnstr": null, "ConStartDt": null, "DtInstald": null }, "geometry": { "type": "Point", "coordinates": [ 425628.822667499713134, 5130839.165708990767598 ] } },
{ "type": "Feature", "properties": { "ID": "33", "Size": "36X60X36", "Owner": "Rock Networks", "Status": "Proposed", "Struct_1": "Large", "Subtype": "Vault", "Struct_2": "Splice", "Permit_ID": "FS27-MC02-UG", "Trunk_ID": "TRUNK30143", "FDH_ID": "FDH303016", "Lot_No": null, "FSA_No": "SABLES-SPANISH RIVERS", "OLT_ID": "303", "Subdiv": "3", "Comments": null, "SKU": "VLT366036", "PON_ID": null, "layer": null, "path": null, "Contractor": null, "DtAsgCnstr": null, "ConStartDt": null, "DtInstald": null }, "geometry": { "type": "Point", "coordinates": [ 426651.499305111705326, 5130030.805407612584531 ] } },
{ "type": "Feature", "properties": { "ID": "41", "Size": "30X48X24", "Owner": "Rock Networks", "Status": "Proposed", "Struct_1": "Medium", "Subtype": "Vault", "Struct_2": null, "Permit_ID": "FS11-MC01-UG-P1", "Trunk_ID": "TRUNK30283", "FDH_ID": "FDH301045", "Lot_No": null, "FSA_No": "ELLIOT LAKE", "OLT_ID": "301", "Subdiv": "3", "Comments": null, "SKU": "VLT304824", "PON_ID": null, "layer": null, "path": null, "Contractor": null, "DtAsgCnstr": null, "ConStartDt": null, "DtInstald": null }, "geometry": { "type": "Point", "coordinates": [ 378269.556761117710266, 5145633.190975393168628 ] } },
{ "type": "Feature", "properties": { "ID": "8", "Size": "30X48X24", "Owner": "Rock Networks", "Status": "Proposed", "Struct_1": "Medium", "Subtype": "Vault", "Struct_2": null, "Permit_ID": "FS11-MC01-UG-P1", "Trunk_ID": "TRUNK30258", "FDH_ID": "FDH301045", "Lot_No": null, "FSA_No": "ELLIOT LAKE", "OLT_ID": "301", "Subdiv": "3", "Comments": null, "SKU": "VLT304824", "PON_ID": null, "layer": null, "path": null, "Contractor": null, "DtAsgCnstr": null, "ConStartDt": null, "DtInstald": null }, "geometry": { "type": "Point", "coordinates": [ 375235.250023297790904, 5147100.506715952418745 ] } },
{ "type": "Feature", "properties": { "ID": "42", "Size": "30X48X24", "Owner": "Rock Networks", "Status": "Proposed", "Struct_1": "Medium", "Subtype": "Vault", "Struct_2": null, "Permit_ID": "FS11-MC01-UG-P1", "Trunk_ID": "TRUNK30259", "FDH_ID": "FDH301045", "Lot_No": null, "FSA_No": "ELLIOT LAKE", "OLT_ID": "301", "Subdiv": "3", "Comments": null, "SKU": "VLT304824", "PON_ID": null, "layer": null, "path": null, "Contractor": null, "DtAsgCnstr": null, "ConStartDt": null, "DtInstald": null }, "geometry": { "type": "Point", "coordinates": [ 373453.992893415444996, 5147063.811068402603269 ] } },
{ "type": "Feature", "properties": { "ID": "14", "Size": "36X60X36", "Owner": "Rock Networks", "Status": "Proposed", "Struct_1": "Large", "Subtype": "Vault", "Struct_2": "Splice", "Permit_ID": "FS27-MC01-UG-P7-4", "Trunk_ID": "TRUNK30146", "FDH_ID": "FDH302030", "Lot_No": null, "FSA_No": "SABLES-SPANISH RIVERS", "OLT_ID": "302", "Subdiv": "3", "Comments": null, "SKU": "VLT366036", "PON_ID": null, "layer": null, "path": null, "Contractor": null, "DtAsgCnstr": null, "ConStartDt": null, "DtInstald": null }, "geometry": { "type": "Point", "coordinates": [ 401998.353814724483527, 5119258.422446008771658 ] } },
{ "type": "Feature", "properties": { "ID": "16", "Size": "36X60X36", "Owner": "Rock Networks", "Status": "Proposed", "Struct_1": "Large", "Subtype": "Vault", "Struct_2": "Splice", "Permit_ID": "FS27-MC01-UG-P7-4", "Trunk_ID": "TRUNK30151", "FDH_ID": "FDH302030", "Lot_No": null, "FSA_No": "SABLES-SPANISH RIVERS", "OLT_ID": "302", "Subdiv": "3", "Comments": null, "SKU": "VLT366036", "PON_ID": null, "layer": null, "path": null, "Contractor": null, "DtAsgCnstr": null, "ConStartDt": null, "DtInstald": null }, "geometry": { "type": "Point", "coordinates": [ 401998.375318473379593, 5118907.469369485042989 ] } },
{ "type": "Feature", "properties": { "ID": "17", "Size": "36X60X36", "Owner": "Rock Networks", "Status": "Proposed", "Struct_1": "Large", "Subtype": "Vault", "Struct_2": "Splice", "Permit_ID": "FS27-MC01-UG-P7-6", "Trunk_ID": "TRUNK30148", "FDH_ID": "FDH302030", "Lot_No": null, "FSA_No": "SABLES-SPANISH RIVERS", "OLT_ID": "302", "Subdiv": "3", "Comments": null, "SKU": "VLT366036", "PON_ID": null, "layer": null, "path": null, "Contractor": null, "DtAsgCnstr": null, "ConStartDt": null, "DtInstald": null }, "geometry": { "type": "Point", "coordinates": [ 403148.77337232924765, 5119261.526765613816679 ] } },
{ "type": "Feature", "properties": { "ID": "18", "Size": "36X60X36", "Owner": "Rock Networks", "Status": "Proposed", "Struct_1": "Large", "Subtype": "Vault", "Struct_2": "Splice", "Permit_ID": "FS27-MC01-UG-P7-5", "Trunk_ID": "TRUNK30150", "FDH_ID": "FDH302030", "Lot_No": null, "FSA_No": "SABLES-SPANISH RIVERS", "OLT_ID": "302", "Subdiv": "3", "Comments": null, "SKU": "VLT366036", "PON_ID": null, "layer": null, "path": null, "Contractor": null, "DtAsgCnstr": null, "ConStartDt": null, "DtInstald": null }, "geometry": { "type": "Point", "coordinates": [ 402576.347887722891755, 5119094.545846288092434 ] } },
{ "type": "Feature", "properties": { "ID": "20", "Size": "36X60X36", "Owner": "Rock Networks", "Status": "Proposed", "Struct_1": "Large", "Subtype": "Vault", "Struct_2": "Splice", "Permit_ID": "FS27-MC09-UG-P7", "Trunk_ID": "TRUNK30199", "FDH_ID": "FDH303014", "Lot_No": null, "FSA_No": "SABLES-SPANISH RIVERS", "OLT_ID": "303", "Subdiv": "3", "Comments": null, "SKU": "VLT366036", "PON_ID": null, "layer": null, "path": null, "Contractor": null, "DtAsgCnstr": null, "ConStartDt": null, "DtInstald": null }, "geometry": { "type": "Point", "coordinates": [ 412899.745093877369072, 5117553.301217213273048 ] } },
{ "type": "Feature", "properties": { "ID": "77", "Size": "36X60X36", "Owner": "Rock Networks", "Status": "Proposed", "Struct_1": "Large", "Subtype": "Vault", "Struct_2": "Splice", "Permit_ID": "FS27-MC01-UG-P7-5", "Trunk_ID": "TRUNK30150", "FDH_ID": "FDH302030", "Lot_No": null, "FSA_No": "SABLES-SPANISH RIVERS", "OLT_ID": "302", "Subdiv": "3", "Comments": null, "SKU": "VLT366036", "PON_ID": null, "layer": null, "path": null, "Contractor": null, "DtAsgCnstr": null, "ConStartDt": null, "DtInstald": null }, "geometry": { "type": "Point", "coordinates": [ 402611.887043020571582, 5119221.958260080777109 ] } },
{ "type": "Feature", "properties": { "ID": "303", "Size": "9x12", "Owner": "Rock Networks", "Status": "Proposed", "Struct_1": "Flower pot", "Subtype": "Vault", "Struct_2": null, "Permit_ID": "FS32-MC06-UG-P2", "Trunk_ID": "TRUNK30194", "FDH_ID": "FDH301037", "Lot_No": null, "FSA_No": "ELLIOT LAKE", "OLT_ID": "301", "Subdiv": "3", "Comments": null, "SKU": null, "PON_ID": null, "layer": null, "path": null, "Contractor": null, "DtAsgCnstr": null, "ConStartDt": null, "DtInstald": null }, "geometry": { "type": "Point", "coordinates": [ 363882.122131654061377, 5149981.147966435179114 ] } },
{ "type": "Feature", "properties": { "ID": "304", "Size": "9x12", "Owner": "Rock Networks", "Status": "Proposed", "Struct_1": "Flower pot", "Subtype": "Vault", "Struct_2": null, "Permit_ID": "FS32-MC06-UG-P2", "Trunk_ID": "TRUNK30194", "FDH_ID": "FDH301037", "Lot_No": null, "FSA_No": "ELLIOT LAKE", "OLT_ID": "301", "Subdiv": "3", "Comments": null, "SKU": null, "PON_ID": null, "layer": null, "path": null, "Contractor": null, "DtAsgCnstr": null, "ConStartDt": null, "DtInstald": null }, "geometry": { "type": "Point", "coordinates": [ 363863.338563573081046, 5149978.631395983509719 ] } },
{ "type": "Feature", "properties": { "ID": "305", "Size": "9x12", "Owner": "Rock Networks", "Status": "Proposed", "Struct_1": "Flower pot", "Subtype": "Vault", "Struct_2": null, "Permit_ID": "FS32-MC06-UG-P2", "Trunk_ID": "TRUNK30194", "FDH_ID": "FDH301037", "Lot_No": null, "FSA_No": "ELLIOT LAKE", "OLT_ID": "301", "Subdiv": "3", "Comments": null, "SKU": null, "PON_ID": null, "layer": null, "path": null, "Contractor": null, "DtAsgCnstr": null, "ConStartDt": null, "DtInstald": null }, "geometry": { "type": "Point", "coordinates": [ 363815.176545072696172, 5149938.095977166667581 ] } },
{ "type": "Feature", "properties": { "ID": "306", "Size": "9x12", "Owner": "Rock Networks", "Status": "Proposed", "Struct_1": "Flower pot", "Subtype": "Vault", "Struct_2": null, "Permit_ID": "FS32-MC06-UG-P2", "Trunk_ID": "TRUNK30194", "FDH_ID": "FDH301037", "Lot_No": null, "FSA_No": "ELLIOT LAKE", "OLT_ID": "301", "Subdiv": "3", "Comments": null, "SKU": null, "PON_ID": null, "layer": null, "path": null, "Contractor": null, "DtAsgCnstr": null, "ConStartDt": null, "DtInstald": null }, "geometry": { "type": "Point", "coordinates": [ 363673.511157147353515, 5149887.710402219556272 ] } },
{ "type": "Feature", "properties": { "ID": "307", "Size": "36X60X36", "Owner": "Rock Networks", "Status": "Proposed", "Struct_1": "Large", "Subtype": "Vault", "Struct_2": "Splice", "Permit_ID": "FS32-MC06-UG-P2", "Trunk_ID": "TRUNK30194", "FDH_ID": "FDH301037", "Lot_No": null, "FSA_No": "ELLIOT LAKE", "OLT_ID": "301", "Subdiv": "3", "Comments": null, "SKU": "VLT366036", "PON_ID": null, "layer": null, "path": null, "Contractor": null, "DtAsgCnstr": null, "ConStartDt": null, "DtInstald": null }, "geometry": { "type": "Point", "coordinates": [ 363471.115635161753744, 5149944.288578446023166 ] } },
{ "type": "Feature", "properties": { "ID": "310", "Size": "9x12", "Owner": "Rock Networks", "Status": "Proposed", "Struct_1": "Flower pot", "Subtype": "Vault", "Struct_2": null, "Permit_ID": "FS32-MC06-UG-P2", "Trunk_ID": "TRUNK30194", "FDH_ID": "FDH301037", "Lot_No": null, "FSA_No": "ELLIOT LAKE", "OLT_ID": "301", "Subdiv": "3", "Comments": null, "SKU": null, "PON_ID": null, "layer": null, "path": null, "Contractor": null, "DtAsgCnstr": null, "ConStartDt": null, "DtInstald": null }, "geometry": { "type": "Point", "coordinates": [ 363424.832895428873599, 5150102.309841911308467 ] } },
{ "type": "Feature", "properties": { "ID": "311", "Size": "9x12", "Owner": "Rock Networks", "Status": "Proposed", "Struct_1": "Flower pot", "Subtype": "Vault", "Struct_2": null, "Permit_ID": "FS32-MC06-UG-P2", "Trunk_ID": "TRUNK30194", "FDH_ID": "FDH301037", "Lot_No": null, "FSA_No": "ELLIOT LAKE", "OLT_ID": "301", "Subdiv": "3", "Comments": null, "SKU": null, "PON_ID": null, "layer": null, "path": null, "Contractor": null, "DtAsgCnstr": null, "ConStartDt": null, "DtInstald": null }, "geometry": { "type": "Point", "coordinates": [ 363336.458266197005287, 5150164.243099574930966 ] } },
{ "type": "Feature", "properties": { "ID": "312", "Size": "9x12", "Owner": "Rock Networks", "Status": "Proposed", "Struct_1": "Flower pot", "Subtype": "Vault", "Struct_2": null, "Permit_ID": "FS32-MC06-UG-P2", "Trunk_ID": "TRUNK30195", "FDH_ID": "FDH301037", "Lot_No": null, "FSA_No": "ELLIOT LAKE", "OLT_ID": "301", "Subdiv": "3", "Comments": null, "SKU": null, "PON_ID": null, "layer": null, "path": null, "Contractor": null, "DtAsgCnstr": null, "ConStartDt": null, "DtInstald": null }, "geometry": { "type": "Point", "coordinates": [ 363320.040186192432884, 5149873.785834311507642 ] } },
{ "type": "Feature", "properties": { "ID": "313", "Size": "9x12", "Owner": "Rock Networks", "Status": "Proposed", "Struct_1": "Flower pot", "Subtype": "Vault", "Struct_2": null, "Permit_ID": "FS32-MC06-UG-P1", "Trunk_ID": "TRUNK30195", "FDH_ID": "FDH301036", "Lot_No": null, "FSA_No": "ELLIOT LAKE", "OLT_ID": "301", "Subdiv": "3", "Comments": null, "SKU": null, "PON_ID": null, "layer": null, "path": null, "Contractor": null, "DtAsgCnstr": null, "ConStartDt": null, "DtInstald": null }, "geometry": { "type": "Point", "coordinates": [ 363111.576885657035746, 5149970.168498044833541 ] } },
{ "type": "Feature", "properties": { "ID": "40", "Size": "36X60X36", "Owner": "Rock Networks", "Status": "Proposed", "Struct_1": "Large", "Subtype": "Vault", "Struct_2": "Splice", "Permit_ID": "FS11-MC01-UG-P1", "Trunk_ID": "TRUNK30259", "FDH_ID": "FDH301045", "Lot_No": null, "FSA_No": "ELLIOT LAKE", "OLT_ID": "301", "Subdiv": "3", "Comments": null, "SKU": "VLT366036", "PON_ID": null, "layer": null, "path": null, "Contractor": null, "DtAsgCnstr": null, "ConStartDt": null, "DtInstald": null }, "geometry": { "type": "Point", "coordinates": [ 374379.372951383818872, 5147017.805409925989807 ] } },
{ "type": "Feature", "properties": { "ID": "43", "Size": "36X60X36", "Owner": "Rock Networks", "Status": "Proposed", "Struct_1": "Large", "Subtype": "Vault", "Struct_2": "Splice", "Permit_ID": "FS37-MC03-UG-P1", "Trunk_ID": "TRUNK30069", "FDH_ID": "FDH302038", "Lot_No": null, "FSA_No": "THE NORTH SHORE", "OLT_ID": "302", "Subdiv": "3", "Comments": null, "SKU": "VLT366036", "PON_ID": null, "layer": null, "path": null, "Contractor": null, "DtAsgCnstr": null, "ConStartDt": null, "DtInstald": null }, "geometry": { "type": "Point", "coordinates": [ 364536.692941149580292, 5117011.298608471639454 ] } },
{ "type": "Feature", "properties": { "ID": "44", "Size": "36X60X36", "Owner": "Rock Networks", "Status": "Proposed", "Struct_1": "Large", "Subtype": "Vault", "Struct_2": "Splice", "Permit_ID": "FS37-MC03-UG-P1", "Trunk_ID": "TRUNK30327", "FDH_ID": "FDH302038", "Lot_No": null, "FSA_No": "THE NORTH SHORE", "OLT_ID": "302", "Subdiv": "3", "Comments": null, "SKU": "VLT366036", "PON_ID": null, "layer": null, "path": null, "Contractor": null, "DtAsgCnstr": null, "ConStartDt": null, "DtInstald": null }, "geometry": { "type": "Point", "coordinates": [ 364560.676063920836896, 5116989.549538650549948 ] } },
{ "type": "Feature", "properties": { "ID": "48", "Size": "36X60X36", "Owner": "Rock Networks", "Status": "Proposed", "Struct_1": "Large", "Subtype": "Vault", "Struct_2": "Splice", "Permit_ID": "FS27-MC02-UG", "Trunk_ID": "TRUNK30137", "FDH_ID": "FDH303016", "Lot_No": null, "FSA_No": "SABLES-SPANISH RIVERS", "OLT_ID": "303", "Subdiv": "3", "Comments": null, "SKU": "VLT366036", "PON_ID": null, "layer": null, "path": null, "Contractor": null, "DtAsgCnstr": null, "ConStartDt": null, "DtInstald": null }, "geometry": { "type": "Point", "coordinates": [ 427580.589444876881316, 5129910.939897483214736 ] } },
{ "type": "Feature", "properties": { "ID": "52", "Size": "36X60X36", "Owner": "Rock Networks", "Status": "Proposed", "Struct_1": "Large", "Subtype": "Vault", "Struct_2": "Splice", "Permit_ID": "FS27-MC02-UG", "Trunk_ID": "TRUNK30143", "FDH_ID": "FDH303016", "Lot_No": null, "FSA_No": "SABLES-SPANISH RIVERS", "OLT_ID": "303", "Subdiv": "3", "Comments": null, "SKU": "VLT366036", "PON_ID": null, "layer": null, "path": null, "Contractor": null, "DtAsgCnstr": null, "ConStartDt": null, "DtInstald": null }, "geometry": { "type": "Point", "coordinates": [ 426554.110159136762377, 5129813.33544041402638 ] } },
{ "type": "Feature", "properties": { "ID": "53", "Size": "36X60X36", "Owner": "Rock Networks", "Status": "Proposed", "Struct_1": "Large", "Subtype": "Vault", "Struct_2": "Splice", "Permit_ID": "FS27-MC02-UG", "Trunk_ID": "TRUNK30137", "FDH_ID": "FDH303016", "Lot_No": null, "FSA_No": "SABLES-SPANISH RIVERS", "OLT_ID": "303", "Subdiv": "3", "Comments": null, "SKU": "VLT366036", "PON_ID": null, "layer": null, "path": null, "Contractor": null, "DtAsgCnstr": null, "ConStartDt": null, "DtInstald": null }, "geometry": { "type": "Point", "coordinates": [ 426852.078166156774387, 5129997.263817970640957 ] } },
{ "type": "Feature", "properties": { "ID": "55", "Size": "36X60X36", "Owner": "Rock Networks", "Status": "Proposed", "Struct_1": "Large", "Subtype": "Vault", "Struct_2": "Splice", "Permit_ID": "FS27-MC02-UG", "Trunk_ID": "TRUNK30137", "FDH_ID": "FDH303016", "Lot_No": null, "FSA_No": "SABLES-SPANISH RIVERS", "OLT_ID": "303", "Subdiv": "3", "Comments": null, "SKU": "VLT366036", "PON_ID": null, "layer": null, "path": null, "Contractor": null, "DtAsgCnstr": null, "ConStartDt": null, "DtInstald": null }, "geometry": { "type": "Point", "coordinates": [ 427210.656709727365524, 5129916.891616434790194 ] } },
{ "type": "Feature", "properties": { "ID": "56", "Size": "36X60X36", "Owner": "Rock Networks", "Status": "Proposed", "Struct_1": "Large", "Subtype": "Vault", "Struct_2": "Splice", "Permit_ID": "FS27-MC02-UG", "Trunk_ID": "TRUNK30143", "FDH_ID": "FDH303016", "Lot_No": null, "FSA_No": "SABLES-SPANISH RIVERS", "OLT_ID": "303", "Subdiv": "3", "Comments": null, "SKU": "VLT366036", "PON_ID": null, "layer": null, "path": null, "Contractor": null, "DtAsgCnstr": null, "ConStartDt": null, "DtInstald": null }, "geometry": { "type": "Point", "coordinates": [ 425925.723294767434709, 5129171.050016050226986 ] } },
{ "type": "Feature", "properties": { "ID": "57", "Size": "36X60X36", "Owner": "Rock Networks", "Status": "Proposed", "Struct_1": "Large", "Subtype": "Vault", "Struct_2": "Splice", "Permit_ID": "FS27-MC02-UG", "Trunk_ID": "TRUNK30143", "FDH_ID": "FDH303016", "Lot_No": null, "FSA_No": "SABLES-SPANISH RIVERS", "OLT_ID": "303", "Subdiv": "3", "Comments": null, "SKU": "VLT366036", "PON_ID": null, "layer": null, "path": null, "Contractor": null, "DtAsgCnstr": null, "ConStartDt": null, "DtInstald": null }, "geometry": { "type": "Point", "coordinates": [ 425495.180224491748959, 5129151.423660459928215 ] } },
{ "type": "Feature", "properties": { "ID": "59", "Size": "36X60X36", "Owner": "Rock Networks", "Status": "Proposed", "Struct_1": "Large", "Subtype": "Vault", "Struct_2": "Splice", "Permit_ID": "FS27-OLT1-UG", "Trunk_ID": "TRUNK30290", "FDH_ID": "FDH303003", "Lot_No": null, "FSA_No": "SABLES-SPANISH RIVERS", "OLT_ID": "303", "Subdiv": "3", "Comments": null, "SKU": "VLT366036", "PON_ID": null, "layer": null, "path": null, "Contractor": null, "DtAsgCnstr": null, "ConStartDt": null, "DtInstald": null }, "geometry": { "type": "Point", "coordinates": [ 419397.563961350126192, 5118762.968064826913178 ] } },
{ "type": "Feature", "properties": { "ID": "60", "Size": "36X60X36", "Owner": "Rock Networks", "Status": "Proposed", "Struct_1": "Large", "Subtype": "Vault", "Struct_2": "Splice", "Permit_ID": "FS37-MC04-UG", "Trunk_ID": "TRUNK30375", "FDH_ID": "FDH302027", "Lot_No": null, "FSA_No": "THE NORTH SHORE", "OLT_ID": "302", "Subdiv": "3", "Comments": null, "SKU": "VLT366036", "PON_ID": null, "layer": null, "path": null, "Contractor": null, "DtAsgCnstr": null, "ConStartDt": null, "DtInstald": null }, "geometry": { "type": "Point", "coordinates": [ 381345.792577266984154, 5118914.076849867589772 ] } },
{ "type": "Feature", "properties": { "ID": "61", "Size": "36X60X36", "Owner": "Rock Networks", "Status": "Proposed", "Struct_1": "Large", "Subtype": "Vault", "Struct_2": "Splice", "Permit_ID": "FS27-MC09-UG-P2", "Trunk_ID": "TRUNK30349", "FDH_ID": "FDH303032", "Lot_No": null, "FSA_No": "SABLES-SPANISH RIVERS", "OLT_ID": "303", "Subdiv": "3", "Comments": null, "SKU": "VLT366036", "PON_ID": null, "layer": null, "path": null, "Contractor": null, "DtAsgCnstr": null, "ConStartDt": null, "DtInstald": null }, "geometry": { "type": "Point", "coordinates": [ 400481.614663913962431, 5117630.025423562154174 ] } },
{ "type": "Feature", "properties": { "ID": "62", "Size": "30X48X24", "Owner": "Rock Networks", "Status": "Proposed", "Struct_1": "Medium", "Subtype": "Vault", "Struct_2": null, "Permit_ID": "FS27-MC09-UG-P2", "Trunk_ID": "TRUNK30281", "FDH_ID": "FDH303032", "Lot_No": null, "FSA_No": "SABLES-SPANISH RIVERS", "OLT_ID": "303", "Subdiv": "3", "Comments": null, "SKU": "VLT304824", "PON_ID": null, "layer": null, "path": null, "Contractor": null, "DtAsgCnstr": null, "ConStartDt": null, "DtInstald": null }, "geometry": { "type": "Point", "coordinates": [ 400974.404610242287163, 5117616.525011762045324 ] } },
{ "type": "Feature", "properties": { "ID": "63", "Size": "36X60X36", "Owner": "Rock Networks", "Status": "Proposed", "Struct_1": "Large", "Subtype": "Vault", "Struct_2": "Splice", "Permit_ID": "FS27-MC09-UG-P2", "Trunk_ID": "TRUNK30281", "FDH_ID": "FDH303032", "Lot_No": null, "FSA_No": "SABLES-SPANISH RIVERS", "OLT_ID": "303", "Subdiv": "3", "Comments": null, "SKU": "VLT366036", "PON_ID": null, "layer": null, "path": null, "Contractor": null, "DtAsgCnstr": null, "ConStartDt": null, "DtInstald": null }, "geometry": { "type": "Point", "coordinates": [ 400793.470818552421406, 5117616.226476312614977 ] } },
{ "type": "Feature", "properties": { "ID": "64", "Size": "36X60X36", "Owner": "Rock Networks", "Status": "Proposed", "Struct_1": "Large", "Subtype": "Vault", "Struct_2": "Splice", "Permit_ID": "FS27-MC09-UG-P2", "Trunk_ID": "TRUNK30281", "FDH_ID": "FDH303032", "Lot_No": null, "FSA_No": "SABLES-SPANISH RIVERS", "OLT_ID": "303", "Subdiv": "3", "Comments": null, "SKU": "VLT366036", "PON_ID": null, "layer": null, "path": null, "Contractor": null, "DtAsgCnstr": null, "ConStartDt": null, "DtInstald": null }, "geometry": { "type": "Point", "coordinates": [ 400481.93643312191125, 5117609.540443549863994 ] } },
{ "type": "Feature", "properties": { "ID": "71", "Size": "36X60X36", "Owner": "Rock Networks", "Status": "Proposed", "Struct_1": "Large", "Subtype": "Vault", "Struct_2": "Splice", "Permit_ID": "FS27-MC09-UG-P3", "Trunk_ID": "TRUNK30115", "FDH_ID": "FDH303033", "Lot_No": null, "FSA_No": "SABLES-SPANISH RIVERS", "OLT_ID": "303", "Subdiv": "3", "Comments": null, "SKU": "VLT366036", "PON_ID": null, "layer": null, "path": null, "Contractor": null, "DtAsgCnstr": null, "ConStartDt": null, "DtInstald": null }, "geometry": { "type": "Point", "coordinates": [ 402560.514387177478056, 5117609.82711919490248 ] } },
{ "type": "Feature", "properties": { "ID": "65", "Size": "36X60X36", "Owner": "Rock Networks", "Status": "Proposed", "Struct_1": "Large", "Subtype": "Vault", "Struct_2": "Splice", "Permit_ID": "FS27-MC09-UG-P3", "Trunk_ID": "TRUNK30076", "FDH_ID": "FDH303033", "Lot_No": null, "FSA_No": "SABLES-SPANISH RIVERS", "OLT_ID": "303", "Subdiv": "3", "Comments": null, "SKU": "VLT366036", "PON_ID": null, "layer": null, "path": null, "Contractor": null, "DtAsgCnstr": null, "ConStartDt": null, "DtInstald": null }, "geometry": { "type": "Point", "coordinates": [ 402652.15951878472697, 5117613.466089962050319 ] } },
{ "type": "Feature", "properties": { "ID": "66", "Size": "36X60X36", "Owner": "Rock Networks", "Status": "Proposed", "Struct_1": "Large", "Subtype": "Vault", "Struct_2": "Splice", "Permit_ID": "FS27-MC09-UG-P3", "Trunk_ID": "TRUNK30346", "FDH_ID": "FDH303033", "Lot_No": null, "FSA_No": "SABLES-SPANISH RIVERS", "OLT_ID": "303", "Subdiv": "3", "Comments": null, "SKU": "VLT366036", "PON_ID": null, "layer": null, "path": null, "Contractor": null, "DtAsgCnstr": null, "ConStartDt": null, "DtInstald": null }, "geometry": { "type": "Point", "coordinates": [ 402317.328982713981532, 5117620.746308698318899 ] } },
{ "type": "Feature", "properties": { "ID": "21", "Size": "36X60X36", "Owner": "Rock Networks", "Status": "Proposed", "Struct_1": "Large", "Subtype": "Vault", "Struct_2": "Splice", "Permit_ID": "FS27-MC01-UG-P7-6", "Trunk_ID": "TRUNK30149", "FDH_ID": "FDH302030", "Lot_No": null, "FSA_No": "SABLES-SPANISH RIVERS", "OLT_ID": "302", "Subdiv": "3", "Comments": null, "SKU": "VLT366036", "PON_ID": null, "layer": null, "path": null, "Contractor": null, "DtAsgCnstr": null, "ConStartDt": null, "DtInstald": null }, "geometry": { "type": "Point", "coordinates": [ 403517.195730155915953, 5119231.030684522353113 ] } },
{ "type": "Feature", "properties": { "ID": "314", "Size": "9x12", "Owner": "Rock Networks", "Status": "Proposed", "Struct_1": "Flower pot", "Subtype": "Vault", "Struct_2": null, "Permit_ID": "FS32-MC06-UG-P1", "Trunk_ID": "TRUNK30195", "FDH_ID": "FDH301036", "Lot_No": null, "FSA_No": "ELLIOT LAKE", "OLT_ID": "301", "Subdiv": "3", "Comments": null, "SKU": null, "PON_ID": null, "layer": null, "path": null, "Contractor": null, "DtAsgCnstr": null, "ConStartDt": null, "DtInstald": null }, "geometry": { "type": "Point", "coordinates": [ 363029.11329240037594, 5150059.744578666053712 ] } },
{ "type": "Feature", "properties": { "ID": "315", "Size": "36X60X36", "Owner": "Rock Networks", "Status": "Proposed", "Struct_1": "Large", "Subtype": "Vault", "Struct_2": "Splice", "Permit_ID": "FS32-MC06-UG-P1", "Trunk_ID": "TRUNK30195", "FDH_ID": "FDH301036", "Lot_No": null, "FSA_No": "ELLIOT LAKE", "OLT_ID": "301", "Subdiv": "3", "Comments": null, "SKU": "VLT366036", "PON_ID": null, "layer": null, "path": null, "Contractor": null, "DtAsgCnstr": null, "ConStartDt": null, "DtInstald": null }, "geometry": { "type": "Point", "coordinates": [ 362876.674543726665433, 5150079.811402209103107 ] } },
{ "type": "Feature", "properties": { "ID": "78", "Size": "30X48X24", "Owner": "Rock Networks", "Status": "Proposed", "Struct_1": "Medium", "Subtype": "Vault", "Struct_2": null, "Permit_ID": "FS11-MC01-UG-P1", "Trunk_ID": "TRUNK30283", "FDH_ID": "FDH301045", "Lot_No": null, "FSA_No": "ELLIOT LAKE", "OLT_ID": "301", "Subdiv": "3", "Comments": null, "SKU": "VLT304824", "PON_ID": null, "layer": null, "path": null, "Contractor": null, "DtAsgCnstr": null, "ConStartDt": null, "DtInstald": null }, "geometry": { "type": "Point", "coordinates": [ 377543.909971746965311, 5145579.29149691388011 ] } },
{ "type": "Feature", "properties": { "ID": "79", "Size": "36X60X36", "Owner": "Rock Networks", "Status": "Proposed", "Struct_1": "Large", "Subtype": "Vault", "Struct_2": "Splice", "Permit_ID": "FS27-MC02-UG", "Trunk_ID": "TRUNK30143", "FDH_ID": "FDH303016", "Lot_No": null, "FSA_No": "SABLES-SPANISH RIVERS", "OLT_ID": "303", "Subdiv": "3", "Comments": null, "SKU": "VLT366036", "PON_ID": null, "layer": null, "path": null, "Contractor": null, "DtAsgCnstr": null, "ConStartDt": null, "DtInstald": null }, "geometry": { "type": "Point", "coordinates": [ 426337.025571079109795, 5129491.138710713945329 ] } },
{ "type": "Feature", "properties": { "ID": "80", "Size": "30X48X24", "Owner": "Rock Networks", "Status": "Proposed", "Struct_1": "Medium", "Subtype": "Vault", "Struct_2": null, "Permit_ID": "FS27-MC02-UG", "Trunk_ID": "TRUNK30141", "FDH_ID": "FDH303016", "Lot_No": null, "FSA_No": "SABLES-SPANISH RIVERS", "OLT_ID": "303", "Subdiv": "3", "Comments": null, "SKU": "VLT304824", "PON_ID": null, "layer": null, "path": null, "Contractor": null, "DtAsgCnstr": null, "ConStartDt": null, "DtInstald": null }, "geometry": { "type": "Point", "coordinates": [ 426293.753021075215656, 5130638.991683933883905 ] } },
{ "type": "Feature", "properties": { "ID": "81", "Size": "30X48X24", "Owner": "Rock Networks", "Status": "Proposed", "Struct_1": "Medium", "Subtype": "Vault", "Struct_2": null, "Permit_ID": "FS27-MC02-UG", "Trunk_ID": "TRUNK30142", "FDH_ID": "FDH303016", "Lot_No": null, "FSA_No": "SABLES-SPANISH RIVERS", "OLT_ID": "303", "Subdiv": "3", "Comments": null, "SKU": "VLT304824", "PON_ID": null, "layer": null, "path": null, "Contractor": null, "DtAsgCnstr": null, "ConStartDt": null, "DtInstald": null }, "geometry": { "type": "Point", "coordinates": [ 424671.705958409351297, 5131180.461649057455361 ] } },
{ "type": "Feature", "properties": { "ID": "25", "Size": "36X60X36", "Owner": "Rock Networks", "Status": "Proposed", "Struct_1": "Large", "Subtype": "Vault", "Struct_2": "Splice", "Permit_ID": "FS27-MC01-UG-P21", "Trunk_ID": "TRUNK30366", "FDH_ID": "FDH303011", "Lot_No": null, "FSA_No": "SABLES-SPANISH RIVERS", "OLT_ID": "303", "Subdiv": "3", "Comments": null, "SKU": "VLT366036", "PON_ID": null, "layer": null, "path": null, "Contractor": null, "DtAsgCnstr": null, "ConStartDt": null, "DtInstald": null }, "geometry": { "type": "Point", "coordinates": [ 419012.194211839290801, 5122344.3741937847808 ] } },
{ "type": "Feature", "properties": { "ID": "26", "Size": "36X60X36", "Owner": "Rock Networks", "Status": "Proposed", "Struct_1": "Large", "Subtype": "Vault", "Struct_2": "Splice", "Permit_ID": "FS27-MC01-UG-P21", "Trunk_ID": "TRUNK30365", "FDH_ID": "FDH303011", "Lot_No": null, "FSA_No": "SABLES-SPANISH RIVERS", "OLT_ID": "303", "Subdiv": "3", "Comments": null, "SKU": "VLT366036", "PON_ID": null, "layer": null, "path": null, "Contractor": null, "DtAsgCnstr": null, "ConStartDt": null, "DtInstald": null }, "geometry": { "type": "Point", "coordinates": [ 419139.93272920435993, 5122342.309299782849848 ] } },
{ "type": "Feature", "properties": { "ID": "23", "Size": "36X60X36", "Owner": "Rock Networks", "Status": "Proposed", "Struct_1": "Large", "Subtype": "Vault", "Struct_2": "Splice", "Permit_ID": "FS27-MC01-UG-P20", "Trunk_ID": "TRUNK30365", "FDH_ID": "FDH303011", "Lot_No": null, "FSA_No": "SABLES-SPANISH RIVERS", "OLT_ID": "303", "Subdiv": "3", "Comments": null, "SKU": "VLT366036", "PON_ID": null, "layer": null, "path": null, "Contractor": null, "DtAsgCnstr": null, "ConStartDt": null, "DtInstald": null }, "geometry": { "type": "Point", "coordinates": [ 419994.763584944303147, 5122328.882400866597891 ] } },
{ "type": "Feature", "properties": { "ID": "24", "Size": "36X60X36", "Owner": "Rock Networks", "Status": "Proposed", "Struct_1": "Large", "Subtype": "Vault", "Struct_2": "Splice", "Permit_ID": "FS27-MC01-UG-P20", "Trunk_ID": "TRUNK30005", "FDH_ID": "FDH303011", "Lot_No": null, "FSA_No": "SABLES-SPANISH RIVERS", "OLT_ID": "303", "Subdiv": "3", "Comments": null, "SKU": "VLT366036", "PON_ID": null, "layer": null, "path": null, "Contractor": null, "DtAsgCnstr": null, "ConStartDt": null, "DtInstald": null }, "geometry": { "type": "Point", "coordinates": [ 420115.078641888336278, 5122327.46971214748919 ] } },
{ "type": "Feature", "properties": { "ID": "82", "Size": "36X60X36", "Owner": "Rock Networks", "Status": "Proposed", "Struct_1": "Large", "Subtype": "Vault", "Struct_2": "Splice", "Permit_ID": "FS27-MC09-UG-P8", "Trunk_ID": "TRUNK30058", "FDH_ID": "FDH303041", "Lot_No": null, "FSA_No": "SABLES-SPANISH RIVERS", "OLT_ID": "303", "Subdiv": "3", "Comments": null, "SKU": "VLT366036", "PON_ID": null, "layer": null, "path": null, "Contractor": null, "DtAsgCnstr": null, "ConStartDt": null, "DtInstald": null }, "geometry": { "type": "Point", "coordinates": [ 433129.445164505275898, 5124769.540816624648869 ] } },
{ "type": "Feature", "properties": { "ID": "83", "Size": "36X60X36", "Owner": "Rock Networks", "Status": "Proposed", "Struct_1": "Large", "Subtype": "Vault", "Struct_2": "Splice", "Permit_ID": "FS27-MC09-UG-P8", "Trunk_ID": "TRUNK30315", "FDH_ID": "FDH303041", "Lot_No": null, "FSA_No": "SABLES-SPANISH RIVERS", "OLT_ID": "303", "Subdiv": "3", "Comments": null, "SKU": "VLT366036", "PON_ID": null, "layer": null, "path": null, "Contractor": null, "DtAsgCnstr": null, "ConStartDt": null, "DtInstald": null }, "geometry": { "type": "Point", "coordinates": [ 433120.010022294824012, 5124796.733282906003296 ] } },
{ "type": "Feature", "properties": { "ID": "109", "Size": "36X60X36", "Owner": "Rock Networks", "Status": "Proposed", "Struct_1": "Large", "Subtype": "Vault", "Struct_2": "Splice", "Permit_ID": "FS37-MC01-UG-P1-2", "Trunk_ID": "TRUNK30224", "FDH_ID": "FDH302024", "Lot_No": null, "FSA_No": "THE NORTH SHORE", "OLT_ID": "302", "Subdiv": "3", "Comments": null, "SKU": "VLT366036", "PON_ID": null, "layer": null, "path": null, "Contractor": null, "DtAsgCnstr": null, "ConStartDt": null, "DtInstald": null }, "geometry": { "type": "Point", "coordinates": [ 366881.889634836348705, 5117218.189426183700562 ] } },
{ "type": "Feature", "properties": { "ID": "110", "Size": "36X60X36", "Owner": "Rock Networks", "Status": "Proposed", "Struct_1": "Large", "Subtype": "Vault", "Struct_2": "Splice", "Permit_ID": "FS37-MC01-UG-P1-2", "Trunk_ID": "TRUNK30313", "FDH_ID": "FDH302024", "Lot_No": null, "FSA_No": "THE NORTH SHORE", "OLT_ID": "302", "Subdiv": "3", "Comments": null, "SKU": "VLT366036", "PON_ID": null, "layer": null, "path": null, "Contractor": null, "DtAsgCnstr": null, "ConStartDt": null, "DtInstald": null }, "geometry": { "type": "Point", "coordinates": [ 366915.532821190077811, 5117262.493897011503577 ] } },
{ "type": "Feature", "properties": { "ID": "111", "Size": "36X60X36", "Owner": "Rock Networks", "Status": "Proposed", "Struct_1": "Large", "Subtype": "Vault", "Struct_2": "Splice", "Permit_ID": "FS37-MC01-UG-P3", "Trunk_ID": "TRUNK30266", "FDH_ID": "FDH302026", "Lot_No": null, "FSA_No": "THE NORTH SHORE", "OLT_ID": "302", "Subdiv": "3", "Comments": null, "SKU": "VLT366036", "PON_ID": null, "layer": null, "path": null, "Contractor": null, "DtAsgCnstr": null, "ConStartDt": null, "DtInstald": null }, "geometry": { "type": "Point", "coordinates": [ 374902.516884327749722, 5118812.188606993295252 ] } },
{ "type": "Feature", "properties": { "ID": "112", "Size": "36X60X36", "Owner": "Rock Networks", "Status": "Proposed", "Struct_1": "Large", "Subtype": "Vault", "Struct_2": "Splice", "Permit_ID": "FS37-MC01-UG-P1-3", "Trunk_ID": "TRUNK30080", "FDH_ID": "FDH302026", "Lot_No": null, "FSA_No": "THE NORTH SHORE", "OLT_ID": "302", "Subdiv": "3", "Comments": null, "SKU": "VLT366036", "PON_ID": null, "layer": null, "path": null, "Contractor": null, "DtAsgCnstr": null, "ConStartDt": null, "DtInstald": null }, "geometry": { "type": "Point", "coordinates": [ 373626.193181367008947, 5118870.538046764209867 ] } },
{ "type": "Feature", "properties": { "ID": "114", "Size": "36X60X36", "Owner": "Rock Networks", "Status": "Proposed", "Struct_1": "Large", "Subtype": "Vault", "Struct_2": "Splice", "Permit_ID": "FS37-MC01-UG-P1-3", "Trunk_ID": "TRUNK30080", "FDH_ID": "FDH302026", "Lot_No": null, "FSA_No": "THE NORTH SHORE", "OLT_ID": "302", "Subdiv": "3", "Comments": null, "SKU": "VLT366036", "PON_ID": null, "layer": null, "path": null, "Contractor": null, "DtAsgCnstr": null, "ConStartDt": null, "DtInstald": null }, "geometry": { "type": "Point", "coordinates": [ 373667.373475029715337, 5118965.154291487298906 ] } },
{ "type": "Feature", "properties": { "ID": "113", "Size": "36X60X36", "Owner": "Rock Networks", "Status": "Proposed", "Struct_1": "Large", "Subtype": "Vault", "Struct_2": "Splice", "Permit_ID": "FS37-MC01-UG-P4", "Trunk_ID": "TRUNK30107", "FDH_ID": "FDH302024", "Lot_No": null, "FSA_No": "THE NORTH SHORE", "OLT_ID": "302", "Subdiv": "3", "Comments": null, "SKU": "VLT366036", "PON_ID": null, "layer": null, "path": null, "Contractor": null, "DtAsgCnstr": null, "ConStartDt": null, "DtInstald": null }, "geometry": { "type": "Point", "coordinates": [ 367337.988550079520792, 5117846.656128848902881 ] } },
{ "type": "Feature", "properties": { "ID": "45", "Size": "36X60X36", "Owner": "Rock Networks", "Status": "Proposed", "Struct_1": "Large", "Subtype": "Vault", "Struct_2": "Splice", "Permit_ID": "FS27-MC01-UG-P16", "Trunk_ID": "TRUNK30016", "FDH_ID": "FDH303009", "Lot_No": null, "FSA_No": "SABLES-SPANISH RIVERS", "OLT_ID": "303", "Subdiv": "3", "Comments": null, "SKU": "VLT366036", "PON_ID": null, "layer": null, "path": null, "Contractor": null, "DtAsgCnstr": null, "ConStartDt": null, "DtInstald": null }, "geometry": { "type": "Point", "coordinates": [ 414513.878289943211712, 5114261.276934497989714 ] } },
{ "type": "Feature", "properties": { "ID": "316", "Size": "9x12", "Owner": "Rock Networks", "Status": "Proposed", "Struct_1": "Flower pot", "Subtype": "Vault", "Struct_2": null, "Permit_ID": "FS32-MC06-UG-P1", "Trunk_ID": "TRUNK30196", "FDH_ID": "FDH301036", "Lot_No": null, "FSA_No": "ELLIOT LAKE", "OLT_ID": "301", "Subdiv": "3", "Comments": null, "SKU": null, "PON_ID": null, "layer": null, "path": null, "Contractor": null, "DtAsgCnstr": null, "ConStartDt": null, "DtInstald": null }, "geometry": { "type": "Point", "coordinates": [ 362778.127191876759753, 5150023.929398756474257 ] } },
{ "type": "Feature", "properties": { "ID": "317", "Size": "9x12", "Owner": "Rock Networks", "Status": "Proposed", "Struct_1": "Flower pot", "Subtype": "Vault", "Struct_2": null, "Permit_ID": "FS32-MC06-UG-P1", "Trunk_ID": "TRUNK30195", "FDH_ID": "FDH301036", "Lot_No": null, "FSA_No": "ELLIOT LAKE", "OLT_ID": "301", "Subdiv": "3", "Comments": null, "SKU": null, "PON_ID": null, "layer": null, "path": null, "Contractor": null, "DtAsgCnstr": null, "ConStartDt": null, "DtInstald": null }, "geometry": { "type": "Point", "coordinates": [ 362893.385552815976553, 5150081.999562560580671 ] } },
{ "type": "Feature", "properties": { "ID": "318", "Size": "9x12", "Owner": "Rock Networks", "Status": "Proposed", "Struct_1": "Flower pot", "Subtype": "Vault", "Struct_2": null, "Permit_ID": "FS32-MC06-UG-P1", "Trunk_ID": "TRUNK30196", "FDH_ID": "FDH301036", "Lot_No": null, "FSA_No": "ELLIOT LAKE", "OLT_ID": "301", "Subdiv": "3", "Comments": null, "SKU": null, "PON_ID": null, "layer": null, "path": null, "Contractor": null, "DtAsgCnstr": null, "ConStartDt": null, "DtInstald": null }, "geometry": { "type": "Point", "coordinates": [ 362840.628047012840398, 5150057.929750416427851 ] } },
{ "type": "Feature", "properties": { "ID": "319", "Size": "9x12", "Owner": "Rock Networks", "Status": "Proposed", "Struct_1": "Flower pot", "Subtype": "Vault", "Struct_2": null, "Permit_ID": "FS32-MC06-UG-P1", "Trunk_ID": "TRUNK30196", "FDH_ID": "FDH301036", "Lot_No": null, "FSA_No": "ELLIOT LAKE", "OLT_ID": "301", "Subdiv": "3", "Comments": null, "SKU": null, "PON_ID": null, "layer": null, "path": null, "Contractor": null, "DtAsgCnstr": null, "ConStartDt": null, "DtInstald": null }, "geometry": { "type": "Point", "coordinates": [ 362736.464258813997731, 5150031.721864563412964 ] } },
{ "type": "Feature", "properties": { "ID": "320", "Size": "9x12", "Owner": "Rock Networks", "Status": "Proposed", "Struct_1": "Flower pot", "Subtype": "Vault", "Struct_2": null, "Permit_ID": "FS32-MC06-UG-P1", "Trunk_ID": "TRUNK30196", "FDH_ID": "FDH301036", "Lot_No": null, "FSA_No": "ELLIOT LAKE", "OLT_ID": "301", "Subdiv": "3", "Comments": null, "SKU": null, "PON_ID": null, "layer": null, "path": null, "Contractor": null, "DtAsgCnstr": null, "ConStartDt": null, "DtInstald": null }, "geometry": { "type": "Point", "coordinates": [ 362680.355187062814366, 5150007.796744527295232 ] } },
{ "type": "Feature", "properties": { "ID": "321", "Size": "9x12", "Owner": "Rock Networks", "Status": "Proposed", "Struct_1": "Flower pot", "Subtype": "Vault", "Struct_2": null, "Permit_ID": "FS32-MC06-UG-P1", "Trunk_ID": "TRUNK30196", "FDH_ID": "FDH301036", "Lot_No": null, "FSA_No": "ELLIOT LAKE", "OLT_ID": "301", "Subdiv": "3", "Comments": null, "SKU": null, "PON_ID": null, "layer": null, "path": null, "Contractor": null, "DtAsgCnstr": null, "ConStartDt": null, "DtInstald": null }, "geometry": { "type": "Point", "coordinates": [ 362405.798321365087759, 5150134.114553752355278 ] } },
{ "type": "Feature", "properties": { "ID": "322", "Size": "36X60X36", "Owner": "Rock Networks", "Status": "Proposed", "Struct_1": "Large", "Subtype": "Vault", "Struct_2": "Splice", "Permit_ID": "FS32-MC06-UG-P1", "Trunk_ID": "TRUNK30196", "FDH_ID": "FDH301036", "Lot_No": null, "FSA_No": "ELLIOT LAKE", "OLT_ID": "301", "Subdiv": "3", "Comments": null, "SKU": "VLT366036", "PON_ID": null, "layer": null, "path": null, "Contractor": null, "DtAsgCnstr": null, "ConStartDt": null, "DtInstald": null }, "geometry": { "type": "Point", "coordinates": [ 362412.158445732551627, 5150252.576048626564443 ] } },
{ "type": "Feature", "properties": { "ID": "46", "Size": "36X60X36", "Owner": "Rock Networks", "Status": "Proposed", "Struct_1": "Large", "Subtype": "Vault", "Struct_2": "Splice", "Permit_ID": "FS27-MC01-UG-P16", "Trunk_ID": "TRUNK30017", "FDH_ID": "FDH303009", "Lot_No": null, "FSA_No": "SABLES-SPANISH RIVERS", "OLT_ID": "303", "Subdiv": "3", "Comments": null, "SKU": "VLT366036", "PON_ID": null, "layer": null, "path": null, "Contractor": null, "DtAsgCnstr": null, "ConStartDt": null, "DtInstald": null }, "geometry": { "type": "Point", "coordinates": [ 415285.863036371942144, 5114411.589081184007227 ] } },
{ "type": "Feature", "properties": { "ID": "84", "Size": "36X60X36", "Owner": "Rock Networks", "Status": "Proposed", "Struct_1": "Large", "Subtype": "Vault", "Struct_2": "Splice", "Permit_ID": "FS11-MC02-UG-P1", "Trunk_ID": "TRUNK30197", "FDH_ID": "FDH301045", "Lot_No": null, "FSA_No": "ELLIOT LAKE", "OLT_ID": "301", "Subdiv": "3", "Comments": null, "SKU": "VLT366036", "PON_ID": null, "layer": null, "path": null, "Contractor": null, "DtAsgCnstr": null, "ConStartDt": null, "DtInstald": null }, "geometry": { "type": "Point", "coordinates": [ 373390.115687348647043, 5148549.141676213592291 ] } },
{ "type": "Feature", "properties": { "ID": "85", "Size": "36X60X36", "Owner": "Rock Networks", "Status": "Proposed", "Struct_1": "Large", "Subtype": "Vault", "Struct_2": "Splice", "Permit_ID": "FS27-MC09-UG-P5", "Trunk_ID": "TRUNK30059", "FDH_ID": "FDH303041", "Lot_No": null, "FSA_No": "SABLES-SPANISH RIVERS", "OLT_ID": "303", "Subdiv": "3", "Comments": null, "SKU": "VLT366036", "PON_ID": null, "layer": null, "path": null, "Contractor": null, "DtAsgCnstr": null, "ConStartDt": null, "DtInstald": null }, "geometry": { "type": "Point", "coordinates": [ 434888.066227940958925, 5125056.336355704814196 ] } },
{ "type": "Feature", "properties": { "ID": "86", "Size": "36X60X36", "Owner": "Rock Networks", "Status": "Proposed", "Struct_1": "Large", "Subtype": "Vault", "Struct_2": "Splice", "Permit_ID": "FS27-MC09-UG-P5", "Trunk_ID": "TRUNK30227", "FDH_ID": "FDH303041", "Lot_No": null, "FSA_No": "SABLES-SPANISH RIVERS", "OLT_ID": "303", "Subdiv": "3", "Comments": null, "SKU": "VLT366036", "PON_ID": null, "layer": null, "path": null, "Contractor": null, "DtAsgCnstr": null, "ConStartDt": null, "DtInstald": null }, "geometry": { "type": "Point", "coordinates": [ 434902.13026085315505, 5125037.531904035247862 ] } },
{ "type": "Feature", "properties": { "ID": "87", "Size": "36X60X36", "Owner": "Rock Networks", "Status": "Proposed", "Struct_1": "Large", "Subtype": "Vault", "Struct_2": "Splice", "Permit_ID": "FS37-MC03-UG-P3", "Trunk_ID": "TRUNK30220", "FDH_ID": "FDH302023", "Lot_No": null, "FSA_No": "THE NORTH SHORE", "OLT_ID": "302", "Subdiv": "3", "Comments": null, "SKU": "VLT366036", "PON_ID": null, "layer": null, "path": null, "Contractor": null, "DtAsgCnstr": null, "ConStartDt": null, "DtInstald": null }, "geometry": { "type": "Point", "coordinates": [ 378565.473215939418878, 5118803.921834067441523 ] } },
{ "type": "Feature", "properties": { "ID": "88", "Size": "36X60X36", "Owner": "Rock Networks", "Status": "Proposed", "Struct_1": "Large", "Subtype": "Vault", "Struct_2": "Splice", "Permit_ID": "FS37-MC03-UG-P3", "Trunk_ID": "TRUNK30089", "FDH_ID": "FDH302023", "Lot_No": null, "FSA_No": "THE NORTH SHORE", "OLT_ID": "302", "Subdiv": "3", "Comments": null, "SKU": "VLT366036", "PON_ID": null, "layer": null, "path": null, "Contractor": null, "DtAsgCnstr": null, "ConStartDt": null, "DtInstald": null }, "geometry": { "type": "Point", "coordinates": [ 378607.482580193318427, 5118946.317601894028485 ] } },
{ "type": "Feature", "properties": { "ID": "89", "Size": "36X60X36", "Owner": "Rock Networks", "Status": "Proposed", "Struct_1": "Large", "Subtype": "Vault", "Struct_2": "Splice", "Permit_ID": "FS37-MC03-UG-P4", "Trunk_ID": "TRUNK30369", "FDH_ID": "FDH302026", "Lot_No": null, "FSA_No": "THE NORTH SHORE", "OLT_ID": "302", "Subdiv": "3", "Comments": null, "SKU": "VLT366036", "PON_ID": null, "layer": null, "path": null, "Contractor": null, "DtAsgCnstr": null, "ConStartDt": null, "DtInstald": null }, "geometry": { "type": "Point", "coordinates": [ 374684.234396615473088, 5118713.391011825762689 ] } },
{ "type": "Feature", "properties": { "ID": "90", "Size": "36X60X36", "Owner": "Rock Networks", "Status": "Proposed", "Struct_1": "Large", "Subtype": "Vault", "Struct_2": "Splice", "Permit_ID": "FS37-MC03-UG-P4", "Trunk_ID": "TRUNK30369", "FDH_ID": "FDH302026", "Lot_No": null, "FSA_No": "THE NORTH SHORE", "OLT_ID": "302", "Subdiv": "3", "Comments": null, "SKU": "VLT366036", "PON_ID": null, "layer": null, "path": null, "Contractor": null, "DtAsgCnstr": null, "ConStartDt": null, "DtInstald": null }, "geometry": { "type": "Point", "coordinates": [ 374725.129801913513802, 5118730.86323235090822 ] } },
{ "type": "Feature", "properties": { "ID": "116", "Size": "36X60X36", "Owner": "Rock Networks", "Status": "Proposed", "Struct_1": "Large", "Subtype": "Vault", "Struct_2": "Splice", "Permit_ID": "FS27-MC01-UG-P8-2", "Trunk_ID": "TRUNK30205", "FDH_ID": "FDH303014", "Lot_No": null, "FSA_No": "SABLES-SPANISH RIVERS", "OLT_ID": "303", "Subdiv": "3", "Comments": null, "SKU": "VLT366036", "PON_ID": null, "layer": null, "path": null, "Contractor": null, "DtAsgCnstr": null, "ConStartDt": null, "DtInstald": null }, "geometry": { "type": "Point", "coordinates": [ 414558.851203752215952, 5117681.332145027816296 ] } },
{ "type": "Feature", "properties": { "ID": "323", "Size": "9x12", "Owner": "Rock Networks", "Status": "Proposed", "Struct_1": "Flower pot", "Subtype": "Vault", "Struct_2": null, "Permit_ID": "FS32-MC06-UG-P1", "Trunk_ID": "TRUNK30196", "FDH_ID": "FDH301036", "Lot_No": null, "FSA_No": "ELLIOT LAKE", "OLT_ID": "301", "Subdiv": "3", "Comments": null, "SKU": null, "PON_ID": null, "layer": null, "path": null, "Contractor": null, "DtAsgCnstr": null, "ConStartDt": null, "DtInstald": null }, "geometry": { "type": "Point", "coordinates": [ 362198.164849283755757, 5150387.752984001301229 ] } },
{ "type": "Feature", "properties": { "ID": "324", "Size": "9x12", "Owner": "Rock Networks", "Status": "Proposed", "Struct_1": "Flower pot", "Subtype": "Vault", "Struct_2": null, "Permit_ID": "FS32-MC06-UG-P1", "Trunk_ID": "TRUNK30196", "FDH_ID": "FDH301036", "Lot_No": null, "FSA_No": "ELLIOT LAKE", "OLT_ID": "301", "Subdiv": "3", "Comments": null, "SKU": null, "PON_ID": null, "layer": null, "path": null, "Contractor": null, "DtAsgCnstr": null, "ConStartDt": null, "DtInstald": null }, "geometry": { "type": "Point", "coordinates": [ 362340.848697726032697, 5150285.956499072723091 ] } },
{ "type": "Feature", "properties": { "ID": "325", "Size": "9x12", "Owner": "Rock Networks", "Status": "Proposed", "Struct_1": "Flower pot", "Subtype": "Vault", "Struct_2": null, "Permit_ID": "FS32-MC06-UG-P1", "Trunk_ID": "TRUNK30196", "FDH_ID": "FDH301036", "Lot_No": null, "FSA_No": "ELLIOT LAKE", "OLT_ID": "301", "Subdiv": "3", "Comments": null, "SKU": null, "PON_ID": null, "layer": null, "path": null, "Contractor": null, "DtAsgCnstr": null, "ConStartDt": null, "DtInstald": null }, "geometry": { "type": "Point", "coordinates": [ 362387.553226757736411, 5150262.960201340727508 ] } },
{ "type": "Feature", "properties": { "ID": "326", "Size": "9x12", "Owner": "Rock Networks", "Status": "Proposed", "Struct_1": "Flower pot", "Subtype": "Vault", "Struct_2": null, "Permit_ID": "FS32-MC06-UG-P1", "Trunk_ID": "TRUNK30196", "FDH_ID": "FDH301036", "Lot_No": null, "FSA_No": "ELLIOT LAKE", "OLT_ID": "301", "Subdiv": "3", "Comments": null, "SKU": null, "PON_ID": null, "layer": null, "path": null, "Contractor": null, "DtAsgCnstr": null, "ConStartDt": null, "DtInstald": null }, "geometry": { "type": "Point", "coordinates": [ 362423.436466681945603, 5150232.356382344849408 ] } },
{ "type": "Feature", "properties": { "ID": "327", "Size": "9x12", "Owner": "Rock Networks", "Status": "Proposed", "Struct_1": "Flower pot", "Subtype": "Vault", "Struct_2": null, "Permit_ID": "FS32-MC06-UG-P1", "Trunk_ID": "TRUNK30196", "FDH_ID": "FDH301036", "Lot_No": null, "FSA_No": "ELLIOT LAKE", "OLT_ID": "301", "Subdiv": "3", "Comments": null, "SKU": null, "PON_ID": null, "layer": null, "path": null, "Contractor": null, "DtAsgCnstr": null, "ConStartDt": null, "DtInstald": null }, "geometry": { "type": "Point", "coordinates": [ 362236.065177615557332, 5150352.535813907161355 ] } },
{ "type": "Feature", "properties": { "ID": "328", "Size": "9x12", "Owner": "Rock Networks", "Status": "Proposed", "Struct_1": "Flower pot", "Subtype": "Vault", "Struct_2": null, "Permit_ID": "FS32-MC06-UG-P1", "Trunk_ID": "TRUNK30196", "FDH_ID": "FDH301036", "Lot_No": null, "FSA_No": "ELLIOT LAKE", "OLT_ID": "301", "Subdiv": "3", "Comments": null, "SKU": null, "PON_ID": null, "layer": null, "path": null, "Contractor": null, "DtAsgCnstr": null, "ConStartDt": null, "DtInstald": null }, "geometry": { "type": "Point", "coordinates": [ 362162.868978380458429, 5150402.070527043193579 ] } },
{ "type": "Feature", "properties": { "ID": "329", "Size": "9x12", "Owner": "Rock Networks", "Status": "Proposed", "Struct_1": "Flower pot", "Subtype": "Vault", "Struct_2": null, "Permit_ID": "FS32-MC06-UG-P1", "Trunk_ID": "TRUNK30196", "FDH_ID": "FDH301036", "Lot_No": null, "FSA_No": "ELLIOT LAKE", "OLT_ID": "301", "Subdiv": "3", "Comments": null, "SKU": null, "PON_ID": null, "layer": null, "path": null, "Contractor": null, "DtAsgCnstr": null, "ConStartDt": null, "DtInstald": null }, "geometry": { "type": "Point", "coordinates": [ 361834.657250082585961, 5150360.70131110213697 ] } },
{ "type": "Feature", "properties": { "ID": "330", "Size": "9x12", "Owner": "Rock Networks", "Status": "Proposed", "Struct_1": "Flower pot", "Subtype": "Vault", "Struct_2": null, "Permit_ID": "FS32-MC06-UG-P1", "Trunk_ID": "TRUNK30196", "FDH_ID": "FDH301036", "Lot_No": null, "FSA_No": "ELLIOT LAKE", "OLT_ID": "301", "Subdiv": "3", "Comments": null, "SKU": null, "PON_ID": null, "layer": null, "path": null, "Contractor": null, "DtAsgCnstr": null, "ConStartDt": null, "DtInstald": null }, "geometry": { "type": "Point", "coordinates": [ 361995.352898840385024, 5150415.121366477571428 ] } },
{ "type": "Feature", "properties": { "ID": "331", "Size": "9x12", "Owner": "Rock Networks", "Status": "Proposed", "Struct_1": "Flower pot", "Subtype": "Vault", "Struct_2": null, "Permit_ID": "FS32-MC06-UG-P1", "Trunk_ID": "TRUNK30196", "FDH_ID": "FDH301036", "Lot_No": null, "FSA_No": "ELLIOT LAKE", "OLT_ID": "301", "Subdiv": "3", "Comments": null, "SKU": null, "PON_ID": null, "layer": null, "path": null, "Contractor": null, "DtAsgCnstr": null, "ConStartDt": null, "DtInstald": null }, "geometry": { "type": "Point", "coordinates": [ 362037.556826395215467, 5150418.060181586071849 ] } },
{ "type": "Feature", "properties": { "ID": "332", "Size": "9x12", "Owner": "Rock Networks", "Status": "Proposed", "Struct_1": "Flower pot", "Subtype": "Vault", "Struct_2": null, "Permit_ID": "FS32-MC06-UG-P1", "Trunk_ID": "TRUNK30196", "FDH_ID": "FDH301036", "Lot_No": null, "FSA_No": "ELLIOT LAKE", "OLT_ID": "301", "Subdiv": "3", "Comments": null, "SKU": null, "PON_ID": null, "layer": null, "path": null, "Contractor": null, "DtAsgCnstr": null, "ConStartDt": null, "DtInstald": null }, "geometry": { "type": "Point", "coordinates": [ 361924.752129063417669, 5150387.640664588660002 ] } },
{ "type": "Feature", "properties": { "ID": "333", "Size": "36X60X36", "Owner": "Rock Networks", "Status": "Proposed", "Struct_1": "Large", "Subtype": "Vault", "Struct_2": "Splice", "Permit_ID": "FS32-MC06-UG-P1", "Trunk_ID": "TRUNK30196", "FDH_ID": "FDH301036", "Lot_No": null, "FSA_No": "ELLIOT LAKE", "OLT_ID": "301", "Subdiv": "3", "Comments": null, "SKU": "VLT366036", "PON_ID": null, "layer": null, "path": null, "Contractor": null, "DtAsgCnstr": null, "ConStartDt": null, "DtInstald": null }, "geometry": { "type": "Point", "coordinates": [ 361858.150966089975554, 5150360.56831478420645 ] } },
{ "type": "Feature", "properties": { "ID": "334", "Size": "9x12", "Owner": "Rock Networks", "Status": "Proposed", "Struct_1": "Flower pot", "Subtype": "Vault", "Struct_2": null, "Permit_ID": "FS32-MC06-UG-P1", "Trunk_ID": "TRUNK30196", "FDH_ID": "FDH301036", "Lot_No": null, "FSA_No": "ELLIOT LAKE", "OLT_ID": "301", "Subdiv": "3", "Comments": null, "SKU": null, "PON_ID": null, "layer": null, "path": null, "Contractor": null, "DtAsgCnstr": null, "ConStartDt": null, "DtInstald": null }, "geometry": { "type": "Point", "coordinates": [ 361757.412166905822232, 5150350.859869959764183 ] } },
{ "type": "Feature", "properties": { "ID": "335", "Size": "9x12", "Owner": "Rock Networks", "Status": "Proposed", "Struct_1": "Flower pot", "Subtype": "Vault", "Struct_2": null, "Permit_ID": "FS32-MC06-UG-P1", "Trunk_ID": "TRUNK30196", "FDH_ID": "FDH301036", "Lot_No": null, "FSA_No": "ELLIOT LAKE", "OLT_ID": "301", "Subdiv": "3", "Comments": null, "SKU": null, "PON_ID": null, "layer": null, "path": null, "Contractor": null, "DtAsgCnstr": null, "ConStartDt": null, "DtInstald": null }, "geometry": { "type": "Point", "coordinates": [ 361692.515919707715511, 5150336.846602755598724 ] } },
{ "type": "Feature", "properties": { "ID": "336", "Size": "9x12", "Owner": "Rock Networks", "Status": "Proposed", "Struct_1": "Flower pot", "Subtype": "Vault", "Struct_2": null, "Permit_ID": "FS32-MC06-UG-P1", "Trunk_ID": "TRUNK30196", "FDH_ID": "FDH301036", "Lot_No": null, "FSA_No": "ELLIOT LAKE", "OLT_ID": "301", "Subdiv": "3", "Comments": null, "SKU": null, "PON_ID": null, "layer": null, "path": null, "Contractor": null, "DtAsgCnstr": null, "ConStartDt": null, "DtInstald": null }, "geometry": { "type": "Point", "coordinates": [ 361577.839860021835193, 5150368.889909106306732 ] } },
{ "type": "Feature", "properties": { "ID": "337", "Size": "9x12", "Owner": "Rock Networks", "Status": "Proposed", "Struct_1": "Flower pot", "Subtype": "Vault", "Struct_2": null, "Permit_ID": "FS32-MC06-UG-P1", "Trunk_ID": "TRUNK30196", "FDH_ID": "FDH301036", "Lot_No": null, "FSA_No": "ELLIOT LAKE", "OLT_ID": "301", "Subdiv": "3", "Comments": null, "SKU": null, "PON_ID": null, "layer": null, "path": null, "Contractor": null, "DtAsgCnstr": null, "ConStartDt": null, "DtInstald": null }, "geometry": { "type": "Point", "coordinates": [ 361521.004725718637928, 5150408.815618634223938 ] } },
{ "type": "Feature", "properties": { "ID": "338", "Size": "9x12", "Owner": "Rock Networks", "Status": "Proposed", "Struct_1": "Flower pot", "Subtype": "Vault", "Struct_2": null, "Permit_ID": "FS32-MC06-UG-P2", "Trunk_ID": "TRUNK30194", "FDH_ID": "FDH301037", "Lot_No": null, "FSA_No": "ELLIOT LAKE", "OLT_ID": "301", "Subdiv": "3", "Comments": null, "SKU": null, "PON_ID": null, "layer": null, "path": null, "Contractor": null, "DtAsgCnstr": null, "ConStartDt": null, "DtInstald": null }, "geometry": { "type": "Point", "coordinates": [ 364761.299689567298628, 5150327.7217010660097 ] } },
{ "type": "Feature", "properties": { "ID": "339", "Size": "30X48X24", "Owner": "Rock Networks", "Status": "Proposed", "Struct_1": "Medium", "Subtype": "Vault", "Struct_2": null, "Permit_ID": "FS29-MC01-UG", "Trunk_ID": "TRUNK30356", "FDH_ID": "FDH302018", "Lot_No": null, "FSA_No": "Serpent River 7", "OLT_ID": "302", "Subdiv": "3", "Comments": null, "SKU": "VLT304824", "PON_ID": null, "layer": null, "path": null, "Contractor": null, "DtAsgCnstr": null, "ConStartDt": null, "DtInstald": null }, "geometry": { "type": "Point", "coordinates": [ 382797.018559530610219, 5118413.004054163582623 ] } },
{ "type": "Feature", "properties": { "ID": "340", "Size": "9x12", "Owner": "Rock Networks", "Status": "Proposed", "Struct_1": "Flower pot", "Subtype": "Vault", "Struct_2": null, "Permit_ID": "FS27-MC03-UG-P1", "Trunk_ID": "TRUNK30165", "FDH_ID": "FDH302022", "Lot_No": null, "FSA_No": "SABLES-SPANISH RIVERS", "OLT_ID": "302", "Subdiv": "3", "Comments": null, "SKU": null, "PON_ID": null, "layer": null, "path": null, "Contractor": null, "DtAsgCnstr": null, "ConStartDt": null, "DtInstald": null }, "geometry": { "type": "Point", "coordinates": [ 401525.097679306869395, 5121999.482105607166886 ] } },
{ "type": "Feature", "properties": { "ID": "341", "Size": "9x12", "Owner": "Rock Networks", "Status": "Proposed", "Struct_1": "Flower pot", "Subtype": "Vault", "Struct_2": null, "Permit_ID": "FS27-MC03-UG-P1", "Trunk_ID": "TRUNK30165", "FDH_ID": "FDH302022", "Lot_No": null, "FSA_No": "SABLES-SPANISH RIVERS", "OLT_ID": "302", "Subdiv": "3", "Comments": null, "SKU": null, "PON_ID": null, "layer": null, "path": null, "Contractor": null, "DtAsgCnstr": null, "ConStartDt": null, "DtInstald": null }, "geometry": { "type": "Point", "coordinates": [ 401627.152810720377602, 5122002.472841686569154 ] } },
{ "type": "Feature", "properties": { "ID": "342", "Size": "9x12", "Owner": "Rock Networks", "Status": "Proposed", "Struct_1": "Flower pot", "Subtype": "Vault", "Struct_2": null, "Permit_ID": "FS27-MC03-UG-P1", "Trunk_ID": "TRUNK30165", "FDH_ID": "FDH302022", "Lot_No": null, "FSA_No": "SABLES-SPANISH RIVERS", "OLT_ID": "302", "Subdiv": "3", "Comments": null, "SKU": null, "PON_ID": null, "layer": null, "path": null, "Contractor": null, "DtAsgCnstr": null, "ConStartDt": null, "DtInstald": null }, "geometry": { "type": "Point", "coordinates": [ 401672.950155771046411, 5122004.99523804243654 ] } },
{ "type": "Feature", "properties": { "ID": "343", "Size": "9x12", "Owner": "Rock Networks", "Status": "Proposed", "Struct_1": "Flower pot", "Subtype": "Vault", "Struct_2": null, "Permit_ID": "FS27-MC03-UG-P1", "Trunk_ID": "TRUNK30165", "FDH_ID": "FDH302022", "Lot_No": null, "FSA_No": "SABLES-SPANISH RIVERS", "OLT_ID": "302", "Subdiv": "3", "Comments": null, "SKU": null, "PON_ID": null, "layer": null, "path": null, "Contractor": null, "DtAsgCnstr": null, "ConStartDt": null, "DtInstald": null }, "geometry": { "type": "Point", "coordinates": [ 401536.815935025224462, 5121988.965258051641285 ] } },
{ "type": "Feature", "properties": { "ID": "344", "Size": "9x12", "Owner": "Rock Networks", "Status": "Proposed", "Struct_1": "Flower pot", "Subtype": "Vault", "Struct_2": null, "Permit_ID": "FS27-MC03-UG-P1", "Trunk_ID": "TRUNK30165", "FDH_ID": "FDH302022", "Lot_No": null, "FSA_No": "SABLES-SPANISH RIVERS", "OLT_ID": "302", "Subdiv": "3", "Comments": null, "SKU": null, "PON_ID": null, "layer": null, "path": null, "Contractor": null, "DtAsgCnstr": null, "ConStartDt": null, "DtInstald": null }, "geometry": { "type": "Point", "coordinates": [ 401603.793798433267511, 5121989.805467324331403 ] } },
{ "type": "Feature", "properties": { "ID": "345", "Size": "9x12", "Owner": "Rock Networks", "Status": "Proposed", "Struct_1": "Flower pot", "Subtype": "Vault", "Struct_2": null, "Permit_ID": "FS27-MC03-UG-P1", "Trunk_ID": "TRUNK30165", "FDH_ID": "FDH302022", "Lot_No": null, "FSA_No": "SABLES-SPANISH RIVERS", "OLT_ID": "302", "Subdiv": "3", "Comments": null, "SKU": null, "PON_ID": null, "layer": null, "path": null, "Contractor": null, "DtAsgCnstr": null, "ConStartDt": null, "DtInstald": null }, "geometry": { "type": "Point", "coordinates": [ 401648.069991717289668, 5121990.244252874515951 ] } },
{ "type": "Feature", "properties": { "ID": "346", "Size": "9x12", "Owner": "Rock Networks", "Status": "Proposed", "Struct_1": "Flower pot", "Subtype": "Vault", "Struct_2": null, "Permit_ID": "FS27-MC03-UG-P1", "Trunk_ID": "TRUNK30165", "FDH_ID": "FDH302022", "Lot_No": null, "FSA_No": "SABLES-SPANISH RIVERS", "OLT_ID": "302", "Subdiv": "3", "Comments": null, "SKU": null, "PON_ID": null, "layer": null, "path": null, "Contractor": null, "DtAsgCnstr": null, "ConStartDt": null, "DtInstald": null }, "geometry": { "type": "Point", "coordinates": [ 401701.094720512162894, 5121986.887760893441737 ] } },
{ "type": "Feature", "properties": { "ID": "67", "Size": "36X60X36", "Owner": "Rock Networks", "Status": "Proposed", "Struct_1": "Large", "Subtype": "Vault", "Struct_2": "Splice", "Permit_ID": "FS27-MC09-UG-P3", "Trunk_ID": "TRUNK30346", "FDH_ID": "FDH303033", "Lot_No": null, "FSA_No": "SABLES-SPANISH RIVERS", "OLT_ID": "303", "Subdiv": "3", "Comments": null, "SKU": "VLT366036", "PON_ID": null, "layer": null, "path": null, "Contractor": null, "DtAsgCnstr": null, "ConStartDt": null, "DtInstald": null }, "geometry": { "type": "Point", "coordinates": [ 402478.863094965578057, 5117616.588484092615545 ] } },
{ "type": "Feature", "properties": { "ID": "68", "Size": "36X60X36", "Owner": "Rock Networks", "Status": "Proposed", "Struct_1": "Large", "Subtype": "Vault", "Struct_2": "Splice", "Permit_ID": "FS27-MC09-UG-P3", "Trunk_ID": "TRUNK30076", "FDH_ID": "FDH303033", "Lot_No": null, "FSA_No": "SABLES-SPANISH RIVERS", "OLT_ID": "303", "Subdiv": "3", "Comments": null, "SKU": "VLT366036", "PON_ID": null, "layer": null, "path": null, "Contractor": null, "DtAsgCnstr": null, "ConStartDt": null, "DtInstald": null }, "geometry": { "type": "Point", "coordinates": [ 402963.226137627556454, 5117607.855635342188179 ] } },
{ "type": "Feature", "properties": { "ID": "72", "Size": "36X60X36", "Owner": "Rock Networks", "Status": "Proposed", "Struct_1": "Large", "Subtype": "Vault", "Struct_2": "Splice", "Permit_ID": "FS11-MC02-UG-P1", "Trunk_ID": "TRUNK30197", "FDH_ID": "FDH301045", "Lot_No": null, "FSA_No": "ELLIOT LAKE", "OLT_ID": "301", "Subdiv": "3", "Comments": null, "SKU": "VLT366036", "PON_ID": null, "layer": null, "path": null, "Contractor": null, "DtAsgCnstr": null, "ConStartDt": null, "DtInstald": null }, "geometry": { "type": "Point", "coordinates": [ 373444.710790391662158, 5148631.359257607720792 ] } },
{ "type": "Feature", "properties": { "ID": "117", "Size": "36X60X36", "Owner": "Rock Networks", "Status": "Proposed", "Struct_1": "Large", "Subtype": "Vault", "Struct_2": "Splice", "Permit_ID": "FS27-MC105-RW-UG", "Trunk_ID": "TRUNK30310", "FDH_ID": "FDH303003", "Lot_No": null, "FSA_No": "SABLES-SPANISH RIVERS", "OLT_ID": "303", "Subdiv": "3", "Comments": null, "SKU": "VLT366036", "PON_ID": null, "layer": null, "path": null, "Contractor": null, "DtAsgCnstr": null, "ConStartDt": null, "DtInstald": null }, "geometry": { "type": "Point", "coordinates": [ 419389.757029818312731, 5118692.763568927533925 ] } },
{ "type": "Feature", "properties": { "ID": "119", "Size": "36X60X36", "Owner": "Rock Networks", "Status": "Proposed", "Struct_1": "Large", "Subtype": "Vault", "Struct_2": "Splice", "Permit_ID": "FS27-MC01-UG-P8-1", "Trunk_ID": "TRUNK30155", "FDH_ID": "FDH303034", "Lot_No": null, "FSA_No": "SABLES-SPANISH RIVERS", "OLT_ID": "303", "Subdiv": "3", "Comments": null, "SKU": "VLT366036", "PON_ID": null, "layer": null, "path": null, "Contractor": null, "DtAsgCnstr": null, "ConStartDt": null, "DtInstald": null }, "geometry": { "type": "Point", "coordinates": [ 405133.1328424368985, 5119395.994529533199966 ] } },
{ "type": "Feature", "properties": { "ID": "122", "Size": "36X60X36", "Owner": "Rock Networks", "Status": "Proposed", "Struct_1": "Large", "Subtype": "Vault", "Struct_2": "Splice", "Permit_ID": "FS27-MC03-UG-P2", "Trunk_ID": "TRUNK30159", "FDH_ID": "FDH302022", "Lot_No": null, "FSA_No": "SABLES-SPANISH RIVERS", "OLT_ID": "302", "Subdiv": "3", "Comments": null, "SKU": "VLT366036", "PON_ID": null, "layer": null, "path": null, "Contractor": null, "DtAsgCnstr": null, "ConStartDt": null, "DtInstald": null }, "geometry": { "type": "Point", "coordinates": [ 400014.804572382359765, 5121675.039257301948965 ] } },
{ "type": "Feature", "properties": { "ID": "125", "Size": "36X60X36", "Owner": "Rock Networks", "Status": "Proposed", "Struct_1": "Large", "Subtype": "Vault", "Struct_2": "Splice", "Permit_ID": "FS32-MC04-UG", "Trunk_ID": "TRUNK30167", "FDH_ID": "FDH302022", "Lot_No": null, "FSA_No": "SPANISH", "OLT_ID": "302", "Subdiv": "3", "Comments": null, "SKU": "VLT366036", "PON_ID": null, "layer": null, "path": null, "Contractor": null, "DtAsgCnstr": null, "ConStartDt": null, "DtInstald": null }, "geometry": { "type": "Point", "coordinates": [ 398807.06908085080795, 5121691.115466908551753 ] } },
{ "type": "Feature", "properties": { "ID": "123", "Size": "36X60X36", "Owner": "Rock Networks", "Status": "Proposed", "Struct_1": "Large", "Subtype": "Vault", "Struct_2": "Splice", "Permit_ID": "FS27-MC04-UG-P1", "Trunk_ID": "TRUNK30162", "FDH_ID": "FDH303034", "Lot_No": null, "FSA_No": "SABLES-SPANISH RIVERS", "OLT_ID": "303", "Subdiv": "3", "Comments": null, "SKU": "VLT366036", "PON_ID": null, "layer": null, "path": null, "Contractor": null, "DtAsgCnstr": null, "ConStartDt": null, "DtInstald": null }, "geometry": { "type": "Point", "coordinates": [ 404292.548572328640148, 5120513.457769701257348 ] } },
{ "type": "Feature", "properties": { "ID": "124", "Size": "36X60X36", "Owner": "Rock Networks", "Status": "Proposed", "Struct_1": "Large", "Subtype": "Vault", "Struct_2": "Splice", "Permit_ID": "FS37-MC01-UG-P3", "Trunk_ID": "TRUNK30201", "FDH_ID": "FDH302026", "Lot_No": null, "FSA_No": "THE NORTH SHORE", "OLT_ID": "302", "Subdiv": "3", "Comments": null, "SKU": "VLT366036", "PON_ID": null, "layer": null, "path": null, "Contractor": null, "DtAsgCnstr": null, "ConStartDt": null, "DtInstald": null }, "geometry": { "type": "Point", "coordinates": [ 374901.448276467970572, 5118744.3047348363325 ] } },
{ "type": "Feature", "properties": { "ID": "93", "Size": "36X60X36", "Owner": "Rock Networks", "Status": "Proposed", "Struct_1": "Large", "Subtype": "Vault", "Struct_2": "Splice", "Permit_ID": "FS27-MC03-UG-P2", "Trunk_ID": "TRUNK30166", "FDH_ID": "FDH302022", "Lot_No": null, "FSA_No": "SABLES-SPANISH RIVERS", "OLT_ID": "302", "Subdiv": "3", "Comments": null, "SKU": "VLT366036", "PON_ID": null, "layer": null, "path": null, "Contractor": null, "DtAsgCnstr": null, "ConStartDt": null, "DtInstald": null }, "geometry": { "type": "Point", "coordinates": [ 400855.903487864066847, 5122190.272994211874902 ] } },
{ "type": "Feature", "properties": { "ID": "95", "Size": "36X60X36", "Owner": "Rock Networks", "Status": "Proposed", "Struct_1": "Large", "Subtype": "Vault", "Struct_2": "Splice", "Permit_ID": "FS27-MC03-UG-P2", "Trunk_ID": "TRUNK30166", "FDH_ID": "FDH302022", "Lot_No": null, "FSA_No": "SABLES-SPANISH RIVERS", "OLT_ID": "302", "Subdiv": "3", "Comments": null, "SKU": "VLT366036", "PON_ID": null, "layer": null, "path": null, "Contractor": null, "DtAsgCnstr": null, "ConStartDt": null, "DtInstald": null }, "geometry": { "type": "Point", "coordinates": [ 400512.017487098230049, 5122202.25982769113034 ] } },
{ "type": "Feature", "properties": { "ID": "98", "Size": "36X60X36", "Owner": "Rock Networks", "Status": "Proposed", "Struct_1": "Large", "Subtype": "Vault", "Struct_2": "Splice", "Permit_ID": "FS27-MC03-UG-P1", "Trunk_ID": "TRUNK30165", "FDH_ID": "FDH302022", "Lot_No": null, "FSA_No": "SABLES-SPANISH RIVERS", "OLT_ID": "302", "Subdiv": "3", "Comments": null, "SKU": "VLT366036", "PON_ID": null, "layer": null, "path": null, "Contractor": null, "DtAsgCnstr": null, "ConStartDt": null, "DtInstald": null }, "geometry": { "type": "Point", "coordinates": [ 401484.354659678414464, 5121998.520179615356028 ] } },
{ "type": "Feature", "properties": { "ID": "347", "Size": "9x12", "Owner": "Rock Networks", "Status": "Proposed", "Struct_1": "Flower pot", "Subtype": "Vault", "Struct_2": null, "Permit_ID": "FS27-MC03-UG-P1", "Trunk_ID": "TRUNK30165", "FDH_ID": "FDH302022", "Lot_No": null, "FSA_No": "SABLES-SPANISH RIVERS", "OLT_ID": "302", "Subdiv": "3", "Comments": null, "SKU": null, "PON_ID": null, "layer": null, "path": null, "Contractor": null, "DtAsgCnstr": null, "ConStartDt": null, "DtInstald": null }, "geometry": { "type": "Point", "coordinates": [ 401719.626855960930698, 5122008.347983550280333 ] } },
{ "type": "Feature", "properties": { "ID": "348", "Size": "9x12", "Owner": "Rock Networks", "Status": "Proposed", "Struct_1": "Flower pot", "Subtype": "Vault", "Struct_2": null, "Permit_ID": "FS27-MC03-UG-P2", "Trunk_ID": "TRUNK30166", "FDH_ID": "FDH302022", "Lot_No": null, "FSA_No": "SABLES-SPANISH RIVERS", "OLT_ID": "302", "Subdiv": "3", "Comments": null, "SKU": null, "PON_ID": null, "layer": null, "path": null, "Contractor": null, "DtAsgCnstr": null, "ConStartDt": null, "DtInstald": null }, "geometry": { "type": "Point", "coordinates": [ 400246.431252521229908, 5121884.964841160923243 ] } },
{ "type": "Feature", "properties": { "ID": "349", "Size": "9x12", "Owner": "Rock Networks", "Status": "Proposed", "Struct_1": "Flower pot", "Subtype": "Vault", "Struct_2": null, "Permit_ID": "FS27-MC03-UG-P2", "Trunk_ID": "TRUNK30166", "FDH_ID": "FDH302022", "Lot_No": null, "FSA_No": "SABLES-SPANISH RIVERS", "OLT_ID": "302", "Subdiv": "3", "Comments": null, "SKU": null, "PON_ID": null, "layer": null, "path": null, "Contractor": null, "DtAsgCnstr": null, "ConStartDt": null, "DtInstald": null }, "geometry": { "type": "Point", "coordinates": [ 400255.312238426064141, 5121889.604670591652393 ] } },
{ "type": "Feature", "properties": { "ID": "350", "Size": "36X60X36", "Owner": "Rock Networks", "Status": "Proposed", "Struct_1": "Large", "Subtype": "Vault", "Struct_2": "Splice", "Permit_ID": "FS27-MC03-UG-P2", "Trunk_ID": "TRUNK30166", "FDH_ID": "FDH302022", "Lot_No": null, "FSA_No": "SABLES-SPANISH RIVERS", "OLT_ID": "302", "Subdiv": "3", "Comments": null, "SKU": "VLT366036", "PON_ID": null, "layer": null, "path": null, "Contractor": null, "DtAsgCnstr": null, "ConStartDt": null, "DtInstald": null }, "geometry": { "type": "Point", "coordinates": [ 400234.665934061049484, 5121882.173278625123203 ] } },
{ "type": "Feature", "properties": { "ID": "363", "Size": "9x12", "Owner": "Rock Networks", "Status": "Proposed", "Struct_1": "Flower pot", "Subtype": "Vault", "Struct_2": null, "Permit_ID": "FS27-MC02-UG", "Trunk_ID": "TRUNK30143", "FDH_ID": "FDH303016", "Lot_No": null, "FSA_No": "SABLES-SPANISH RIVERS", "OLT_ID": "303", "Subdiv": "3", "Comments": "D2,???", "SKU": null, "PON_ID": null, "layer": null, "path": null, "Contractor": null, "DtAsgCnstr": null, "ConStartDt": null, "DtInstald": null }, "geometry": { "type": "Point", "coordinates": [ 425465.830613897589501, 5129287.578726760111749 ] } },
{ "type": "Feature", "properties": { "ID": "364", "Size": "9x12", "Owner": "Rock Networks", "Status": "Proposed", "Struct_1": "Flower pot", "Subtype": "Vault", "Struct_2": null, "Permit_ID": "FS27-MC02-UG", "Trunk_ID": "TRUNK30143", "FDH_ID": "FDH303016", "Lot_No": null, "FSA_No": "SABLES-SPANISH RIVERS", "OLT_ID": "303", "Subdiv": "3", "Comments": "D2,???", "SKU": null, "PON_ID": null, "layer": null, "path": null, "Contractor": null, "DtAsgCnstr": null, "ConStartDt": null, "DtInstald": null }, "geometry": { "type": "Point", "coordinates": [ 425439.679594339802861, 5129056.475932433269918 ] } },
{ "type": "Feature", "properties": { "ID": "365", "Size": "9x12", "Owner": "Rock Networks", "Status": "Proposed", "Struct_1": "Flower pot", "Subtype": "Vault", "Struct_2": null, "Permit_ID": "FS27-MC02-UG", "Trunk_ID": "TRUNK30143", "FDH_ID": "FDH303016", "Lot_No": null, "FSA_No": "SABLES-SPANISH RIVERS", "OLT_ID": "303", "Subdiv": "3", "Comments": "D3,???", "SKU": null, "PON_ID": null, "layer": null, "path": null, "Contractor": null, "DtAsgCnstr": null, "ConStartDt": null, "DtInstald": null }, "geometry": { "type": "Point", "coordinates": [ 425473.686655672034249, 5129273.28661213349551 ] } },
{ "type": "Feature", "properties": { "ID": "366", "Size": "9x12", "Owner": "Rock Networks", "Status": "Proposed", "Struct_1": "Flower pot", "Subtype": "Vault", "Struct_2": null, "Permit_ID": "FS27-MC02-UG", "Trunk_ID": "TRUNK30143", "FDH_ID": "FDH303016", "Lot_No": null, "FSA_No": "SABLES-SPANISH RIVERS", "OLT_ID": "303", "Subdiv": "3", "Comments": "D5,???", "SKU": null, "PON_ID": null, "layer": null, "path": null, "Contractor": null, "DtAsgCnstr": null, "ConStartDt": null, "DtInstald": null }, "geometry": { "type": "Point", "coordinates": [ 426504.9863253433723, 5129704.718324887566268 ] } },
{ "type": "Feature", "properties": { "ID": "367", "Size": "9x12", "Owner": "Rock Networks", "Status": "Proposed", "Struct_1": "Flower pot", "Subtype": "Vault", "Struct_2": null, "Permit_ID": "FS27-MC02-UG", "Trunk_ID": "TRUNK30143", "FDH_ID": "FDH303016", "Lot_No": null, "FSA_No": "SABLES-SPANISH RIVERS", "OLT_ID": "303", "Subdiv": "3", "Comments": "D4,603", "SKU": null, "PON_ID": null, "layer": null, "path": null, "Contractor": null, "DtAsgCnstr": null, "ConStartDt": null, "DtInstald": null }, "geometry": { "type": "Point", "coordinates": [ 426513.681157414219342, 5129721.393842561170459 ] } },
{ "type": "Feature", "properties": { "ID": "368", "Size": "9x12", "Owner": "Rock Networks", "Status": "Proposed", "Struct_1": "Flower pot", "Subtype": "Vault", "Struct_2": null, "Permit_ID": "FS27-MC02-UG", "Trunk_ID": "TRUNK30143", "FDH_ID": "FDH303016", "Lot_No": null, "FSA_No": "SABLES-SPANISH RIVERS", "OLT_ID": "303", "Subdiv": "3", "Comments": "D3,???", "SKU": null, "PON_ID": null, "layer": null, "path": null, "Contractor": null, "DtAsgCnstr": null, "ConStartDt": null, "DtInstald": null }, "geometry": { "type": "Point", "coordinates": [ 426534.061779820593074, 5129765.463452998548746 ] } },
{ "type": "Feature", "properties": { "ID": "369", "Size": "9x12", "Owner": "Rock Networks", "Status": "Proposed", "Struct_1": "Flower pot", "Subtype": "Vault", "Struct_2": null, "Permit_ID": "FS27-MC02-UG", "Trunk_ID": "TRUNK30143", "FDH_ID": "FDH303016", "Lot_No": null, "FSA_No": "SABLES-SPANISH RIVERS", "OLT_ID": "303", "Subdiv": "3", "Comments": "D2,???", "SKU": null, "PON_ID": null, "layer": null, "path": null, "Contractor": null, "DtAsgCnstr": null, "ConStartDt": null, "DtInstald": null }, "geometry": { "type": "Point", "coordinates": [ 426549.042862826900091, 5129800.606613046489656 ] } },
{ "type": "Feature", "properties": { "ID": "370", "Size": "9x12", "Owner": "Rock Networks", "Status": "Proposed", "Struct_1": "Flower pot", "Subtype": "Vault", "Struct_2": null, "Permit_ID": "FS27-MC02-UG", "Trunk_ID": "TRUNK30143", "FDH_ID": "FDH303016", "Lot_No": null, "FSA_No": "SABLES-SPANISH RIVERS", "OLT_ID": "303", "Subdiv": "3", "Comments": "D3,???", "SKU": null, "PON_ID": null, "layer": null, "path": null, "Contractor": null, "DtAsgCnstr": null, "ConStartDt": null, "DtInstald": null }, "geometry": { "type": "Point", "coordinates": [ 426313.72268589574378, 5129278.281922669149935 ] } },
{ "type": "Feature", "properties": { "ID": "371", "Size": "30X48X24", "Owner": "Rock Networks", "Status": "Proposed", "Struct_1": "Medium", "Subtype": "Vault", "Struct_2": null, "Permit_ID": "FS27-MC02-UG", "Trunk_ID": "TRUNK30143", "FDH_ID": "FDH303016", "Lot_No": null, "FSA_No": "SABLES-SPANISH RIVERS", "OLT_ID": "303", "Subdiv": "3", "Comments": "D2", "SKU": "VLT304824", "PON_ID": null, "layer": null, "path": null, "Contractor": null, "DtAsgCnstr": null, "ConStartDt": null, "DtInstald": null }, "geometry": { "type": "Point", "coordinates": [ 426041.058311406581197, 5129202.664712991565466 ] } },
{ "type": "Feature", "properties": { "ID": "372", "Size": "9x12", "Owner": "Rock Networks", "Status": "Proposed", "Struct_1": "Flower pot", "Subtype": "Vault", "Struct_2": null, "Permit_ID": "FS27-MC02-UG", "Trunk_ID": "TRUNK30143", "FDH_ID": "FDH303016", "Lot_No": null, "FSA_No": "SABLES-SPANISH RIVERS", "OLT_ID": "303", "Subdiv": "3", "Comments": "D2,???", "SKU": null, "PON_ID": null, "layer": null, "path": null, "Contractor": null, "DtAsgCnstr": null, "ConStartDt": null, "DtInstald": null }, "geometry": { "type": "Point", "coordinates": [ 426468.112854204140604, 5129772.067613891325891 ] } },
{ "type": "Feature", "properties": { "ID": "373", "Size": "9x12", "Owner": "Rock Networks", "Status": "Proposed", "Struct_1": "Flower pot", "Subtype": "Vault", "Struct_2": null, "Permit_ID": "FS27-MC02-UG", "Trunk_ID": "TRUNK30143", "FDH_ID": "FDH303016", "Lot_No": null, "FSA_No": "SABLES-SPANISH RIVERS", "OLT_ID": "303", "Subdiv": "3", "Comments": "D2,601", "SKU": null, "PON_ID": null, "layer": null, "path": null, "Contractor": null, "DtAsgCnstr": null, "ConStartDt": null, "DtInstald": null }, "geometry": { "type": "Point", "coordinates": [ 426598.045783000881784, 5129909.65923528932035 ] } },
{ "type": "Feature", "properties": { "ID": "374", "Size": "9x12", "Owner": "Rock Networks", "Status": "Proposed", "Struct_1": "Flower pot", "Subtype": "Vault", "Struct_2": null, "Permit_ID": "FS27-MC02-UG", "Trunk_ID": "TRUNK30137", "FDH_ID": "FDH303016", "Lot_No": null, "FSA_No": "SABLES-SPANISH RIVERS", "OLT_ID": "303", "Subdiv": "3", "Comments": "D2,509", "SKU": null, "PON_ID": null, "layer": null, "path": null, "Contractor": null, "DtAsgCnstr": null, "ConStartDt": null, "DtInstald": null }, "geometry": { "type": "Point", "coordinates": [ 427071.75616185128456, 5129914.257272387854755 ] } },
{ "type": "Feature", "properties": { "ID": "100", "Size": "36X60X36", "Owner": "Rock Networks", "Status": "Proposed", "Struct_1": "Large", "Subtype": "Vault", "Struct_2": "Splice", "Permit_ID": "FS32-MC04-UG", "Trunk_ID": "TRUNK30169", "FDH_ID": "FDH302022", "Lot_No": null, "FSA_No": "SPANISH", "OLT_ID": "302", "Subdiv": "3", "Comments": null, "SKU": "VLT366036", "PON_ID": null, "layer": null, "path": null, "Contractor": null, "DtAsgCnstr": null, "ConStartDt": null, "DtInstald": null }, "geometry": { "type": "Point", "coordinates": [ 396714.650529269245453, 5121946.159201936796308 ] } },
{ "type": "Feature", "properties": { "ID": "101", "Size": "36X60X36", "Owner": "Rock Networks", "Status": "Proposed", "Struct_1": "Large", "Subtype": "Vault", "Struct_2": "Splice", "Permit_ID": "FS32-MC04-UG", "Trunk_ID": "TRUNK30169", "FDH_ID": "FDH302022", "Lot_No": null, "FSA_No": "SPANISH", "OLT_ID": "302", "Subdiv": "3", "Comments": null, "SKU": "VLT366036", "PON_ID": null, "layer": null, "path": null, "Contractor": null, "DtAsgCnstr": null, "ConStartDt": null, "DtInstald": null }, "geometry": { "type": "Point", "coordinates": [ 396524.396844055445399, 5122993.147747439332306 ] } },
{ "type": "Feature", "properties": { "ID": "102", "Size": "36X60X36", "Owner": "Rock Networks", "Status": "Proposed", "Struct_1": "Large", "Subtype": "Vault", "Struct_2": "Splice", "Permit_ID": "FS32-MC04-UG", "Trunk_ID": "TRUNK30171", "FDH_ID": "FDH302022", "Lot_No": null, "FSA_No": "SPANISH", "OLT_ID": "302", "Subdiv": "3", "Comments": null, "SKU": "VLT366036", "PON_ID": null, "layer": null, "path": null, "Contractor": null, "DtAsgCnstr": null, "ConStartDt": null, "DtInstald": null }, "geometry": { "type": "Point", "coordinates": [ 396519.438096905592829, 5123235.651709463447332 ] } },
{ "type": "Feature", "properties": { "ID": "104", "Size": "36X60X36", "Owner": "Rock Networks", "Status": "Proposed", "Struct_1": "Large", "Subtype": "Vault", "Struct_2": "Splice", "Permit_ID": "FS32-MC04-UG", "Trunk_ID": "TRUNK30168", "FDH_ID": "FDH302022", "Lot_No": null, "FSA_No": "SPANISH", "OLT_ID": "302", "Subdiv": "3", "Comments": null, "SKU": "VLT366036", "PON_ID": null, "layer": null, "path": null, "Contractor": null, "DtAsgCnstr": null, "ConStartDt": null, "DtInstald": null }, "geometry": { "type": "Point", "coordinates": [ 397298.352354124130215, 5121853.046233006753027 ] } },
{ "type": "Feature", "properties": { "ID": "105", "Size": "36X60X36", "Owner": "Rock Networks", "Status": "Proposed", "Struct_1": "Large", "Subtype": "Vault", "Struct_2": "Splice", "Permit_ID": "FS32-MC04-UG", "Trunk_ID": "TRUNK30167", "FDH_ID": "FDH302022", "Lot_No": null, "FSA_No": "SPANISH", "OLT_ID": "302", "Subdiv": "3", "Comments": null, "SKU": "VLT366036", "PON_ID": null, "layer": null, "path": null, "Contractor": null, "DtAsgCnstr": null, "ConStartDt": null, "DtInstald": null }, "geometry": { "type": "Point", "coordinates": [ 397890.90874721261207, 5121648.309993169270456 ] } },
{ "type": "Feature", "properties": { "ID": "209", "Size": "9x12", "Owner": "Rock Networks", "Status": "Proposed", "Struct_1": "Flower pot", "Subtype": "Vault", "Struct_2": null, "Permit_ID": "FS37-MC02-UG", "Trunk_ID": "TRUNK30184", "FDH_ID": "FDH302040", "Lot_No": null, "FSA_No": "THE NORTH SHORE", "OLT_ID": "302", "Subdiv": "3", "Comments": null, "SKU": null, "PON_ID": null, "layer": null, "path": null, "Contractor": null, "DtAsgCnstr": null, "ConStartDt": null, "DtInstald": null }, "geometry": { "type": "Point", "coordinates": [ 359023.905031064525247, 5118196.822815237566829 ] } },
{ "type": "Feature", "properties": { "ID": "211", "Size": "9x12", "Owner": "Rock Networks", "Status": "Proposed", "Struct_1": "Flower pot", "Subtype": "Vault", "Struct_2": null, "Permit_ID": "FS37-MC02-UG", "Trunk_ID": "TRUNK30368", "FDH_ID": "FDH302040", "Lot_No": null, "FSA_No": "THE NORTH SHORE", "OLT_ID": "302", "Subdiv": "3", "Comments": null, "SKU": null, "PON_ID": null, "layer": null, "path": null, "Contractor": null, "DtAsgCnstr": null, "ConStartDt": null, "DtInstald": null }, "geometry": { "type": "Point", "coordinates": [ 358305.389601632428821, 5118651.700096286833286 ] } },
{ "type": "Feature", "properties": { "ID": "212", "Size": "9x12", "Owner": "Rock Networks", "Status": "Proposed", "Struct_1": "Flower pot", "Subtype": "Vault", "Struct_2": null, "Permit_ID": "FS37-MC02-UG", "Trunk_ID": "TRUNK30368", "FDH_ID": "FDH302040", "Lot_No": null, "FSA_No": "THE NORTH SHORE", "OLT_ID": "302", "Subdiv": "3", "Comments": null, "SKU": null, "PON_ID": null, "layer": null, "path": null, "Contractor": null, "DtAsgCnstr": null, "ConStartDt": null, "DtInstald": null }, "geometry": { "type": "Point", "coordinates": [ 358268.019407781888731, 5118630.784328972920775 ] } },
{ "type": "Feature", "properties": { "ID": "214", "Size": "9x12", "Owner": "Rock Networks", "Status": "Proposed", "Struct_1": "Flower pot", "Subtype": "Vault", "Struct_2": null, "Permit_ID": "FS37-MC02-UG", "Trunk_ID": "TRUNK30368", "FDH_ID": "FDH302040", "Lot_No": null, "FSA_No": "THE NORTH SHORE", "OLT_ID": "302", "Subdiv": "3", "Comments": null, "SKU": null, "PON_ID": null, "layer": null, "path": null, "Contractor": null, "DtAsgCnstr": null, "ConStartDt": null, "DtInstald": null }, "geometry": { "type": "Point", "coordinates": [ 358309.885172752314247, 5118652.753194259479642 ] } },
{ "type": "Feature", "properties": { "ID": "215", "Size": "9x12", "Owner": "Rock Networks", "Status": "Proposed", "Struct_1": "Flower pot", "Subtype": "Vault", "Struct_2": null, "Permit_ID": "FS37-MC02-UG", "Trunk_ID": "TRUNK30368", "FDH_ID": "FDH302040", "Lot_No": null, "FSA_No": "THE NORTH SHORE", "OLT_ID": "302", "Subdiv": "3", "Comments": null, "SKU": null, "PON_ID": null, "layer": null, "path": null, "Contractor": null, "DtAsgCnstr": null, "ConStartDt": null, "DtInstald": null }, "geometry": { "type": "Point", "coordinates": [ 358311.314091509673744, 5118646.485117911361158 ] } },
{ "type": "Feature", "properties": { "ID": "216", "Size": "9x12", "Owner": "Rock Networks", "Status": "Proposed", "Struct_1": "Flower pot", "Subtype": "Vault", "Struct_2": null, "Permit_ID": "FS37-MC02-UG", "Trunk_ID": "TRUNK30363", "FDH_ID": "FDH302040", "Lot_No": null, "FSA_No": "THE NORTH SHORE", "OLT_ID": "302", "Subdiv": "3", "Comments": null, "SKU": null, "PON_ID": null, "layer": null, "path": null, "Contractor": null, "DtAsgCnstr": null, "ConStartDt": null, "DtInstald": null }, "geometry": { "type": "Point", "coordinates": [ 358250.380270747235045, 5118044.155302573926747 ] } },
{ "type": "Feature", "properties": { "ID": "217", "Size": "9x12", "Owner": "Rock Networks", "Status": "Proposed", "Struct_1": "Flower pot", "Subtype": "Vault", "Struct_2": null, "Permit_ID": "FS37-MC02-UG", "Trunk_ID": "TRUNK30363", "FDH_ID": "FDH302040", "Lot_No": null, "FSA_No": "THE NORTH SHORE", "OLT_ID": "302", "Subdiv": "3", "Comments": null, "SKU": null, "PON_ID": null, "layer": null, "path": null, "Contractor": null, "DtAsgCnstr": null, "ConStartDt": null, "DtInstald": null }, "geometry": { "type": "Point", "coordinates": [ 358107.768519112374634, 5118065.760173751041293 ] } },
{ "type": "Feature", "properties": { "ID": "218", "Size": "9x12", "Owner": "Rock Networks", "Status": "Proposed", "Struct_1": "Flower pot", "Subtype": "Vault", "Struct_2": null, "Permit_ID": "FS37-MC02-UG", "Trunk_ID": "TRUNK30363", "FDH_ID": "FDH302040", "Lot_No": null, "FSA_No": "THE NORTH SHORE", "OLT_ID": "302", "Subdiv": "3", "Comments": null, "SKU": null, "PON_ID": null, "layer": null, "path": null, "Contractor": null, "DtAsgCnstr": null, "ConStartDt": null, "DtInstald": null }, "geometry": { "type": "Point", "coordinates": [ 358245.991757897543721, 5118044.743753827176988 ] } },
{ "type": "Feature", "properties": { "ID": "220", "Size": "36X60X36", "Owner": "Rock Networks", "Status": "Proposed", "Struct_1": "Large", "Subtype": "Vault", "Struct_2": "Splice", "Permit_ID": "FS27-MC05-UG", "Trunk_ID": "TRUNK30288", "FDH_ID": "FDH303014", "Lot_No": null, "FSA_No": "SABLES-SPANISH RIVERS", "OLT_ID": "303", "Subdiv": "3", "Comments": null, "SKU": "VLT366036", "PON_ID": null, "layer": null, "path": null, "Contractor": null, "DtAsgCnstr": null, "ConStartDt": null, "DtInstald": null }, "geometry": { "type": "Point", "coordinates": [ 409125.40145996271167, 5117535.041432762518525 ] } },
{ "type": "Feature", "properties": { "ID": "221", "Size": "36X60X36", "Owner": "Rock Networks", "Status": "Proposed", "Struct_1": "Large", "Subtype": "Vault", "Struct_2": "Splice", "Permit_ID": "FS27-MC05-UG", "Trunk_ID": "TRUNK30074", "FDH_ID": "FDH303014", "Lot_No": null, "FSA_No": "SABLES-SPANISH RIVERS", "OLT_ID": "303", "Subdiv": "3", "Comments": null, "SKU": "VLT366036", "PON_ID": null, "layer": null, "path": null, "Contractor": null, "DtAsgCnstr": null, "ConStartDt": null, "DtInstald": null }, "geometry": { "type": "Point", "coordinates": [ 409109.01971236220561, 5117509.173660971224308 ] } },
{ "type": "Feature", "properties": { "ID": "222", "Size": "36X60X36", "Owner": "Rock Networks", "Status": "Proposed", "Struct_1": "Large", "Subtype": "Vault", "Struct_2": "Splice", "Permit_ID": "FS27-MC08-UG", "Trunk_ID": "TRUNK30289", "FDH_ID": "FDH303014", "Lot_No": null, "FSA_No": "SABLES-SPANISH RIVERS", "OLT_ID": "303", "Subdiv": "3", "Comments": null, "SKU": "VLT366036", "PON_ID": null, "layer": null, "path": null, "Contractor": null, "DtAsgCnstr": null, "ConStartDt": null, "DtInstald": null }, "geometry": { "type": "Point", "coordinates": [ 408945.696003866090905, 5117541.100054237060249 ] } },
{ "type": "Feature", "properties": { "ID": "236", "Size": "9x12", "Owner": "Rock Networks", "Status": "Proposed", "Struct_1": "Flower pot", "Subtype": "Vault", "Struct_2": null, "Permit_ID": "FS32-MC05-UG-P2", "Trunk_ID": "TRUNK30186", "FDH_ID": "FDH301028", "Lot_No": null, "FSA_No": "ELLIOT LAKE", "OLT_ID": "301", "Subdiv": "3", "Comments": null, "SKU": null, "PON_ID": null, "layer": null, "path": null, "Contractor": null, "DtAsgCnstr": null, "ConStartDt": null, "DtInstald": null }, "geometry": { "type": "Point", "coordinates": [ 368792.079195160826202, 5149818.734338184818625 ] } },
{ "type": "Feature", "properties": { "ID": "248", "Size": "9x12", "Owner": "Rock Networks", "Status": "Proposed", "Struct_1": "Flower pot", "Subtype": "Vault", "Struct_2": null, "Permit_ID": "FS32-MC05-UG-P2", "Trunk_ID": "TRUNK30186", "FDH_ID": "FDH301028", "Lot_No": null, "FSA_No": "ELLIOT LAKE", "OLT_ID": "301", "Subdiv": "3", "Comments": null, "SKU": null, "PON_ID": null, "layer": null, "path": null, "Contractor": null, "DtAsgCnstr": null, "ConStartDt": null, "DtInstald": null }, "geometry": { "type": "Point", "coordinates": [ 368247.079028951760847, 5150007.430935495533049 ] } },
{ "type": "Feature", "properties": { "ID": "249", "Size": "9x12", "Owner": "Rock Networks", "Status": "Proposed", "Struct_1": "Flower pot", "Subtype": "Vault", "Struct_2": null, "Permit_ID": "FS32-MC05-UG-P2", "Trunk_ID": "TRUNK30186", "FDH_ID": "FDH301028", "Lot_No": null, "FSA_No": "ELLIOT LAKE", "OLT_ID": "301", "Subdiv": "3", "Comments": null, "SKU": null, "PON_ID": null, "layer": null, "path": null, "Contractor": null, "DtAsgCnstr": null, "ConStartDt": null, "DtInstald": null }, "geometry": { "type": "Point", "coordinates": [ 368232.554291288135573, 5150009.590688455849886 ] } },
{ "type": "Feature", "properties": { "ID": "375", "Size": "9x12", "Owner": "Rock Networks", "Status": "Proposed", "Struct_1": "Flower pot", "Subtype": "Vault", "Struct_2": null, "Permit_ID": "FS27-MC02-UG", "Trunk_ID": "TRUNK30137", "FDH_ID": "FDH303016", "Lot_No": null, "FSA_No": "SABLES-SPANISH RIVERS", "OLT_ID": "303", "Subdiv": "3", "Comments": "D3,???", "SKU": null, "PON_ID": null, "layer": null, "path": null, "Contractor": null, "DtAsgCnstr": null, "ConStartDt": null, "DtInstald": null }, "geometry": { "type": "Point", "coordinates": [ 427027.221562989754602, 5129913.79296703916043 ] } },
{ "type": "Feature", "properties": { "ID": "376", "Size": "9x12", "Owner": "Rock Networks", "Status": "Proposed", "Struct_1": "Flower pot", "Subtype": "Vault", "Struct_2": null, "Permit_ID": "FS27-MC02-UG", "Trunk_ID": "TRUNK30137", "FDH_ID": "FDH303016", "Lot_No": null, "FSA_No": "SABLES-SPANISH RIVERS", "OLT_ID": "303", "Subdiv": "3", "Comments": "D4,???", "SKU": null, "PON_ID": null, "layer": null, "path": null, "Contractor": null, "DtAsgCnstr": null, "ConStartDt": null, "DtInstald": null }, "geometry": { "type": "Point", "coordinates": [ 426985.704036502516828, 5129916.659689125604928 ] } },
{ "type": "Feature", "properties": { "ID": "377", "Size": "9x12", "Owner": "Rock Networks", "Status": "Proposed", "Struct_1": "Flower pot", "Subtype": "Vault", "Struct_2": null, "Permit_ID": "FS27-MC02-UG", "Trunk_ID": "TRUNK30137", "FDH_ID": "FDH303016", "Lot_No": null, "FSA_No": "SABLES-SPANISH RIVERS", "OLT_ID": "303", "Subdiv": "3", "Comments": "D3,???", "SKU": null, "PON_ID": null, "layer": null, "path": null, "Contractor": null, "DtAsgCnstr": null, "ConStartDt": null, "DtInstald": null }, "geometry": { "type": "Point", "coordinates": [ 426768.588468117057346, 5130009.660406291484833 ] } },
{ "type": "Feature", "properties": { "ID": "378", "Size": "9x12", "Owner": "Rock Networks", "Status": "Proposed", "Struct_1": "Flower pot", "Subtype": "Vault", "Struct_2": null, "Permit_ID": "FS27-MC02-UG", "Trunk_ID": "TRUNK30137", "FDH_ID": "FDH303016", "Lot_No": null, "FSA_No": "SABLES-SPANISH RIVERS", "OLT_ID": "303", "Subdiv": "3", "Comments": "D2,515", "SKU": null, "PON_ID": null, "layer": null, "path": null, "Contractor": null, "DtAsgCnstr": null, "ConStartDt": null, "DtInstald": null }, "geometry": { "type": "Point", "coordinates": [ 426832.564707804529462, 5130004.877031521871686 ] } },
{ "type": "Feature", "properties": { "ID": "379", "Size": "9x12", "Owner": "Rock Networks", "Status": "Proposed", "Struct_1": "Flower pot", "Subtype": "Vault", "Struct_2": null, "Permit_ID": "FS27-MC02-UG", "Trunk_ID": "TRUNK30137", "FDH_ID": "FDH303016", "Lot_No": null, "FSA_No": "SABLES-SPANISH RIVERS", "OLT_ID": "303", "Subdiv": "3", "Comments": "D2,???", "SKU": null, "PON_ID": null, "layer": null, "path": null, "Contractor": null, "DtAsgCnstr": null, "ConStartDt": null, "DtInstald": null }, "geometry": { "type": "Point", "coordinates": [ 426871.321997899387497, 5129985.485245341435075 ] } },
{ "type": "Feature", "properties": { "ID": "380", "Size": "9x12", "Owner": "Rock Networks", "Status": "Proposed", "Struct_1": "Flower pot", "Subtype": "Vault", "Struct_2": null, "Permit_ID": "FS27-MC02-UG", "Trunk_ID": "TRUNK30137", "FDH_ID": "FDH303016", "Lot_No": null, "FSA_No": "SABLES-SPANISH RIVERS", "OLT_ID": "303", "Subdiv": "3", "Comments": null, "SKU": null, "PON_ID": null, "layer": null, "path": null, "Contractor": null, "DtAsgCnstr": null, "ConStartDt": null, "DtInstald": null }, "geometry": { "type": "Point", "coordinates": [ 427163.694389159267303, 5129876.565091005526483 ] } },
{ "type": "Feature", "properties": { "ID": "381", "Size": "9x12", "Owner": "Rock Networks", "Status": "Proposed", "Struct_1": "Flower pot", "Subtype": "Vault", "Struct_2": null, "Permit_ID": "FS27-MC02-UG", "Trunk_ID": "TRUNK30137", "FDH_ID": "FDH303016", "Lot_No": null, "FSA_No": "SABLES-SPANISH RIVERS", "OLT_ID": "303", "Subdiv": "3", "Comments": null, "SKU": null, "PON_ID": null, "layer": null, "path": null, "Contractor": null, "DtAsgCnstr": null, "ConStartDt": null, "DtInstald": null }, "geometry": { "type": "Point", "coordinates": [ 427144.392169780505355, 5129877.002243323251605 ] } },
{ "type": "Feature", "properties": { "ID": "382", "Size": "9x12", "Owner": "Rock Networks", "Status": "Proposed", "Struct_1": "Flower pot", "Subtype": "Vault", "Struct_2": null, "Permit_ID": "FS27-MC02-UG", "Trunk_ID": "TRUNK30137", "FDH_ID": "FDH303016", "Lot_No": null, "FSA_No": "SABLES-SPANISH RIVERS", "OLT_ID": "303", "Subdiv": "3", "Comments": null, "SKU": null, "PON_ID": null, "layer": null, "path": null, "Contractor": null, "DtAsgCnstr": null, "ConStartDt": null, "DtInstald": null }, "geometry": { "type": "Point", "coordinates": [ 427236.73088187596295, 5129921.719200317747891 ] } },
{ "type": "Feature", "properties": { "ID": "383", "Size": "9x12", "Owner": "Rock Networks", "Status": "Proposed", "Struct_1": "Flower pot", "Subtype": "Vault", "Struct_2": null, "Permit_ID": "FS27-MC02-UG", "Trunk_ID": "TRUNK30137", "FDH_ID": "FDH303016", "Lot_No": null, "FSA_No": "SABLES-SPANISH RIVERS", "OLT_ID": "303", "Subdiv": "3", "Comments": "D2,487B", "SKU": null, "PON_ID": null, "layer": null, "path": null, "Contractor": null, "DtAsgCnstr": null, "ConStartDt": null, "DtInstald": null }, "geometry": { "type": "Point", "coordinates": [ 427639.762721618812066, 5129874.445612296462059 ] } },
{ "type": "Feature", "properties": { "ID": "384", "Size": "9x12", "Owner": "Rock Networks", "Status": "Proposed", "Struct_1": "Flower pot", "Subtype": "Vault", "Struct_2": null, "Permit_ID": "FS32-MC03-UG", "Trunk_ID": "TRUNK30176", "FDH_ID": "FDH301028", "Lot_No": null, "FSA_No": "ELLIOT LAKE", "OLT_ID": "301", "Subdiv": "3", "Comments": null, "SKU": null, "PON_ID": null, "layer": null, "path": null, "Contractor": null, "DtAsgCnstr": null, "ConStartDt": null, "DtInstald": null }, "geometry": { "type": "Point", "coordinates": [ 368888.281940433720592, 5149289.433844127692282 ] } },
{ "type": "Feature", "properties": { "ID": "385", "Size": "9x12", "Owner": "Rock Networks", "Status": "Proposed", "Struct_1": "Flower pot", "Subtype": "Vault", "Struct_2": null, "Permit_ID": "FS32-MC03-UG", "Trunk_ID": "TRUNK30177", "FDH_ID": "FDH301028", "Lot_No": null, "FSA_No": "ELLIOT LAKE", "OLT_ID": "301", "Subdiv": "3", "Comments": null, "SKU": null, "PON_ID": null, "layer": null, "path": null, "Contractor": null, "DtAsgCnstr": null, "ConStartDt": null, "DtInstald": null }, "geometry": { "type": "Point", "coordinates": [ 368688.475864249689039, 5149274.979769967496395 ] } },
{ "type": "Feature", "properties": { "ID": "386", "Size": "9x12", "Owner": "Rock Networks", "Status": "Proposed", "Struct_1": "Flower pot", "Subtype": "Vault", "Struct_2": null, "Permit_ID": "FS32-MC03-UG", "Trunk_ID": "TRUNK30177", "FDH_ID": "FDH301028", "Lot_No": null, "FSA_No": "ELLIOT LAKE", "OLT_ID": "301", "Subdiv": "3", "Comments": null, "SKU": null, "PON_ID": null, "layer": null, "path": null, "Contractor": null, "DtAsgCnstr": null, "ConStartDt": null, "DtInstald": null }, "geometry": { "type": "Point", "coordinates": [ 368726.952243179257493, 5149291.276042905636132 ] } },
{ "type": "Feature", "properties": { "ID": "387", "Size": "9x12", "Owner": "Rock Networks", "Status": "Proposed", "Struct_1": "Flower pot", "Subtype": "Vault", "Struct_2": null, "Permit_ID": "FS32-MC04-UG", "Trunk_ID": "TRUNK30169", "FDH_ID": "FDH302022", "Lot_No": null, "FSA_No": "SPANISH", "OLT_ID": "302", "Subdiv": "3", "Comments": null, "SKU": null, "PON_ID": null, "layer": null, "path": null, "Contractor": null, "DtAsgCnstr": null, "ConStartDt": null, "DtInstald": null }, "geometry": { "type": "Point", "coordinates": [ 396699.362392186303623, 5121980.663280508480966 ] } },
{ "type": "Feature", "properties": { "ID": "388", "Size": "9x12", "Owner": "Rock Networks", "Status": "Proposed", "Struct_1": "Flower pot", "Subtype": "Vault", "Struct_2": null, "Permit_ID": "FS27-MC04-UG-P2", "Trunk_ID": "TRUNK30289", "FDH_ID": "FDH303014", "Lot_No": null, "FSA_No": "SABLES-SPANISH RIVERS", "OLT_ID": "303", "Subdiv": "3", "Comments": null, "SKU": null, "PON_ID": null, "layer": null, "path": null, "Contractor": null, "DtAsgCnstr": null, "ConStartDt": null, "DtInstald": null }, "geometry": { "type": "Point", "coordinates": [ 408695.496542510867584, 5117483.647299584001303 ] } },
{ "type": "Feature", "properties": { "ID": "389", "Size": "9x12", "Owner": "Rock Networks", "Status": "Proposed", "Struct_1": "Flower pot", "Subtype": "Vault", "Struct_2": null, "Permit_ID": "FS27-MC04-UG-P4", "Trunk_ID": "TRUNK30130", "FDH_ID": "FDH303013", "Lot_No": null, "FSA_No": "SABLES-SPANISH RIVERS", "OLT_ID": "303", "Subdiv": "3", "Comments": null, "SKU": null, "PON_ID": null, "layer": null, "path": null, "Contractor": null, "DtAsgCnstr": null, "ConStartDt": null, "DtInstald": null }, "geometry": { "type": "Point", "coordinates": [ 412978.141171587922145, 5120248.293072490021586 ] } },
{ "type": "Feature", "properties": { "ID": "219", "Size": "9x12", "Owner": "Rock Networks", "Status": "Proposed", "Struct_1": "Flower pot", "Subtype": "Vault", "Struct_2": null, "Permit_ID": "FS37-MC02-UG", "Trunk_ID": "TRUNK30363", "FDH_ID": "FDH302040", "Lot_No": null, "FSA_No": "THE NORTH SHORE", "OLT_ID": "302", "Subdiv": "3", "Comments": null, "SKU": null, "PON_ID": null, "layer": null, "path": null, "Contractor": null, "DtAsgCnstr": null, "ConStartDt": null, "DtInstald": null }, "geometry": { "type": "Point", "coordinates": [ 358162.68089437391609, 5118062.412744347937405 ] } },
{ "type": "Feature", "properties": { "ID": "237", "Size": "9x12", "Owner": "Rock Networks", "Status": "Proposed", "Struct_1": "Flower pot", "Subtype": "Vault", "Struct_2": null, "Permit_ID": "FS32-MC05-UG-P2", "Trunk_ID": "TRUNK30186", "FDH_ID": "FDH301028", "Lot_No": null, "FSA_No": "ELLIOT LAKE", "OLT_ID": "301", "Subdiv": "3", "Comments": null, "SKU": null, "PON_ID": null, "layer": null, "path": null, "Contractor": null, "DtAsgCnstr": null, "ConStartDt": null, "DtInstald": null }, "geometry": { "type": "Point", "coordinates": [ 368511.027578390436247, 5149932.036195082589984 ] } },
{ "type": "Feature", "properties": { "ID": "238", "Size": "9x12", "Owner": "Rock Networks", "Status": "Proposed", "Struct_1": "Flower pot", "Subtype": "Vault", "Struct_2": null, "Permit_ID": "FS32-MC05-UG-P2", "Trunk_ID": "TRUNK30186", "FDH_ID": "FDH301028", "Lot_No": null, "FSA_No": "ELLIOT LAKE", "OLT_ID": "301", "Subdiv": "3", "Comments": null, "SKU": null, "PON_ID": null, "layer": null, "path": null, "Contractor": null, "DtAsgCnstr": null, "ConStartDt": null, "DtInstald": null }, "geometry": { "type": "Point", "coordinates": [ 368552.939422649564222, 5149924.100094871595502 ] } },
{ "type": "Feature", "properties": { "ID": "239", "Size": "9x12", "Owner": "Rock Networks", "Status": "Proposed", "Struct_1": "Flower pot", "Subtype": "Vault", "Struct_2": null, "Permit_ID": "FS32-MC05-UG-P2", "Trunk_ID": "TRUNK30186", "FDH_ID": "FDH301028", "Lot_No": null, "FSA_No": "ELLIOT LAKE", "OLT_ID": "301", "Subdiv": "3", "Comments": null, "SKU": null, "PON_ID": null, "layer": null, "path": null, "Contractor": null, "DtAsgCnstr": null, "ConStartDt": null, "DtInstald": null }, "geometry": { "type": "Point", "coordinates": [ 368481.392401861317921, 5149939.556854404509068 ] } },
{ "type": "Feature", "properties": { "ID": "240", "Size": "9x12", "Owner": "Rock Networks", "Status": "Proposed", "Struct_1": "Flower pot", "Subtype": "Vault", "Struct_2": null, "Permit_ID": "FS32-MC05-UG-P2", "Trunk_ID": "TRUNK30186", "FDH_ID": "FDH301028", "Lot_No": null, "FSA_No": "ELLIOT LAKE", "OLT_ID": "301", "Subdiv": "3", "Comments": null, "SKU": null, "PON_ID": null, "layer": null, "path": null, "Contractor": null, "DtAsgCnstr": null, "ConStartDt": null, "DtInstald": null }, "geometry": { "type": "Point", "coordinates": [ 368509.976269121398218, 5149922.451592274941504 ] } },
{ "type": "Feature", "properties": { "ID": "241", "Size": "9x12", "Owner": "Rock Networks", "Status": "Proposed", "Struct_1": "Flower pot", "Subtype": "Vault", "Struct_2": null, "Permit_ID": "FS32-MC05-UG-P2", "Trunk_ID": "TRUNK30186", "FDH_ID": "FDH301028", "Lot_No": null, "FSA_No": "ELLIOT LAKE", "OLT_ID": "301", "Subdiv": "3", "Comments": null, "SKU": null, "PON_ID": null, "layer": null, "path": null, "Contractor": null, "DtAsgCnstr": null, "ConStartDt": null, "DtInstald": null }, "geometry": { "type": "Point", "coordinates": [ 368562.720628895796835, 5149913.759512075223029 ] } },
{ "type": "Feature", "properties": { "ID": "244", "Size": "9x12", "Owner": "Rock Networks", "Status": "Proposed", "Struct_1": "Flower pot", "Subtype": "Vault", "Struct_2": null, "Permit_ID": "FS32-MC05-UG-P2", "Trunk_ID": "TRUNK30186", "FDH_ID": "FDH301028", "Lot_No": null, "FSA_No": "ELLIOT LAKE", "OLT_ID": "301", "Subdiv": "3", "Comments": null, "SKU": null, "PON_ID": null, "layer": null, "path": null, "Contractor": null, "DtAsgCnstr": null, "ConStartDt": null, "DtInstald": null }, "geometry": { "type": "Point", "coordinates": [ 368420.61348814831581, 5149934.481794101186097 ] } },
{ "type": "Feature", "properties": { "ID": "245", "Size": "9x12", "Owner": "Rock Networks", "Status": "Proposed", "Struct_1": "Flower pot", "Subtype": "Vault", "Struct_2": null, "Permit_ID": "FS32-MC05-UG-P2", "Trunk_ID": "TRUNK30186", "FDH_ID": "FDH301028", "Lot_No": null, "FSA_No": "ELLIOT LAKE", "OLT_ID": "301", "Subdiv": "3", "Comments": null, "SKU": null, "PON_ID": null, "layer": null, "path": null, "Contractor": null, "DtAsgCnstr": null, "ConStartDt": null, "DtInstald": null }, "geometry": { "type": "Point", "coordinates": [ 368332.311412393464707, 5149978.13495456520468 ] } },
{ "type": "Feature", "properties": { "ID": "246", "Size": "9x12", "Owner": "Rock Networks", "Status": "Proposed", "Struct_1": "Flower pot", "Subtype": "Vault", "Struct_2": null, "Permit_ID": "FS32-MC05-UG-P2", "Trunk_ID": "TRUNK30186", "FDH_ID": "FDH301028", "Lot_No": null, "FSA_No": "ELLIOT LAKE", "OLT_ID": "301", "Subdiv": "3", "Comments": null, "SKU": null, "PON_ID": null, "layer": null, "path": null, "Contractor": null, "DtAsgCnstr": null, "ConStartDt": null, "DtInstald": null }, "geometry": { "type": "Point", "coordinates": [ 368421.358243167283945, 5149945.483361569233239 ] } },
{ "type": "Feature", "properties": { "ID": "247", "Size": "9x12", "Owner": "Rock Networks", "Status": "Proposed", "Struct_1": "Flower pot", "Subtype": "Vault", "Struct_2": null, "Permit_ID": "FS32-MC05-UG-P2", "Trunk_ID": "TRUNK30186", "FDH_ID": "FDH301028", "Lot_No": null, "FSA_No": "ELLIOT LAKE", "OLT_ID": "301", "Subdiv": "3", "Comments": null, "SKU": null, "PON_ID": null, "layer": null, "path": null, "Contractor": null, "DtAsgCnstr": null, "ConStartDt": null, "DtInstald": null }, "geometry": { "type": "Point", "coordinates": [ 368434.362536651082337, 5149944.143819959834218 ] } },
{ "type": "Feature", "properties": { "ID": "390", "Size": "9x12", "Owner": "Rock Networks", "Status": "Proposed", "Struct_1": "Flower pot", "Subtype": "Vault", "Struct_2": null, "Permit_ID": "FS37-MC02-UG", "Trunk_ID": "TRUNK30184", "FDH_ID": "FDH302040", "Lot_No": null, "FSA_No": "THE NORTH SHORE", "OLT_ID": "302", "Subdiv": "3", "Comments": null, "SKU": null, "PON_ID": null, "layer": null, "path": null, "Contractor": null, "DtAsgCnstr": null, "ConStartDt": null, "DtInstald": null }, "geometry": { "type": "Point", "coordinates": [ 358963.622590669256169, 5118192.787606733851135 ] } },
{ "type": "Feature", "properties": { "ID": "391", "Size": "9x12", "Owner": "Rock Networks", "Status": "Proposed", "Struct_1": "Flower pot", "Subtype": "Vault", "Struct_2": null, "Permit_ID": "FS37-MC02-UG", "Trunk_ID": "TRUNK30183", "FDH_ID": "FDH302040", "Lot_No": null, "FSA_No": "THE NORTH SHORE", "OLT_ID": "302", "Subdiv": "3", "Comments": null, "SKU": null, "PON_ID": null, "layer": null, "path": null, "Contractor": null, "DtAsgCnstr": null, "ConStartDt": null, "DtInstald": null }, "geometry": { "type": "Point", "coordinates": [ 358376.743290171492845, 5117716.045890404842794 ] } },
{ "type": "Feature", "properties": { "ID": "392", "Size": "9x12", "Owner": "Rock Networks", "Status": "Proposed", "Struct_1": "Flower pot", "Subtype": "Vault", "Struct_2": null, "Permit_ID": "FS37-MC02-UG", "Trunk_ID": "TRUNK30183", "FDH_ID": "FDH302040", "Lot_No": null, "FSA_No": "THE NORTH SHORE", "OLT_ID": "302", "Subdiv": "3", "Comments": null, "SKU": null, "PON_ID": null, "layer": null, "path": null, "Contractor": null, "DtAsgCnstr": null, "ConStartDt": null, "DtInstald": null }, "geometry": { "type": "Point", "coordinates": [ 358563.82828084891662, 5117581.948783898726106 ] } },
{ "type": "Feature", "properties": { "ID": "393", "Size": "9x12", "Owner": "Rock Networks", "Status": "Proposed", "Struct_1": "Flower pot", "Subtype": "Vault", "Struct_2": null, "Permit_ID": "FS37-MC02-UG", "Trunk_ID": "TRUNK30363", "FDH_ID": "FDH302040", "Lot_No": null, "FSA_No": "THE NORTH SHORE", "OLT_ID": "302", "Subdiv": "3", "Comments": null, "SKU": null, "PON_ID": null, "layer": null, "path": null, "Contractor": null, "DtAsgCnstr": null, "ConStartDt": null, "DtInstald": null }, "geometry": { "type": "Point", "coordinates": [ 359201.04611856827978, 5117572.33960485085845 ] } },
{ "type": "Feature", "properties": { "ID": "394", "Size": "9x12", "Owner": "Rock Networks", "Status": "Proposed", "Struct_1": "Flower pot", "Subtype": "Vault", "Struct_2": null, "Permit_ID": "FS37-MC02-UG", "Trunk_ID": "TRUNK30183", "FDH_ID": "FDH302040", "Lot_No": null, "FSA_No": "THE NORTH SHORE", "OLT_ID": "302", "Subdiv": "3", "Comments": null, "SKU": null, "PON_ID": null, "layer": null, "path": null, "Contractor": null, "DtAsgCnstr": null, "ConStartDt": null, "DtInstald": null }, "geometry": { "type": "Point", "coordinates": [ 359183.248056472744793, 5117530.898896871134639 ] } },
{ "type": "Feature", "properties": { "ID": "395", "Size": "9x12", "Owner": "Rock Networks", "Status": "Proposed", "Struct_1": "Flower pot", "Subtype": "Vault", "Struct_2": null, "Permit_ID": "FS37-MC02-UG", "Trunk_ID": "TRUNK30183", "FDH_ID": "FDH302040", "Lot_No": null, "FSA_No": "THE NORTH SHORE", "OLT_ID": "302", "Subdiv": "3", "Comments": null, "SKU": null, "PON_ID": null, "layer": null, "path": null, "Contractor": null, "DtAsgCnstr": null, "ConStartDt": null, "DtInstald": null }, "geometry": { "type": "Point", "coordinates": [ 359176.809735894668847, 5117533.199054884724319 ] } },
{ "type": "Feature", "properties": { "ID": "396", "Size": "36X60X36", "Owner": "Rock Networks", "Status": "Proposed", "Struct_1": "Large", "Subtype": "Vault", "Struct_2": "Splice", "Permit_ID": "FS29-MC02-UG", "Trunk_ID": "TRUNK30356", "FDH_ID": "FDH302018", "Lot_No": null, "FSA_No": "Serpent River 7", "OLT_ID": "302", "Subdiv": "3", "Comments": null, "SKU": "VLT366036", "PON_ID": null, "layer": null, "path": null, "Contractor": null, "DtAsgCnstr": null, "ConStartDt": null, "DtInstald": null }, "geometry": { "type": "Point", "coordinates": [ 383698.336549706349615, 5118600.791055964305997 ] } },
{ "type": "Feature", "properties": { "ID": "397", "Size": "9x12", "Owner": "Rock Networks", "Status": "Proposed", "Struct_1": "Flower pot", "Subtype": "Vault", "Struct_2": null, "Permit_ID": "FS32-MC05-UG-P2", "Trunk_ID": "TRUNK30186", "FDH_ID": "FDH301028", "Lot_No": null, "FSA_No": "ELLIOT LAKE", "OLT_ID": "301", "Subdiv": "3", "Comments": null, "SKU": null, "PON_ID": null, "layer": null, "path": null, "Contractor": null, "DtAsgCnstr": null, "ConStartDt": null, "DtInstald": null }, "geometry": { "type": "Point", "coordinates": [ 368498.98204509948846, 5149924.628595585003495 ] } },
{ "type": "Feature", "properties": { "ID": "398", "Size": "30X48X24", "Owner": "Rock Networks", "Status": "Proposed", "Struct_1": "Medium", "Subtype": "Vault", "Struct_2": null, "Permit_ID": "FS32-MC05-UG-P2", "Trunk_ID": "TRUNK30186", "FDH_ID": "FDH301028", "Lot_No": null, "FSA_No": "ELLIOT LAKE", "OLT_ID": "301", "Subdiv": "3", "Comments": null, "SKU": "VLT304824", "PON_ID": null, "layer": null, "path": null, "Contractor": null, "DtAsgCnstr": null, "ConStartDt": null, "DtInstald": null }, "geometry": { "type": "Point", "coordinates": [ 368105.682414468610659, 5149943.289914671331644 ] } },
{ "type": "Feature", "properties": { "ID": "399", "Size": "9x12", "Owner": "Rock Networks", "Status": "Proposed", "Struct_1": "Flower pot", "Subtype": "Vault", "Struct_2": null, "Permit_ID": "FS32-MC05-UG-P2", "Trunk_ID": "TRUNK30188", "FDH_ID": "FDH301028", "Lot_No": null, "FSA_No": "ELLIOT LAKE", "OLT_ID": "301", "Subdiv": "3", "Comments": null, "SKU": null, "PON_ID": null, "layer": null, "path": null, "Contractor": null, "DtAsgCnstr": null, "ConStartDt": null, "DtInstald": null }, "geometry": { "type": "Point", "coordinates": [ 366874.757684723823331, 5150359.149884135462344 ] } },
{ "type": "Feature", "properties": { "ID": "400", "Size": "9x12", "Owner": "Rock Networks", "Status": "Proposed", "Struct_1": "Flower pot", "Subtype": "Vault", "Struct_2": null, "Permit_ID": "FS32-MC05-UG-P1", "Trunk_ID": "TRUNK30371", "FDH_ID": "FDH301037", "Lot_No": null, "FSA_No": "ELLIOT LAKE", "OLT_ID": "301", "Subdiv": "3", "Comments": null, "SKU": null, "PON_ID": null, "layer": null, "path": null, "Contractor": null, "DtAsgCnstr": null, "ConStartDt": null, "DtInstald": null }, "geometry": { "type": "Point", "coordinates": [ 365458.64059913624078, 5150299.47734859585762 ] } },
{ "type": "Feature", "properties": { "ID": "401", "Size": "9x12", "Owner": "Rock Networks", "Status": "Proposed", "Struct_1": "Flower pot", "Subtype": "Vault", "Struct_2": null, "Permit_ID": "FS32-MC05-UG-P1", "Trunk_ID": "TRUNK30188", "FDH_ID": "FDH301037", "Lot_No": null, "FSA_No": "ELLIOT LAKE", "OLT_ID": "301", "Subdiv": "3", "Comments": null, "SKU": null, "PON_ID": null, "layer": null, "path": null, "Contractor": null, "DtAsgCnstr": null, "ConStartDt": null, "DtInstald": null }, "geometry": { "type": "Point", "coordinates": [ 365866.45544803631492, 5150294.649624388664961 ] } },
{ "type": "Feature", "properties": { "ID": "402", "Size": "9x12", "Owner": "Rock Networks", "Status": "Proposed", "Struct_1": "Flower pot", "Subtype": "Vault", "Struct_2": null, "Permit_ID": "FS32-MC05-UG-P1", "Trunk_ID": "TRUNK30188", "FDH_ID": "FDH301037", "Lot_No": null, "FSA_No": "ELLIOT LAKE", "OLT_ID": "301", "Subdiv": "3", "Comments": null, "SKU": null, "PON_ID": null, "layer": null, "path": null, "Contractor": null, "DtAsgCnstr": null, "ConStartDt": null, "DtInstald": null }, "geometry": { "type": "Point", "coordinates": [ 366335.212083623860963, 5150425.30103519000113 ] } },
{ "type": "Feature", "properties": { "ID": "403", "Size": "9x12", "Owner": "Rock Networks", "Status": "Proposed", "Struct_1": "Flower pot", "Subtype": "Vault", "Struct_2": null, "Permit_ID": "FS32-MC06-UG-P2", "Trunk_ID": "TRUNK30194", "FDH_ID": "FDH301037", "Lot_No": null, "FSA_No": "ELLIOT LAKE", "OLT_ID": "301", "Subdiv": "3", "Comments": null, "SKU": null, "PON_ID": null, "layer": null, "path": null, "Contractor": null, "DtAsgCnstr": null, "ConStartDt": null, "DtInstald": null }, "geometry": { "type": "Point", "coordinates": [ 363697.979597134166397, 5149878.311389719136059 ] } },
{ "type": "Feature", "properties": { "ID": "404", "Size": "9x12", "Owner": "Rock Networks", "Status": "Proposed", "Struct_1": "Flower pot", "Subtype": "Vault", "Struct_2": null, "Permit_ID": "FS27-MC02-UG", "Trunk_ID": "TRUNK30137", "FDH_ID": "FDH303016", "Lot_No": null, "FSA_No": "SABLES-SPANISH RIVERS", "OLT_ID": "303", "Subdiv": "3", "Comments": "D3,511", "SKU": null, "PON_ID": null, "layer": null, "path": null, "Contractor": null, "DtAsgCnstr": null, "ConStartDt": null, "DtInstald": null }, "geometry": { "type": "Point", "coordinates": [ 426882.253067296289373, 5129978.249694119207561 ] } },
{ "type": "Feature", "properties": { "ID": "405", "Size": "9x12", "Owner": "Rock Networks", "Status": "Proposed", "Struct_1": "Flower pot", "Subtype": "Vault", "Struct_2": null, "Permit_ID": "FS27-MC02-UG", "Trunk_ID": "TRUNK30143", "FDH_ID": "FDH303016", "Lot_No": null, "FSA_No": "SABLES-SPANISH RIVERS", "OLT_ID": "303", "Subdiv": "3", "Comments": "D3,517", "SKU": null, "PON_ID": null, "layer": null, "path": null, "Contractor": null, "DtAsgCnstr": null, "ConStartDt": null, "DtInstald": null }, "geometry": { "type": "Point", "coordinates": [ 426599.318955347756855, 5129917.561935283243656 ] } },
{ "type": "Feature", "properties": { "ID": "406", "Size": "9x12", "Owner": "Rock Networks", "Status": "Proposed", "Struct_1": "Flower pot", "Subtype": "Vault", "Struct_2": null, "Permit_ID": "FS27-MC02-UG", "Trunk_ID": "TRUNK30143", "FDH_ID": "FDH303016", "Lot_No": null, "FSA_No": "SABLES-SPANISH RIVERS", "OLT_ID": "303", "Subdiv": "3", "Comments": "D3,603", "SKU": null, "PON_ID": null, "layer": null, "path": null, "Contractor": null, "DtAsgCnstr": null, "ConStartDt": null, "DtInstald": null }, "geometry": { "type": "Point", "coordinates": [ 426463.975695318949874, 5129769.284480134956539 ] } },
{ "type": "Feature", "properties": { "ID": "407", "Size": "9x12", "Owner": "Rock Networks", "Status": "Proposed", "Struct_1": "Flower pot", "Subtype": "Vault", "Struct_2": null, "Permit_ID": "FS27-MC02-UG", "Trunk_ID": "TRUNK30143", "FDH_ID": "FDH303016", "Lot_No": null, "FSA_No": "SABLES-SPANISH RIVERS", "OLT_ID": "303", "Subdiv": "3", "Comments": "D2,???", "SKU": null, "PON_ID": null, "layer": null, "path": null, "Contractor": null, "DtAsgCnstr": null, "ConStartDt": null, "DtInstald": null }, "geometry": { "type": "Point", "coordinates": [ 426320.006163503101561, 5129281.901095865294337 ] } },
{ "type": "Feature", "properties": { "ID": "408", "Size": "9x12", "Owner": "Rock Networks", "Status": "Proposed", "Struct_1": "Flower pot", "Subtype": "Vault", "Struct_2": null, "Permit_ID": "FS27-MC02-UG", "Trunk_ID": "TRUNK30143", "FDH_ID": "FDH303016", "Lot_No": null, "FSA_No": "SABLES-SPANISH RIVERS", "OLT_ID": "303", "Subdiv": "3", "Comments": "D2,603 E1", "SKU": null, "PON_ID": null, "layer": null, "path": null, "Contractor": null, "DtAsgCnstr": null, "ConStartDt": null, "DtInstald": null }, "geometry": { "type": "Point", "coordinates": [ 426047.193870796530973, 5129056.618506821803749 ] } },
{ "type": "Feature", "properties": { "ID": "409", "Size": "9x12", "Owner": "Rock Networks", "Status": "Proposed", "Struct_1": "Flower pot", "Subtype": "Vault", "Struct_2": null, "Permit_ID": "FS27-MC02-UG", "Trunk_ID": "TRUNK30143", "FDH_ID": "FDH303016", "Lot_No": null, "FSA_No": "SABLES-SPANISH RIVERS", "OLT_ID": "303", "Subdiv": "3", "Comments": "D3,???", "SKU": null, "PON_ID": null, "layer": null, "path": null, "Contractor": null, "DtAsgCnstr": null, "ConStartDt": null, "DtInstald": null }, "geometry": { "type": "Point", "coordinates": [ 425961.636003638617694, 5128832.095490383915603 ] } },
{ "type": "Feature", "properties": { "ID": "410", "Size": "9x12", "Owner": "Rock Networks", "Status": "Proposed", "Struct_1": "Flower pot", "Subtype": "Vault", "Struct_2": null, "Permit_ID": "FS27-MC02-UG", "Trunk_ID": "TRUNK30143", "FDH_ID": "FDH303016", "Lot_No": null, "FSA_No": "SABLES-SPANISH RIVERS", "OLT_ID": "303", "Subdiv": "3", "Comments": "D4,???", "SKU": null, "PON_ID": null, "layer": null, "path": null, "Contractor": null, "DtAsgCnstr": null, "ConStartDt": null, "DtInstald": null }, "geometry": { "type": "Point", "coordinates": [ 425926.074563007045072, 5128819.411914278753102 ] } },
{ "type": "Feature", "properties": { "ID": "411", "Size": "9x12", "Owner": "Rock Networks", "Status": "Proposed", "Struct_1": "Flower pot", "Subtype": "Vault", "Struct_2": null, "Permit_ID": "FS27-MC04-UG-P1", "Trunk_ID": "TRUNK30143", "FDH_ID": "FDH303016", "Lot_No": null, "FSA_No": "SABLES-SPANISH RIVERS", "OLT_ID": "303", "Subdiv": "3", "Comments": "D5,???", "SKU": null, "PON_ID": null, "layer": null, "path": null, "Contractor": null, "DtAsgCnstr": null, "ConStartDt": null, "DtInstald": null }, "geometry": { "type": "Point", "coordinates": [ 425880.102417642017826, 5128812.734588654711843 ] } },
{ "type": "Feature", "properties": { "ID": "412", "Size": "36X60X36", "Owner": "Rock Networks", "Status": "Proposed", "Struct_1": "Large", "Subtype": "Vault", "Struct_2": "Splice", "Permit_ID": "FS32-MC07-UG", "Trunk_ID": "TRUNK30352", "FDH_ID": "FDH302019", "Lot_No": null, "FSA_No": "Serpent River 7", "OLT_ID": "302", "Subdiv": "3", "Comments": null, "SKU": "VLT366036", "PON_ID": null, "layer": null, "path": null, "Contractor": null, "DtAsgCnstr": null, "ConStartDt": null, "DtInstald": null }, "geometry": { "type": "Point", "coordinates": [ 391098.327457583218347, 5117853.493525533936918 ] } },
{ "type": "Feature", "properties": { "ID": "177", "Size": "9x12", "Owner": "Rock Networks", "Status": "Proposed", "Struct_1": "Flower pot", "Subtype": "Vault", "Struct_2": null, "Permit_ID": "FS37-MC02-UG", "Trunk_ID": "TRUNK30183", "FDH_ID": "FDH302040", "Lot_No": null, "FSA_No": "THE NORTH SHORE", "OLT_ID": "302", "Subdiv": "3", "Comments": null, "SKU": null, "PON_ID": null, "layer": null, "path": null, "Contractor": null, "DtAsgCnstr": null, "ConStartDt": null, "DtInstald": null }, "geometry": { "type": "Point", "coordinates": [ 358298.002752594416961, 5117730.050250838510692 ] } },
{ "type": "Feature", "properties": { "ID": "178", "Size": "9x12", "Owner": "Rock Networks", "Status": "Proposed", "Struct_1": "Flower pot", "Subtype": "Vault", "Struct_2": null, "Permit_ID": "FS37-MC02-UG", "Trunk_ID": "TRUNK30183", "FDH_ID": "FDH302040", "Lot_No": null, "FSA_No": "THE NORTH SHORE", "OLT_ID": "302", "Subdiv": "3", "Comments": null, "SKU": null, "PON_ID": null, "layer": null, "path": null, "Contractor": null, "DtAsgCnstr": null, "ConStartDt": null, "DtInstald": null }, "geometry": { "type": "Point", "coordinates": [ 358372.600583713036031, 5117716.863856526091695 ] } },
{ "type": "Feature", "properties": { "ID": "179", "Size": "36X60X36", "Owner": "Rock Networks", "Status": "Proposed", "Struct_1": "Large", "Subtype": "Vault", "Struct_2": "Splice", "Permit_ID": "FS37-MC02-UG", "Trunk_ID": "TRUNK30183", "FDH_ID": "FDH302040", "Lot_No": null, "FSA_No": "THE NORTH SHORE", "OLT_ID": "302", "Subdiv": "3", "Comments": null, "SKU": "VLT366036", "PON_ID": null, "layer": null, "path": null, "Contractor": null, "DtAsgCnstr": null, "ConStartDt": null, "DtInstald": null }, "geometry": { "type": "Point", "coordinates": [ 358462.960767924436368, 5117704.516596434637904 ] } },
{ "type": "Feature", "properties": { "ID": "180", "Size": "9x12", "Owner": "Rock Networks", "Status": "Proposed", "Struct_1": "Flower pot", "Subtype": "Vault", "Struct_2": null, "Permit_ID": "FS37-MC02-UG", "Trunk_ID": "TRUNK30183", "FDH_ID": "FDH302040", "Lot_No": null, "FSA_No": "THE NORTH SHORE", "OLT_ID": "302", "Subdiv": "3", "Comments": null, "SKU": null, "PON_ID": null, "layer": null, "path": null, "Contractor": null, "DtAsgCnstr": null, "ConStartDt": null, "DtInstald": null }, "geometry": { "type": "Point", "coordinates": [ 358496.578061032691039, 5117709.490342453122139 ] } },
{ "type": "Feature", "properties": { "ID": "181", "Size": "9x12", "Owner": "Rock Networks", "Status": "Proposed", "Struct_1": "Flower pot", "Subtype": "Vault", "Struct_2": null, "Permit_ID": "FS37-MC02-UG", "Trunk_ID": "TRUNK30183", "FDH_ID": "FDH302040", "Lot_No": null, "FSA_No": "THE NORTH SHORE", "OLT_ID": "302", "Subdiv": "3", "Comments": null, "SKU": null, "PON_ID": null, "layer": null, "path": null, "Contractor": null, "DtAsgCnstr": null, "ConStartDt": null, "DtInstald": null }, "geometry": { "type": "Point", "coordinates": [ 358496.386564306914806, 5117713.644950949586928 ] } },
{ "type": "Feature", "properties": { "ID": "251", "Size": "36X60X36", "Owner": "Rock Networks", "Status": "Proposed", "Struct_1": "Large", "Subtype": "Vault", "Struct_2": "Splice", "Permit_ID": "FS32-MC05-UG-P1", "Trunk_ID": "TRUNK30371", "FDH_ID": "FDH301037", "Lot_No": null, "FSA_No": "ELLIOT LAKE", "OLT_ID": "301", "Subdiv": "3", "Comments": null, "SKU": "VLT366036", "PON_ID": null, "layer": null, "path": null, "Contractor": null, "DtAsgCnstr": null, "ConStartDt": null, "DtInstald": null }, "geometry": { "type": "Point", "coordinates": [ 365637.019131719600409, 5150252.052571950480342 ] } },
{ "type": "Feature", "properties": { "ID": "252", "Size": "9x12", "Owner": "Rock Networks", "Status": "Proposed", "Struct_1": "Flower pot", "Subtype": "Vault", "Struct_2": null, "Permit_ID": "FS32-MC05-UG-P2", "Trunk_ID": "TRUNK30186", "FDH_ID": "FDH301028", "Lot_No": null, "FSA_No": "ELLIOT LAKE", "OLT_ID": "301", "Subdiv": "3", "Comments": null, "SKU": null, "PON_ID": null, "layer": null, "path": null, "Contractor": null, "DtAsgCnstr": null, "ConStartDt": null, "DtInstald": null }, "geometry": { "type": "Point", "coordinates": [ 368385.141348471748643, 5149938.834958788007498 ] } },
{ "type": "Feature", "properties": { "ID": "253", "Size": "30X48X24", "Owner": "Rock Networks", "Status": "Proposed", "Struct_1": "Medium", "Subtype": "Vault", "Struct_2": null, "Permit_ID": "FS32-MC05-UG-P2", "Trunk_ID": "TRUNK30187", "FDH_ID": "FDH301028", "Lot_No": null, "FSA_No": "ELLIOT LAKE", "OLT_ID": "301", "Subdiv": "3", "Comments": null, "SKU": "VLT304824", "PON_ID": null, "layer": null, "path": null, "Contractor": null, "DtAsgCnstr": null, "ConStartDt": null, "DtInstald": null }, "geometry": { "type": "Point", "coordinates": [ 367848.7415283145383, 5150091.358295154757798 ] } },
{ "type": "Feature", "properties": { "ID": "254", "Size": "9x12", "Owner": "Rock Networks", "Status": "Proposed", "Struct_1": "Flower pot", "Subtype": "Vault", "Struct_2": null, "Permit_ID": "FS32-MC05-UG-P2", "Trunk_ID": "TRUNK30187", "FDH_ID": "FDH301028", "Lot_No": null, "FSA_No": "ELLIOT LAKE", "OLT_ID": "301", "Subdiv": "3", "Comments": null, "SKU": null, "PON_ID": null, "layer": null, "path": null, "Contractor": null, "DtAsgCnstr": null, "ConStartDt": null, "DtInstald": null }, "geometry": { "type": "Point", "coordinates": [ 367619.720162890735082, 5150099.596186968497932 ] } },
{ "type": "Feature", "properties": { "ID": "255", "Size": "36X60X36", "Owner": "Rock Networks", "Status": "Proposed", "Struct_1": "Large", "Subtype": "Vault", "Struct_2": "Splice", "Permit_ID": "FS32-MC05-UG-P2", "Trunk_ID": "TRUNK30187", "FDH_ID": "FDH301028", "Lot_No": null, "FSA_No": "ELLIOT LAKE", "OLT_ID": "301", "Subdiv": "3", "Comments": null, "SKU": null, "PON_ID": null, "layer": null, "path": null, "Contractor": null, "DtAsgCnstr": null, "ConStartDt": null, "DtInstald": null }, "geometry": { "type": "Point", "coordinates": [ 366884.736424642498605, 5150353.221922957338393 ] } },
{ "type": "Feature", "properties": { "ID": "256", "Size": "9x12", "Owner": "Rock Networks", "Status": "Proposed", "Struct_1": "Flower pot", "Subtype": "Vault", "Struct_2": null, "Permit_ID": "FS32-MC05-UG-P2", "Trunk_ID": "TRUNK30188", "FDH_ID": "FDH301028", "Lot_No": null, "FSA_No": "ELLIOT LAKE", "OLT_ID": "301", "Subdiv": "3", "Comments": null, "SKU": null, "PON_ID": null, "layer": null, "path": null, "Contractor": null, "DtAsgCnstr": null, "ConStartDt": null, "DtInstald": null }, "geometry": { "type": "Point", "coordinates": [ 366781.427717165148351, 5150401.96613251324743 ] } },
{ "type": "Feature", "properties": { "ID": "257", "Size": "9x12", "Owner": "Rock Networks", "Status": "Proposed", "Struct_1": "Flower pot", "Subtype": "Vault", "Struct_2": null, "Permit_ID": "FS32-MC05-UG-P2", "Trunk_ID": "TRUNK30188", "FDH_ID": "FDH301028", "Lot_No": null, "FSA_No": "ELLIOT LAKE", "OLT_ID": "301", "Subdiv": "3", "Comments": null, "SKU": null, "PON_ID": null, "layer": null, "path": null, "Contractor": null, "DtAsgCnstr": null, "ConStartDt": null, "DtInstald": null }, "geometry": { "type": "Point", "coordinates": [ 366856.659864769433625, 5150374.896057373844087 ] } },
{ "type": "Feature", "properties": { "ID": "259", "Size": "9x12", "Owner": "Rock Networks", "Status": "Proposed", "Struct_1": "Flower pot", "Subtype": "Vault", "Struct_2": null, "Permit_ID": "FS32-MC05-UG-P2", "Trunk_ID": "TRUNK30188", "FDH_ID": "FDH301028", "Lot_No": null, "FSA_No": "ELLIOT LAKE", "OLT_ID": "301", "Subdiv": "3", "Comments": null, "SKU": null, "PON_ID": null, "layer": null, "path": null, "Contractor": null, "DtAsgCnstr": null, "ConStartDt": null, "DtInstald": null }, "geometry": { "type": "Point", "coordinates": [ 366731.18528739165049, 5150411.531575562432408 ] } },
{ "type": "Feature", "properties": { "ID": "260", "Size": "9x12", "Owner": "Rock Networks", "Status": "Proposed", "Struct_1": "Flower pot", "Subtype": "Vault", "Struct_2": null, "Permit_ID": "FS32-MC05-UG-P2", "Trunk_ID": "TRUNK30188", "FDH_ID": "FDH301028", "Lot_No": null, "FSA_No": "ELLIOT LAKE", "OLT_ID": "301", "Subdiv": "3", "Comments": null, "SKU": null, "PON_ID": null, "layer": null, "path": null, "Contractor": null, "DtAsgCnstr": null, "ConStartDt": null, "DtInstald": null }, "geometry": { "type": "Point", "coordinates": [ 366762.338634971878491, 5150405.86334693711251 ] } },
{ "type": "Feature", "properties": { "ID": "261", "Size": "9x12", "Owner": "Rock Networks", "Status": "Proposed", "Struct_1": "Flower pot", "Subtype": "Vault", "Struct_2": null, "Permit_ID": "FS32-MC05-UG-P1", "Trunk_ID": "TRUNK30188", "FDH_ID": "FDH301037", "Lot_No": null, "FSA_No": "ELLIOT LAKE", "OLT_ID": "301", "Subdiv": "3", "Comments": null, "SKU": null, "PON_ID": null, "layer": null, "path": null, "Contractor": null, "DtAsgCnstr": null, "ConStartDt": null, "DtInstald": null }, "geometry": { "type": "Point", "coordinates": [ 366670.560060221818276, 5150422.924123710952699 ] } },
{ "type": "Feature", "properties": { "ID": "262", "Size": "36X60X36", "Owner": "Rock Networks", "Status": "Proposed", "Struct_1": "Large", "Subtype": "Vault", "Struct_2": "Splice", "Permit_ID": "FS32-MC05-UG-P1", "Trunk_ID": "TRUNK30188", "FDH_ID": "FDH301037", "Lot_No": null, "FSA_No": "ELLIOT LAKE", "OLT_ID": "301", "Subdiv": "3", "Comments": null, "SKU": "VLT366036", "PON_ID": null, "layer": null, "path": null, "Contractor": null, "DtAsgCnstr": null, "ConStartDt": null, "DtInstald": null }, "geometry": { "type": "Point", "coordinates": [ 366468.077125538489781, 5150476.553641974925995 ] } },
{ "type": "Feature", "properties": { "ID": "263", "Size": "9x12", "Owner": "Rock Networks", "Status": "Proposed", "Struct_1": "Flower pot", "Subtype": "Vault", "Struct_2": null, "Permit_ID": "FS32-MC05-UG-P1", "Trunk_ID": "TRUNK30188", "FDH_ID": "FDH301037", "Lot_No": null, "FSA_No": "ELLIOT LAKE", "OLT_ID": "301", "Subdiv": "3", "Comments": null, "SKU": null, "PON_ID": null, "layer": null, "path": null, "Contractor": null, "DtAsgCnstr": null, "ConStartDt": null, "DtInstald": null }, "geometry": { "type": "Point", "coordinates": [ 366508.139325413270853, 5150468.357749430462718 ] } },
{ "type": "Feature", "properties": { "ID": "224", "Size": "9x12", "Owner": "Rock Networks", "Status": "Proposed", "Struct_1": "Flower pot", "Subtype": "Vault", "Struct_2": null, "Permit_ID": "FS27-MC04-UG-P2", "Trunk_ID": "TRUNK30289", "FDH_ID": "FDH303014", "Lot_No": null, "FSA_No": "SABLES-SPANISH RIVERS", "OLT_ID": "303", "Subdiv": "3", "Comments": null, "SKU": null, "PON_ID": null, "layer": null, "path": null, "Contractor": null, "DtAsgCnstr": null, "ConStartDt": null, "DtInstald": null }, "geometry": { "type": "Point", "coordinates": [ 408580.073862664750777, 5117464.997896635904908 ] } },
{ "type": "Feature", "properties": { "ID": "225", "Size": "9x12", "Owner": "Rock Networks", "Status": "Proposed", "Struct_1": "Flower pot", "Subtype": "Vault", "Struct_2": null, "Permit_ID": "FS27-MC04-UG-P2", "Trunk_ID": "TRUNK30289", "FDH_ID": "FDH303014", "Lot_No": null, "FSA_No": "SABLES-SPANISH RIVERS", "OLT_ID": "303", "Subdiv": "3", "Comments": null, "SKU": null, "PON_ID": null, "layer": null, "path": null, "Contractor": null, "DtAsgCnstr": null, "ConStartDt": null, "DtInstald": null }, "geometry": { "type": "Point", "coordinates": [ 408741.140252253040671, 5117501.392046395689249 ] } },
{ "type": "Feature", "properties": { "ID": "226", "Size": "9x12", "Owner": "Rock Networks", "Status": "Proposed", "Struct_1": "Flower pot", "Subtype": "Vault", "Struct_2": null, "Permit_ID": "FS27-MC04-UG-P2", "Trunk_ID": "TRUNK30289", "FDH_ID": "FDH303014", "Lot_No": null, "FSA_No": "SABLES-SPANISH RIVERS", "OLT_ID": "303", "Subdiv": "3", "Comments": null, "SKU": null, "PON_ID": null, "layer": null, "path": null, "Contractor": null, "DtAsgCnstr": null, "ConStartDt": null, "DtInstald": null }, "geometry": { "type": "Point", "coordinates": [ 408748.299388734914828, 5117494.5546864438802 ] } },
{ "type": "Feature", "properties": { "ID": "227", "Size": "36X60X36", "Owner": "Rock Networks", "Status": "Proposed", "Struct_1": "Large", "Subtype": "Vault", "Struct_2": "Splice", "Permit_ID": "FS27-MC04-UG-P3", "Trunk_ID": "TRUNK30130", "FDH_ID": "FDH303013", "Lot_No": null, "FSA_No": "SABLES-SPANISH RIVERS", "OLT_ID": "303", "Subdiv": "3", "Comments": null, "SKU": "VLT366036", "PON_ID": null, "layer": null, "path": null, "Contractor": null, "DtAsgCnstr": null, "ConStartDt": null, "DtInstald": null }, "geometry": { "type": "Point", "coordinates": [ 412987.732780677848496, 5120456.623379466123879 ] } },
{ "type": "Feature", "properties": { "ID": "229", "Size": "9x12", "Owner": "Rock Networks", "Status": "Proposed", "Struct_1": "Flower pot", "Subtype": "Vault", "Struct_2": null, "Permit_ID": "FS27-MC04-UG-P3", "Trunk_ID": "TRUNK30130", "FDH_ID": "FDH303013", "Lot_No": null, "FSA_No": "SABLES-SPANISH RIVERS", "OLT_ID": "303", "Subdiv": "3", "Comments": null, "SKU": null, "PON_ID": null, "layer": null, "path": null, "Contractor": null, "DtAsgCnstr": null, "ConStartDt": null, "DtInstald": null }, "geometry": { "type": "Point", "coordinates": [ 413278.635844872333109, 5120757.702382454648614 ] } },
{ "type": "Feature", "properties": { "ID": "230", "Size": "9x12", "Owner": "Rock Networks", "Status": "Proposed", "Struct_1": "Flower pot", "Subtype": "Vault", "Struct_2": null, "Permit_ID": "FS27-MC04-UG-P3", "Trunk_ID": "TRUNK30130", "FDH_ID": "FDH303013", "Lot_No": null, "FSA_No": "SABLES-SPANISH RIVERS", "OLT_ID": "303", "Subdiv": "3", "Comments": null, "SKU": null, "PON_ID": null, "layer": null, "path": null, "Contractor": null, "DtAsgCnstr": null, "ConStartDt": null, "DtInstald": null }, "geometry": { "type": "Point", "coordinates": [ 412981.188243965618312, 5120687.14046739321202 ] } },
{ "type": "Feature", "properties": { "ID": "231", "Size": "30X48X24", "Owner": "Rock Networks", "Status": "Proposed", "Struct_1": "Medium", "Subtype": "Vault", "Struct_2": "Splice", "Permit_ID": "FS32-MC05-UG-P2", "Trunk_ID": "TRUNK30186", "FDH_ID": "FDH301028", "Lot_No": null, "FSA_No": "ELLIOT LAKE", "OLT_ID": "301", "Subdiv": "3", "Comments": null, "SKU": "VLT304824", "PON_ID": null, "layer": null, "path": null, "Contractor": null, "DtAsgCnstr": null, "ConStartDt": null, "DtInstald": null }, "geometry": { "type": "Point", "coordinates": [ 368628.377482307783794, 5149890.215654318220913 ] } },
{ "type": "Feature", "properties": { "ID": "232", "Size": "9x12", "Owner": "Rock Networks", "Status": "Proposed", "Struct_1": "Flower pot", "Subtype": "Vault", "Struct_2": null, "Permit_ID": "FS32-MC05-UG-P2", "Trunk_ID": "TRUNK30186", "FDH_ID": "FDH301028", "Lot_No": null, "FSA_No": "ELLIOT LAKE", "OLT_ID": "301", "Subdiv": "3", "Comments": null, "SKU": null, "PON_ID": null, "layer": null, "path": null, "Contractor": null, "DtAsgCnstr": null, "ConStartDt": null, "DtInstald": null }, "geometry": { "type": "Point", "coordinates": [ 368670.291126734518912, 5149880.348431117832661 ] } },
{ "type": "Feature", "properties": { "ID": "233", "Size": "9x12", "Owner": "Rock Networks", "Status": "Proposed", "Struct_1": "Flower pot", "Subtype": "Vault", "Struct_2": null, "Permit_ID": "FS32-MC05-UG-P2", "Trunk_ID": "TRUNK30186", "FDH_ID": "FDH301028", "Lot_No": null, "FSA_No": "ELLIOT LAKE", "OLT_ID": "301", "Subdiv": "3", "Comments": null, "SKU": null, "PON_ID": null, "layer": null, "path": null, "Contractor": null, "DtAsgCnstr": null, "ConStartDt": null, "DtInstald": null }, "geometry": { "type": "Point", "coordinates": [ 368674.991711454058532, 5149891.231490997597575 ] } },
{ "type": "Feature", "properties": { "ID": "234", "Size": "9x12", "Owner": "Rock Networks", "Status": "Proposed", "Struct_1": "Flower pot", "Subtype": "Vault", "Struct_2": null, "Permit_ID": "FS32-MC05-UG-P2", "Trunk_ID": "TRUNK30186", "FDH_ID": "FDH301028", "Lot_No": null, "FSA_No": "ELLIOT LAKE", "OLT_ID": "301", "Subdiv": "3", "Comments": null, "SKU": null, "PON_ID": null, "layer": null, "path": null, "Contractor": null, "DtAsgCnstr": null, "ConStartDt": null, "DtInstald": null }, "geometry": { "type": "Point", "coordinates": [ 368812.638715143431909, 5149819.938783759251237 ] } },
{ "type": "Feature", "properties": { "ID": "235", "Size": "9x12", "Owner": "Rock Networks", "Status": "Proposed", "Struct_1": "Flower pot", "Subtype": "Vault", "Struct_2": null, "Permit_ID": "FS32-MC05-UG-P2", "Trunk_ID": "TRUNK30186", "FDH_ID": "FDH301028", "Lot_No": null, "FSA_No": "ELLIOT LAKE", "OLT_ID": "301", "Subdiv": "3", "Comments": null, "SKU": null, "PON_ID": null, "layer": null, "path": null, "Contractor": null, "DtAsgCnstr": null, "ConStartDt": null, "DtInstald": null }, "geometry": { "type": "Point", "coordinates": [ 368753.972165950981434, 5149867.965683863498271 ] } },
{ "type": "Feature", "properties": { "ID": "275", "Size": "9x12", "Owner": "Rock Networks", "Status": "Proposed", "Struct_1": "Flower pot", "Subtype": "Vault", "Struct_2": null, "Permit_ID": "FS32-MC05-UG-P2", "Trunk_ID": "TRUNK30187", "FDH_ID": "FDH301028", "Lot_No": null, "FSA_No": "ELLIOT LAKE", "OLT_ID": "301", "Subdiv": "3", "Comments": null, "SKU": null, "PON_ID": null, "layer": null, "path": null, "Contractor": null, "DtAsgCnstr": null, "ConStartDt": null, "DtInstald": null }, "geometry": { "type": "Point", "coordinates": [ 366893.878422440029681, 5150329.257160342298448 ] } },
{ "type": "Feature", "properties": { "ID": "276", "Size": "9x12", "Owner": "Rock Networks", "Status": "Proposed", "Struct_1": "Flower pot", "Subtype": "Vault", "Struct_2": null, "Permit_ID": "FS32-MC05-UG-P1", "Trunk_ID": "TRUNK30188", "FDH_ID": "FDH301037", "Lot_No": null, "FSA_No": "ELLIOT LAKE", "OLT_ID": "301", "Subdiv": "3", "Comments": null, "SKU": null, "PON_ID": null, "layer": null, "path": null, "Contractor": null, "DtAsgCnstr": null, "ConStartDt": null, "DtInstald": null }, "geometry": { "type": "Point", "coordinates": [ 366157.831741545174737, 5150382.276864065788686 ] } },
{ "type": "Feature", "properties": { "ID": "277", "Size": "9x12", "Owner": "Rock Networks", "Status": "Proposed", "Struct_1": "Flower pot", "Subtype": "Vault", "Struct_2": null, "Permit_ID": "FS32-MC05-UG-P1", "Trunk_ID": "TRUNK30188", "FDH_ID": "FDH301037", "Lot_No": null, "FSA_No": "ELLIOT LAKE", "OLT_ID": "301", "Subdiv": "3", "Comments": null, "SKU": null, "PON_ID": null, "layer": null, "path": null, "Contractor": null, "DtAsgCnstr": null, "ConStartDt": null, "DtInstald": null }, "geometry": { "type": "Point", "coordinates": [ 366243.089107310632244, 5150399.887891012243927 ] } },
{ "type": "Feature", "properties": { "ID": "278", "Size": "9x12", "Owner": "Rock Networks", "Status": "Proposed", "Struct_1": "Flower pot", "Subtype": "Vault", "Struct_2": null, "Permit_ID": "FS32-MC05-UG-P1", "Trunk_ID": "TRUNK30188", "FDH_ID": "FDH301037", "Lot_No": null, "FSA_No": "ELLIOT LAKE", "OLT_ID": "301", "Subdiv": "3", "Comments": null, "SKU": null, "PON_ID": null, "layer": null, "path": null, "Contractor": null, "DtAsgCnstr": null, "ConStartDt": null, "DtInstald": null }, "geometry": { "type": "Point", "coordinates": [ 366118.786660084035248, 5150380.741591875441372 ] } },
{ "type": "Feature", "properties": { "ID": "279", "Size": "9x12", "Owner": "Rock Networks", "Status": "Proposed", "Struct_1": "Flower pot", "Subtype": "Vault", "Struct_2": null, "Permit_ID": "FS32-MC05-UG-P1", "Trunk_ID": "TRUNK30188", "FDH_ID": "FDH301037", "Lot_No": null, "FSA_No": "ELLIOT LAKE", "OLT_ID": "301", "Subdiv": "3", "Comments": null, "SKU": null, "PON_ID": null, "layer": null, "path": null, "Contractor": null, "DtAsgCnstr": null, "ConStartDt": null, "DtInstald": null }, "geometry": { "type": "Point", "coordinates": [ 365839.119790354045108, 5150293.918551743961871 ] } },
{ "type": "Feature", "properties": { "ID": "413", "Size": "36X60X36", "Owner": "Rock Networks", "Status": "Proposed", "Struct_1": "Large", "Subtype": "Vault", "Struct_2": "Splice", "Permit_ID": "FS32-MC01-UG", "Trunk_ID": "TRUNK30060", "FDH_ID": "FDH302019", "Lot_No": null, "FSA_No": "SPANISH", "OLT_ID": "302", "Subdiv": "3", "Comments": null, "SKU": "VLT366036", "PON_ID": null, "layer": null, "path": null, "Contractor": null, "DtAsgCnstr": null, "ConStartDt": null, "DtInstald": null }, "geometry": { "type": "Point", "coordinates": [ 391195.931839840253815, 5117815.657079314813018 ] } },
{ "type": "Feature", "properties": { "ID": "414", "Size": "36X60X36", "Owner": "Rock Networks", "Status": "Proposed", "Struct_1": "Large", "Subtype": "Vault", "Struct_2": "Splice", "Permit_ID": "FS27-MC12-SUB", "Trunk_ID": "TRUNK30321", "FDH_ID": "FDH303015", "Lot_No": null, "FSA_No": "SABLES-SPANISH RIVERS", "OLT_ID": "303", "Subdiv": "3", "Comments": null, "SKU": "VLT366036", "PON_ID": null, "layer": null, "path": null, "Contractor": null, "DtAsgCnstr": null, "ConStartDt": null, "DtInstald": null }, "geometry": { "type": "Point", "coordinates": [ 417069.49625429318985, 5117465.507432683371007 ] } },
{ "type": "Feature", "properties": { "ID": "415", "Size": "36X60X36", "Owner": "Rock Networks", "Status": "Proposed", "Struct_1": "Large", "Subtype": "Vault", "Struct_2": "Splice", "Permit_ID": "FS27-MC13-UG", "Trunk_ID": "TRUNK30308", "FDH_ID": "FDH303015", "Lot_No": null, "FSA_No": "SABLES-SPANISH RIVERS", "OLT_ID": "303", "Subdiv": "3", "Comments": null, "SKU": "VLT366036", "PON_ID": null, "layer": null, "path": null, "Contractor": null, "DtAsgCnstr": null, "ConStartDt": null, "DtInstald": null }, "geometry": { "type": "Point", "coordinates": [ 416992.867856248805765, 5117565.586382519453764 ] } },
{ "type": "Feature", "properties": { "ID": "416", "Size": "36X60X36", "Owner": "Rock Networks", "Status": "Proposed", "Struct_1": "Large", "Subtype": "Vault", "Struct_2": "Splice", "Permit_ID": "FS27-MC12-SUB", "Trunk_ID": "TRUNK30038", "FDH_ID": "FDH303010", "Lot_No": null, "FSA_No": "SABLES-SPANISH RIVERS", "OLT_ID": "303", "Subdiv": "3", "Comments": null, "SKU": "VLT366036", "PON_ID": null, "layer": null, "path": null, "Contractor": null, "DtAsgCnstr": null, "ConStartDt": null, "DtInstald": null }, "geometry": { "type": "Point", "coordinates": [ 417186.188162302016281, 5117269.858570789918303 ] } },
{ "type": "Feature", "properties": { "ID": "417", "Size": "9x12", "Owner": "Rock Networks", "Status": "Proposed", "Struct_1": "Flower pot", "Subtype": "Vault", "Struct_2": null, "Permit_ID": "FS27-MC11-UG", "Trunk_ID": "TRUNK30237", "FDH_ID": "FDH303016", "Lot_No": null, "FSA_No": "SABLES-SPANISH RIVERS", "OLT_ID": "303", "Subdiv": "3", "Comments": null, "SKU": null, "PON_ID": null, "layer": null, "path": null, "Contractor": null, "DtAsgCnstr": null, "ConStartDt": null, "DtInstald": null }, "geometry": { "type": "Point", "coordinates": [ 428494.074214469292201, 5130039.627547197043896 ] } },
{ "type": "Feature", "properties": { "ID": "418", "Size": "9x12", "Owner": "Rock Networks", "Status": "Proposed", "Struct_1": "Flower pot", "Subtype": "Vault", "Struct_2": null, "Permit_ID": "FS27-MC11-UG", "Trunk_ID": "TRUNK30230", "FDH_ID": "FDH303016", "Lot_No": null, "FSA_No": "SABLES-SPANISH RIVERS", "OLT_ID": "303", "Subdiv": "3", "Comments": null, "SKU": null, "PON_ID": null, "layer": null, "path": null, "Contractor": null, "DtAsgCnstr": null, "ConStartDt": null, "DtInstald": null }, "geometry": { "type": "Point", "coordinates": [ 427993.122960944660008, 5129899.415966939181089 ] } },
{ "type": "Feature", "properties": { "ID": "419", "Size": "9x12", "Owner": "Rock Networks", "Status": "Proposed", "Struct_1": "Flower pot", "Subtype": "Vault", "Struct_2": null, "Permit_ID": "FS27-MC11-UG", "Trunk_ID": "TRUNK30230", "FDH_ID": "FDH303016", "Lot_No": null, "FSA_No": "SABLES-SPANISH RIVERS", "OLT_ID": "303", "Subdiv": "3", "Comments": null, "SKU": null, "PON_ID": null, "layer": null, "path": null, "Contractor": null, "DtAsgCnstr": null, "ConStartDt": null, "DtInstald": null }, "geometry": { "type": "Point", "coordinates": [ 428057.885216909111477, 5129904.004696323536336 ] } },
{ "type": "Feature", "properties": { "ID": "420", "Size": "9x12", "Owner": "Rock Networks", "Status": "Proposed", "Struct_1": "Flower pot", "Subtype": "Vault", "Struct_2": null, "Permit_ID": "FS27-MC11-UG", "Trunk_ID": "TRUNK30230", "FDH_ID": "FDH303016", "Lot_No": null, "FSA_No": "SABLES-SPANISH RIVERS", "OLT_ID": "303", "Subdiv": "3", "Comments": null, "SKU": null, "PON_ID": null, "layer": null, "path": null, "Contractor": null, "DtAsgCnstr": null, "ConStartDt": null, "DtInstald": null }, "geometry": { "type": "Point", "coordinates": [ 428121.026995807827916, 5129897.662065758369863 ] } },
{ "type": "Feature", "properties": { "ID": "421", "Size": "36X60X36", "Owner": "Rock Networks", "Status": "Proposed", "Struct_1": "Large", "Subtype": "Vault", "Struct_2": "Splice", "Permit_ID": "FS27-MC11-UG", "Trunk_ID": "TRUNK30230", "FDH_ID": "FDH303016", "Lot_No": null, "FSA_No": "SABLES-SPANISH RIVERS", "OLT_ID": "303", "Subdiv": "3", "Comments": null, "SKU": "VLT366036", "PON_ID": null, "layer": null, "path": null, "Contractor": null, "DtAsgCnstr": null, "ConStartDt": null, "DtInstald": null }, "geometry": { "type": "Point", "coordinates": [ 428202.149738815263845, 5129906.533581400290132 ] } },
{ "type": "Feature", "properties": { "ID": "280", "Size": "9x12", "Owner": "Rock Networks", "Status": "Proposed", "Struct_1": "Flower pot", "Subtype": "Vault", "Struct_2": null, "Permit_ID": "FS32-MC05-UG-P1", "Trunk_ID": "TRUNK30188", "FDH_ID": "FDH301037", "Lot_No": null, "FSA_No": "ELLIOT LAKE", "OLT_ID": "301", "Subdiv": "3", "Comments": null, "SKU": null, "PON_ID": null, "layer": null, "path": null, "Contractor": null, "DtAsgCnstr": null, "ConStartDt": null, "DtInstald": null }, "geometry": { "type": "Point", "coordinates": [ 365789.48384567827452, 5150278.510298038832843 ] } },
{ "type": "Feature", "properties": { "ID": "281", "Size": "9x12", "Owner": "Rock Networks", "Status": "Proposed", "Struct_1": "Flower pot", "Subtype": "Vault", "Struct_2": null, "Permit_ID": "FS32-MC05-UG-P1", "Trunk_ID": "TRUNK30371", "FDH_ID": "FDH301037", "Lot_No": null, "FSA_No": "ELLIOT LAKE", "OLT_ID": "301", "Subdiv": "3", "Comments": null, "SKU": null, "PON_ID": null, "layer": null, "path": null, "Contractor": null, "DtAsgCnstr": null, "ConStartDt": null, "DtInstald": null }, "geometry": { "type": "Point", "coordinates": [ 365454.449381825979799, 5150301.564090754836798 ] } },
{ "type": "Feature", "properties": { "ID": "282", "Size": "9x12", "Owner": "Rock Networks", "Status": "Proposed", "Struct_1": "Flower pot", "Subtype": "Vault", "Struct_2": null, "Permit_ID": "FS32-MC05-UG-P1", "Trunk_ID": "TRUNK30371", "FDH_ID": "FDH301037", "Lot_No": null, "FSA_No": "ELLIOT LAKE", "OLT_ID": "301", "Subdiv": "3", "Comments": null, "SKU": null, "PON_ID": null, "layer": null, "path": null, "Contractor": null, "DtAsgCnstr": null, "ConStartDt": null, "DtInstald": null }, "geometry": { "type": "Point", "coordinates": [ 365375.211210760637186, 5150338.853292875923216 ] } },
{ "type": "Feature", "properties": { "ID": "283", "Size": "9x12", "Owner": "Rock Networks", "Status": "Proposed", "Struct_1": "Flower pot", "Subtype": "Vault", "Struct_2": null, "Permit_ID": "FS32-MC05-UG-P1", "Trunk_ID": "TRUNK30371", "FDH_ID": "FDH301037", "Lot_No": null, "FSA_No": "ELLIOT LAKE", "OLT_ID": "301", "Subdiv": "3", "Comments": null, "SKU": null, "PON_ID": null, "layer": null, "path": null, "Contractor": null, "DtAsgCnstr": null, "ConStartDt": null, "DtInstald": null }, "geometry": { "type": "Point", "coordinates": [ 365405.14573205076158, 5150322.134801766835153 ] } },
{ "type": "Feature", "properties": { "ID": "284", "Size": "9x12", "Owner": "Rock Networks", "Status": "Proposed", "Struct_1": "Flower pot", "Subtype": "Vault", "Struct_2": null, "Permit_ID": "FS32-MC05-UG-P1", "Trunk_ID": "TRUNK30371", "FDH_ID": "FDH301037", "Lot_No": null, "FSA_No": "ELLIOT LAKE", "OLT_ID": "301", "Subdiv": "3", "Comments": null, "SKU": null, "PON_ID": null, "layer": null, "path": null, "Contractor": null, "DtAsgCnstr": null, "ConStartDt": null, "DtInstald": null }, "geometry": { "type": "Point", "coordinates": [ 365388.735547631047666, 5150330.257750608026981 ] } },
{ "type": "Feature", "properties": { "ID": "285", "Size": "9x12", "Owner": "Rock Networks", "Status": "Proposed", "Struct_1": "Flower pot", "Subtype": "Vault", "Struct_2": null, "Permit_ID": "FS32-MC05-UG-P1", "Trunk_ID": "TRUNK30371", "FDH_ID": "FDH301037", "Lot_No": null, "FSA_No": "ELLIOT LAKE", "OLT_ID": "301", "Subdiv": "3", "Comments": null, "SKU": null, "PON_ID": null, "layer": null, "path": null, "Contractor": null, "DtAsgCnstr": null, "ConStartDt": null, "DtInstald": null }, "geometry": { "type": "Point", "coordinates": [ 365359.521389131550677, 5150330.231202000752091 ] } },
{ "type": "Feature", "properties": { "ID": "286", "Size": "9x12", "Owner": "Rock Networks", "Status": "Proposed", "Struct_1": "Flower pot", "Subtype": "Vault", "Struct_2": null, "Permit_ID": "FS32-MC05-UG-P1", "Trunk_ID": "TRUNK30371", "FDH_ID": "FDH301037", "Lot_No": null, "FSA_No": "ELLIOT LAKE", "OLT_ID": "301", "Subdiv": "3", "Comments": null, "SKU": null, "PON_ID": null, "layer": null, "path": null, "Contractor": null, "DtAsgCnstr": null, "ConStartDt": null, "DtInstald": null }, "geometry": { "type": "Point", "coordinates": [ 365482.113298946758732, 5150287.63517836574465 ] } },
{ "type": "Feature", "properties": { "ID": "287", "Size": "36X60X36", "Owner": "Rock Networks", "Status": "Proposed", "Struct_1": "Large", "Subtype": "Vault", "Struct_2": "Splice", "Permit_ID": "FS32-MC06-UG-P2", "Trunk_ID": "TRUNK30371", "FDH_ID": "FDH301037", "Lot_No": null, "FSA_No": "ELLIOT LAKE", "OLT_ID": "301", "Subdiv": "3", "Comments": null, "SKU": "VLT366036", "PON_ID": null, "layer": null, "path": null, "Contractor": null, "DtAsgCnstr": null, "ConStartDt": null, "DtInstald": null }, "geometry": { "type": "Point", "coordinates": [ 364652.864615865517408, 5150294.906890267506242 ] } },
{ "type": "Feature", "properties": { "ID": "288", "Size": "9x12", "Owner": "Rock Networks", "Status": "Proposed", "Struct_1": "Flower pot", "Subtype": "Vault", "Struct_2": null, "Permit_ID": "FS32-MC06-UG-P2", "Trunk_ID": "TRUNK30194", "FDH_ID": "FDH301037", "Lot_No": null, "FSA_No": "ELLIOT LAKE", "OLT_ID": "301", "Subdiv": "3", "Comments": null, "SKU": null, "PON_ID": null, "layer": null, "path": null, "Contractor": null, "DtAsgCnstr": null, "ConStartDt": null, "DtInstald": null }, "geometry": { "type": "Point", "coordinates": [ 364663.133764630765654, 5150346.733787861652672 ] } },
{ "type": "Feature", "properties": { "ID": "289", "Size": "9x12", "Owner": "Rock Networks", "Status": "Proposed", "Struct_1": "Flower pot", "Subtype": "Vault", "Struct_2": null, "Permit_ID": "FS32-MC06-UG-P2", "Trunk_ID": "TRUNK30194", "FDH_ID": "FDH301037", "Lot_No": null, "FSA_No": "ELLIOT LAKE", "OLT_ID": "301", "Subdiv": "3", "Comments": null, "SKU": null, "PON_ID": null, "layer": null, "path": null, "Contractor": null, "DtAsgCnstr": null, "ConStartDt": null, "DtInstald": null }, "geometry": { "type": "Point", "coordinates": [ 364620.070943874889053, 5150362.98425801564008 ] } },
{ "type": "Feature", "properties": { "ID": "290", "Size": "9x12", "Owner": "Rock Networks", "Status": "Proposed", "Struct_1": "Flower pot", "Subtype": "Vault", "Struct_2": null, "Permit_ID": "FS32-MC06-UG-P2", "Trunk_ID": "TRUNK30194", "FDH_ID": "FDH301037", "Lot_No": null, "FSA_No": "ELLIOT LAKE", "OLT_ID": "301", "Subdiv": "3", "Comments": null, "SKU": null, "PON_ID": null, "layer": null, "path": null, "Contractor": null, "DtAsgCnstr": null, "ConStartDt": null, "DtInstald": null }, "geometry": { "type": "Point", "coordinates": [ 364591.420550971175544, 5150362.67030627746135 ] } },
{ "type": "Feature", "properties": { "ID": "291", "Size": "9x12", "Owner": "Rock Networks", "Status": "Proposed", "Struct_1": "Flower pot", "Subtype": "Vault", "Struct_2": null, "Permit_ID": "FS32-MC06-UG-P2", "Trunk_ID": "TRUNK30194", "FDH_ID": "FDH301037", "Lot_No": null, "FSA_No": "ELLIOT LAKE", "OLT_ID": "301", "Subdiv": "3", "Comments": null, "SKU": null, "PON_ID": null, "layer": null, "path": null, "Contractor": null, "DtAsgCnstr": null, "ConStartDt": null, "DtInstald": null }, "geometry": { "type": "Point", "coordinates": [ 364532.225562408799306, 5150380.86188321467489 ] } },
{ "type": "Feature", "properties": { "ID": "308", "Size": "9x12", "Owner": "Rock Networks", "Status": "Proposed", "Struct_1": "Flower pot", "Subtype": "Vault", "Struct_2": null, "Permit_ID": "FS32-MC06-UG-P2", "Trunk_ID": "TRUNK30194", "FDH_ID": "FDH301037", "Lot_No": null, "FSA_No": "ELLIOT LAKE", "OLT_ID": "301", "Subdiv": "3", "Comments": null, "SKU": null, "PON_ID": null, "layer": null, "path": null, "Contractor": null, "DtAsgCnstr": null, "ConStartDt": null, "DtInstald": null }, "geometry": { "type": "Point", "coordinates": [ 363521.922546442365274, 5149966.732385011389852 ] } },
{ "type": "Feature", "properties": { "ID": "309", "Size": "9x12", "Owner": "Rock Networks", "Status": "Proposed", "Struct_1": "Flower pot", "Subtype": "Vault", "Struct_2": null, "Permit_ID": "FS32-MC06-UG-P2", "Trunk_ID": "TRUNK30195", "FDH_ID": "FDH301037", "Lot_No": null, "FSA_No": "ELLIOT LAKE", "OLT_ID": "301", "Subdiv": "3", "Comments": null, "SKU": null, "PON_ID": null, "layer": null, "path": null, "Contractor": null, "DtAsgCnstr": null, "ConStartDt": null, "DtInstald": null }, "geometry": { "type": "Point", "coordinates": [ 363411.031610230798833, 5149900.261022234335542 ] } },
{ "type": "Feature", "properties": { "ID": "351", "Size": "9x12", "Owner": "Rock Networks", "Status": "Proposed", "Struct_1": "Flower pot", "Subtype": "Vault", "Struct_2": null, "Permit_ID": "FS27-MC03-UG-P2", "Trunk_ID": "TRUNK30166", "FDH_ID": "FDH302022", "Lot_No": null, "FSA_No": "SABLES-SPANISH RIVERS", "OLT_ID": "302", "Subdiv": "3", "Comments": null, "SKU": null, "PON_ID": null, "layer": null, "path": null, "Contractor": null, "DtAsgCnstr": null, "ConStartDt": null, "DtInstald": null }, "geometry": { "type": "Point", "coordinates": [ 400292.915389040776063, 5122002.300254899077117 ] } },
{ "type": "Feature", "properties": { "ID": "352", "Size": "36X60X36", "Owner": "Rock Networks", "Status": "Proposed", "Struct_1": "Large", "Subtype": "Vault", "Struct_2": "Splice", "Permit_ID": "FS27-MC01-UG-P6", "Trunk_ID": "TRUNK30280", "FDH_ID": "FDH303032", "Lot_No": null, "FSA_No": "SABLES-SPANISH RIVERS", "OLT_ID": "303", "Subdiv": "3", "Comments": null, "SKU": "VLT366036", "PON_ID": null, "layer": null, "path": null, "Contractor": null, "DtAsgCnstr": null, "ConStartDt": null, "DtInstald": null }, "geometry": { "type": "Point", "coordinates": [ 401364.88552990811877, 5117373.191134803928435 ] } },
{ "type": "Feature", "properties": { "ID": "353", "Size": "9x12", "Owner": "Rock Networks", "Status": "Proposed", "Struct_1": "Flower pot", "Subtype": "Vault", "Struct_2": null, "Permit_ID": "FS27-MC03-UG-P2", "Trunk_ID": "TRUNK30166", "FDH_ID": "FDH302022", "Lot_No": null, "FSA_No": "SABLES-SPANISH RIVERS", "OLT_ID": "302", "Subdiv": "3", "Comments": null, "SKU": null, "PON_ID": null, "layer": null, "path": null, "Contractor": null, "DtAsgCnstr": null, "ConStartDt": null, "DtInstald": null }, "geometry": { "type": "Point", "coordinates": [ 400384.537157727463637, 5122153.115961286239326 ] } },
{ "type": "Feature", "properties": { "ID": "354", "Size": "9x12", "Owner": "Rock Networks", "Status": "Proposed", "Struct_1": "Flower pot", "Subtype": "Vault", "Struct_2": null, "Permit_ID": "FS27-MC03-UG-P2", "Trunk_ID": "TRUNK30166", "FDH_ID": "FDH302022", "Lot_No": null, "FSA_No": "SABLES-SPANISH RIVERS", "OLT_ID": "302", "Subdiv": "3", "Comments": null, "SKU": null, "PON_ID": null, "layer": null, "path": null, "Contractor": null, "DtAsgCnstr": null, "ConStartDt": null, "DtInstald": null }, "geometry": { "type": "Point", "coordinates": [ 400322.220089197158813, 5122098.153418927453458 ] } },
{ "type": "Feature", "properties": { "ID": "355", "Size": "9x12", "Owner": "Rock Networks", "Status": "Proposed", "Struct_1": "Flower pot", "Subtype": "Vault", "Struct_2": null, "Permit_ID": "FS27-MC03-UG-P2", "Trunk_ID": "TRUNK30166", "FDH_ID": "FDH302022", "Lot_No": null, "FSA_No": "SABLES-SPANISH RIVERS", "OLT_ID": "302", "Subdiv": "3", "Comments": null, "SKU": null, "PON_ID": null, "layer": null, "path": null, "Contractor": null, "DtAsgCnstr": null, "ConStartDt": null, "DtInstald": null }, "geometry": { "type": "Point", "coordinates": [ 400457.582872451515868, 5122195.72626931220293 ] } },
{ "type": "Feature", "properties": { "ID": "356", "Size": "9x12", "Owner": "Rock Networks", "Status": "Proposed", "Struct_1": "Flower pot", "Subtype": "Vault", "Struct_2": null, "Permit_ID": "FS27-MC03-UG-P2", "Trunk_ID": "TRUNK30166", "FDH_ID": "FDH302022", "Lot_No": null, "FSA_No": "SABLES-SPANISH RIVERS", "OLT_ID": "302", "Subdiv": "3", "Comments": null, "SKU": null, "PON_ID": null, "layer": null, "path": null, "Contractor": null, "DtAsgCnstr": null, "ConStartDt": null, "DtInstald": null }, "geometry": { "type": "Point", "coordinates": [ 400497.020577521296218, 5122201.251213775016367 ] } },
{ "type": "Feature", "properties": { "ID": "357", "Size": "9x12", "Owner": "Rock Networks", "Status": "Proposed", "Struct_1": "Flower pot", "Subtype": "Vault", "Struct_2": null, "Permit_ID": "FS27-MC03-UG-P2", "Trunk_ID": "TRUNK30166", "FDH_ID": "FDH302022", "Lot_No": null, "FSA_No": "SABLES-SPANISH RIVERS", "OLT_ID": "302", "Subdiv": "3", "Comments": null, "SKU": null, "PON_ID": null, "layer": null, "path": null, "Contractor": null, "DtAsgCnstr": null, "ConStartDt": null, "DtInstald": null }, "geometry": { "type": "Point", "coordinates": [ 400550.100568452675361, 5122204.772612371481955 ] } },
{ "type": "Feature", "properties": { "ID": "358", "Size": "9x12", "Owner": "Rock Networks", "Status": "Proposed", "Struct_1": "Flower pot", "Subtype": "Vault", "Struct_2": null, "Permit_ID": "FS27-MC03-UG-P2", "Trunk_ID": "TRUNK30166", "FDH_ID": "FDH302022", "Lot_No": null, "FSA_No": "SABLES-SPANISH RIVERS", "OLT_ID": "302", "Subdiv": "3", "Comments": null, "SKU": null, "PON_ID": null, "layer": null, "path": null, "Contractor": null, "DtAsgCnstr": null, "ConStartDt": null, "DtInstald": null }, "geometry": { "type": "Point", "coordinates": [ 400628.095637470774818, 5122196.113301650620997 ] } },
{ "type": "Feature", "properties": { "ID": "359", "Size": "9x12", "Owner": "Rock Networks", "Status": "Proposed", "Struct_1": "Flower pot", "Subtype": "Vault", "Struct_2": null, "Permit_ID": "FS27-MC03-UG-P2", "Trunk_ID": "TRUNK30166", "FDH_ID": "FDH302022", "Lot_No": null, "FSA_No": "SABLES-SPANISH RIVERS", "OLT_ID": "302", "Subdiv": "3", "Comments": null, "SKU": null, "PON_ID": null, "layer": null, "path": null, "Contractor": null, "DtAsgCnstr": null, "ConStartDt": null, "DtInstald": null }, "geometry": { "type": "Point", "coordinates": [ 400805.565582325449213, 5122219.870925049297512 ] } },
{ "type": "Feature", "properties": { "ID": "360", "Size": "9x12", "Owner": "Rock Networks", "Status": "Proposed", "Struct_1": "Flower pot", "Subtype": "Vault", "Struct_2": null, "Permit_ID": "FS27-MC03-UG-P2", "Trunk_ID": "TRUNK30166", "FDH_ID": "FDH302022", "Lot_No": null, "FSA_No": "SABLES-SPANISH RIVERS", "OLT_ID": "302", "Subdiv": "3", "Comments": null, "SKU": null, "PON_ID": null, "layer": null, "path": null, "Contractor": null, "DtAsgCnstr": null, "ConStartDt": null, "DtInstald": null }, "geometry": { "type": "Point", "coordinates": [ 400835.087912747054361, 5122205.638174774125218 ] } },
{ "type": "Feature", "properties": { "ID": "361", "Size": "36X60X36", "Owner": "Rock Networks", "Status": "Proposed", "Struct_1": "Large", "Subtype": "Vault", "Struct_2": "Splice", "Permit_ID": "FS27-MC07-UG-P2", "Trunk_ID": "TRUNK30367", "FDH_ID": "FDH303002", "Lot_No": null, "FSA_No": "SABLES-SPANISH RIVERS", "OLT_ID": "303", "Subdiv": "3", "Comments": null, "SKU": "VLT366036", "PON_ID": null, "layer": null, "path": null, "Contractor": null, "DtAsgCnstr": null, "ConStartDt": null, "DtInstald": null }, "geometry": { "type": "Point", "coordinates": [ 430698.081958218186628, 5124005.010852443054318 ] } },
{ "type": "Feature", "properties": { "ID": "362", "Size": "36X60X36", "Owner": "Rock Networks", "Status": "Proposed", "Struct_1": "Large", "Subtype": "Vault", "Struct_2": "Splice", "Permit_ID": "FS27-MC07-UG-P1", "Trunk_ID": "TRUNK30057", "FDH_ID": "FDH303017", "Lot_No": null, "FSA_No": "SABLES-SPANISH RIVERS", "OLT_ID": "303", "Subdiv": "3", "Comments": null, "SKU": "VLT366036", "PON_ID": null, "layer": null, "path": null, "Contractor": null, "DtAsgCnstr": null, "ConStartDt": null, "DtInstald": null }, "geometry": { "type": "Point", "coordinates": [ 430710.69002473220462, 5124197.87913454324007 ] } },
{ "type": "Feature", "properties": { "ID": "422", "Size": "9x12", "Owner": "Rock Networks", "Status": "Proposed", "Struct_1": "Flower pot", "Subtype": "Vault", "Struct_2": null, "Permit_ID": "FS27-MC11-UG", "Trunk_ID": "TRUNK30230", "FDH_ID": "FDH303016", "Lot_No": null, "FSA_No": "SABLES-SPANISH RIVERS", "OLT_ID": "303", "Subdiv": "3", "Comments": null, "SKU": null, "PON_ID": null, "layer": null, "path": null, "Contractor": null, "DtAsgCnstr": null, "ConStartDt": null, "DtInstald": null }, "geometry": { "type": "Point", "coordinates": [ 427978.244539370876737, 5129897.780543414875865 ] } },
{ "type": "Feature", "properties": { "ID": "423", "Size": "36X60X36", "Owner": "Rock Networks", "Status": "Proposed", "Struct_1": "Large", "Subtype": "Vault", "Struct_2": "Splice", "Permit_ID": "FS11-OLT1-UG", "Trunk_ID": "TRUNK30373", "FDH_ID": "FDH301042", "Lot_No": null, "FSA_No": "ELLIOT LAKE", "OLT_ID": "301", "Subdiv": "3", "Comments": null, "SKU": "VLT366036", "PON_ID": null, "layer": null, "path": null, "Contractor": null, "DtAsgCnstr": null, "ConStartDt": null, "DtInstald": null }, "geometry": { "type": "Point", "coordinates": [ 372002.676047440909315, 5139944.187749778851867 ] } },
{ "type": "Feature", "properties": { "ID": "21", "Size": "30X48X24", "Owner": "Rock Networks", "Status": "Proposed", "Struct_1": "Medium", "Subtype": "Vault", "Struct_2": null, "Permit_ID": "FS34-MC01UG", "Trunk_ID": "TRUNK50254", "FDH_ID": "FDH501006", "Lot_No": null, "FSA_No": "SW Greater Sudbury FSA 34", "OLT_ID": "501", "Subdiv": "5", "Comments": null, "SKU": "VLT304824", "PON_ID": null, "layer": null, "path": null, "Contractor": null, "DtAsgCnstr": null, "ConStartDt": null, "DtInstald": null }, "geometry": { "type": "Point", "coordinates": [ 447414.034179749432951, 5112700.710005860775709 ] } },
{ "type": "Feature", "properties": { "ID": "58", "Size": "36X60X36", "Owner": "Rock Networks", "Status": "Proposed", "Struct_1": "Large", "Subtype": "Vault", "Struct_2": "Splice", "Permit_ID": "FS43-MC08-UG", "Trunk_ID": "TRUNK50307", "FDH_ID": "FDH502021", "Lot_No": null, "FSA_No": "Lively FSA 43", "OLT_ID": "502", "Subdiv": "5", "Comments": null, "SKU": "VLT366036", "PON_ID": null, "layer": null, "path": null, "Contractor": null, "DtAsgCnstr": null, "ConStartDt": null, "DtInstald": null }, "geometry": { "type": "Point", "coordinates": [ 473599.735802782757673, 5124348.49138531088829 ] } },
{ "type": "Feature", "properties": { "ID": "53", "Size": "36X60X36", "Owner": "Rock Networks", "Status": "Proposed", "Struct_1": "Large", "Subtype": "Vault", "Struct_2": "Splice", "Permit_ID": "FS43-MC08-UG", "Trunk_ID": "TRUNK50306", "FDH_ID": "FDH502021", "Lot_No": null, "FSA_No": "Lively FSA 43", "OLT_ID": "502", "Subdiv": "5", "Comments": null, "SKU": "VLT366036", "PON_ID": null, "layer": null, "path": null, "Contractor": null, "DtAsgCnstr": null, "ConStartDt": null, "DtInstald": null }, "geometry": { "type": "Point", "coordinates": [ 473482.490772738354281, 5124262.724410028196871 ] } },
{ "type": "Feature", "properties": { "ID": "54", "Size": "36X60X36", "Owner": "Rock Networks", "Status": "Proposed", "Struct_1": "Large", "Subtype": "Vault", "Struct_2": "Splice", "Permit_ID": "FS43-AR135-BC-UG", "Trunk_ID": "TRUNK50309", "FDH_ID": "FDH502021", "Lot_No": null, "FSA_No": "Lively FSA 43", "OLT_ID": "502", "Subdiv": "5", "Comments": null, "SKU": "VLT366036", "PON_ID": null, "layer": null, "path": null, "Contractor": null, "DtAsgCnstr": null, "ConStartDt": null, "DtInstald": null }, "geometry": { "type": "Point", "coordinates": [ 472878.793431218946353, 5124612.436457505449653 ] } },
{ "type": "Feature", "properties": { "ID": "55", "Size": "36X60X36", "Owner": "Rock Networks", "Status": "Proposed", "Struct_1": "Large", "Subtype": "Vault", "Struct_2": "Splice", "Permit_ID": "FS43-AR135-BC-UG", "Trunk_ID": "TRUNK50309", "FDH_ID": "FDH502021", "Lot_No": null, "FSA_No": "Lively FSA 43", "OLT_ID": "502", "Subdiv": "5", "Comments": null, "SKU": "VLT366036", "PON_ID": null, "layer": null, "path": null, "Contractor": null, "DtAsgCnstr": null, "ConStartDt": null, "DtInstald": null }, "geometry": { "type": "Point", "coordinates": [ 472928.763329731824342, 5124636.951621359214187 ] } },
{ "type": "Feature", "properties": { "ID": "59", "Size": "36X60X36", "Owner": "Rock Networks", "Status": "Proposed", "Struct_1": "Large", "Subtype": "Vault", "Struct_2": "Splice", "Permit_ID": "FS03-AR07-BC-MIA", "Trunk_ID": "TRUNK50009", "FDH_ID": "FDH501003", "Lot_No": null, "FSA_No": "BALDWIN FSA3", "OLT_ID": "501", "Subdiv": "5", "Comments": null, "SKU": "VLT366036", "PON_ID": null, "layer": null, "path": null, "Contractor": null, "DtAsgCnstr": null, "ConStartDt": null, "DtInstald": null }, "geometry": { "type": "Point", "coordinates": [ 442725.884106681740377, 5133479.359239168465137 ] } },
{ "type": "Feature", "properties": { "ID": "1", "Size": "30X48X24", "Owner": "Rock Networks", "Status": "Proposed", "Struct_1": "Medium", "Subtype": "Vault", "Struct_2": null, "Permit_ID": "FS03-MC01-UG", "Trunk_ID": "TRUNK50008", "FDH_ID": "FDH501003", "Lot_No": null, "FSA_No": "BALDWIN FSA3", "OLT_ID": "501", "Subdiv": "5", "Comments": null, "SKU": "VLT304824", "PON_ID": null, "layer": null, "path": null, "Contractor": null, "DtAsgCnstr": null, "ConStartDt": null, "DtInstald": null }, "geometry": { "type": "Point", "coordinates": [ 442694.394254658662248, 5132332.551336728036404 ] } },
{ "type": "Feature", "properties": { "ID": "2", "Size": "30X48X24", "Owner": "Rock Networks", "Status": "Proposed", "Struct_1": "Medium", "Subtype": "Vault", "Struct_2": null, "Permit_ID": "FS24-MC01-UG", "Trunk_ID": "TRUNK50017", "FDH_ID": "FDH501001", "Lot_No": null, "FSA_No": "NAIRN AND HYMAN FSA24", "OLT_ID": "501", "Subdiv": "5", "Comments": null, "SKU": "VLT304824", "PON_ID": null, "layer": null, "path": null, "Contractor": null, "DtAsgCnstr": null, "ConStartDt": null, "DtInstald": null }, "geometry": { "type": "Point", "coordinates": [ 448117.747006864054129, 5128108.429059144109488 ] } },
{ "type": "Feature", "properties": { "ID": "3", "Size": "30X48X24", "Owner": "Rock Networks", "Status": "Proposed", "Struct_1": "Medium", "Subtype": "Vault", "Struct_2": null, "Permit_ID": "FS24-MC01-UG", "Trunk_ID": "TRUNK50017", "FDH_ID": "FDH501001", "Lot_No": null, "FSA_No": "NAIRN AND HYMAN FSA24", "OLT_ID": "501", "Subdiv": "5", "Comments": null, "SKU": "VLT304824", "PON_ID": null, "layer": null, "path": null, "Contractor": null, "DtAsgCnstr": null, "ConStartDt": null, "DtInstald": null }, "geometry": { "type": "Point", "coordinates": [ 447786.639076324354392, 5128582.847645002417266 ] } },
{ "type": "Feature", "properties": { "ID": "19", "Size": "30X48X24", "Owner": "Rock Networks", "Status": "Proposed", "Struct_1": "Medium", "Subtype": "Vault", "Struct_2": null, "Permit_ID": "FS34-MC01-UG", "Trunk_ID": "TRUNK50254", "FDH_ID": "FDH501006", "Lot_No": null, "FSA_No": "SW Greater Sudbury FSA 34", "OLT_ID": "501", "Subdiv": "5", "Comments": null, "SKU": "VLT304824", "PON_ID": null, "layer": null, "path": null, "Contractor": null, "DtAsgCnstr": null, "ConStartDt": null, "DtInstald": null }, "geometry": { "type": "Point", "coordinates": [ 447808.854976243164856, 5112798.478772909380496 ] } },
{ "type": "Feature", "properties": { "ID": "24", "Size": "30X48X24", "Owner": "Rock Networks", "Status": "Proposed", "Struct_1": "Medium", "Subtype": "Vault", "Struct_2": null, "Permit_ID": "FS12-MC02-UG", "Trunk_ID": "TRUNK50182", "FDH_ID": "FDH502001", "Lot_No": null, "FSA_No": "ESPANOLA FSA12", "OLT_ID": "501", "Subdiv": "5", "Comments": null, "SKU": "VLT304824", "PON_ID": null, "layer": null, "path": null, "Contractor": null, "DtAsgCnstr": null, "ConStartDt": null, "DtInstald": null }, "geometry": { "type": "Point", "coordinates": [ 440119.157865483197384, 5120720.034249240532517 ] } },
{ "type": "Feature", "properties": { "ID": "20", "Size": "36X60X36", "Owner": "Rock Networks", "Status": "Proposed", "Struct_1": "Large", "Subtype": "Vault", "Struct_2": "Splice", "Permit_ID": "FS43-MC02-UG", "Trunk_ID": "TRUNK50266", "FDH_ID": "FDH502016", "Lot_No": null, "FSA_No": "Lively FSA 43", "OLT_ID": "502", "Subdiv": "5", "Comments": null, "SKU": "VLT366036", "PON_ID": null, "layer": null, "path": null, "Contractor": null, "DtAsgCnstr": null, "ConStartDt": null, "DtInstald": null }, "geometry": { "type": "Point", "coordinates": [ 484626.916589981410652, 5138456.751726169139147 ] } },
{ "type": "Feature", "properties": { "ID": "26", "Size": "30X48X24", "Owner": "Rock Networks", "Status": "Proposed", "Struct_1": "Medium", "Subtype": "Vault", "Struct_2": null, "Permit_ID": "FS43-MC02-UG", "Trunk_ID": "TRUNK50266", "FDH_ID": "FDH502016", "Lot_No": null, "FSA_No": "Lively FSA 43", "OLT_ID": "502", "Subdiv": "5", "Comments": null, "SKU": "VLT304824", "PON_ID": null, "layer": null, "path": null, "Contractor": null, "DtAsgCnstr": null, "ConStartDt": null, "DtInstald": null }, "geometry": { "type": "Point", "coordinates": [ 484638.390688742452767, 5138520.970437576062977 ] } },
{ "type": "Feature", "properties": { "ID": "5", "Size": "36X60X36", "Owner": "Rock Networks", "Status": "Proposed", "Struct_1": "Large", "Subtype": "Vault", "Struct_2": "Splice", "Permit_ID": "FS24-MC01-UG", "Trunk_ID": "TRUNK50018", "FDH_ID": "FDH501001", "Lot_No": null, "FSA_No": "NAIRN AND HYMAN FSA24", "OLT_ID": "501", "Subdiv": "5", "Comments": null, "SKU": "VLT366036", "PON_ID": null, "layer": null, "path": null, "Contractor": null, "DtAsgCnstr": null, "ConStartDt": null, "DtInstald": null }, "geometry": { "type": "Point", "coordinates": [ 447907.57577023858903, 5129155.012427622452378 ] } },
{ "type": "Feature", "properties": { "ID": "6", "Size": "30X48X24", "Owner": "Rock Networks", "Status": "Proposed", "Struct_1": "Medium", "Subtype": "Vault", "Struct_2": null, "Permit_ID": "FS24-MC01-UG", "Trunk_ID": "TRUNK50018", "FDH_ID": "FDH501001", "Lot_No": null, "FSA_No": "NAIRN AND HYMAN FSA24", "OLT_ID": "501", "Subdiv": "5", "Comments": null, "SKU": "VLT304824", "PON_ID": null, "layer": null, "path": null, "Contractor": null, "DtAsgCnstr": null, "ConStartDt": null, "DtInstald": null }, "geometry": { "type": "Point", "coordinates": [ 447836.844584592618048, 5130168.203380400314927 ] } },
{ "type": "Feature", "properties": { "ID": "7", "Size": "30X48X24", "Owner": "Rock Networks", "Status": "Proposed", "Struct_1": "Medium", "Subtype": "Vault", "Struct_2": null, "Permit_ID": "FS24-MC01-UG", "Trunk_ID": "TRUNK50018", "FDH_ID": "FDH501001", "Lot_No": null, "FSA_No": "NAIRN AND HYMAN FSA24", "OLT_ID": "501", "Subdiv": "5", "Comments": null, "SKU": "VLT304824", "PON_ID": null, "layer": null, "path": null, "Contractor": null, "DtAsgCnstr": null, "ConStartDt": null, "DtInstald": null }, "geometry": { "type": "Point", "coordinates": [ 448243.986450655327644, 5130464.967004634439945 ] } },
{ "type": "Feature", "properties": { "ID": "8", "Size": "36X60X36", "Owner": "Rock Networks", "Status": "Proposed", "Struct_1": "Large", "Subtype": "Vault", "Struct_2": "Splice", "Permit_ID": "FS24-MC01-UG", "Trunk_ID": "TRUNK50018", "FDH_ID": "FDH501001", "Lot_No": null, "FSA_No": "NAIRN AND HYMAN FSA24", "OLT_ID": "501", "Subdiv": "5", "Comments": null, "SKU": "VLT366036", "PON_ID": null, "layer": null, "path": null, "Contractor": null, "DtAsgCnstr": null, "ConStartDt": null, "DtInstald": null }, "geometry": { "type": "Point", "coordinates": [ 448454.683737472514622, 5130590.430197746492922 ] } },
{ "type": "Feature", "properties": { "ID": "9", "Size": "30X48X24", "Owner": "Rock Networks", "Status": "Proposed", "Struct_1": "Medium", "Subtype": "Vault", "Struct_2": null, "Permit_ID": "FS24-MC01-UG", "Trunk_ID": "TRUNK50019", "FDH_ID": "FDH501001", "Lot_No": null, "FSA_No": "NAIRN AND HYMAN FSA24", "OLT_ID": "501", "Subdiv": "5", "Comments": null, "SKU": "VLT304824", "PON_ID": null, "layer": null, "path": null, "Contractor": null, "DtAsgCnstr": null, "ConStartDt": null, "DtInstald": null }, "geometry": { "type": "Point", "coordinates": [ 448892.986166441231035, 5130787.512154451571405 ] } },
{ "type": "Feature", "properties": { "ID": "10", "Size": "36X60X36", "Owner": "Rock Networks", "Status": "Proposed", "Struct_1": "Large", "Subtype": "Vault", "Struct_2": "Splice", "Permit_ID": "FS24-MC01-UG", "Trunk_ID": "TRUNK50020", "FDH_ID": "FDH501001", "Lot_No": null, "FSA_No": "NAIRN AND HYMAN FSA24", "OLT_ID": "501", "Subdiv": "5", "Comments": null, "SKU": "VLT366036", "PON_ID": null, "layer": null, "path": null, "Contractor": null, "DtAsgCnstr": null, "ConStartDt": null, "DtInstald": null }, "geometry": { "type": "Point", "coordinates": [ 449924.839224468450993, 5131208.465413155965507 ] } },
{ "type": "Feature", "properties": { "ID": "11", "Size": "30X48X24", "Owner": "Rock Networks", "Status": "Proposed", "Struct_1": "Medium", "Subtype": "Vault", "Struct_2": null, "Permit_ID": "FS24-MC01-UG", "Trunk_ID": "TRUNK50020", "FDH_ID": "FDH501001", "Lot_No": null, "FSA_No": "NAIRN AND HYMAN FSA24", "OLT_ID": "501", "Subdiv": "5", "Comments": null, "SKU": "VLT304824", "PON_ID": null, "layer": null, "path": null, "Contractor": null, "DtAsgCnstr": null, "ConStartDt": null, "DtInstald": null }, "geometry": { "type": "Point", "coordinates": [ 450277.185697927023284, 5131417.478183213621378 ] } },
{ "type": "Feature", "properties": { "ID": "12", "Size": "36X60X36", "Owner": "Rock Networks", "Status": "Proposed", "Struct_1": "Large", "Subtype": "Vault", "Struct_2": "Splice", "Permit_ID": "FS24-MC01-UG", "Trunk_ID": "TRUNK50020", "FDH_ID": "FDH501001", "Lot_No": null, "FSA_No": "NAIRN AND HYMAN FSA24", "OLT_ID": "501", "Subdiv": "5", "Comments": null, "SKU": "VLT366036", "PON_ID": null, "layer": null, "path": null, "Contractor": null, "DtAsgCnstr": null, "ConStartDt": null, "DtInstald": null }, "geometry": { "type": "Point", "coordinates": [ 451384.640915668103844, 5131898.438052066601813 ] } },
{ "type": "Feature", "properties": { "ID": "13", "Size": "30X48X24", "Owner": "Rock Networks", "Status": "Proposed", "Struct_1": "Medium", "Subtype": "Vault", "Struct_2": null, "Permit_ID": "FS24-MC01-UG", "Trunk_ID": "TRUNK50021", "FDH_ID": "FDH501001", "Lot_No": null, "FSA_No": "NAIRN AND HYMAN FSA24", "OLT_ID": "501", "Subdiv": "5", "Comments": null, "SKU": "VLT304824", "PON_ID": null, "layer": null, "path": null, "Contractor": null, "DtAsgCnstr": null, "ConStartDt": null, "DtInstald": null }, "geometry": { "type": "Point", "coordinates": [ 451779.336426553549245, 5132008.656849871389568 ] } },
{ "type": "Feature", "properties": { "ID": "14", "Size": "36X60X36", "Owner": "Rock Networks", "Status": "Proposed", "Struct_1": "Large", "Subtype": "Vault", "Struct_2": "Splice", "Permit_ID": "FS24-MC01-UG", "Trunk_ID": "TRUNK50022", "FDH_ID": "FDH501001", "Lot_No": null, "FSA_No": "NAIRN AND HYMAN FSA24", "OLT_ID": "501", "Subdiv": "5", "Comments": null, "SKU": "VLT366036", "PON_ID": null, "layer": null, "path": null, "Contractor": null, "DtAsgCnstr": null, "ConStartDt": null, "DtInstald": null }, "geometry": { "type": "Point", "coordinates": [ 452773.798857582209166, 5132496.14437766559422 ] } },
{ "type": "Feature", "properties": { "ID": "15", "Size": "36X60X36", "Owner": "Rock Networks", "Status": "Proposed", "Struct_1": "Large", "Subtype": "Vault", "Struct_2": "Splice", "Permit_ID": "FS24-MC01-UG", "Trunk_ID": "TRUNK50023", "FDH_ID": "FDH501001", "Lot_No": null, "FSA_No": "NAIRN AND HYMAN FSA24", "OLT_ID": "501", "Subdiv": "5", "Comments": null, "SKU": "VLT366036", "PON_ID": null, "layer": null, "path": null, "Contractor": null, "DtAsgCnstr": null, "ConStartDt": null, "DtInstald": null }, "geometry": { "type": "Point", "coordinates": [ 451845.437912286841311, 5132921.849213718436658 ] } },
{ "type": "Feature", "properties": { "ID": "16", "Size": "30X48X24", "Owner": "Rock Networks", "Status": "Proposed", "Struct_1": "Medium", "Subtype": "Vault", "Struct_2": null, "Permit_ID": "FS24-MC01-UG", "Trunk_ID": "TRUNK50023", "FDH_ID": "FDH501001", "Lot_No": null, "FSA_No": "NAIRN AND HYMAN FSA24", "OLT_ID": "501", "Subdiv": "5", "Comments": null, "SKU": "VLT304824", "PON_ID": null, "layer": null, "path": null, "Contractor": null, "DtAsgCnstr": null, "ConStartDt": null, "DtInstald": null }, "geometry": { "type": "Point", "coordinates": [ 451338.497717638500035, 5133652.147231647744775 ] } },
{ "type": "Feature", "properties": { "ID": "17", "Size": "36X60X36", "Owner": "Rock Networks", "Status": "Proposed", "Struct_1": "Large", "Subtype": "Vault", "Struct_2": "Splice", "Permit_ID": "FS24-MC01-UG", "Trunk_ID": "TRUNK50024", "FDH_ID": "FDH501001", "Lot_No": null, "FSA_No": "NAIRN AND HYMAN FSA24", "OLT_ID": "501", "Subdiv": "5", "Comments": null, "SKU": "VLT366036", "PON_ID": null, "layer": null, "path": null, "Contractor": null, "DtAsgCnstr": null, "ConStartDt": null, "DtInstald": null }, "geometry": { "type": "Point", "coordinates": [ 450471.086283622367773, 5134399.592149791307747 ] } },
{ "type": "Feature", "properties": { "ID": "18", "Size": "36X60X36", "Owner": "Rock Networks", "Status": "Proposed", "Struct_1": "Large", "Subtype": "Vault", "Struct_2": "Splice", "Permit_ID": "FS24-MC01-UG", "Trunk_ID": "TRUNK50024", "FDH_ID": "FDH501001", "Lot_No": null, "FSA_No": "NAIRN AND HYMAN FSA24", "OLT_ID": "501", "Subdiv": "5", "Comments": null, "SKU": "VLT366036", "PON_ID": null, "layer": null, "path": null, "Contractor": null, "DtAsgCnstr": null, "ConStartDt": null, "DtInstald": null }, "geometry": { "type": "Point", "coordinates": [ 449199.312285243649967, 5134616.600813465192914 ] } },
{ "type": "Feature", "properties": { "ID": "4", "Size": "30X48X24", "Owner": "Rock Networks", "Status": "Proposed", "Struct_1": "Medium", "Subtype": "Vault", "Struct_2": null, "Permit_ID": "FS24-MC01-UG", "Trunk_ID": "TRUNK50017", "FDH_ID": "FDH501001", "Lot_No": null, "FSA_No": "NAIRN AND HYMAN FSA24", "OLT_ID": "501", "Subdiv": "5", "Comments": null, "SKU": "VLT304824", "PON_ID": null, "layer": null, "path": null, "Contractor": null, "DtAsgCnstr": null, "ConStartDt": null, "DtInstald": null }, "geometry": { "type": "Point", "coordinates": [ 447774.346149515244178, 5128762.836072980426252 ] } },
{ "type": "Feature", "properties": { "ID": "22", "Size": "36X60X36", "Owner": "Rock Networks", "Status": "Proposed", "Struct_1": "Large", "Subtype": "Vault", "Struct_2": "Splice", "Permit_ID": "FS12-MC01-UG", "Trunk_ID": "TRUNK50181", "FDH_ID": "FDH501004", "Lot_No": null, "FSA_No": "ESPANOLA FSA12", "OLT_ID": "501", "Subdiv": "5", "Comments": null, "SKU": "VLT366036", "PON_ID": null, "layer": null, "path": null, "Contractor": null, "DtAsgCnstr": null, "ConStartDt": null, "DtInstald": null }, "geometry": { "type": "Point", "coordinates": [ 440267.68416004627943, 5122934.033279851078987 ] } },
{ "type": "Feature", "properties": { "ID": "25", "Size": "30X48X24", "Owner": "Rock Networks", "Status": "Proposed", "Struct_1": "Medium", "Subtype": "Vault", "Struct_2": null, "Permit_ID": "FS12-MC01-UG", "Trunk_ID": "TRUNK50181", "FDH_ID": "FDH501004", "Lot_No": null, "FSA_No": "ESPANOLA FSA12", "OLT_ID": "501", "Subdiv": "5", "Comments": null, "SKU": "VLT304824", "PON_ID": null, "layer": null, "path": null, "Contractor": null, "DtAsgCnstr": null, "ConStartDt": null, "DtInstald": null }, "geometry": { "type": "Point", "coordinates": [ 440456.214192019077018, 5122914.816383378580213 ] } },
{ "type": "Feature", "properties": { "ID": "27", "Size": "30X48X24", "Owner": "Rock Networks", "Status": "Proposed", "Struct_1": "Medium", "Subtype": "Vault", "Struct_2": null, "Permit_ID": "FS03-MC02-RW-UG", "Trunk_ID": "TRUNK50033", "FDH_ID": "FDH501008", "Lot_No": null, "FSA_No": "BALDWIN FSA3", "OLT_ID": "501", "Subdiv": "5", "Comments": null, "SKU": "VLT304824", "PON_ID": null, "layer": null, "path": null, "Contractor": null, "DtAsgCnstr": null, "ConStartDt": null, "DtInstald": null }, "geometry": { "type": "Point", "coordinates": [ 443763.180096688272897, 5126618.484420968219638 ] } },
{ "type": "Feature", "properties": { "ID": "28", "Size": "30X48X24", "Owner": "Rock Networks", "Status": "Proposed", "Struct_1": "Medium", "Subtype": "Vault", "Struct_2": null, "Permit_ID": "FS03-MC02-RW-UG", "Trunk_ID": "TRUNK50033", "FDH_ID": "FDH501008", "Lot_No": null, "FSA_No": "BALDWIN FSA3", "OLT_ID": "501", "Subdiv": "5", "Comments": null, "SKU": "VLT304824", "PON_ID": null, "layer": null, "path": null, "Contractor": null, "DtAsgCnstr": null, "ConStartDt": null, "DtInstald": null }, "geometry": { "type": "Point", "coordinates": [ 443803.584104545821901, 5126542.808426262810826 ] } },
{ "type": "Feature", "properties": { "ID": "29", "Size": "30X48X24", "Owner": "Rock Networks", "Status": "Proposed", "Struct_1": "Medium", "Subtype": "Vault", "Struct_2": null, "Permit_ID": "FS03-MC02-RW-UG", "Trunk_ID": "TRUNK50031", "FDH_ID": "FDH501008", "Lot_No": null, "FSA_No": "BALDWIN FSA3", "OLT_ID": "501", "Subdiv": "5", "Comments": null, "SKU": "VLT304824", "PON_ID": null, "layer": null, "path": null, "Contractor": null, "DtAsgCnstr": null, "ConStartDt": null, "DtInstald": null }, "geometry": { "type": "Point", "coordinates": [ 442987.393126648443285, 5126365.576502857729793 ] } },
{ "type": "Feature", "properties": { "ID": "30", "Size": "30X48X24", "Owner": "Rock Networks", "Status": "Proposed", "Struct_1": "Medium", "Subtype": "Vault", "Struct_2": null, "Permit_ID": "FS03-MC02-RW-UG", "Trunk_ID": "TRUNK50031", "FDH_ID": "FDH501008", "Lot_No": null, "FSA_No": "BALDWIN FSA3", "OLT_ID": "501", "Subdiv": "5", "Comments": null, "SKU": "VLT304824", "PON_ID": null, "layer": null, "path": null, "Contractor": null, "DtAsgCnstr": null, "ConStartDt": null, "DtInstald": null }, "geometry": { "type": "Point", "coordinates": [ 442999.894828621763736, 5126295.082924258895218 ] } },
{ "type": "Feature", "properties": { "ID": "31", "Size": "30X48X24", "Owner": "Rock Networks", "Status": "Proposed", "Struct_1": "Medium", "Subtype": "Vault", "Struct_2": null, "Permit_ID": "FS24-MC02-RW-UG", "Trunk_ID": "TRUNK50035", "FDH_ID": "FDH502009", "Lot_No": null, "FSA_No": "NAIRN AND HYMAN FSA24", "OLT_ID": "502", "Subdiv": "5", "Comments": null, "SKU": "VLT304824", "PON_ID": null, "layer": null, "path": null, "Contractor": null, "DtAsgCnstr": null, "ConStartDt": null, "DtInstald": null }, "geometry": { "type": "Point", "coordinates": [ 448513.375509869423695, 5127984.101660967804492 ] } },
{ "type": "Feature", "properties": { "ID": "33", "Size": "30X48X24", "Owner": "Rock Networks", "Status": "Proposed", "Struct_1": "Medium", "Subtype": "Vault", "Struct_2": null, "Permit_ID": "FS24-MC02-RW-UG", "Trunk_ID": "TRUNK50035", "FDH_ID": "FDH502009", "Lot_No": null, "FSA_No": "NAIRN AND HYMAN FSA24", "OLT_ID": "502", "Subdiv": "5", "Comments": null, "SKU": "VLT304824", "PON_ID": null, "layer": null, "path": null, "Contractor": null, "DtAsgCnstr": null, "ConStartDt": null, "DtInstald": null }, "geometry": { "type": "Point", "coordinates": [ 448525.772960791597143, 5127875.896352174691856 ] } },
{ "type": "Feature", "properties": { "ID": "23", "Size": "36X60X36", "Owner": "Rock Networks", "Status": "Proposed", "Struct_1": "Large", "Subtype": "Vault", "Struct_2": "Splice", "Permit_ID": "FS43-MC07-UG", "Trunk_ID": "TRUNK50299", "FDH_ID": "FDH501002", "Lot_No": null, "FSA_No": "BALDWIN FSA3", "OLT_ID": "501", "Subdiv": "5", "Comments": null, "SKU": "VLT366036", "PON_ID": null, "layer": null, "path": null, "Contractor": null, "DtAsgCnstr": null, "ConStartDt": null, "DtInstald": null }, "geometry": { "type": "Point", "coordinates": [ 437954.902140132267959, 5126184.126301122829318 ] } },
{ "type": "Feature", "properties": { "ID": "40", "Size": "36X60X36", "Owner": "Rock Networks", "Status": "Proposed", "Struct_1": "Large", "Subtype": "Vault", "Struct_2": "Splice", "Permit_ID": "FS43-MC07-UG", "Trunk_ID": "TRUNK50262", "FDH_ID": "FDH501002", "Lot_No": null, "FSA_No": "BALDWIN FSA3", "OLT_ID": "501", "Subdiv": "5", "Comments": null, "SKU": "VLT366036", "PON_ID": null, "layer": null, "path": null, "Contractor": null, "DtAsgCnstr": null, "ConStartDt": null, "DtInstald": null }, "geometry": { "type": "Point", "coordinates": [ 437964.716377026983537, 5126152.322403590194881 ] } },
{ "type": "Feature", "properties": { "ID": "45", "Size": "36X60X36", "Owner": "Rock Networks", "Status": "Proposed", "Struct_1": "Large", "Subtype": "Vault", "Struct_2": "Splice", "Permit_ID": "FS24-MC01-UG", "Trunk_ID": "TRUNK50025", "FDH_ID": "FDH501001", "Lot_No": null, "FSA_No": "NAIRN AND HYMAN FSA24", "OLT_ID": "501", "Subdiv": "5", "Comments": null, "SKU": "VLT366036", "PON_ID": null, "layer": null, "path": null, "Contractor": null, "DtAsgCnstr": null, "ConStartDt": null, "DtInstald": null }, "geometry": { "type": "Point", "coordinates": [ 449005.101267272431869, 5135444.60521586611867 ] } },
{ "type": "Feature", "properties": { "ID": "56", "Size": "36X60X36", "Owner": "Rock Networks", "Status": "Proposed", "Struct_1": "Large", "Subtype": "Vault", "Struct_2": "Splice", "Permit_ID": "FS03-MC03-UG", "Trunk_ID": "TRUNK50001", "FDH_ID": "FDH501002", "Lot_No": null, "FSA_No": "BALDWIN FSA3", "OLT_ID": "501", "Subdiv": "5", "Comments": null, "SKU": "VLT366036", "PON_ID": null, "layer": null, "path": null, "Contractor": null, "DtAsgCnstr": null, "ConStartDt": null, "DtInstald": null }, "geometry": { "type": "Point", "coordinates": [ 441976.197359817801043, 5126791.180749252438545 ] } },
{ "type": "Feature", "properties": { "ID": "57", "Size": "36X60X36", "Owner": "Rock Networks", "Status": "Proposed", "Struct_1": "Large", "Subtype": "Vault", "Struct_2": "Splice", "Permit_ID": "FS03-MC03-UG", "Trunk_ID": "TRUNK50312", "FDH_ID": "FDH501002", "Lot_No": null, "FSA_No": "BALDWIN FSA3", "OLT_ID": "501", "Subdiv": "5", "Comments": null, "SKU": "VLT366036", "PON_ID": null, "layer": null, "path": null, "Contractor": null, "DtAsgCnstr": null, "ConStartDt": null, "DtInstald": null }, "geometry": { "type": "Point", "coordinates": [ 442147.652714687690604, 5127350.807407007552683 ] } },
{ "type": "Feature", "properties": { "ID": "51", "Size": "36X60X36", "Owner": "Rock Networks", "Status": "Proposed", "Struct_1": "Large", "Subtype": "Vault", "Struct_2": "Splice", "Permit_ID": "FS24-AR10-RW-OL", "Trunk_ID": "TRUNK50313", "FDH_ID": "FDH502009", "Lot_No": null, "FSA_No": "NAIRN AND HYMAN FSA24", "OLT_ID": "502", "Subdiv": "5", "Comments": null, "SKU": "VLT366036", "PON_ID": null, "layer": null, "path": null, "Contractor": null, "DtAsgCnstr": null, "ConStartDt": null, "DtInstald": null }, "geometry": { "type": "Point", "coordinates": [ 455051.238463915593456, 5131152.761392842978239 ] } },
{ "type": "Feature", "properties": { "ID": "52", "Size": "36X60X36", "Owner": "Rock Networks", "Status": "Proposed", "Struct_1": "Large", "Subtype": "Vault", "Struct_2": "Splice", "Permit_ID": "FS24-AR10-RW-OL", "Trunk_ID": "TRUNK50313", "FDH_ID": "FDH502009", "Lot_No": null, "FSA_No": "NAIRN AND HYMAN FSA24", "OLT_ID": "502", "Subdiv": "5", "Comments": null, "SKU": "VLT366036", "PON_ID": null, "layer": null, "path": null, "Contractor": null, "DtAsgCnstr": null, "ConStartDt": null, "DtInstald": null }, "geometry": { "type": "Point", "coordinates": [ 455041.587675096001476, 5131177.045273741707206 ] } },
{ "type": "Feature", "properties": { "ID": "47", "Size": "36X60X36", "Owner": "Rock Networks", "Status": "Proposed", "Struct_1": "Large", "Subtype": "Vault", "Struct_2": "Splice", "Permit_ID": "FS43-MC01-UG", "Trunk_ID": "TRUNK50085", "FDH_ID": "FDH502017", "Lot_No": null, "FSA_No": "Lively FSA 43", "OLT_ID": "502", "Subdiv": "5", "Comments": null, "SKU": "VLT366036", "PON_ID": null, "layer": null, "path": null, "Contractor": null, "DtAsgCnstr": null, "ConStartDt": null, "DtInstald": null }, "geometry": { "type": "Point", "coordinates": [ 460470.075648553145584, 5135359.039859779179096 ] } },
{ "type": "Feature", "properties": { "ID": "49", "Size": "30X48X24", "Owner": "Rock Networks", "Status": "Proposed", "Struct_1": "Medium", "Subtype": "Vault", "Struct_2": null, "Permit_ID": "FS12-MC02-UG", "Trunk_ID": "TRUNK50182", "FDH_ID": "FDH502001", "Lot_No": null, "FSA_No": "ESPANOLA FSA12", "OLT_ID": "501", "Subdiv": "5", "Comments": null, "SKU": "VLT304824", "PON_ID": null, "layer": null, "path": null, "Contractor": null, "DtAsgCnstr": null, "ConStartDt": null, "DtInstald": null }, "geometry": { "type": "Point", "coordinates": [ 440187.404886301548686, 5120599.55789920501411 ] } },
{ "type": "Feature", "properties": { "ID": "38", "Size": "36X60X36", "Owner": "Rock Networks", "Status": "Proposed", "Struct_1": "Large", "Subtype": "Vault", "Struct_2": "Splice", "Permit_ID": "FS43-MC03-UG", "Trunk_ID": "TRUNK50054", "FDH_ID": "FDH502004", "Lot_No": null, "FSA_No": "Lively FSA 43", "OLT_ID": "502", "Subdiv": "5", "Comments": null, "SKU": "VLT366036", "PON_ID": null, "layer": null, "path": null, "Contractor": null, "DtAsgCnstr": null, "ConStartDt": null, "DtInstald": null }, "geometry": { "type": "Point", "coordinates": [ 469208.235476552916225, 5134867.419745669700205 ] } },
{ "type": "Feature", "properties": { "ID": "46", "Size": "36X60X36", "Owner": "Rock Networks", "Status": "Proposed", "Struct_1": "Large", "Subtype": "Vault", "Struct_2": "Splice", "Permit_ID": "FS24-MC01-UG", "Trunk_ID": "TRUNK50017", "FDH_ID": "FDH501008", "Lot_No": null, "FSA_No": "NAIRN AND HYMAN FSA24", "OLT_ID": "502", "Subdiv": "5", "Comments": null, "SKU": "VLT366036", "PON_ID": null, "layer": null, "path": null, "Contractor": null, "DtAsgCnstr": null, "ConStartDt": null, "DtInstald": null }, "geometry": { "type": "Point", "coordinates": [ 447875.454565611085854, 5127721.208225190639496 ] } },
{ "type": "Feature", "properties": { "ID": "36", "Size": "30X48X24", "Owner": "Rock Networks", "Status": "Proposed", "Struct_1": "Medium", "Subtype": "Vault", "Struct_2": null, "Permit_ID": "FS43-MC03-UG", "Trunk_ID": "TRUNK50269", "FDH_ID": "FDH502004", "Lot_No": null, "FSA_No": "Lively FSA 43", "OLT_ID": "502", "Subdiv": "5", "Comments": null, "SKU": "VLT304824", "PON_ID": null, "layer": null, "path": null, "Contractor": null, "DtAsgCnstr": null, "ConStartDt": null, "DtInstald": null }, "geometry": { "type": "Point", "coordinates": [ 469473.669016116880812, 5134857.501974694430828 ] } },
{ "type": "Feature", "properties": { "ID": "37", "Size": "30X48X24", "Owner": "Rock Networks", "Status": "Proposed", "Struct_1": "Medium", "Subtype": "Vault", "Struct_2": null, "Permit_ID": "FS43-MC05-UG", "Trunk_ID": "TRUNK50314", "FDH_ID": "FDH502006", "Lot_No": null, "FSA_No": "Lively FSA 43", "OLT_ID": "502", "Subdiv": "5", "Comments": null, "SKU": "VLT304824", "PON_ID": null, "layer": null, "path": null, "Contractor": null, "DtAsgCnstr": null, "ConStartDt": null, "DtInstald": null }, "geometry": { "type": "Point", "coordinates": [ 474361.909288939204998, 5133645.480414567515254 ] } },
{ "type": "Feature", "properties": { "ID": "39", "Size": "36X60X36", "Owner": "Rock Networks", "Status": "Proposed", "Struct_1": "Large", "Subtype": "Vault", "Struct_2": "Splice", "Permit_ID": "FS43-MC05-UG", "Trunk_ID": "TRUNK50314", "FDH_ID": "FDH502006", "Lot_No": null, "FSA_No": "Lively FSA 43", "OLT_ID": "502", "Subdiv": "5", "Comments": null, "SKU": "VLT366036", "PON_ID": null, "layer": null, "path": null, "Contractor": null, "DtAsgCnstr": null, "ConStartDt": null, "DtInstald": null }, "geometry": { "type": "Point", "coordinates": [ 474389.768293363740668, 5133698.802960501983762 ] } },
{ "type": "Feature", "properties": { "ID": "35", "Size": "30X48X24", "Owner": "Rock Networks", "Status": "Proposed", "Struct_1": "Medium", "Subtype": "Vault", "Struct_2": null, "Permit_ID": "FS43-MC02-UG-P2", "Trunk_ID": "TRUNK50304", "FDH_ID": "FDH502005", "Lot_No": null, "FSA_No": "Lively FSA 43", "OLT_ID": "502", "Subdiv": "5", "Comments": null, "SKU": "VLT304824", "PON_ID": null, "layer": null, "path": null, "Contractor": null, "DtAsgCnstr": null, "ConStartDt": null, "DtInstald": null }, "geometry": { "type": "Point", "coordinates": [ 471500.407435732136946, 5134857.518504197709262 ] } },
{ "type": "Feature", "properties": { "ID": "34", "Size": "36X60X36", "Owner": "Rock Networks", "Status": "Proposed", "Struct_1": "Large", "Subtype": "Vault", "Struct_2": "Splice", "Permit_ID": "FS43-MC02-UG-P2", "Trunk_ID": "TRUNK50304", "FDH_ID": "FDH502005", "Lot_No": null, "FSA_No": "Lively FSA 43", "OLT_ID": "502", "Subdiv": "5", "Comments": null, "SKU": "VLT366036", "PON_ID": null, "layer": null, "path": null, "Contractor": null, "DtAsgCnstr": null, "ConStartDt": null, "DtInstald": null }, "geometry": { "type": "Point", "coordinates": [ 471530.476562491734512, 5134850.095715423114598 ] } },
{ "type": "Feature", "properties": { "ID": "32", "Size": "36X60X36", "Owner": "Rock Networks", "Status": "Proposed", "Struct_1": "Large", "Subtype": "Vault", "Struct_2": "Splice", "Permit_ID": "FS43-MC03-UG", "Trunk_ID": "TRUNK50260", "FDH_ID": "FDH502005", "Lot_No": null, "FSA_No": "Lively FSA 43", "OLT_ID": "502", "Subdiv": "5", "Comments": null, "SKU": "VLT366036", "PON_ID": null, "layer": null, "path": null, "Contractor": null, "DtAsgCnstr": null, "ConStartDt": null, "DtInstald": null }, "geometry": { "type": "Point", "coordinates": [ 471794.515184065210633, 5134817.40544556453824 ] } },
{ "type": "Feature", "properties": { "ID": "42", "Size": "36X60X36", "Owner": "Rock Networks", "Status": "Proposed", "Struct_1": "Large", "Subtype": "Vault", "Struct_2": "Splice", "Permit_ID": "FS43-MC06-UG", "Trunk_ID": "TRUNK50302", "FDH_ID": "FDH502017", "Lot_No": null, "FSA_No": "Lively FSA 43", "OLT_ID": "502", "Subdiv": "5", "Comments": null, "SKU": "VLT366036", "PON_ID": null, "layer": null, "path": null, "Contractor": null, "DtAsgCnstr": null, "ConStartDt": null, "DtInstald": null }, "geometry": { "type": "Point", "coordinates": [ 460268.819597500085365, 5136123.767990413121879 ] } },
{ "type": "Feature", "properties": { "ID": "41", "Size": "36X60X36", "Owner": "Rock Networks", "Status": "Proposed", "Struct_1": "Large", "Subtype": "Vault", "Struct_2": "Splice", "Permit_ID": "FS43-MC06-UG", "Trunk_ID": "TRUNK50301", "FDH_ID": "FDH502017", "Lot_No": null, "FSA_No": "Lively FSA 43", "OLT_ID": "502", "Subdiv": "5", "Comments": null, "SKU": "VLT366036", "PON_ID": null, "layer": null, "path": null, "Contractor": null, "DtAsgCnstr": null, "ConStartDt": null, "DtInstald": null }, "geometry": { "type": "Point", "coordinates": [ 460145.898714103677776, 5136370.630055570974946 ] } },
{ "type": "Feature", "properties": { "ID": "44", "Size": "36X60X36", "Owner": "Rock Networks", "Status": "Proposed", "Struct_1": "Large", "Subtype": "Vault", "Struct_2": "Splice", "Permit_ID": "FS43-MC08-UG", "Trunk_ID": "TRUNK50175", "FDH_ID": "FDH502021", "Lot_No": null, "FSA_No": "Lively FSA 43", "OLT_ID": "502", "Subdiv": "5", "Comments": "Warning! Culvert nearby.", "SKU": "VLT366036", "PON_ID": null, "layer": null, "path": null, "Contractor": null, "DtAsgCnstr": null, "ConStartDt": null, "DtInstald": null }, "geometry": { "type": "Point", "coordinates": [ 473149.480224907514639, 5123994.748004761524498 ] } },
{ "type": "Feature", "properties": { "ID": "48", "Size": "36X60X36", "Owner": "Rock Networks", "Status": "Proposed", "Struct_1": "Large", "Subtype": "Vault", "Struct_2": "Splice", "Permit_ID": "FS43-MC01-UG", "Trunk_ID": "TRUNK50082", "FDH_ID": "FDH502017", "Lot_No": null, "FSA_No": "Lively FSA 43", "OLT_ID": "502", "Subdiv": "5", "Comments": null, "SKU": "VLT366036", "PON_ID": null, "layer": null, "path": null, "Contractor": null, "DtAsgCnstr": null, "ConStartDt": null, "DtInstald": null }, "geometry": { "type": "Point", "coordinates": [ 460504.746823322668206, 5135324.528537099249661 ] } }
]
}
