source_id,source_type,source_terminal_type,target_id,target_type,target_terminal_type,source_fosc_type,target_fosc_type,trunk_id,length_m
T1001411,terminal,MST,FDH103012,fdh,,,,,
T1001433,terminal,MST,FDH103012,fdh,,,,,
T1001419,terminal,MST,FDH103009,fdh,,,,,
T1001415,terminal,MST,FDH103012,fdh,,,,,
T1001419,terminal,MST,FDH103009,fdh,,,,,
T1001443,terminal,MST,FDH103012,fdh,,,,,
T1001414,terminal,MST,FDH103012,fdh,,,,,
T1001414,terminal,MST,FDH103012,fdh,,,,,
T1001414,terminal,MST,FDH103012,fdh,,,,,
T1001414,terminal,MST,FDH103012,fdh,,,,,
T1001411,terminal,MST,FDH103012,fdh,,,,,
T1001443,terminal,MST,FDH103012,fdh,,,,,
T1001443,terminal,MST,FDH103012,fdh,,,,,
T1001493,terminal,Aerial Terminal,FDH103015,fdh,,,,,
T1001010,terminal,MST,FDH103015,fdh,,,,,
T1001009,terminal,Aerial Terminal,FDH103015,fdh,,,,,
T1001002,terminal,Aerial Terminal,FDH103015,fdh,,,,,
T1001004,terminal,Aerial Terminal,FDH103015,fdh,,,,,
T1001002,terminal,Aerial Terminal,FDH103015,fdh,,,,,
T1001001,terminal,Aerial Terminal,FDH103015,fdh,,,,,
T1001001,terminal,Aerial Terminal,FDH103015,fdh,,,,,
T1001010,terminal,MST,FDH103015,fdh,,,,,
T1001005,terminal,Aerial Terminal,FDH103015,fdh,,,,,
T1001008,terminal,Aerial Terminal,FDH103015,fdh,,,,,
T1001013,terminal,MST,FDH103006,fdh,,,,,
T1001155,terminal,MST,FDH103015,fdh,,,,,
T1001007,terminal,Aerial Terminal,FDH103015,fdh,,,,,
T1001155,terminal,MST,FDH103015,fdh,,,,,
T1001003,terminal,Aerial Terminal,FDH103015,fdh,,,,,
T1001004,terminal,Aerial Terminal,FDH103015,fdh,,,,,
T1001006,terminal,Aerial Terminal,FDH103015,fdh,,,,,
T1001006,terminal,Aerial Terminal,FDH103015,fdh,,,,,
T1001434,terminal,MST,FDH103012,fdh,,,,,
T1001434,terminal,MST,FDH103012,fdh,,,,,
T1001434,terminal,MST,FDH103012,fdh,,,,,
T1001424,terminal,Aerial Terminal,FDH103012,fdh,,,,,
T1001421,terminal,Aerial Terminal,FDH103012,fdh,,,,,
T1001423,terminal,Aerial Terminal,FDH103012,fdh,,,,,
T1001424,terminal,Aerial Terminal,FDH103012,fdh,,,,,
T1001471,terminal,Aerial Terminal,FDH103011,fdh,,,,,
T1001472,terminal,Aerial Terminal,FDH103011,fdh,,,,,
T1001471,terminal,Aerial Terminal,FDH103011,fdh,,,,,
T1001469,terminal,Aerial Terminal,FDH103011,fdh,,,,,
T1001426,terminal,Aerial Terminal,FDH103012,fdh,,,,,
T1001473,terminal,Aerial Terminal,FDH103011,fdh,,,,,
T1001468,terminal,Aerial Terminal,FDH103011,fdh,,,,,
T1001465,terminal,Aerial Terminal,FDH103011,fdh,,,,,
T1001479,terminal,MST,FDH103011,fdh,,,,,
T1001468,terminal,Aerial Terminal,FDH103011,fdh,,,,,
T1001468,terminal,Aerial Terminal,FDH103011,fdh,,,,,
T1001462,terminal,MST,FDH103011,fdh,,,,,
T1001430,terminal,Aerial Terminal,FDH103012,fdh,,,,,
T1001464,terminal,Aerial Terminal,FDH103011,fdh,,,,,
T1001471,terminal,Aerial Terminal,FDH103011,fdh,,,,,
T1001470,terminal,Aerial Terminal,FDH103011,fdh,,,,,
T1001470,terminal,Aerial Terminal,FDH103011,fdh,,,,,
T1001470,terminal,Aerial Terminal,FDH103011,fdh,,,,,
T1001470,terminal,Aerial Terminal,FDH103011,fdh,,,,,
T1001471,terminal,Aerial Terminal,FDH103011,fdh,,,,,
T1001471,terminal,Aerial Terminal,FDH103011,fdh,,,,,
T1001470,terminal,Aerial Terminal,FDH103011,fdh,,,,,
T1001472,terminal,Aerial Terminal,FDH103011,fdh,,,,,
T1001472,terminal,Aerial Terminal,FDH103011,fdh,,,,,
T1001471,terminal,Aerial Terminal,FDH103011,fdh,,,,,
T1001461,terminal,Aerial Terminal,FDH103011,fdh,,,,,
T1001429,terminal,Aerial Terminal,FDH103012,fdh,,,,,
T1001466,terminal,Aerial Terminal,FDH103011,fdh,,,,,
T1001428,terminal,Aerial Terminal,FDH103012,fdh,,,,,
T1001430,terminal,Aerial Terminal,FDH103012,fdh,,,,,
T1001497,terminal,Aerial Terminal,FDH103011,fdh,,,,,
T1001467,terminal,Aerial Terminal,FDH103011,fdh,,,,,
T1001480,terminal,MST,FDH103011,fdh,,,,,
T1001497,terminal,Aerial Terminal,FDH103011,fdh,,,,,
T1001467,terminal,Aerial Terminal,FDH103011,fdh,,,,,
T1001467,terminal,Aerial Terminal,FDH103011,fdh,,,,,
T1001497,terminal,Aerial Terminal,FDH103011,fdh,,,,,
T1001477,terminal,MST,FDH103011,fdh,,,,,
T1001470,terminal,Aerial Terminal,FDH103011,fdh,,,,,
T1001470,terminal,Aerial Terminal,FDH103011,fdh,,,,,
T1001468,terminal,Aerial Terminal,FDH103011,fdh,,,,,
T1001467,terminal,Aerial Terminal,FDH103011,fdh,,,,,
T1001434,terminal,MST,FDH103012,fdh,,,,,
T1001434,terminal,MST,FDH103012,fdh,,,,,
T1001435,terminal,Aerial Terminal,FDH103012,fdh,,,,,
T1001436,terminal,Aerial Terminal,FDH103012,fdh,,,,,
T1001429,terminal,Aerial Terminal,FDH103012,fdh,,,,,
T1001425,terminal,Aerial Terminal,FDH103012,fdh,,,,,
T1001425,terminal,Aerial Terminal,FDH103012,fdh,,,,,
T1001425,terminal,Aerial Terminal,FDH103012,fdh,,,,,
T1001425,terminal,Aerial Terminal,FDH103012,fdh,,,,,
T1001425,terminal,Aerial Terminal,FDH103012,fdh,,,,,
T1001427,terminal,Aerial Terminal,FDH103012,fdh,,,,,
T1001427,terminal,Aerial Terminal,FDH103012,fdh,,,,,
T1001428,terminal,Aerial Terminal,FDH103012,fdh,,,,,
T1001430,terminal,Aerial Terminal,FDH103012,fdh,,,,,
T1001416,terminal,MST,FDH103009,fdh,,,,,
T1001417,terminal,MST,FDH103009,fdh,,,,,
T1001407,terminal,MST,FDH103012,fdh,,,,,
T1001407,terminal,MST,FDH103012,fdh,,,,,
T1001407,terminal,MST,FDH103012,fdh,,,,,
T1001406,terminal,MST,FDH103012,fdh,,,,,
T1001423,terminal,Aerial Terminal,FDH103012,fdh,,,,,
T1001422,terminal,Aerial Terminal,FDH103012,fdh,,,,,
T1001406,terminal,MST,FDH103012,fdh,,,,,
T1001439,terminal,Aerial Terminal,FDH103012,fdh,,,,,
T1001432,terminal,MST,FDH103012,fdh,,,,,
T1001433,terminal,MST,FDH103012,fdh,,,,,
T1001422,terminal,Aerial Terminal,FDH103012,fdh,,,,,
T1001433,terminal,MST,FDH103012,fdh,,,,,
T1001409,terminal,MST,FDH103012,fdh,,,,,
T1001409,terminal,MST,FDH103012,fdh,,,,,
T1001410,terminal,MST,FDH103012,fdh,,,,,
T1001410,terminal,MST,FDH103012,fdh,,,,,
T1001410,terminal,MST,FDH103012,fdh,,,,,
T1001409,terminal,MST,FDH103012,fdh,,,,,
T1001409,terminal,MST,FDH103012,fdh,,,,,
T1001409,terminal,MST,FDH103012,fdh,,,,,
T1001407,terminal,MST,FDH103012,fdh,,,,,
T1001436,terminal,Aerial Terminal,FDH103012,fdh,,,,,
T1001436,terminal,Aerial Terminal,FDH103012,fdh,,,,,
T1001012,terminal,Aerial Terminal,FDH103008,fdh,,,,,
T1001300,terminal,Aerial Terminal,FDH103008,fdh,,,,,
T1001302,terminal,Aerial Terminal,FDH103008,fdh,,,,,
T1001298,terminal,Aerial Terminal,FDH103008,fdh,,,,,
T1001301,terminal,Aerial Terminal,FDH103008,fdh,,,,,
T1001301,terminal,Aerial Terminal,FDH103008,fdh,,,,,
T1001325,terminal,Aerial Terminal,FDH103008,fdh,,,,,
T1001303,terminal,Aerial Terminal,FDH103008,fdh,,,,,
T1001304,terminal,Aerial Terminal,FDH103008,fdh,,,,,
T1001303,terminal,Aerial Terminal,FDH103008,fdh,,,,,
T1001488,terminal,Aerial Terminal,FDH103008,fdh,,,,,
T1001320,terminal,Aerial Terminal,FDH103008,fdh,,,,,
T1001488,terminal,Aerial Terminal,FDH103008,fdh,,,,,
T1001316,terminal,Aerial Terminal,FDH103008,fdh,,,,,
T1001320,terminal,Aerial Terminal,FDH103008,fdh,,,,,
T1001488,terminal,Aerial Terminal,FDH103008,fdh,,,,,
T1001488,terminal,Aerial Terminal,FDH103008,fdh,,,,,
T1001488,terminal,Aerial Terminal,FDH103008,fdh,,,,,
T1001488,terminal,Aerial Terminal,FDH103008,fdh,,,,,
T1001488,terminal,Aerial Terminal,FDH103008,fdh,,,,,
T1001316,terminal,Aerial Terminal,FDH103008,fdh,,,,,
T1001318,terminal,Aerial Terminal,FDH103008,fdh,,,,,
T1001324,terminal,MST,FDH103008,fdh,,,,,
T1001318,terminal,Aerial Terminal,FDH103008,fdh,,,,,
T1001318,terminal,Aerial Terminal,FDH103008,fdh,,,,,
T1001318,terminal,Aerial Terminal,FDH103008,fdh,,,,,
T1001317,terminal,Aerial Terminal,FDH103008,fdh,,,,,
T1001317,terminal,Aerial Terminal,FDH103008,fdh,,,,,
T1001320,terminal,Aerial Terminal,FDH103008,fdh,,,,,
T1001320,terminal,Aerial Terminal,FDH103008,fdh,,,,,
T1001318,terminal,Aerial Terminal,FDH103008,fdh,,,,,
T1001320,terminal,Aerial Terminal,FDH103008,fdh,,,,,
T1001488,terminal,Aerial Terminal,FDH103008,fdh,,,,,
T1001320,terminal,Aerial Terminal,FDH103008,fdh,,,,,
T1001309,terminal,Aerial Terminal,FDH103008,fdh,,,,,
T1001309,terminal,Aerial Terminal,FDH103008,fdh,,,,,
T1001314,terminal,Aerial Terminal,FDH103008,fdh,,,,,
T1001311,terminal,Aerial Terminal,FDH103008,fdh,,,,,
T1001310,terminal,Aerial Terminal,FDH103008,fdh,,,,,
T1001310,terminal,Aerial Terminal,FDH103008,fdh,,,,,
T1001320,terminal,Aerial Terminal,FDH103008,fdh,,,,,
T1001313,terminal,Aerial Terminal,FDH103008,fdh,,,,,
T1001312,terminal,Aerial Terminal,FDH103008,fdh,,,,,
T1001313,terminal,Aerial Terminal,FDH103008,fdh,,,,,
T1001313,terminal,Aerial Terminal,FDH103008,fdh,,,,,
T1001307,terminal,Aerial Terminal,FDH103008,fdh,,,,,
T1001314,terminal,Aerial Terminal,FDH103008,fdh,,,,,
T1001305,terminal,Aerial Terminal,FDH103008,fdh,,,,,
T1001306,terminal,Aerial Terminal,FDH103008,fdh,,,,,
T1001305,terminal,Aerial Terminal,FDH103008,fdh,,,,,
T1001314,terminal,Aerial Terminal,FDH103008,fdh,,,,,
T1001308,terminal,Aerial Terminal,FDH103008,fdh,,,,,
T1001306,terminal,Aerial Terminal,FDH103008,fdh,,,,,
T1001307,terminal,Aerial Terminal,FDH103008,fdh,,,,,
T1001312,terminal,Aerial Terminal,FDH103008,fdh,,,,,
T1001311,terminal,Aerial Terminal,FDH103008,fdh,,,,,
T1001312,terminal,Aerial Terminal,FDH103008,fdh,,,,,
T1001313,terminal,Aerial Terminal,FDH103008,fdh,,,,,
T1001461,terminal,Aerial Terminal,FDH103011,fdh,,,,,
T1001290,terminal,MST,FDH103007,fdh,,,,,
T1001283,terminal,Aerial Terminal,FDH103007,fdh,,,,,
T1001318,terminal,Aerial Terminal,FDH103008,fdh,,,,,
T1001452,terminal,Aerial Terminal,FDH103011,fdh,,,,,
T1001453,terminal,MST,FDH103011,fdh,,,,,
T1001465,terminal,Aerial Terminal,FDH103011,fdh,,,,,
T1001316,terminal,Aerial Terminal,FDH103008,fdh,,,,,
T1001488,terminal,Aerial Terminal,FDH103008,fdh,,,,,
T1001316,terminal,Aerial Terminal,FDH103008,fdh,,,,,
T1001316,terminal,Aerial Terminal,FDH103008,fdh,,,,,
T1001316,terminal,Aerial Terminal,FDH103008,fdh,,,,,
T1001304,terminal,Aerial Terminal,FDH103008,fdh,,,,,
T1001318,terminal,Aerial Terminal,FDH103008,fdh,,,,,
T1001255,terminal,Aerial Terminal,FDH103007,fdh,,,,,
T1001479,terminal,MST,FDH103011,fdh,,,,,
T1001281,terminal,Aerial Terminal,FDH103007,fdh,,,,,
T1001280,terminal,Aerial Terminal,FDH103007,fdh,,,,,
T1001281,terminal,Aerial Terminal,FDH103007,fdh,,,,,
T1001478,terminal,MST,FDH103011,fdh,,,,,
T1001479,terminal,MST,FDH103011,fdh,,,,,
T1001279,terminal,Aerial Terminal,FDH103007,fdh,,,,,
T1001281,terminal,Aerial Terminal,FDH103007,fdh,,,,,
T1001277,terminal,Aerial Terminal,FDH103007,fdh,,,,,
T1001268,terminal,Aerial Terminal,FDH103007,fdh,,,,,
T1001268,terminal,Aerial Terminal,FDH103007,fdh,,,,,
T1001268,terminal,Aerial Terminal,FDH103007,fdh,,,,,
T1001268,terminal,Aerial Terminal,FDH103007,fdh,,,,,
T1001269,terminal,Aerial Terminal,FDH103007,fdh,,,,,
T1001270,terminal,Aerial Terminal,FDH103007,fdh,,,,,
T1001268,terminal,Aerial Terminal,FDH103007,fdh,,,,,
T1001286,terminal,Aerial Terminal,FDH103007,fdh,,,,,
T1001270,terminal,Aerial Terminal,FDH103007,fdh,,,,,
T1001286,terminal,Aerial Terminal,FDH103007,fdh,,,,,
T1001271,terminal,Aerial Terminal,FDH103007,fdh,,,,,
T1001286,terminal,Aerial Terminal,FDH103007,fdh,,,,,
T1001266,terminal,MST,FDH103007,fdh,,,,,
T1001266,terminal,MST,FDH103007,fdh,,,,,
T1001292,terminal,MST,FDH103007,fdh,,,,,
T1001285,terminal,Aerial Terminal,FDH103007,fdh,,,,,
T1001267,terminal,MST,FDH103007,fdh,,,,,
T1001292,terminal,MST,FDH103007,fdh,,,,,
T1001268,terminal,Aerial Terminal,FDH103007,fdh,,,,,
T1001283,terminal,Aerial Terminal,FDH103007,fdh,,,,,
T1001269,terminal,Aerial Terminal,FDH103007,fdh,,,,,
T1001269,terminal,Aerial Terminal,FDH103007,fdh,,,,,
T1001269,terminal,Aerial Terminal,FDH103007,fdh,,,,,
T1001258,terminal,Aerial Terminal,FDH103007,fdh,,,,,
T1001258,terminal,Aerial Terminal,FDH103007,fdh,,,,,
T1001297,terminal,Aerial Terminal,FDH103001,fdh,,,,,
T1001258,terminal,Aerial Terminal,FDH103007,fdh,,,,,
T1001260,terminal,Aerial Terminal,FDH103007,fdh,,,,,
T1001258,terminal,Aerial Terminal,FDH103007,fdh,,,,,
T1001259,terminal,Aerial Terminal,FDH103007,fdh,,,,,
T1001266,terminal,MST,FDH103007,fdh,,,,,
T1001260,terminal,Aerial Terminal,FDH103007,fdh,,,,,
T1001297,terminal,Aerial Terminal,FDH103001,fdh,,,,,
T1001298,terminal,Aerial Terminal,FDH103008,fdh,,,,,
T1001296,terminal,Aerial Terminal,FDH103001,fdh,,,,,
T1001293,terminal,Aerial Terminal,FDH103001,fdh,,,,,
T1001294,terminal,Aerial Terminal,FDH103001,fdh,,,,,
T1001296,terminal,Aerial Terminal,FDH103001,fdh,,,,,
T1001459,terminal,Aerial Terminal,FDH103011,fdh,,,,,
T1001426,terminal,Aerial Terminal,FDH103012,fdh,,,,,
T1001481,terminal,MST,FDH103011,fdh,,,,,
T1001458,terminal,Aerial Terminal,FDH103011,fdh,,,,,
T1001460,terminal,Aerial Terminal,FDH103011,fdh,,,,,
T1001478,terminal,MST,FDH103011,fdh,,,,,
T1001457,terminal,Aerial Terminal,FDH103011,fdh,,,,,
T1001455,terminal,MST,FDH103011,fdh,,,,,
T1001458,terminal,Aerial Terminal,FDH103011,fdh,,,,,
T1001455,terminal,MST,FDH103011,fdh,,,,,
T1001451,terminal,Aerial Terminal,FDH103011,fdh,,,,,
T1001451,terminal,Aerial Terminal,FDH103011,fdh,,,,,
T1001451,terminal,Aerial Terminal,FDH103011,fdh,,,,,
T1001446,terminal,Aerial Terminal,FDH103011,fdh,,,,,
T1001451,terminal,Aerial Terminal,FDH103011,fdh,,,,,
T1001452,terminal,Aerial Terminal,FDH103011,fdh,,,,,
T1001453,terminal,MST,FDH103011,fdh,,,,,
T1001451,terminal,Aerial Terminal,FDH103011,fdh,,,,,
T1001451,terminal,Aerial Terminal,FDH103011,fdh,,,,,
T1001452,terminal,Aerial Terminal,FDH103011,fdh,,,,,
T1001454,terminal,Aerial Terminal,FDH103011,fdh,,,,,
T1001452,terminal,Aerial Terminal,FDH103011,fdh,,,,,
T1001452,terminal,Aerial Terminal,FDH103011,fdh,,,,,
T1001446,terminal,Aerial Terminal,FDH103011,fdh,,,,,
T1001445,terminal,Aerial Terminal,FDH103011,fdh,,,,,
T1001445,terminal,Aerial Terminal,FDH103011,fdh,,,,,
T1001444,terminal,Aerial Terminal,FDH103011,fdh,,,,,
T1001444,terminal,Aerial Terminal,FDH103011,fdh,,,,,
T1001448,terminal,Aerial Terminal,FDH103011,fdh,,,,,
T1001447,terminal,Aerial Terminal,FDH103011,fdh,,,,,
T1001451,terminal,Aerial Terminal,FDH103011,fdh,,,,,
T1001451,terminal,Aerial Terminal,FDH103011,fdh,,,,,
T1001451,terminal,Aerial Terminal,FDH103011,fdh,,,,,
T1001450,terminal,Aerial Terminal,FDH103011,fdh,,,,,
T1001449,terminal,Aerial Terminal,FDH103011,fdh,,,,,
T1001450,terminal,Aerial Terminal,FDH103011,fdh,,,,,
T1001448,terminal,Aerial Terminal,FDH103011,fdh,,,,,
T1001448,terminal,Aerial Terminal,FDH103011,fdh,,,,,
T1001446,terminal,Aerial Terminal,FDH103011,fdh,,,,,
T1001446,terminal,Aerial Terminal,FDH103011,fdh,,,,,
T1001448,terminal,Aerial Terminal,FDH103011,fdh,,,,,
T1001445,terminal,Aerial Terminal,FDH103011,fdh,,,,,
T1001445,terminal,Aerial Terminal,FDH103011,fdh,,,,,
T1001447,terminal,Aerial Terminal,FDH103011,fdh,,,,,
T1001446,terminal,Aerial Terminal,FDH103011,fdh,,,,,
T1001254,terminal,Aerial Terminal,FDH103007,fdh,,,,,
T1001254,terminal,Aerial Terminal,FDH103007,fdh,,,,,
T1001252,terminal,Aerial Terminal,FDH103007,fdh,,,,,
T1001252,terminal,Aerial Terminal,FDH103007,fdh,,,,,
T1001253,terminal,Aerial Terminal,FDH103007,fdh,,,,,
T1001254,terminal,Aerial Terminal,FDH103007,fdh,,,,,
T1001252,terminal,Aerial Terminal,FDH103007,fdh,,,,,
T1001254,terminal,Aerial Terminal,FDH103007,fdh,,,,,
T1001291,terminal,MST,FDH103007,fdh,,,,,
T1001291,terminal,MST,FDH103007,fdh,,,,,
T1001254,terminal,Aerial Terminal,FDH103007,fdh,,,,,
T1001253,terminal,Aerial Terminal,FDH103007,fdh,,,,,
T1001453,terminal,MST,FDH103011,fdh,,,,,
T1001478,terminal,MST,FDH103011,fdh,,,,,
T1001274,terminal,Aerial Terminal,FDH103007,fdh,,,,,
T1001273,terminal,Aerial Terminal,FDH103007,fdh,,,,,
T1001271,terminal,Aerial Terminal,FDH103007,fdh,,,,,
T1001271,terminal,Aerial Terminal,FDH103007,fdh,,,,,
T1001272,terminal,Aerial Terminal,FDH103007,fdh,,,,,
T1001271,terminal,Aerial Terminal,FDH103007,fdh,,,,,
T1001271,terminal,Aerial Terminal,FDH103007,fdh,,,,,
T1001264,terminal,Aerial Terminal,FDH103007,fdh,,,,,
T1001262,terminal,Aerial Terminal,FDH103007,fdh,,,,,
T1001265,terminal,Aerial Terminal,FDH103007,fdh,,,,,
T1001285,terminal,Aerial Terminal,FDH103007,fdh,,,,,
T1001292,terminal,MST,FDH103007,fdh,,,,,
T1001282,terminal,Aerial Terminal,FDH103007,fdh,,,,,
T1001491,terminal,Aerial Terminal,FDH103007,fdh,,,,,
T1001282,terminal,Aerial Terminal,FDH103007,fdh,,,,,
T1001274,terminal,Aerial Terminal,FDH103007,fdh,,,,,
T1001274,terminal,Aerial Terminal,FDH103007,fdh,,,,,
T1001274,terminal,Aerial Terminal,FDH103007,fdh,,,,,
T1001478,terminal,MST,FDH103011,fdh,,,,,
T1001275,terminal,Aerial Terminal,FDH103007,fdh,,,,,
T1001491,terminal,Aerial Terminal,FDH103007,fdh,,,,,
T1001491,terminal,Aerial Terminal,FDH103007,fdh,,,,,
T1001276,terminal,MST,FDH103007,fdh,,,,,
T1001282,terminal,Aerial Terminal,FDH103007,fdh,,,,,
T1001255,terminal,Aerial Terminal,FDH103007,fdh,,,,,
T1001461,terminal,Aerial Terminal,FDH103011,fdh,,,,,
T1001131,terminal,Aerial Terminal,FDH103005,fdh,,,,,
T1001134,terminal,Aerial Terminal,FDH103005,fdh,,,,,
T1001146,terminal,Aerial Terminal,FDH103005,fdh,,,,,
T1001134,terminal,Aerial Terminal,FDH103005,fdh,,,,,
T1001080,terminal,Aerial Terminal,FDH103004,fdh,,,,,
T1001080,terminal,Aerial Terminal,FDH103004,fdh,,,,,
T1001080,terminal,Aerial Terminal,FDH103004,fdh,,,,,
T1001079,terminal,Aerial Terminal,FDH103004,fdh,,,,,
T1001051,terminal,Aerial Terminal,FDH103004,fdh,,,,,
T1001079,terminal,Aerial Terminal,FDH103004,fdh,,,,,
T1001083,terminal,Aerial Terminal,FDH103004,fdh,,,,,
T1001083,terminal,Aerial Terminal,FDH103004,fdh,,,,,
T1001083,terminal,Aerial Terminal,FDH103004,fdh,,,,,
T1001082,terminal,Aerial Terminal,FDH103004,fdh,,,,,
T1001115,terminal,Aerial Terminal,FDH103003,fdh,,,,,
T1001081,terminal,Aerial Terminal,FDH103004,fdh,,,,,
T1001134,terminal,Aerial Terminal,FDH103005,fdh,,,,,
T1001090,terminal,MST,FDH103004,fdh,,,,,
T1001089,terminal,Aerial Terminal,FDH103004,fdh,,,,,
T1001089,terminal,Aerial Terminal,FDH103004,fdh,,,,,
T1001078,terminal,Aerial Terminal,FDH103004,fdh,,,,,
T1001089,terminal,Aerial Terminal,FDH103004,fdh,,,,,
T1001089,terminal,Aerial Terminal,FDH103004,fdh,,,,,
T1001089,terminal,Aerial Terminal,FDH103004,fdh,,,,,
T1001088,terminal,Aerial Terminal,FDH103004,fdh,,,,,
T1001088,terminal,Aerial Terminal,FDH103004,fdh,,,,,
T1001089,terminal,Aerial Terminal,FDH103004,fdh,,,,,
T1001089,terminal,Aerial Terminal,FDH103004,fdh,,,,,
T1001088,terminal,Aerial Terminal,FDH103004,fdh,,,,,
T1001087,terminal,MST,FDH103004,fdh,,,,,
T1001087,terminal,MST,FDH103004,fdh,,,,,
T1001088,terminal,Aerial Terminal,FDH103004,fdh,,,,,
T1001088,terminal,Aerial Terminal,FDH103004,fdh,,,,,
T1001087,terminal,MST,FDH103004,fdh,,,,,
T1001077,terminal,Aerial Terminal,FDH103004,fdh,,,,,
T1001050,terminal,Aerial Terminal,FDH103004,fdh,,,,,
T1001078,terminal,Aerial Terminal,FDH103004,fdh,,,,,
T1001136,terminal,MST,FDH103005,fdh,,,,,
T1001078,terminal,Aerial Terminal,FDH103004,fdh,,,,,
T1001047,terminal,Aerial Terminal,FDH103004,fdh,,,,,
T1001078,terminal,Aerial Terminal,FDH103004,fdh,,,,,
T1001078,terminal,Aerial Terminal,FDH103004,fdh,,,,,
T1001435,terminal,Aerial Terminal,FDH103012,fdh,,,,,
T1001436,terminal,Aerial Terminal,FDH103012,fdh,,,,,
T1001435,terminal,Aerial Terminal,FDH103012,fdh,,,,,
T1001435,terminal,Aerial Terminal,FDH103012,fdh,,,,,
T1001435,terminal,Aerial Terminal,FDH103012,fdh,,,,,
T1001049,terminal,Aerial Terminal,FDH103004,fdh,,,,,
T1001049,terminal,Aerial Terminal,FDH103004,fdh,,,,,
T1001077,terminal,Aerial Terminal,FDH103004,fdh,,,,,
T1001269,terminal,Aerial Terminal,FDH103007,fdh,,,,,
T1001489,terminal,Aerial Terminal,FDH103007,fdh,,,,,
T1001292,terminal,MST,FDH103007,fdh,,,,,
T1001253,terminal,Aerial Terminal,FDH103007,fdh,,,,,
T1001057,terminal,MST,FDH103004,fdh,,,,,
T1001056,terminal,MST,FDH103004,fdh,,,,,
T1001058,terminal,MST,FDH103004,fdh,,,,,
T1001056,terminal,MST,FDH103004,fdh,,,,,
T1001049,terminal,Aerial Terminal,FDH103004,fdh,,,,,
T1001050,terminal,Aerial Terminal,FDH103004,fdh,,,,,
T1001050,terminal,Aerial Terminal,FDH103004,fdh,,,,,
T1001144,terminal,Aerial Terminal,FDH103003,fdh,,,,,
T1001061,terminal,Aerial Terminal,FDH103004,fdh,,,,,
T1001130,terminal,Aerial Terminal,FDH103005,fdh,,,,,
T1001061,terminal,Aerial Terminal,FDH103004,fdh,,,,,
T1001062,terminal,Aerial Terminal,FDH103005,fdh,,,,,
T1001118,terminal,Aerial Terminal,FDH103005,fdh,,,,,
T1001118,terminal,Aerial Terminal,FDH103005,fdh,,,,,
T1001053,terminal,Aerial Terminal,FDH103004,fdh,,,,,
T1001100,terminal,Aerial Terminal,FDH103005,fdh,,,,,
T1001057,terminal,MST,FDH103004,fdh,,,,,
T1001058,terminal,MST,FDH103004,fdh,,,,,
T1001069,terminal,MST,FDH103006,fdh,,,,,
T1001124,terminal,Aerial Terminal,FDH103005,fdh,,,,,
T1001122,terminal,Aerial Terminal,FDH103005,fdh,,,,,
T1001118,terminal,Aerial Terminal,FDH103005,fdh,,,,,
T1001145,terminal,Aerial Terminal,FDH103005,fdh,,,,,
T1001118,terminal,Aerial Terminal,FDH103005,fdh,,,,,
T1001060,terminal,Aerial Terminal,FDH103004,fdh,,,,,
T1001144,terminal,Aerial Terminal,FDH103003,fdh,,,,,
T1001060,terminal,Aerial Terminal,FDH103004,fdh,,,,,
T1001130,terminal,Aerial Terminal,FDH103005,fdh,,,,,
T1001060,terminal,Aerial Terminal,FDH103004,fdh,,,,,
T1001127,terminal,Aerial Terminal,FDH103005,fdh,,,,,
T1001128,terminal,Aerial Terminal,FDH103005,fdh,,,,,
T1001126,terminal,Aerial Terminal,FDH103005,fdh,,,,,
T1001131,terminal,Aerial Terminal,FDH103005,fdh,,,,,
T1001128,terminal,Aerial Terminal,FDH103005,fdh,,,,,
T1001130,terminal,Aerial Terminal,FDH103005,fdh,,,,,
T1001133,terminal,Aerial Terminal,FDH103005,fdh,,,,,
T1001133,terminal,Aerial Terminal,FDH103005,fdh,,,,,
T1001131,terminal,Aerial Terminal,FDH103005,fdh,,,,,
T1001133,terminal,Aerial Terminal,FDH103005,fdh,,,,,
T1001136,terminal,MST,FDH103005,fdh,,,,,
T1001147,terminal,Aerial Terminal,FDH103005,fdh,,,,,
T1001135,terminal,Aerial Terminal,FDH103005,fdh,,,,,
T1001132,terminal,Aerial Terminal,FDH103005,fdh,,,,,
T1001132,terminal,Aerial Terminal,FDH103005,fdh,,,,,
T1001130,terminal,Aerial Terminal,FDH103005,fdh,,,,,
T1001132,terminal,Aerial Terminal,FDH103005,fdh,,,,,
T1001144,terminal,Aerial Terminal,FDH103003,fdh,,,,,
T1001129,terminal,Aerial Terminal,FDH103005,fdh,,,,,
T1001130,terminal,Aerial Terminal,FDH103005,fdh,,,,,
T1001130,terminal,Aerial Terminal,FDH103005,fdh,,,,,
T1001128,terminal,Aerial Terminal,FDH103005,fdh,,,,,
T1001128,terminal,Aerial Terminal,FDH103005,fdh,,,,,
T1001129,terminal,Aerial Terminal,FDH103005,fdh,,,,,
T1001128,terminal,Aerial Terminal,FDH103005,fdh,,,,,
T1001122,terminal,Aerial Terminal,FDH103005,fdh,,,,,
T1001120,terminal,Aerial Terminal,FDH103005,fdh,,,,,
T1001122,terminal,Aerial Terminal,FDH103005,fdh,,,,,
T1001123,terminal,MST,FDH103005,fdh,,,,,
T1001122,terminal,Aerial Terminal,FDH103005,fdh,,,,,
T1001122,terminal,Aerial Terminal,FDH103005,fdh,,,,,
T1001123,terminal,MST,FDH103005,fdh,,,,,
T1001132,terminal,Aerial Terminal,FDH103005,fdh,,,,,
T1001123,terminal,MST,FDH103005,fdh,,,,,
T1001132,terminal,Aerial Terminal,FDH103005,fdh,,,,,
T1001107,terminal,Aerial Terminal,FDH103003,fdh,,,,,
T1001109,terminal,Aerial Terminal,FDH103003,fdh,,,,,
T1001109,terminal,Aerial Terminal,FDH103003,fdh,,,,,
T1001113,terminal,Aerial Terminal,FDH103003,fdh,,,,,
T1001153,terminal,MST,FDH103003,fdh,,,,,
T1001109,terminal,Aerial Terminal,FDH103003,fdh,,,,,
T1001152,terminal,Aerial Terminal,FDH103003,fdh,,,,,
T1001116,terminal,Aerial Terminal,FDH103003,fdh,,,,,
T1001120,terminal,Aerial Terminal,FDH103005,fdh,,,,,
T1001113,terminal,Aerial Terminal,FDH103003,fdh,,,,,
T1001116,terminal,Aerial Terminal,FDH103003,fdh,,,,,
T1001121,terminal,Aerial Terminal,FDH103005,fdh,,,,,
T1001120,terminal,Aerial Terminal,FDH103005,fdh,,,,,
T1001228,terminal,MST,FDH103003,fdh,,,,,
T1001217,terminal,Aerial Terminal,FDH103003,fdh,,,,,
T1001228,terminal,MST,FDH103003,fdh,,,,,
T1001103,terminal,Aerial Terminal,FDH103003,fdh,,,,,
T1001103,terminal,Aerial Terminal,FDH103003,fdh,,,,,
T1001103,terminal,Aerial Terminal,FDH103003,fdh,,,,,
T1001108,terminal,MST,FDH103003,fdh,,,,,
T1001106,terminal,MST,FDH103003,fdh,,,,,
T1001106,terminal,MST,FDH103003,fdh,,,,,
T1001106,terminal,MST,FDH103003,fdh,,,,,
T1001105,terminal,Aerial Terminal,FDH103003,fdh,,,,,
T1001107,terminal,Aerial Terminal,FDH103003,fdh,,,,,
T1001248,terminal,MST,FDH103002,fdh,,,,,
T1001221,terminal,Aerial Terminal,FDH103002,fdh,,,,,
T1001249,terminal,Aerial Terminal,FDH103002,fdh,,,,,
T1001248,terminal,MST,FDH103002,fdh,,,,,
T1001221,terminal,Aerial Terminal,FDH103002,fdh,,,,,
T1001220,terminal,Aerial Terminal,FDH103002,fdh,,,,,
T1001221,terminal,Aerial Terminal,FDH103002,fdh,,,,,
T1001221,terminal,Aerial Terminal,FDH103002,fdh,,,,,
T1001237,terminal,MST,FDH103002,fdh,,,,,
T1001238,terminal,MST,FDH103002,fdh,,,,,
T1001237,terminal,MST,FDH103002,fdh,,,,,
T1001237,terminal,MST,FDH103002,fdh,,,,,
T1001229,terminal,MST,FDH103003,fdh,,,,,
T1001238,terminal,MST,FDH103002,fdh,,,,,
T1001239,terminal,Aerial Terminal,FDH103002,fdh,,,,,
T1001021,terminal,Aerial Terminal,FDH103002,fdh,,,,,
T1001235,terminal,Aerial Terminal,FDH103002,fdh,,,,,
T1001235,terminal,Aerial Terminal,FDH103002,fdh,,,,,
T1001235,terminal,Aerial Terminal,FDH103002,fdh,,,,,
T1001234,terminal,Aerial Terminal,FDH103002,fdh,,,,,
T1001234,terminal,Aerial Terminal,FDH103002,fdh,,,,,
T1001235,terminal,Aerial Terminal,FDH103002,fdh,,,,,
T1001234,terminal,Aerial Terminal,FDH103002,fdh,,,,,
T1001245,terminal,MST,FDH103002,fdh,,,,,
T1001220,terminal,Aerial Terminal,FDH103002,fdh,,,,,
T1001234,terminal,Aerial Terminal,FDH103002,fdh,,,,,
T1001234,terminal,Aerial Terminal,FDH103002,fdh,,,,,
T1001247,terminal,MST,FDH103003,fdh,,,,,
T1001239,terminal,Aerial Terminal,FDH103002,fdh,,,,,
T1001231,terminal,MST,FDH103003,fdh,,,,,
T1001230,terminal,MST,FDH103003,fdh,,,,,
T1001245,terminal,MST,FDH103002,fdh,,,,,
T1001246,terminal,MST,FDH103003,fdh,,,,,
T1001239,terminal,Aerial Terminal,FDH103002,fdh,,,,,
T1001234,terminal,Aerial Terminal,FDH103002,fdh,,,,,
T1001249,terminal,Aerial Terminal,FDH103002,fdh,,,,,
T1001249,terminal,Aerial Terminal,FDH103002,fdh,,,,,
T1001236,terminal,Aerial Terminal,FDH103002,fdh,,,,,
T1001221,terminal,Aerial Terminal,FDH103002,fdh,,,,,
T1001236,terminal,Aerial Terminal,FDH103002,fdh,,,,,
T1001234,terminal,Aerial Terminal,FDH103002,fdh,,,,,
T1001232,terminal,MST,FDH103003,fdh,,,,,
T1001233,terminal,MST,FDH103003,fdh,,,,,
T1001232,terminal,MST,FDH103003,fdh,,,,,
T1001232,terminal,MST,FDH103003,fdh,,,,,
T1001233,terminal,MST,FDH103003,fdh,,,,,
T1001232,terminal,MST,FDH103003,fdh,,,,,
T1001232,terminal,MST,FDH103003,fdh,,,,,
T1001233,terminal,MST,FDH103003,fdh,,,,,
T1001233,terminal,MST,FDH103003,fdh,,,,,
T1001233,terminal,MST,FDH103003,fdh,,,,,
T1001233,terminal,MST,FDH103003,fdh,,,,,
T1001230,terminal,MST,FDH103003,fdh,,,,,
T1001230,terminal,MST,FDH103003,fdh,,,,,
T1001233,terminal,MST,FDH103003,fdh,,,,,
T1001230,terminal,MST,FDH103003,fdh,,,,,
T1001103,terminal,Aerial Terminal,FDH103003,fdh,,,,,
T1001225,terminal,Aerial Terminal,FDH103003,fdh,,,,,
T1001109,terminal,Aerial Terminal,FDH103003,fdh,,,,,
T1001109,terminal,Aerial Terminal,FDH103003,fdh,,,,,
T1001223,terminal,Aerial Terminal,FDH103003,fdh,,,,,
T1001226,terminal,Aerial Terminal,FDH103003,fdh,,,,,
T1001224,terminal,Aerial Terminal,FDH103003,fdh,,,,,
T1001224,terminal,Aerial Terminal,FDH103003,fdh,,,,,
T1001223,terminal,Aerial Terminal,FDH103003,fdh,,,,,
T1001225,terminal,Aerial Terminal,FDH103003,fdh,,,,,
T1001226,terminal,Aerial Terminal,FDH103003,fdh,,,,,
T1001227,terminal,Aerial Terminal,FDH103003,fdh,,,,,
T1001229,terminal,MST,FDH103003,fdh,,,,,
T1001224,terminal,Aerial Terminal,FDH103003,fdh,,,,,
T1001229,terminal,MST,FDH103003,fdh,,,,,
T1001143,terminal,Aerial Terminal,FDH103003,fdh,,,,,
T1001114,terminal,Aerial Terminal,FDH103003,fdh,,,,,
T1001112,terminal,Aerial Terminal,FDH103003,fdh,,,,,
T1001112,terminal,Aerial Terminal,FDH103003,fdh,,,,,
T1001113,terminal,Aerial Terminal,FDH103003,fdh,,,,,
T1001113,terminal,Aerial Terminal,FDH103003,fdh,,,,,
T1001113,terminal,Aerial Terminal,FDH103003,fdh,,,,,
T1001114,terminal,Aerial Terminal,FDH103003,fdh,,,,,
T1001048,terminal,Aerial Terminal,FDH103004,fdh,,,,,
T1001111,terminal,Aerial Terminal,FDH103003,fdh,,,,,
T1001113,terminal,Aerial Terminal,FDH103003,fdh,,,,,
T1001112,terminal,Aerial Terminal,FDH103003,fdh,,,,,
T1001110,terminal,Aerial Terminal,FDH103003,fdh,,,,,
T1001109,terminal,Aerial Terminal,FDH103003,fdh,,,,,
T1001110,terminal,Aerial Terminal,FDH103003,fdh,,,,,
T1001111,terminal,Aerial Terminal,FDH103003,fdh,,,,,
T1001150,terminal,MST,FDH103003,fdh,,,,,
T1001115,terminal,Aerial Terminal,FDH103003,fdh,,,,,
T1001116,terminal,Aerial Terminal,FDH103003,fdh,,,,,
T1001114,terminal,Aerial Terminal,FDH103003,fdh,,,,,
T1001114,terminal,Aerial Terminal,FDH103003,fdh,,,,,
T1001114,terminal,Aerial Terminal,FDH103003,fdh,,,,,
T1001150,terminal,MST,FDH103003,fdh,,,,,
T1001150,terminal,MST,FDH103003,fdh,,,,,
T1001143,terminal,Aerial Terminal,FDH103003,fdh,,,,,
T1001112,terminal,Aerial Terminal,FDH103003,fdh,,,,,
T1001143,terminal,Aerial Terminal,FDH103003,fdh,,,,,
T1001149,terminal,Aerial Terminal,FDH103003,fdh,,,,,
T1001117,terminal,Aerial Terminal,FDH103003,fdh,,,,,
T1001119,terminal,Aerial Terminal,FDH103005,fdh,,,,,
T1001149,terminal,Aerial Terminal,FDH103003,fdh,,,,,
T1001141,terminal,Aerial Terminal,FDH103005,fdh,,,,,
T1001151,terminal,Aerial Terminal,FDH103003,fdh,,,,,
T1001119,terminal,Aerial Terminal,FDH103005,fdh,,,,,
T1001117,terminal,Aerial Terminal,FDH103003,fdh,,,,,
T1001117,terminal,Aerial Terminal,FDH103003,fdh,,,,,
T1001117,terminal,Aerial Terminal,FDH103003,fdh,,,,,
T1001151,terminal,Aerial Terminal,FDH103003,fdh,,,,,
T1001117,terminal,Aerial Terminal,FDH103003,fdh,,,,,
T1001116,terminal,Aerial Terminal,FDH103003,fdh,,,,,
T1001116,terminal,Aerial Terminal,FDH103003,fdh,,,,,
T1001116,terminal,Aerial Terminal,FDH103003,fdh,,,,,
T1001121,terminal,Aerial Terminal,FDH103005,fdh,,,,,
T1001120,terminal,Aerial Terminal,FDH103005,fdh,,,,,
T1001120,terminal,Aerial Terminal,FDH103005,fdh,,,,,
T1001120,terminal,Aerial Terminal,FDH103005,fdh,,,,,
T1001121,terminal,Aerial Terminal,FDH103005,fdh,,,,,
T1001144,terminal,Aerial Terminal,FDH103003,fdh,,,,,
T1001121,terminal,Aerial Terminal,FDH103005,fdh,,,,,
T1001121,terminal,Aerial Terminal,FDH103005,fdh,,,,,
T1001140,terminal,Aerial Terminal,FDH103005,fdh,,,,,
T1001141,terminal,Aerial Terminal,FDH103005,fdh,,,,,
T1001149,terminal,Aerial Terminal,FDH103003,fdh,,,,,
T1001140,terminal,Aerial Terminal,FDH103005,fdh,,,,,
T1001140,terminal,Aerial Terminal,FDH103005,fdh,,,,,
T1001119,terminal,Aerial Terminal,FDH103005,fdh,,,,,
T1001149,terminal,Aerial Terminal,FDH103003,fdh,,,,,
T1001140,terminal,Aerial Terminal,FDH103005,fdh,,,,,
T1001063,terminal,Aerial Terminal,FDH103005,fdh,,,,,
T1001095,terminal,Aerial Terminal,FDH103006,fdh,,,,,
T1001063,terminal,Aerial Terminal,FDH103005,fdh,,,,,
T1001063,terminal,Aerial Terminal,FDH103005,fdh,,,,,
T1001063,terminal,Aerial Terminal,FDH103005,fdh,,,,,
T1001120,terminal,Aerial Terminal,FDH103005,fdh,,,,,
T1001141,terminal,Aerial Terminal,FDH103005,fdh,,,,,
T1001121,terminal,Aerial Terminal,FDH103005,fdh,,,,,
T1001119,terminal,Aerial Terminal,FDH103005,fdh,,,,,
T1001140,terminal,Aerial Terminal,FDH103005,fdh,,,,,
T1001070,terminal,MST,FDH103006,fdh,,,,,
T1001071,terminal,MST,FDH103006,fdh,,,,,
T1001065,terminal,Aerial Terminal,FDH103006,fdh,,,,,
T1001067,terminal,Aerial Terminal,FDH103006,fdh,,,,,
T1001131,terminal,Aerial Terminal,FDH103005,fdh,,,,,
T1001094,terminal,Aerial Terminal,FDH103006,fdh,,,,,
T1001074,terminal,MST,FDH103006,fdh,,,,,
T1001094,terminal,Aerial Terminal,FDH103006,fdh,,,,,
T1001075,terminal,MST,FDH103006,fdh,,,,,
T1001072,terminal,MST,FDH103006,fdh,,,,,
T1001068,terminal,Aerial Terminal,FDH103006,fdh,,,,,
T1001068,terminal,Aerial Terminal,FDH103006,fdh,,,,,
T1001096,terminal,Aerial Terminal,FDH103006,fdh,,,,,
T1001046,terminal,MST,FDH103006,fdh,,,,,
T1001046,terminal,MST,FDH103006,fdh,,,,,
T1001054,terminal,MST,FDH103004,fdh,,,,,
T1001054,terminal,MST,FDH103004,fdh,,,,,
T1001098,terminal,Aerial Terminal,FDH103006,fdh,,,,,
T1001098,terminal,Aerial Terminal,FDH103006,fdh,,,,,
T1001098,terminal,Aerial Terminal,FDH103006,fdh,,,,,
T1001098,terminal,Aerial Terminal,FDH103006,fdh,,,,,
T1001098,terminal,Aerial Terminal,FDH103006,fdh,,,,,
T1001098,terminal,Aerial Terminal,FDH103006,fdh,,,,,
T1001133,terminal,Aerial Terminal,FDH103005,fdh,,,,,
T1001022,terminal,Aerial Terminal,FDH103006,fdh,,,,,
T1001025,terminal,Aerial Terminal,FDH103006,fdh,,,,,
T1001034,terminal,Aerial Terminal,FDH103006,fdh,,,,,
T1001035,terminal,Aerial Terminal,FDH103006,fdh,,,,,
T1001034,terminal,Aerial Terminal,FDH103006,fdh,,,,,
T1001046,terminal,MST,FDH103006,fdh,,,,,
T1001024,terminal,Aerial Terminal,FDH103006,fdh,,,,,
T1001054,terminal,MST,FDH103004,fdh,,,,,
T1001024,terminal,Aerial Terminal,FDH103006,fdh,,,,,
T1001024,terminal,Aerial Terminal,FDH103006,fdh,,,,,
T1001030,terminal,Aerial Terminal,FDH103006,fdh,,,,,
T1001033,terminal,Aerial Terminal,FDH103006,fdh,,,,,
T1001033,terminal,Aerial Terminal,FDH103006,fdh,,,,,
T1001041,terminal,MST,FDH103006,fdh,,,,,
T1001041,terminal,MST,FDH103006,fdh,,,,,
T1001033,terminal,Aerial Terminal,FDH103006,fdh,,,,,
T1001033,terminal,Aerial Terminal,FDH103006,fdh,,,,,
T1001032,terminal,Aerial Terminal,FDH103006,fdh,,,,,
T1001075,terminal,MST,FDH103006,fdh,,,,,
T1001034,terminal,Aerial Terminal,FDH103006,fdh,,,,,
T1001035,terminal,Aerial Terminal,FDH103006,fdh,,,,,
T1001033,terminal,Aerial Terminal,FDH103006,fdh,,,,,
T1001033,terminal,Aerial Terminal,FDH103006,fdh,,,,,
T1001033,terminal,Aerial Terminal,FDH103006,fdh,,,,,
T1001033,terminal,Aerial Terminal,FDH103006,fdh,,,,,
T1001033,terminal,Aerial Terminal,FDH103006,fdh,,,,,
T1001043,terminal,MST,FDH103006,fdh,,,,,
T1001038,terminal,MST,FDH103006,fdh,,,,,
T1001042,terminal,Aerial Terminal,FDH103006,fdh,,,,,
T1001036,terminal,Aerial Terminal,FDH103006,fdh,,,,,
T1001037,terminal,MST,FDH103006,fdh,,,,,
T1001038,terminal,MST,FDH103006,fdh,,,,,
T1001036,terminal,Aerial Terminal,FDH103006,fdh,,,,,
T1001039,terminal,MST,FDH103006,fdh,,,,,
T1001037,terminal,MST,FDH103006,fdh,,,,,
T1001037,terminal,MST,FDH103006,fdh,,,,,
T1001039,terminal,MST,FDH103006,fdh,,,,,
T1001038,terminal,MST,FDH103006,fdh,,,,,
T1001039,terminal,MST,FDH103006,fdh,,,,,
T1001039,terminal,MST,FDH103006,fdh,,,,,
T1001039,terminal,MST,FDH103006,fdh,,,,,
T1001016,terminal,MST,FDH103006,fdh,,,,,
T1001016,terminal,MST,FDH103006,fdh,,,,,
T1001045,terminal,Aerial Terminal,FDH103006,fdh,,,,,
T1001014,terminal,MST,FDH103006,fdh,,,,,
T1001013,terminal,MST,FDH103006,fdh,,,,,
T1001045,terminal,Aerial Terminal,FDH103006,fdh,,,,,
T1001045,terminal,Aerial Terminal,FDH103006,fdh,,,,,
T1001043,terminal,MST,FDH103006,fdh,,,,,
T1001044,terminal,Aerial Terminal,FDH103006,fdh,,,,,
T1001044,terminal,Aerial Terminal,FDH103006,fdh,,,,,
T1001042,terminal,Aerial Terminal,FDH103006,fdh,,,,,
T1001043,terminal,MST,FDH103006,fdh,,,,,
T1001043,terminal,MST,FDH103006,fdh,,,,,
T1001043,terminal,MST,FDH103006,fdh,,,,,
T1001015,terminal,MST,FDH103006,fdh,,,,,
T1001026,terminal,Aerial Terminal,FDH103006,fdh,,,,,
T1001031,terminal,Aerial Terminal,FDH103006,fdh,,,,,
T1001028,terminal,Aerial Terminal,FDH103006,fdh,,,,,
T1001026,terminal,Aerial Terminal,FDH103006,fdh,,,,,
T1001033,terminal,Aerial Terminal,FDH103006,fdh,,,,,
T1001032,terminal,Aerial Terminal,FDH103006,fdh,,,,,
T1001031,terminal,Aerial Terminal,FDH103006,fdh,,,,,
T1001031,terminal,Aerial Terminal,FDH103006,fdh,,,,,
T1001014,terminal,MST,FDH103006,fdh,,,,,
T1001066,terminal,Aerial Terminal,FDH103006,fdh,,,,,
T1001017,terminal,MST,FDH103006,fdh,,,,,
T1001016,terminal,MST,FDH103006,fdh,,,,,
T1001017,terminal,MST,FDH103006,fdh,,,,,
T1001017,terminal,MST,FDH103006,fdh,,,,,
T1001023,terminal,Aerial Terminal,FDH103006,fdh,,,,,
T1001024,terminal,Aerial Terminal,FDH103006,fdh,,,,,
T1001020,terminal,Aerial Terminal,FDH103006,fdh,,,,,
T1001023,terminal,Aerial Terminal,FDH103006,fdh,,,,,
T1001028,terminal,Aerial Terminal,FDH103006,fdh,,,,,
T1001028,terminal,Aerial Terminal,FDH103006,fdh,,,,,
T1001024,terminal,Aerial Terminal,FDH103006,fdh,,,,,
T1001024,terminal,Aerial Terminal,FDH103006,fdh,,,,,
T1001031,terminal,Aerial Terminal,FDH103006,fdh,,,,,
T1001030,terminal,Aerial Terminal,FDH103006,fdh,,,,,
T1001029,terminal,Aerial Terminal,FDH103006,fdh,,,,,
T1001067,terminal,Aerial Terminal,FDH103006,fdh,,,,,
T1001027,terminal,Aerial Terminal,FDH103006,fdh,,,,,
T1001030,terminal,Aerial Terminal,FDH103006,fdh,,,,,
T1001026,terminal,Aerial Terminal,FDH103006,fdh,,,,,
T1001490,terminal,Aerial Terminal,FDH103006,fdh,,,,,
T1001490,terminal,Aerial Terminal,FDH103006,fdh,,,,,
T1001020,terminal,Aerial Terminal,FDH103006,fdh,,,,,
T1001060,terminal,Aerial Terminal,FDH103004,fdh,,,,,
T1001060,terminal,Aerial Terminal,FDH103004,fdh,,,,,
T1001060,terminal,Aerial Terminal,FDH103004,fdh,,,,,
T1001129,terminal,Aerial Terminal,FDH103005,fdh,,,,,
T1001062,terminal,Aerial Terminal,FDH103005,fdh,,,,,
T1001062,terminal,Aerial Terminal,FDH103005,fdh,,,,,
T1001062,terminal,Aerial Terminal,FDH103005,fdh,,,,,
T1001112,terminal,Aerial Terminal,FDH103003,fdh,,,,,
T1001131,terminal,Aerial Terminal,FDH103005,fdh,,,,,
T1001073,terminal,Aerial Terminal,FDH103006,fdh,,,,,
T1001120,terminal,Aerial Terminal,FDH103005,fdh,,,,,
T1001064,terminal,Aerial Terminal,FDH103006,fdh,,,,,
T1001020,terminal,Aerial Terminal,FDH103006,fdh,,,,,
T1001064,terminal,Aerial Terminal,FDH103006,fdh,,,,,
T1001052,terminal,Aerial Terminal,FDH103004,fdh,,,,,
T1001052,terminal,Aerial Terminal,FDH103004,fdh,,,,,
T1001059,terminal,Aerial Terminal,FDH103004,fdh,,,,,
T1001054,terminal,MST,FDH103004,fdh,,,,,
T1001060,terminal,Aerial Terminal,FDH103004,fdh,,,,,
T1001053,terminal,Aerial Terminal,FDH103004,fdh,,,,,
T1001056,terminal,MST,FDH103004,fdh,,,,,
T1001069,terminal,MST,FDH103006,fdh,,,,,
T1001069,terminal,MST,FDH103006,fdh,,,,,
T1001052,terminal,Aerial Terminal,FDH103004,fdh,,,,,
T1001052,terminal,Aerial Terminal,FDH103004,fdh,,,,,
T1001076,terminal,Aerial Terminal,FDH103004,fdh,,,,,
T1001436,terminal,Aerial Terminal,FDH103012,fdh,,,,,
T1001134,terminal,Aerial Terminal,FDH103005,fdh,,,,,
T1001146,terminal,Aerial Terminal,FDH103005,fdh,,,,,
T1001134,terminal,Aerial Terminal,FDH103005,fdh,,,,,
T1001134,terminal,Aerial Terminal,FDH103005,fdh,,,,,
T1001147,terminal,Aerial Terminal,FDH103005,fdh,,,,,
T1001137,terminal,MST,FDH103005,fdh,,,,,
T1001137,terminal,MST,FDH103005,fdh,,,,,
T1001137,terminal,MST,FDH103005,fdh,,,,,
T1001137,terminal,MST,FDH103005,fdh,,,,,
T1001136,terminal,MST,FDH103005,fdh,,,,,
T1001136,terminal,MST,FDH103005,fdh,,,,,
T1001139,terminal,Aerial Terminal,FDH103005,fdh,,,,,
T1001138,terminal,Aerial Terminal,FDH103005,fdh,,,,,
T1001138,terminal,Aerial Terminal,FDH103005,fdh,,,,,
T1001112,terminal,Aerial Terminal,FDH103003,fdh,,,,,
T1001152,terminal,Aerial Terminal,FDH103003,fdh,,,,,
T1001152,terminal,Aerial Terminal,FDH103003,fdh,,,,,
T1001152,terminal,Aerial Terminal,FDH103003,fdh,,,,,
T1001152,terminal,Aerial Terminal,FDH103003,fdh,,,,,
T1001108,terminal,MST,FDH103003,fdh,,,,,
T1001142,terminal,Aerial Terminal,FDH103003,fdh,,,,,
T1001142,terminal,Aerial Terminal,FDH103003,fdh,,,,,
T1001107,terminal,Aerial Terminal,FDH103003,fdh,,,,,
T1001104,terminal,MST,FDH103003,fdh,,,,,
T1001406,terminal,MST,FDH103012,fdh,,,,,
T1001104,terminal,MST,FDH103003,fdh,,,,,
T1001104,terminal,MST,FDH103003,fdh,,,,,
T1001104,terminal,MST,FDH103003,fdh,,,,,
T1001104,terminal,MST,FDH103003,fdh,,,,,
T1001104,terminal,MST,FDH103003,fdh,,,,,
T1001217,terminal,Aerial Terminal,FDH103003,fdh,,,,,
T1001217,terminal,Aerial Terminal,FDH103003,fdh,,,,,
T1001217,terminal,Aerial Terminal,FDH103003,fdh,,,,,
T1001217,terminal,Aerial Terminal,FDH103003,fdh,,,,,
T1001217,terminal,Aerial Terminal,FDH103003,fdh,,,,,
T1001223,terminal,Aerial Terminal,FDH103003,fdh,,,,,
T1001222,terminal,MST,FDH103003,fdh,,,,,
T1001222,terminal,MST,FDH103003,fdh,,,,,
T1001222,terminal,MST,FDH103003,fdh,,,,,
T1001222,terminal,MST,FDH103003,fdh,,,,,
T1001102,terminal,MST,FDH103003,fdh,,,,,
T1001102,terminal,MST,FDH103003,fdh,,,,,
T1001102,terminal,MST,FDH103003,fdh,,,,,
T1001102,terminal,MST,FDH103003,fdh,,,,,
T1001102,terminal,MST,FDH103003,fdh,,,,,
T1001102,terminal,MST,FDH103003,fdh,,,,,
T1001102,terminal,MST,FDH103003,fdh,,,,,
T1001239,terminal,Aerial Terminal,FDH103002,fdh,,,,,
T1001240,terminal,Aerial Terminal,FDH103002,fdh,,,,,
T1001244,terminal,MST,FDH103002,fdh,,,,,
T1001240,terminal,Aerial Terminal,FDH103002,fdh,,,,,
T1001240,terminal,Aerial Terminal,FDH103002,fdh,,,,,
T1001250,terminal,Aerial Terminal,FDH103002,fdh,,,,,
T1001250,terminal,Aerial Terminal,FDH103002,fdh,,,,,
T1001250,terminal,Aerial Terminal,FDH103002,fdh,,,,,
T1001243,terminal,MST,FDH103002,fdh,,,,,
T1001244,terminal,MST,FDH103002,fdh,,,,,
T1001244,terminal,MST,FDH103002,fdh,,,,,
T1001436,terminal,Aerial Terminal,FDH103012,fdh,,,,,
T1001433,terminal,MST,FDH103012,fdh,,,,,
T1001417,terminal,MST,FDH103009,fdh,,,,,
T1001417,terminal,MST,FDH103009,fdh,,,,,
T1001263,terminal,Aerial Terminal,FDH103007,fdh,,,,,
T1001087,terminal,MST,FDH103004,fdh,,,,,
T1001047,terminal,Aerial Terminal,FDH103004,fdh,,,,,
T1001194,terminal,MST,FDH103014,fdh,,,,,
T1001163,terminal,MST,FDH103014,fdh,,,,,
T1001209,terminal,Aerial Terminal,FDH103014,fdh,,,,,
T1001209,terminal,Aerial Terminal,FDH103014,fdh,,,,,
T1001196,terminal,MST,FDH103014,fdh,,,,,
T1001193,terminal,MST,FDH103014,fdh,,,,,
T1001193,terminal,MST,FDH103014,fdh,,,,,
T1001194,terminal,MST,FDH103014,fdh,,,,,
T1001193,terminal,MST,FDH103014,fdh,,,,,
T1001193,terminal,MST,FDH103014,fdh,,,,,
T1001194,terminal,MST,FDH103014,fdh,,,,,
T1001197,terminal,MST,FDH103001,fdh,,,,,
T1001194,terminal,MST,FDH103014,fdh,,,,,
T1001192,terminal,MST,FDH103014,fdh,,,,,
T1001194,terminal,MST,FDH103014,fdh,,,,,
T1001194,terminal,MST,FDH103014,fdh,,,,,
T1001498,terminal,MST,FDH103009,fdh,,,,,
T1001192,terminal,MST,FDH103014,fdh,,,,,
T1001194,terminal,MST,FDH103014,fdh,,,,,
T1001192,terminal,MST,FDH103014,fdh,,,,,
T1001195,terminal,MST,FDH103014,fdh,,,,,
T1001165,terminal,Aerial Terminal,FDH103014,fdh,,,,,
T1001165,terminal,Aerial Terminal,FDH103014,fdh,,,,,
T1001192,terminal,MST,FDH103014,fdh,,,,,
T1001192,terminal,MST,FDH103014,fdh,,,,,
T1001192,terminal,MST,FDH103014,fdh,,,,,
T1001495,terminal,Aerial Terminal,FDH103014,fdh,,,,,
T1001192,terminal,MST,FDH103014,fdh,,,,,
T1001495,terminal,Aerial Terminal,FDH103014,fdh,,,,,
T1001209,terminal,Aerial Terminal,FDH103014,fdh,,,,,
T1001165,terminal,Aerial Terminal,FDH103014,fdh,,,,,
T1001193,terminal,MST,FDH103014,fdh,,,,,
T1001192,terminal,MST,FDH103014,fdh,,,,,
T1001209,terminal,Aerial Terminal,FDH103014,fdh,,,,,
T1001349,terminal,Aerial Terminal,FDH103010,fdh,,,,,
T1001349,terminal,Aerial Terminal,FDH103010,fdh,,,,,
T1001347,terminal,Aerial Terminal,FDH103010,fdh,,,,,
T1001347,terminal,Aerial Terminal,FDH103010,fdh,,,,,
T1001351,terminal,Aerial Terminal,FDH103013,fdh,,,,,
T1001347,terminal,Aerial Terminal,FDH103010,fdh,,,,,
T1001351,terminal,Aerial Terminal,FDH103013,fdh,,,,,
T1001361,terminal,MST,FDH103010,fdh,,,,,
T1001361,terminal,MST,FDH103010,fdh,,,,,
T1001361,terminal,MST,FDH103010,fdh,,,,,
T1001360,terminal,MST,FDH103010,fdh,,,,,
T1001361,terminal,MST,FDH103010,fdh,,,,,
T1001352,terminal,MST,FDH103010,fdh,,,,,
T1001361,terminal,MST,FDH103010,fdh,,,,,
T1001362,terminal,MST,FDH103010,fdh,,,,,
T1001352,terminal,MST,FDH103010,fdh,,,,,
T1001352,terminal,MST,FDH103010,fdh,,,,,
T1001496,terminal,Aerial Terminal,FDH103014,fdh,,,,,
T1001352,terminal,MST,FDH103010,fdh,,,,,
T1001348,terminal,Aerial Terminal,FDH103010,fdh,,,,,
T1001347,terminal,Aerial Terminal,FDH103010,fdh,,,,,
T1001350,terminal,Aerial Terminal,FDH103010,fdh,,,,,
T1001348,terminal,Aerial Terminal,FDH103010,fdh,,,,,
T1001384,terminal,MST,FDH103009,fdh,,,,,
T1001384,terminal,MST,FDH103009,fdh,,,,,
T1001384,terminal,MST,FDH103009,fdh,,,,,
T1001384,terminal,MST,FDH103009,fdh,,,,,
T1001380,terminal,Aerial Terminal,FDH103009,fdh,,,,,
T1001381,terminal,Aerial Terminal,FDH103009,fdh,,,,,
T1001380,terminal,Aerial Terminal,FDH103009,fdh,,,,,
T1001380,terminal,Aerial Terminal,FDH103009,fdh,,,,,
T1001380,terminal,Aerial Terminal,FDH103009,fdh,,,,,
T1001377,terminal,Aerial Terminal,FDH103010,fdh,,,,,
T1001375,terminal,Aerial Terminal,FDH103010,fdh,,,,,
T1001360,terminal,MST,FDH103010,fdh,,,,,
T1001360,terminal,MST,FDH103010,fdh,,,,,
T1001360,terminal,MST,FDH103010,fdh,,,,,
T1001382,terminal,Aerial Terminal,FDH103009,fdh,,,,,
T1001383,terminal,MST,FDH103009,fdh,,,,,
T1001383,terminal,MST,FDH103009,fdh,,,,,
T1001383,terminal,MST,FDH103009,fdh,,,,,
T1001385,terminal,MST,FDH103009,fdh,,,,,
T1001387,terminal,MST,FDH103009,fdh,,,,,
T1001385,terminal,MST,FDH103009,fdh,,,,,
T1001385,terminal,MST,FDH103009,fdh,,,,,
T1001387,terminal,MST,FDH103009,fdh,,,,,
T1001381,terminal,Aerial Terminal,FDH103009,fdh,,,,,
T1001387,terminal,MST,FDH103009,fdh,,,,,
T1001385,terminal,MST,FDH103009,fdh,,,,,
T1001382,terminal,Aerial Terminal,FDH103009,fdh,,,,,
T1001382,terminal,Aerial Terminal,FDH103009,fdh,,,,,
T1001381,terminal,Aerial Terminal,FDH103009,fdh,,,,,
T1001372,terminal,MST,FDH103009,fdh,,,,,
T1001392,terminal,MST,FDH103009,fdh,,,,,
T1001372,terminal,MST,FDH103009,fdh,,,,,
T1001391,terminal,MST,FDH103009,fdh,,,,,
T1001391,terminal,MST,FDH103009,fdh,,,,,
T1001391,terminal,MST,FDH103009,fdh,,,,,
T1001391,terminal,MST,FDH103009,fdh,,,,,
T1001398,terminal,MST,FDH103009,fdh,,,,,
T1001398,terminal,MST,FDH103009,fdh,,,,,
T1001391,terminal,MST,FDH103009,fdh,,,,,
T1001373,terminal,MST,FDH103009,fdh,,,,,
T1001397,terminal,MST,FDH103009,fdh,,,,,
T1001397,terminal,MST,FDH103009,fdh,,,,,
T1001398,terminal,MST,FDH103009,fdh,,,,,
T1001397,terminal,MST,FDH103009,fdh,,,,,
T1001370,terminal,Aerial Terminal,FDH103009,fdh,,,,,
T1001371,terminal,MST,FDH103009,fdh,,,,,
T1001362,terminal,MST,FDH103010,fdh,,,,,
T1001370,terminal,Aerial Terminal,FDH103009,fdh,,,,,
T1001392,terminal,MST,FDH103009,fdh,,,,,
T1001389,terminal,MST,FDH103009,fdh,,,,,
T1001398,terminal,MST,FDH103009,fdh,,,,,
T1001389,terminal,MST,FDH103009,fdh,,,,,
T1001389,terminal,MST,FDH103009,fdh,,,,,
T1001398,terminal,MST,FDH103009,fdh,,,,,
T1001398,terminal,MST,FDH103009,fdh,,,,,
T1001389,terminal,MST,FDH103009,fdh,,,,,
T1001398,terminal,MST,FDH103009,fdh,,,,,
T1001372,terminal,MST,FDH103009,fdh,,,,,
T1001356,terminal,MST,FDH103010,fdh,,,,,
T1001398,terminal,MST,FDH103009,fdh,,,,,
T1001392,terminal,MST,FDH103009,fdh,,,,,
T1001361,terminal,MST,FDH103010,fdh,,,,,
T1001362,terminal,MST,FDH103010,fdh,,,,,
T1001356,terminal,MST,FDH103010,fdh,,,,,
T1001362,terminal,MST,FDH103010,fdh,,,,,
T1001209,terminal,Aerial Terminal,FDH103014,fdh,,,,,
T1001209,terminal,Aerial Terminal,FDH103014,fdh,,,,,
T1001162,terminal,MST,FDH103014,fdh,,,,,
T1001494,terminal,Aerial Terminal,FDH103014,fdh,,,,,
T1001195,terminal,MST,FDH103014,fdh,,,,,
T1001160,terminal,MST,FDH103014,fdh,,,,,
T1001209,terminal,Aerial Terminal,FDH103014,fdh,,,,,
T1001209,terminal,Aerial Terminal,FDH103014,fdh,,,,,
T1001388,terminal,MST,FDH103009,fdh,,,,,
T1001388,terminal,MST,FDH103009,fdh,,,,,
T1001160,terminal,MST,FDH103014,fdh,,,,,
T1001161,terminal,MST,FDH103014,fdh,,,,,
T1001389,terminal,MST,FDH103009,fdh,,,,,
T1001389,terminal,MST,FDH103009,fdh,,,,,
T1001388,terminal,MST,FDH103009,fdh,,,,,
T1001389,terminal,MST,FDH103009,fdh,,,,,
T1001169,terminal,Aerial Terminal,FDH103014,fdh,,,,,
T1001206,terminal,Aerial Terminal,FDH103014,fdh,,,,,
T1001179,terminal,MST,FDH103014,fdh,,,,,
T1001210,terminal,MST,FDH103014,fdh,,,,,
T1001210,terminal,MST,FDH103014,fdh,,,,,
T1001180,terminal,Aerial Terminal,FDH103014,fdh,,,,,
T1001215,terminal,MST,FDH103014,fdh,,,,,
T1001198,terminal,MST,FDH103001,fdh,,,,,
T1001176,terminal,Aerial Terminal,FDH103001,fdh,,,,,
T1001175,terminal,MST,FDH103001,fdh,,,,,
T1001154,terminal,MST,FDH103001,fdh,,,,,
T1001163,terminal,MST,FDH103014,fdh,,,,,
T1001162,terminal,MST,FDH103014,fdh,,,,,
T1001156,terminal,MST,FDH103014,fdh,,,,,
T1001156,terminal,MST,FDH103014,fdh,,,,,
T1001500,terminal,MST,FDH103015,fdh,,,,,
T1001501,terminal,MST,FDH103015,fdh,,,,,
T1001500,terminal,MST,FDH103015,fdh,,,,,
T1001500,terminal,MST,FDH103015,fdh,,,,,
T1001191,terminal,MST,FDH103014,fdh,,,,,
T1001499,terminal,Aerial Terminal,FDH103015,fdh,,,,,
T1001500,terminal,MST,FDH103015,fdh,,,,,
T1001191,terminal,MST,FDH103014,fdh,,,,,
T1001195,terminal,MST,FDH103014,fdh,,,,,
T1001191,terminal,MST,FDH103014,fdh,,,,,
T1001173,terminal,MST,FDH103014,fdh,,,,,
T1001154,terminal,MST,FDH103001,fdh,,,,,
T1001210,terminal,MST,FDH103014,fdh,,,,,
T1001210,terminal,MST,FDH103014,fdh,,,,,
T1001214,terminal,MST,FDH103014,fdh,,,,,
T1001212,terminal,MST,FDH103014,fdh,,,,,
T1001207,terminal,Aerial Terminal,FDH103015,fdh,,,,,
T1001501,terminal,MST,FDH103015,fdh,,,,,
T1001500,terminal,MST,FDH103015,fdh,,,,,
T1001186,terminal,Aerial Terminal,FDH103015,fdh,,,,,
T1001183,terminal,Aerial Terminal,FDH103015,fdh,,,,,
T1001184,terminal,Aerial Terminal,FDH103015,fdh,,,,,
T1001183,terminal,Aerial Terminal,FDH103015,fdh,,,,,
T1001212,terminal,MST,FDH103014,fdh,,,,,
T1001212,terminal,MST,FDH103014,fdh,,,,,
T1001210,terminal,MST,FDH103014,fdh,,,,,
T1001212,terminal,MST,FDH103014,fdh,,,,,
T1001185,terminal,Aerial Terminal,FDH103015,fdh,,,,,
T1001168,terminal,Aerial Terminal,FDH103014,fdh,,,,,
T1001348,terminal,Aerial Terminal,FDH103010,fdh,,,,,
T1001168,terminal,Aerial Terminal,FDH103014,fdh,,,,,
T1001366,terminal,Aerial Terminal,FDH103010,fdh,,,,,
T1001501,terminal,MST,FDH103015,fdh,,,,,
T1001185,terminal,Aerial Terminal,FDH103015,fdh,,,,,
T1001501,terminal,MST,FDH103015,fdh,,,,,
T1001501,terminal,MST,FDH103015,fdh,,,,,
T1001185,terminal,Aerial Terminal,FDH103015,fdh,,,,,
T1001214,terminal,MST,FDH103014,fdh,,,,,
T1001183,terminal,Aerial Terminal,FDH103015,fdh,,,,,
T1001190,terminal,MST,FDH103014,fdh,,,,,
T1001348,terminal,Aerial Terminal,FDH103010,fdh,,,,,
T1001348,terminal,Aerial Terminal,FDH103010,fdh,,,,,
T1001177,terminal,MST,FDH103001,fdh,,,,,
T1001178,terminal,MST,FDH103001,fdh,,,,,
T1001177,terminal,MST,FDH103001,fdh,,,,,
T1001177,terminal,MST,FDH103001,fdh,,,,,
T1001208,terminal,MST,FDH103015,fdh,,,,,
T1001500,terminal,MST,FDH103015,fdh,,,,,
T1001178,terminal,MST,FDH103001,fdh,,,,,
T1001178,terminal,MST,FDH103001,fdh,,,,,
T1001182,terminal,Aerial Terminal,FDH103015,fdh,,,,,
T1001208,terminal,MST,FDH103015,fdh,,,,,
T1001208,terminal,MST,FDH103015,fdh,,,,,
T1001501,terminal,MST,FDH103015,fdh,,,,,
T1001244,terminal,MST,FDH103002,fdh,,,,,
T1001202,terminal,MST,FDH103015,fdh,,,,,
T1001208,terminal,MST,FDH103015,fdh,,,,,
T1001178,terminal,MST,FDH103001,fdh,,,,,
T1001157,terminal,MST,FDH103001,fdh,,,,,
T1001202,terminal,MST,FDH103015,fdh,,,,,
T1001157,terminal,MST,FDH103001,fdh,,,,,
T1001177,terminal,MST,FDH103001,fdh,,,,,
T1001177,terminal,MST,FDH103001,fdh,,,,,
T1001181,terminal,Aerial Terminal,FDH103001,fdh,,,,,
T1001181,terminal,Aerial Terminal,FDH103001,fdh,,,,,
T1001172,terminal,Aerial Terminal,FDH103001,fdh,,,,,
T1001172,terminal,Aerial Terminal,FDH103001,fdh,,,,,
T1001181,terminal,Aerial Terminal,FDH103001,fdh,,,,,
T1001172,terminal,Aerial Terminal,FDH103001,fdh,,,,,
T1001195,terminal,MST,FDH103014,fdh,,,,,
T1001194,terminal,MST,FDH103014,fdh,,,,,
T1001172,terminal,Aerial Terminal,FDH103001,fdh,,,,,
T1001172,terminal,Aerial Terminal,FDH103001,fdh,,,,,
T1001196,terminal,MST,FDH103014,fdh,,,,,
T1001156,terminal,MST,FDH103014,fdh,,,,,
T1001196,terminal,MST,FDH103014,fdh,,,,,
T1001196,terminal,MST,FDH103014,fdh,,,,,
T1001176,terminal,Aerial Terminal,FDH103001,fdh,,,,,
T1001176,terminal,Aerial Terminal,FDH103001,fdh,,,,,
T1001194,terminal,MST,FDH103014,fdh,,,,,
T1001194,terminal,MST,FDH103014,fdh,,,,,
T1001182,terminal,Aerial Terminal,FDH103015,fdh,,,,,
T1001182,terminal,Aerial Terminal,FDH103015,fdh,,,,,
T1001202,terminal,MST,FDH103015,fdh,,,,,
T1001195,terminal,MST,FDH103014,fdh,,,,,
T1001202,terminal,MST,FDH103015,fdh,,,,,
T1001208,terminal,MST,FDH103015,fdh,,,,,
T1001182,terminal,Aerial Terminal,FDH103015,fdh,,,,,
T1001182,terminal,Aerial Terminal,FDH103015,fdh,,,,,
T1001211,terminal,Aerial Terminal,FDH103001,fdh,,,,,
T1001211,terminal,Aerial Terminal,FDH103001,fdh,,,,,
T1001197,terminal,MST,FDH103001,fdh,,,,,
T1001197,terminal,MST,FDH103001,fdh,,,,,
T1001197,terminal,MST,FDH103001,fdh,,,,,
T1001171,terminal,Aerial Terminal,FDH103001,fdh,,,,,
T1001171,terminal,Aerial Terminal,FDH103001,fdh,,,,,
T1001197,terminal,MST,FDH103001,fdh,,,,,
T1001197,terminal,MST,FDH103001,fdh,,,,,
T1001196,terminal,MST,FDH103014,fdh,,,,,
T1001494,terminal,Aerial Terminal,FDH103014,fdh,,,,,
T1001189,terminal,Aerial Terminal,FDH103014,fdh,,,,,
T1001162,terminal,MST,FDH103014,fdh,,,,,
T1001158,terminal,Aerial Terminal,FDH103014,fdh,,,,,
T1001158,terminal,Aerial Terminal,FDH103014,fdh,,,,,
T1001190,terminal,MST,FDH103014,fdh,,,,,
T1001161,terminal,MST,FDH103014,fdh,,,,,
T1001190,terminal,MST,FDH103014,fdh,,,,,
T1001158,terminal,Aerial Terminal,FDH103014,fdh,,,,,
T1001166,terminal,Aerial Terminal,FDH103001,fdh,,,,,
T1001166,terminal,Aerial Terminal,FDH103001,fdh,,,,,
T1001196,terminal,MST,FDH103014,fdh,,,,,
T1001205,terminal,MST,FDH103001,fdh,,,,,
T1001171,terminal,Aerial Terminal,FDH103001,fdh,,,,,
T1001205,terminal,MST,FDH103001,fdh,,,,,
T1001178,terminal,MST,FDH103001,fdh,,,,,
T1001216,terminal,Aerial Terminal,FDH103014,fdh,,,,,
T1001384,terminal,MST,FDH103009,fdh,,,,,
T1001379,terminal,Aerial Terminal,FDH103009,fdh,,,,,
T1001379,terminal,Aerial Terminal,FDH103009,fdh,,,,,
T1001374,terminal,MST,FDH103009,fdh,,,,,
T1001399,terminal,MST,FDH103009,fdh,,,,,
T1001374,terminal,MST,FDH103009,fdh,,,,,
T1001385,terminal,MST,FDH103009,fdh,,,,,
T1001386,terminal,MST,FDH103009,fdh,,,,,
T1001388,terminal,MST,FDH103009,fdh,,,,,
T1001386,terminal,MST,FDH103009,fdh,,,,,
T1001496,terminal,Aerial Terminal,FDH103014,fdh,,,,,
T1001496,terminal,Aerial Terminal,FDH103014,fdh,,,,,
T1001158,terminal,Aerial Terminal,FDH103014,fdh,,,,,
T1001158,terminal,Aerial Terminal,FDH103014,fdh,,,,,
T1001365,terminal,Aerial Terminal,FDH103010,fdh,,,,,
T1001365,terminal,Aerial Terminal,FDH103010,fdh,,,,,
T1001351,terminal,Aerial Terminal,FDH103013,fdh,,,,,
T1001353,terminal,Aerial Terminal,FDH103010,fdh,,,,,
T1001362,terminal,MST,FDH103010,fdh,,,,,
T1001361,terminal,MST,FDH103010,fdh,,,,,
T1001365,terminal,Aerial Terminal,FDH103010,fdh,,,,,
T1001354,terminal,Aerial Terminal,FDH103010,fdh,,,,,
T1001193,terminal,MST,FDH103014,fdh,,,,,
T1001355,terminal,Aerial Terminal,FDH103010,fdh,,,,,
T1001361,terminal,MST,FDH103010,fdh,,,,,
T1001355,terminal,Aerial Terminal,FDH103010,fdh,,,,,
T1001379,terminal,Aerial Terminal,FDH103009,fdh,,,,,
T1001405,terminal,MST,FDH103009,fdh,,,,,
T1001355,terminal,Aerial Terminal,FDH103010,fdh,,,,,
T1001379,terminal,Aerial Terminal,FDH103009,fdh,,,,,
T1001347,terminal,Aerial Terminal,FDH103010,fdh,,,,,
T1001351,terminal,Aerial Terminal,FDH103013,fdh,,,,,
T1001402,terminal,MST,FDH103010,fdh,,,,,
T1001358,terminal,MST,FDH103010,fdh,,,,,
T1001357,terminal,MST,FDH103010,fdh,,,,,
T1001402,terminal,MST,FDH103010,fdh,,,,,
T1001358,terminal,MST,FDH103010,fdh,,,,,
T1001402,terminal,MST,FDH103010,fdh,,,,,
T1001178,terminal,MST,FDH103001,fdh,,,,,
T1001188,terminal,Aerial Terminal,FDH103015,fdh,,,,,
T1001365,terminal,Aerial Terminal,FDH103010,fdh,,,,,
T1001091,terminal,MST,FDH103004,fdh,,,,,
T1001166,terminal,Aerial Terminal,FDH103001,fdh,,,,,
T1001386,terminal,MST,FDH103009,fdh,,,,,
T1001215,terminal,MST,FDH103014,fdh,,,,,
T1001159,terminal,MST,FDH103014,fdh,,,,,
T1001165,terminal,Aerial Terminal,FDH103014,fdh,,,,,
T1001164,terminal,Aerial Terminal,FDH103014,fdh,,,,,
T1001164,terminal,Aerial Terminal,FDH103014,fdh,,,,,
T1001164,terminal,Aerial Terminal,FDH103014,fdh,,,,,
T1001164,terminal,Aerial Terminal,FDH103014,fdh,,,,,
T1001196,terminal,MST,FDH103014,fdh,,,,,
T1001164,terminal,Aerial Terminal,FDH103014,fdh,,,,,
T1001165,terminal,Aerial Terminal,FDH103014,fdh,,,,,
T1001164,terminal,Aerial Terminal,FDH103014,fdh,,,,,
T1001164,terminal,Aerial Terminal,FDH103014,fdh,,,,,
T1001165,terminal,Aerial Terminal,FDH103014,fdh,,,,,
T1001165,terminal,Aerial Terminal,FDH103014,fdh,,,,,
T1001165,terminal,Aerial Terminal,FDH103014,fdh,,,,,
T1001164,terminal,Aerial Terminal,FDH103014,fdh,,,,,
T1001164,terminal,Aerial Terminal,FDH103014,fdh,,,,,
T1001164,terminal,Aerial Terminal,FDH103014,fdh,,,,,
T1001164,terminal,Aerial Terminal,FDH103014,fdh,,,,,
T1001165,terminal,Aerial Terminal,FDH103014,fdh,,,,,
T1001174,terminal,MST,FDH103014,fdh,,,,,
T1001162,terminal,MST,FDH103014,fdh,,,,,
T1001401,terminal,Aerial Terminal,FDH103010,fdh,,,,,
T1001063,terminal,Aerial Terminal,FDH103005,fdh,,,,,
T1001168,terminal,Aerial Terminal,FDH103014,fdh,,,,,
T1001169,terminal,Aerial Terminal,FDH103014,fdh,,,,,
T1001393,terminal,Aerial Terminal,FDH103010,fdh,,,,,
T1001401,terminal,Aerial Terminal,FDH103010,fdh,,,,,
T1001401,terminal,Aerial Terminal,FDH103010,fdh,,,,,
T1001393,terminal,Aerial Terminal,FDH103010,fdh,,,,,
T1001401,terminal,Aerial Terminal,FDH103010,fdh,,,,,
T1001393,terminal,Aerial Terminal,FDH103010,fdh,,,,,
T1001364,terminal,MST,FDH103010,fdh,,,,,
T1001401,terminal,Aerial Terminal,FDH103010,fdh,,,,,
T1001401,terminal,Aerial Terminal,FDH103010,fdh,,,,,
T1001401,terminal,Aerial Terminal,FDH103010,fdh,,,,,
T1001401,terminal,Aerial Terminal,FDH103010,fdh,,,,,
T1001168,terminal,Aerial Terminal,FDH103014,fdh,,,,,
T1001106,terminal,MST,FDH103003,fdh,,,,,
T1001237,terminal,MST,FDH103002,fdh,,,,,
T1001112,terminal,Aerial Terminal,FDH103003,fdh,,,,,
T1001364,terminal,MST,FDH103010,fdh,,,,,
T1001150,terminal,MST,FDH103003,fdh,,,,,
T1001063,terminal,Aerial Terminal,FDH103005,fdh,,,,,
T1001365,terminal,Aerial Terminal,FDH103010,fdh,,,,,
T1001366,terminal,Aerial Terminal,FDH103010,fdh,,,,,
T1001366,terminal,Aerial Terminal,FDH103010,fdh,,,,,
T1001365,terminal,Aerial Terminal,FDH103010,fdh,,,,,
T1001366,terminal,Aerial Terminal,FDH103010,fdh,,,,,
T1001365,terminal,Aerial Terminal,FDH103010,fdh,,,,,
T1001401,terminal,Aerial Terminal,FDH103010,fdh,,,,,
T1001365,terminal,Aerial Terminal,FDH103010,fdh,,,,,
T1001365,terminal,Aerial Terminal,FDH103010,fdh,,,,,
T1001366,terminal,Aerial Terminal,FDH103010,fdh,,,,,
T1001202,terminal,MST,FDH103015,fdh,,,,,
T1001215,terminal,MST,FDH103014,fdh,,,,,
T1001190,terminal,MST,FDH103014,fdh,,,,,
T1001364,terminal,MST,FDH103010,fdh,,,,,
T1001035,terminal,Aerial Terminal,FDH103006,fdh,,,,,
T1001191,terminal,MST,FDH103014,fdh,,,,,
T1001371,terminal,MST,FDH103009,fdh,,,,,
T1001370,terminal,Aerial Terminal,FDH103009,fdh,,,,,
T1001371,terminal,MST,FDH103009,fdh,,,,,
T1001241,terminal,Aerial Terminal,FDH103002,fdh,,,,,
T1001241,terminal,Aerial Terminal,FDH103002,fdh,,,,,
T1001241,terminal,Aerial Terminal,FDH103002,fdh,,,,,
T1001242,terminal,Aerial Terminal,FDH103002,fdh,,,,,
T1001242,terminal,Aerial Terminal,FDH103002,fdh,,,,,
T1001243,terminal,MST,FDH103002,fdh,,,,,
T1001154,terminal,MST,FDH103001,fdh,,,,,
T1001415,terminal,MST,FDH103012,fdh,,,,,
T1001443,terminal,MST,FDH103012,fdh,,,,,
T1001163,terminal,MST,FDH103014,fdh,,,,,
T1001192,terminal,MST,FDH103014,fdh,,,,,
T1001173,terminal,MST,FDH103014,fdh,,,,,
T1001192,terminal,MST,FDH103014,fdh,,,,,
T1001494,terminal,Aerial Terminal,FDH103014,fdh,,,,,
T1001165,terminal,Aerial Terminal,FDH103014,fdh,,,,,
T1001348,terminal,Aerial Terminal,FDH103010,fdh,,,,,
T1001346,terminal,Aerial Terminal,FDH103013,fdh,,,,,
T1001346,terminal,Aerial Terminal,FDH103013,fdh,,,,,
T1001342,terminal,Aerial Terminal,FDH103013,fdh,,,,,
T1001339,terminal,Aerial Terminal,FDH103013,fdh,,,,,
T1001339,terminal,Aerial Terminal,FDH103013,fdh,,,,,
T1001337,terminal,Aerial Terminal,FDH103013,fdh,,,,,
T1001344,terminal,Aerial Terminal,FDH103013,fdh,,,,,
T1001344,terminal,Aerial Terminal,FDH103013,fdh,,,,,
T1001343,terminal,Aerial Terminal,FDH103013,fdh,,,,,
T1001344,terminal,Aerial Terminal,FDH103013,fdh,,,,,
T1001342,terminal,Aerial Terminal,FDH103013,fdh,,,,,
T1001340,terminal,Aerial Terminal,FDH103013,fdh,,,,,
T1001343,terminal,Aerial Terminal,FDH103013,fdh,,,,,
T1001343,terminal,Aerial Terminal,FDH103013,fdh,,,,,
T1001329,terminal,MST,FDH103013,fdh,,,,,
T1001329,terminal,MST,FDH103013,fdh,,,,,
T1001329,terminal,MST,FDH103013,fdh,,,,,
T1001330,terminal,Aerial Terminal,FDH103013,fdh,,,,,
T1001327,terminal,Aerial Terminal,FDH103013,fdh,,,,,
T1001327,terminal,Aerial Terminal,FDH103013,fdh,,,,,
T1001326,terminal,MST,FDH103013,fdh,,,,,
T1001327,terminal,Aerial Terminal,FDH103013,fdh,,,,,
T1001338,terminal,MST,FDH103013,fdh,,,,,
T1001338,terminal,MST,FDH103013,fdh,,,,,
T1001337,terminal,Aerial Terminal,FDH103013,fdh,,,,,
T1001337,terminal,Aerial Terminal,FDH103013,fdh,,,,,
T1001338,terminal,MST,FDH103013,fdh,,,,,
T1001338,terminal,MST,FDH103013,fdh,,,,,
T1001338,terminal,MST,FDH103013,fdh,,,,,
T1001339,terminal,Aerial Terminal,FDH103013,fdh,,,,,
T1001328,terminal,Aerial Terminal,FDH103013,fdh,,,,,
T1001329,terminal,MST,FDH103013,fdh,,,,,
T1001328,terminal,Aerial Terminal,FDH103013,fdh,,,,,
T1001328,terminal,Aerial Terminal,FDH103013,fdh,,,,,
T1001328,terminal,Aerial Terminal,FDH103013,fdh,,,,,
T1001330,terminal,Aerial Terminal,FDH103013,fdh,,,,,
T1001330,terminal,Aerial Terminal,FDH103013,fdh,,,,,
T1001330,terminal,Aerial Terminal,FDH103013,fdh,,,,,
T1001328,terminal,Aerial Terminal,FDH103013,fdh,,,,,
T1001328,terminal,Aerial Terminal,FDH103013,fdh,,,,,
T1001328,terminal,Aerial Terminal,FDH103013,fdh,,,,,
T1001328,terminal,Aerial Terminal,FDH103013,fdh,,,,,
T1001335,terminal,MST,FDH103013,fdh,,,,,
T1001334,terminal,Aerial Terminal,FDH103013,fdh,,,,,
T1001335,terminal,MST,FDH103013,fdh,,,,,
T1001335,terminal,MST,FDH103013,fdh,,,,,
T1001335,terminal,MST,FDH103013,fdh,,,,,
T1001333,terminal,MST,FDH103013,fdh,,,,,
T1001335,terminal,MST,FDH103013,fdh,,,,,
T1001331,terminal,Aerial Terminal,FDH103013,fdh,,,,,
T1001331,terminal,Aerial Terminal,FDH103013,fdh,,,,,
T1001336,terminal,Aerial Terminal,FDH103013,fdh,,,,,
T1001332,terminal,Aerial Terminal,FDH103013,fdh,,,,,
T1001332,terminal,Aerial Terminal,FDH103013,fdh,,,,,
T1001332,terminal,Aerial Terminal,FDH103013,fdh,,,,,
T1001336,terminal,Aerial Terminal,FDH103013,fdh,,,,,
T1001331,terminal,Aerial Terminal,FDH103013,fdh,,,,,
T1001331,terminal,Aerial Terminal,FDH103013,fdh,,,,,
T1001332,terminal,Aerial Terminal,FDH103013,fdh,,,,,
T1001332,terminal,Aerial Terminal,FDH103013,fdh,,,,,
T1001336,terminal,Aerial Terminal,FDH103013,fdh,,,,,
T1001345,terminal,Aerial Terminal,FDH103013,fdh,,,,,
T1001096,terminal,Aerial Terminal,FDH103006,fdh,,,,,
T1001161,terminal,MST,FDH103014,fdh,,,,,
T1001161,terminal,MST,FDH103014,fdh,,,,,
T1001161,terminal,MST,FDH103014,fdh,,,,,
T1001159,terminal,MST,FDH103014,fdh,,,,,
T1001160,terminal,MST,FDH103014,fdh,,,,,
T1001160,terminal,MST,FDH103014,fdh,,,,,
T1001160,terminal,MST,FDH103014,fdh,,,,,
T1001162,terminal,MST,FDH103014,fdh,,,,,
T1001216,terminal,Aerial Terminal,FDH103014,fdh,,,,,
T1001216,terminal,Aerial Terminal,FDH103014,fdh,,,,,
T1001216,terminal,Aerial Terminal,FDH103014,fdh,,,,,
T1001190,terminal,MST,FDH103014,fdh,,,,,
T1001190,terminal,MST,FDH103014,fdh,,,,,
T1001163,terminal,MST,FDH103014,fdh,,,,,
T1001162,terminal,MST,FDH103014,fdh,,,,,
T1001163,terminal,MST,FDH103014,fdh,,,,,
T1001162,terminal,MST,FDH103014,fdh,,,,,
T1001174,terminal,MST,FDH103014,fdh,,,,,
T1001163,terminal,MST,FDH103014,fdh,,,,,
T1001173,terminal,MST,FDH103014,fdh,,,,,
T1001173,terminal,MST,FDH103014,fdh,,,,,
T1001174,terminal,MST,FDH103014,fdh,,,,,
T1001174,terminal,MST,FDH103014,fdh,,,,,
T1001174,terminal,MST,FDH103014,fdh,,,,,
T1001174,terminal,MST,FDH103014,fdh,,,,,
T1001174,terminal,MST,FDH103014,fdh,,,,,
T1001174,terminal,MST,FDH103014,fdh,,,,,
T1001174,terminal,MST,FDH103014,fdh,,,,,
T1001174,terminal,MST,FDH103014,fdh,,,,,
T1001174,terminal,MST,FDH103014,fdh,,,,,
T1001210,terminal,MST,FDH103014,fdh,,,,,
T1001215,terminal,MST,FDH103014,fdh,,,,,
T1001179,terminal,MST,FDH103014,fdh,,,,,
T1001169,terminal,Aerial Terminal,FDH103014,fdh,,,,,
T1001170,terminal,MST,FDH103014,fdh,,,,,
T1001168,terminal,Aerial Terminal,FDH103014,fdh,,,,,
T1001206,terminal,Aerial Terminal,FDH103014,fdh,,,,,
T1001167,terminal,Aerial Terminal,FDH103014,fdh,,,,,
T1001167,terminal,Aerial Terminal,FDH103014,fdh,,,,,
T1001167,terminal,Aerial Terminal,FDH103014,fdh,,,,,
T1001206,terminal,Aerial Terminal,FDH103014,fdh,,,,,
T1001166,terminal,Aerial Terminal,FDH103001,fdh,,,,,
T1001166,terminal,Aerial Terminal,FDH103001,fdh,,,,,
T1001166,terminal,Aerial Terminal,FDH103001,fdh,,,,,
T1001211,terminal,Aerial Terminal,FDH103001,fdh,,,,,
T1001177,terminal,MST,FDH103001,fdh,,,,,
T1001178,terminal,MST,FDH103001,fdh,,,,,
T1001157,terminal,MST,FDH103001,fdh,,,,,
T1001208,terminal,MST,FDH103015,fdh,,,,,
T1001202,terminal,MST,FDH103015,fdh,,,,,
T1001187,terminal,MST,FDH103015,fdh,,,,,
T1001187,terminal,MST,FDH103015,fdh,,,,,
T1001186,terminal,Aerial Terminal,FDH103015,fdh,,,,,
T1001175,terminal,MST,FDH103001,fdh,,,,,
T1001198,terminal,MST,FDH103001,fdh,,,,,
T1001210,terminal,MST,FDH103014,fdh,,,,,
T1001201,terminal,MST,FDH103014,fdh,,,,,
T1001200,terminal,MST,FDH103014,fdh,,,,,
T1001201,terminal,MST,FDH103014,fdh,,,,,
T1001201,terminal,MST,FDH103014,fdh,,,,,
T1001201,terminal,MST,FDH103014,fdh,,,,,
T1001198,terminal,MST,FDH103001,fdh,,,,,
T1001200,terminal,MST,FDH103014,fdh,,,,,
T1001176,terminal,Aerial Terminal,FDH103001,fdh,,,,,
T1001175,terminal,MST,FDH103001,fdh,,,,,
T1001176,terminal,Aerial Terminal,FDH103001,fdh,,,,,
T1001168,terminal,Aerial Terminal,FDH103014,fdh,,,,,
T1001208,terminal,MST,FDH103015,fdh,,,,,
T1001202,terminal,MST,FDH103015,fdh,,,,,
T1001188,terminal,Aerial Terminal,FDH103015,fdh,,,,,
T1001159,terminal,MST,FDH103014,fdh,,,,,
T1001161,terminal,MST,FDH103014,fdh,,,,,
T1001158,terminal,Aerial Terminal,FDH103014,fdh,,,,,
T1001158,terminal,Aerial Terminal,FDH103014,fdh,,,,,
T1001205,terminal,MST,FDH103001,fdh,,,,,
T1001205,terminal,MST,FDH103001,fdh,,,,,
T1001199,terminal,MST,FDH103014,fdh,,,,,
T1001199,terminal,MST,FDH103014,fdh,,,,,
T1001199,terminal,MST,FDH103014,fdh,,,,,
T1001199,terminal,MST,FDH103014,fdh,,,,,
T1001199,terminal,MST,FDH103014,fdh,,,,,
T1001188,terminal,Aerial Terminal,FDH103015,fdh,,,,,
T1001170,terminal,MST,FDH103014,fdh,,,,,
T1001200,terminal,MST,FDH103014,fdh,,,,,
T1001200,terminal,MST,FDH103014,fdh,,,,,
T1001200,terminal,MST,FDH103014,fdh,,,,,
T1001200,terminal,MST,FDH103014,fdh,,,,,
T1001200,terminal,MST,FDH103014,fdh,,,,,
T1001011,terminal,MST,FDH103015,fdh,,,,,
T1001004,terminal,Aerial Terminal,FDH103015,fdh,,,,,
T1001038,terminal,MST,FDH103006,fdh,,,,,
T1001038,terminal,MST,FDH103006,fdh,,,,,
T1001043,terminal,MST,FDH103006,fdh,,,,,
T1001043,terminal,MST,FDH103006,fdh,,,,,
T1001018,terminal,Aerial Terminal,FDH103006,fdh,,,,,
T1001018,terminal,Aerial Terminal,FDH103006,fdh,,,,,
T1001251,terminal,Aerial Terminal,FDH103006,fdh,,,,,
T1001036,terminal,Aerial Terminal,FDH103006,fdh,,,,,
T1001028,terminal,Aerial Terminal,FDH103006,fdh,,,,,
T1001022,terminal,Aerial Terminal,FDH103006,fdh,,,,,
T1001022,terminal,Aerial Terminal,FDH103006,fdh,,,,,
T1001029,terminal,Aerial Terminal,FDH103006,fdh,,,,,
T1001025,terminal,Aerial Terminal,FDH103006,fdh,,,,,
T1001098,terminal,Aerial Terminal,FDH103006,fdh,,,,,
T1001098,terminal,Aerial Terminal,FDH103006,fdh,,,,,
T1001027,terminal,Aerial Terminal,FDH103006,fdh,,,,,
T1001041,terminal,MST,FDH103006,fdh,,,,,
T1001041,terminal,MST,FDH103006,fdh,,,,,
T1001040,terminal,Aerial Terminal,FDH103006,fdh,,,,,
T1001040,terminal,Aerial Terminal,FDH103006,fdh,,,,,
T1001022,terminal,Aerial Terminal,FDH103006,fdh,,,,,
T1001016,terminal,MST,FDH103006,fdh,,,,,
T1001045,terminal,Aerial Terminal,FDH103006,fdh,,,,,
T1001061,terminal,Aerial Terminal,FDH103004,fdh,,,,,
T1001100,terminal,Aerial Terminal,FDH103005,fdh,,,,,
T1001062,terminal,Aerial Terminal,FDH103005,fdh,,,,,
T1001065,terminal,Aerial Terminal,FDH103006,fdh,,,,,
T1001100,terminal,Aerial Terminal,FDH103005,fdh,,,,,
T1001050,terminal,Aerial Terminal,FDH103004,fdh,,,,,
T1001054,terminal,MST,FDH103004,fdh,,,,,
T1001052,terminal,Aerial Terminal,FDH103004,fdh,,,,,
T1001062,terminal,Aerial Terminal,FDH103005,fdh,,,,,
T1001074,terminal,MST,FDH103006,fdh,,,,,
T1001091,terminal,MST,FDH103004,fdh,,,,,
T1001083,terminal,Aerial Terminal,FDH103004,fdh,,,,,
T1001093,terminal,Aerial Terminal,FDH103004,fdh,,,,,
T1001093,terminal,Aerial Terminal,FDH103004,fdh,,,,,
T1001093,terminal,Aerial Terminal,FDH103004,fdh,,,,,
T1001092,terminal,Aerial Terminal,FDH103004,fdh,,,,,
T1001092,terminal,Aerial Terminal,FDH103004,fdh,,,,,
T1001086,terminal,MST,FDH103004,fdh,,,,,
T1001086,terminal,MST,FDH103004,fdh,,,,,
T1001086,terminal,MST,FDH103004,fdh,,,,,
T1001085,terminal,MST,FDH103004,fdh,,,,,
T1001085,terminal,MST,FDH103004,fdh,,,,,
T1001084,terminal,Aerial Terminal,FDH103004,fdh,,,,,
T1001084,terminal,Aerial Terminal,FDH103004,fdh,,,,,
T1001084,terminal,Aerial Terminal,FDH103004,fdh,,,,,
T1001084,terminal,Aerial Terminal,FDH103004,fdh,,,,,
T1001086,terminal,MST,FDH103004,fdh,,,,,
T1001055,terminal,MST,FDH103004,fdh,,,,,
T1001055,terminal,MST,FDH103004,fdh,,,,,
T1001056,terminal,MST,FDH103004,fdh,,,,,
T1001056,terminal,MST,FDH103004,fdh,,,,,
T1001057,terminal,MST,FDH103004,fdh,,,,,
T1001058,terminal,MST,FDH103004,fdh,,,,,
T1001087,terminal,MST,FDH103004,fdh,,,,,
T1001099,terminal,MST,FDH103006,fdh,,,,,
T1001071,terminal,MST,FDH103006,fdh,,,,,
T1001071,terminal,MST,FDH103006,fdh,,,,,
T1001070,terminal,MST,FDH103006,fdh,,,,,
T1001070,terminal,MST,FDH103006,fdh,,,,,
T1001070,terminal,MST,FDH103006,fdh,,,,,
T1001069,terminal,MST,FDH103006,fdh,,,,,
T1001069,terminal,MST,FDH103006,fdh,,,,,
T1001097,terminal,MST,FDH103006,fdh,,,,,
T1001149,terminal,Aerial Terminal,FDH103003,fdh,,,,,
T1001126,terminal,Aerial Terminal,FDH103005,fdh,,,,,
T1001126,terminal,Aerial Terminal,FDH103005,fdh,,,,,
T1001127,terminal,Aerial Terminal,FDH103005,fdh,,,,,
T1001131,terminal,Aerial Terminal,FDH103005,fdh,,,,,
T1001135,terminal,Aerial Terminal,FDH103005,fdh,,,,,
T1001123,terminal,MST,FDH103005,fdh,,,,,
T1001124,terminal,Aerial Terminal,FDH103005,fdh,,,,,
T1001126,terminal,Aerial Terminal,FDH103005,fdh,,,,,
T1001126,terminal,Aerial Terminal,FDH103005,fdh,,,,,
T1001136,terminal,MST,FDH103005,fdh,,,,,
T1001135,terminal,Aerial Terminal,FDH103005,fdh,,,,,
T1001135,terminal,Aerial Terminal,FDH103005,fdh,,,,,
T1001131,terminal,Aerial Terminal,FDH103005,fdh,,,,,
T1001130,terminal,Aerial Terminal,FDH103005,fdh,,,,,
T1001129,terminal,Aerial Terminal,FDH103005,fdh,,,,,
T1001130,terminal,Aerial Terminal,FDH103005,fdh,,,,,
T1001129,terminal,Aerial Terminal,FDH103005,fdh,,,,,
T1001129,terminal,Aerial Terminal,FDH103005,fdh,,,,,
T1001128,terminal,Aerial Terminal,FDH103005,fdh,,,,,
T1001127,terminal,Aerial Terminal,FDH103005,fdh,,,,,
T1001127,terminal,Aerial Terminal,FDH103005,fdh,,,,,
T1001125,terminal,MST,FDH103005,fdh,,,,,
T1001125,terminal,MST,FDH103005,fdh,,,,,
T1001125,terminal,MST,FDH103005,fdh,,,,,
T1001125,terminal,MST,FDH103005,fdh,,,,,
T1001125,terminal,MST,FDH103005,fdh,,,,,
T1001125,terminal,MST,FDH103005,fdh,,,,,
T1001125,terminal,MST,FDH103005,fdh,,,,,
T1001126,terminal,Aerial Terminal,FDH103005,fdh,,,,,
T1001123,terminal,MST,FDH103005,fdh,,,,,
T1001150,terminal,MST,FDH103003,fdh,,,,,
T1001150,terminal,MST,FDH103003,fdh,,,,,
T1001101,terminal,Aerial Terminal,FDH103003,fdh,,,,,
T1001151,terminal,Aerial Terminal,FDH103003,fdh,,,,,
T1001101,terminal,Aerial Terminal,FDH103003,fdh,,,,,
T1001151,terminal,Aerial Terminal,FDH103003,fdh,,,,,
T1001149,terminal,Aerial Terminal,FDH103003,fdh,,,,,
T1001128,terminal,Aerial Terminal,FDH103005,fdh,,,,,
T1001134,terminal,Aerial Terminal,FDH103005,fdh,,,,,
T1001140,terminal,Aerial Terminal,FDH103005,fdh,,,,,
T1001113,terminal,Aerial Terminal,FDH103003,fdh,,,,,
T1001148,terminal,Aerial Terminal,FDH103005,fdh,,,,,
T1001148,terminal,Aerial Terminal,FDH103005,fdh,,,,,
T1001148,terminal,Aerial Terminal,FDH103005,fdh,,,,,
T1001146,terminal,Aerial Terminal,FDH103005,fdh,,,,,
T1001114,terminal,Aerial Terminal,FDH103003,fdh,,,,,
T1001120,terminal,Aerial Terminal,FDH103005,fdh,,,,,
T1001120,terminal,Aerial Terminal,FDH103005,fdh,,,,,
T1001125,terminal,MST,FDH103005,fdh,,,,,
T1001119,terminal,Aerial Terminal,FDH103005,fdh,,,,,
T1001114,terminal,Aerial Terminal,FDH103003,fdh,,,,,
T1001109,terminal,Aerial Terminal,FDH103003,fdh,,,,,
T1001109,terminal,Aerial Terminal,FDH103003,fdh,,,,,
T1001109,terminal,Aerial Terminal,FDH103003,fdh,,,,,
T1001110,terminal,Aerial Terminal,FDH103003,fdh,,,,,
T1001104,terminal,MST,FDH103003,fdh,,,,,
T1001110,terminal,Aerial Terminal,FDH103003,fdh,,,,,
T1001110,terminal,Aerial Terminal,FDH103003,fdh,,,,,
T1001115,terminal,Aerial Terminal,FDH103003,fdh,,,,,
T1001120,terminal,Aerial Terminal,FDH103005,fdh,,,,,
T1001139,terminal,Aerial Terminal,FDH103005,fdh,,,,,
T1001137,terminal,MST,FDH103005,fdh,,,,,
T1001139,terminal,Aerial Terminal,FDH103005,fdh,,,,,
T1001121,terminal,Aerial Terminal,FDH103005,fdh,,,,,
T1001145,terminal,Aerial Terminal,FDH103005,fdh,,,,,
T1001112,terminal,Aerial Terminal,FDH103003,fdh,,,,,
T1001111,terminal,Aerial Terminal,FDH103003,fdh,,,,,
T1001107,terminal,Aerial Terminal,FDH103003,fdh,,,,,
T1001108,terminal,MST,FDH103003,fdh,,,,,
T1001128,terminal,Aerial Terminal,FDH103005,fdh,,,,,
T1001127,terminal,Aerial Terminal,FDH103005,fdh,,,,,
T1001133,terminal,Aerial Terminal,FDH103005,fdh,,,,,
T1001137,terminal,MST,FDH103005,fdh,,,,,
T1001137,terminal,MST,FDH103005,fdh,,,,,
T1001101,terminal,Aerial Terminal,FDH103003,fdh,,,,,
T1001182,terminal,Aerial Terminal,FDH103015,fdh,,,,,
T1001183,terminal,Aerial Terminal,FDH103015,fdh,,,,,
T1001178,terminal,MST,FDH103001,fdh,,,,,
T1001178,terminal,MST,FDH103001,fdh,,,,,
T1001221,terminal,Aerial Terminal,FDH103002,fdh,,,,,
T1001220,terminal,Aerial Terminal,FDH103002,fdh,,,,,
T1001244,terminal,MST,FDH103002,fdh,,,,,
T1001244,terminal,MST,FDH103002,fdh,,,,,
T1001244,terminal,MST,FDH103002,fdh,,,,,
T1001244,terminal,MST,FDH103002,fdh,,,,,
T1001222,terminal,MST,FDH103003,fdh,,,,,
T1001230,terminal,MST,FDH103003,fdh,,,,,
T1001238,terminal,MST,FDH103002,fdh,,,,,
T1001234,terminal,Aerial Terminal,FDH103002,fdh,,,,,
T1001249,terminal,Aerial Terminal,FDH103002,fdh,,,,,
T1001222,terminal,MST,FDH103003,fdh,,,,,
T1001220,terminal,Aerial Terminal,FDH103002,fdh,,,,,
T1001021,terminal,Aerial Terminal,FDH103002,fdh,,,,,
T1001228,terminal,MST,FDH103003,fdh,,,,,
T1001247,terminal,MST,FDH103003,fdh,,,,,
T1001241,terminal,Aerial Terminal,FDH103002,fdh,,,,,
T1001236,terminal,Aerial Terminal,FDH103002,fdh,,,,,
T1001221,terminal,Aerial Terminal,FDH103002,fdh,,,,,
T1001228,terminal,MST,FDH103003,fdh,,,,,
T1001246,terminal,MST,FDH103003,fdh,,,,,
T1001227,terminal,Aerial Terminal,FDH103003,fdh,,,,,
T1001224,terminal,Aerial Terminal,FDH103003,fdh,,,,,
T1001236,terminal,Aerial Terminal,FDH103002,fdh,,,,,
T1001249,terminal,Aerial Terminal,FDH103002,fdh,,,,,
T1001220,terminal,Aerial Terminal,FDH103002,fdh,,,,,
T1001225,terminal,Aerial Terminal,FDH103003,fdh,,,,,
T1001236,terminal,Aerial Terminal,FDH103002,fdh,,,,,
T1001241,terminal,Aerial Terminal,FDH103002,fdh,,,,,
T1001238,terminal,MST,FDH103002,fdh,,,,,
T1001221,terminal,Aerial Terminal,FDH103002,fdh,,,,,
T1001236,terminal,Aerial Terminal,FDH103002,fdh,,,,,
T1001235,terminal,Aerial Terminal,FDH103002,fdh,,,,,
T1001021,terminal,Aerial Terminal,FDH103002,fdh,,,,,
T1001241,terminal,Aerial Terminal,FDH103002,fdh,,,,,
T1001227,terminal,Aerial Terminal,FDH103003,fdh,,,,,
T1001021,terminal,Aerial Terminal,FDH103002,fdh,,,,,
T1001237,terminal,MST,FDH103002,fdh,,,,,
T1001239,terminal,Aerial Terminal,FDH103002,fdh,,,,,
T1001236,terminal,Aerial Terminal,FDH103002,fdh,,,,,
T1001246,terminal,MST,FDH103003,fdh,,,,,
T1001237,terminal,MST,FDH103002,fdh,,,,,
T1001021,terminal,Aerial Terminal,FDH103002,fdh,,,,,
T1001248,terminal,MST,FDH103002,fdh,,,,,
T1001247,terminal,MST,FDH103003,fdh,,,,,
T1001220,terminal,Aerial Terminal,FDH103002,fdh,,,,,
T1001222,terminal,MST,FDH103003,fdh,,,,,
T1001227,terminal,Aerial Terminal,FDH103003,fdh,,,,,
T1001244,terminal,MST,FDH103002,fdh,,,,,
T1001241,terminal,Aerial Terminal,FDH103002,fdh,,,,,
T1001246,terminal,MST,FDH103003,fdh,,,,,
T1001243,terminal,MST,FDH103002,fdh,,,,,
T1001250,terminal,Aerial Terminal,FDH103002,fdh,,,,,
T1001250,terminal,Aerial Terminal,FDH103002,fdh,,,,,
T1001226,terminal,Aerial Terminal,FDH103003,fdh,,,,,
T1001250,terminal,Aerial Terminal,FDH103002,fdh,,,,,
T1001237,terminal,MST,FDH103002,fdh,,,,,
T1001249,terminal,Aerial Terminal,FDH103002,fdh,,,,,
T1001097,terminal,MST,FDH103006,fdh,,,,,
T1001097,terminal,MST,FDH103006,fdh,,,,,
T1001097,terminal,MST,FDH103006,fdh,,,,,
T1001097,terminal,MST,FDH103006,fdh,,,,,
T1001252,terminal,Aerial Terminal,FDH103007,fdh,,,,,
T1001252,terminal,Aerial Terminal,FDH103007,fdh,,,,,
T1001253,terminal,Aerial Terminal,FDH103007,fdh,,,,,
T1001253,terminal,Aerial Terminal,FDH103007,fdh,,,,,
T1001255,terminal,Aerial Terminal,FDH103007,fdh,,,,,
T1001491,terminal,Aerial Terminal,FDH103007,fdh,,,,,
T1001285,terminal,Aerial Terminal,FDH103007,fdh,,,,,
T1001289,terminal,MST,FDH103007,fdh,,,,,
T1001269,terminal,Aerial Terminal,FDH103007,fdh,,,,,
T1001291,terminal,MST,FDH103007,fdh,,,,,
T1001255,terminal,Aerial Terminal,FDH103007,fdh,,,,,
T1001257,terminal,MST,FDH103007,fdh,,,,,
T1001257,terminal,MST,FDH103007,fdh,,,,,
T1001271,terminal,Aerial Terminal,FDH103007,fdh,,,,,
T1001489,terminal,Aerial Terminal,FDH103007,fdh,,,,,
T1001278,terminal,Aerial Terminal,FDH103007,fdh,,,,,
T1001256,terminal,MST,FDH103007,fdh,,,,,
T1001260,terminal,Aerial Terminal,FDH103007,fdh,,,,,
T1001261,terminal,Aerial Terminal,FDH103007,fdh,,,,,
T1001254,terminal,Aerial Terminal,FDH103007,fdh,,,,,
T1001254,terminal,Aerial Terminal,FDH103007,fdh,,,,,
T1001255,terminal,Aerial Terminal,FDH103007,fdh,,,,,
T1001291,terminal,MST,FDH103007,fdh,,,,,
T1001287,terminal,Aerial Terminal,FDH103007,fdh,,,,,
T1001287,terminal,Aerial Terminal,FDH103007,fdh,,,,,
T1001287,terminal,Aerial Terminal,FDH103007,fdh,,,,,
T1001287,terminal,Aerial Terminal,FDH103007,fdh,,,,,
T1001287,terminal,Aerial Terminal,FDH103007,fdh,,,,,
T1001295,terminal,Aerial Terminal,FDH103001,fdh,,,,,
T1001299,terminal,Aerial Terminal,FDH103008,fdh,,,,,
T1001301,terminal,Aerial Terminal,FDH103008,fdh,,,,,
T1001323,terminal,Aerial Terminal,FDH103001,fdh,,,,,
T1001322,terminal,Aerial Terminal,FDH103001,fdh,,,,,
T1001321,terminal,Aerial Terminal,FDH103001,fdh,,,,,
T1001300,terminal,Aerial Terminal,FDH103008,fdh,,,,,
T1001311,terminal,Aerial Terminal,FDH103008,fdh,,,,,
T1001310,terminal,Aerial Terminal,FDH103008,fdh,,,,,
T1001488,terminal,Aerial Terminal,FDH103008,fdh,,,,,
T1001488,terminal,Aerial Terminal,FDH103008,fdh,,,,,
T1001340,terminal,Aerial Terminal,FDH103013,fdh,,,,,
T1001336,terminal,Aerial Terminal,FDH103013,fdh,,,,,
T1001331,terminal,Aerial Terminal,FDH103013,fdh,,,,,
T1001330,terminal,Aerial Terminal,FDH103013,fdh,,,,,
T1001329,terminal,MST,FDH103013,fdh,,,,,
T1001329,terminal,MST,FDH103013,fdh,,,,,
T1001329,terminal,MST,FDH103013,fdh,,,,,
T1001335,terminal,MST,FDH103013,fdh,,,,,
T1001334,terminal,Aerial Terminal,FDH103013,fdh,,,,,
T1001333,terminal,MST,FDH103013,fdh,,,,,
T1001334,terminal,Aerial Terminal,FDH103013,fdh,,,,,
T1001342,terminal,Aerial Terminal,FDH103013,fdh,,,,,
T1001342,terminal,Aerial Terminal,FDH103013,fdh,,,,,
T1001340,terminal,Aerial Terminal,FDH103013,fdh,,,,,
T1001341,terminal,Aerial Terminal,FDH103013,fdh,,,,,
T1001326,terminal,MST,FDH103013,fdh,,,,,
T1001326,terminal,MST,FDH103013,fdh,,,,,
T1001340,terminal,Aerial Terminal,FDH103013,fdh,,,,,
T1001333,terminal,MST,FDH103013,fdh,,,,,
T1001356,terminal,MST,FDH103010,fdh,,,,,
T1001364,terminal,MST,FDH103010,fdh,,,,,
T1001364,terminal,MST,FDH103010,fdh,,,,,
T1001393,terminal,Aerial Terminal,FDH103010,fdh,,,,,
T1001376,terminal,Aerial Terminal,FDH103010,fdh,,,,,
T1001498,terminal,MST,FDH103009,fdh,,,,,
T1001367,terminal,Aerial Terminal,FDH103009,fdh,,,,,
T1001367,terminal,Aerial Terminal,FDH103009,fdh,,,,,
T1001367,terminal,Aerial Terminal,FDH103009,fdh,,,,,
T1001367,terminal,Aerial Terminal,FDH103009,fdh,,,,,
T1001368,terminal,Aerial Terminal,FDH103009,fdh,,,,,
T1001368,terminal,Aerial Terminal,FDH103009,fdh,,,,,
T1001369,terminal,Aerial Terminal,FDH103009,fdh,,,,,
T1001348,terminal,Aerial Terminal,FDH103010,fdh,,,,,
T1001370,terminal,Aerial Terminal,FDH103009,fdh,,,,,
T1001347,terminal,Aerial Terminal,FDH103010,fdh,,,,,
T1001403,terminal,MST,FDH103009,fdh,,,,,
T1001403,terminal,MST,FDH103009,fdh,,,,,
T1001383,terminal,MST,FDH103009,fdh,,,,,
T1001402,terminal,MST,FDH103010,fdh,,,,,
T1001402,terminal,MST,FDH103010,fdh,,,,,
T1001369,terminal,Aerial Terminal,FDH103009,fdh,,,,,
T1001392,terminal,MST,FDH103009,fdh,,,,,
T1001392,terminal,MST,FDH103009,fdh,,,,,
T1001352,terminal,MST,FDH103010,fdh,,,,,
T1001352,terminal,MST,FDH103010,fdh,,,,,
T1001399,terminal,MST,FDH103009,fdh,,,,,
T1001399,terminal,MST,FDH103009,fdh,,,,,
T1001399,terminal,MST,FDH103009,fdh,,,,,
T1001385,terminal,MST,FDH103009,fdh,,,,,
T1001373,terminal,MST,FDH103009,fdh,,,,,
T1001388,terminal,MST,FDH103009,fdh,,,,,
T1001404,terminal,Aerial Terminal,FDH103010,fdh,,,,,
T1001375,terminal,Aerial Terminal,FDH103010,fdh,,,,,
T1001375,terminal,Aerial Terminal,FDH103010,fdh,,,,,
T1001377,terminal,Aerial Terminal,FDH103010,fdh,,,,,
T1001377,terminal,Aerial Terminal,FDH103010,fdh,,,,,
T1001377,terminal,Aerial Terminal,FDH103010,fdh,,,,,
T1001377,terminal,Aerial Terminal,FDH103010,fdh,,,,,
T1001377,terminal,Aerial Terminal,FDH103010,fdh,,,,,
T1001376,terminal,Aerial Terminal,FDH103010,fdh,,,,,
T1001376,terminal,Aerial Terminal,FDH103010,fdh,,,,,
T1001376,terminal,Aerial Terminal,FDH103010,fdh,,,,,
T1001376,terminal,Aerial Terminal,FDH103010,fdh,,,,,
T1001376,terminal,Aerial Terminal,FDH103010,fdh,,,,,
T1001376,terminal,Aerial Terminal,FDH103010,fdh,,,,,
T1001376,terminal,Aerial Terminal,FDH103010,fdh,,,,,
T1001377,terminal,Aerial Terminal,FDH103010,fdh,,,,,
T1001377,terminal,Aerial Terminal,FDH103010,fdh,,,,,
T1001377,terminal,Aerial Terminal,FDH103010,fdh,,,,,
T1001378,terminal,MST,FDH103010,fdh,,,,,
T1001378,terminal,MST,FDH103010,fdh,,,,,
T1001375,terminal,Aerial Terminal,FDH103010,fdh,,,,,
T1001378,terminal,MST,FDH103010,fdh,,,,,
T1001347,terminal,Aerial Terminal,FDH103010,fdh,,,,,
T1001376,terminal,Aerial Terminal,FDH103010,fdh,,,,,
T1001375,terminal,Aerial Terminal,FDH103010,fdh,,,,,
T1001404,terminal,Aerial Terminal,FDH103010,fdh,,,,,
T1001404,terminal,Aerial Terminal,FDH103010,fdh,,,,,
T1001404,terminal,Aerial Terminal,FDH103010,fdh,,,,,
T1001404,terminal,Aerial Terminal,FDH103010,fdh,,,,,
T1001404,terminal,Aerial Terminal,FDH103010,fdh,,,,,
T1001375,terminal,Aerial Terminal,FDH103010,fdh,,,,,
T1001375,terminal,Aerial Terminal,FDH103010,fdh,,,,,
T1001372,terminal,MST,FDH103009,fdh,,,,,
T1001386,terminal,MST,FDH103009,fdh,,,,,
T1001386,terminal,MST,FDH103009,fdh,,,,,
T1001348,terminal,Aerial Terminal,FDH103010,fdh,,,,,
T1001019,terminal,MST,FDH103009,fdh,,,,,
T1001349,terminal,Aerial Terminal,FDH103010,fdh,,,,,
T1001370,terminal,Aerial Terminal,FDH103009,fdh,,,,,
T1001397,terminal,MST,FDH103009,fdh,,,,,
T1001349,terminal,Aerial Terminal,FDH103010,fdh,,,,,
T1001385,terminal,MST,FDH103009,fdh,,,,,
T1001400,terminal,MST,FDH103012,fdh,,,,,
T1001400,terminal,MST,FDH103012,fdh,,,,,
T1001400,terminal,MST,FDH103012,fdh,,,,,
T1001400,terminal,MST,FDH103012,fdh,,,,,
T1001400,terminal,MST,FDH103012,fdh,,,,,
T1001400,terminal,MST,FDH103012,fdh,,,,,
T1001400,terminal,MST,FDH103012,fdh,,,,,
T1001390,terminal,MST,FDH103009,fdh,,,,,
T1001405,terminal,MST,FDH103009,fdh,,,,,
T1001370,terminal,Aerial Terminal,FDH103009,fdh,,,,,
T1001387,terminal,MST,FDH103009,fdh,,,,,
T1001365,terminal,Aerial Terminal,FDH103010,fdh,,,,,
T1001390,terminal,MST,FDH103009,fdh,,,,,
T1001396,terminal,MST,FDH103009,fdh,,,,,
T1001390,terminal,MST,FDH103009,fdh,,,,,
T1001390,terminal,MST,FDH103009,fdh,,,,,
T1001370,terminal,Aerial Terminal,FDH103009,fdh,,,,,
T1001358,terminal,MST,FDH103010,fdh,,,,,
T1001358,terminal,MST,FDH103010,fdh,,,,,
T1001358,terminal,MST,FDH103010,fdh,,,,,
T1001358,terminal,MST,FDH103010,fdh,,,,,
T1001357,terminal,MST,FDH103010,fdh,,,,,
T1001390,terminal,MST,FDH103009,fdh,,,,,
T1001369,terminal,Aerial Terminal,FDH103009,fdh,,,,,
T1001369,terminal,Aerial Terminal,FDH103009,fdh,,,,,
T1001387,terminal,MST,FDH103009,fdh,,,,,
T1001358,terminal,MST,FDH103010,fdh,,,,,
T1001358,terminal,MST,FDH103010,fdh,,,,,
T1001358,terminal,MST,FDH103010,fdh,,,,,
T1001358,terminal,MST,FDH103010,fdh,,,,,
T1001362,terminal,MST,FDH103010,fdh,,,,,
T1001369,terminal,Aerial Terminal,FDH103009,fdh,,,,,
T1001353,terminal,Aerial Terminal,FDH103010,fdh,,,,,
T1001353,terminal,Aerial Terminal,FDH103010,fdh,,,,,
T1001360,terminal,MST,FDH103010,fdh,,,,,
T1001360,terminal,MST,FDH103010,fdh,,,,,
T1001359,terminal,Aerial Terminal,FDH103010,fdh,,,,,
T1001359,terminal,Aerial Terminal,FDH103010,fdh,,,,,
T1001356,terminal,MST,FDH103010,fdh,,,,,
T1001361,terminal,MST,FDH103010,fdh,,,,,
T1001403,terminal,MST,FDH103009,fdh,,,,,
T1001403,terminal,MST,FDH103009,fdh,,,,,
T1001403,terminal,MST,FDH103009,fdh,,,,,
T1001390,terminal,MST,FDH103009,fdh,,,,,
T1001390,terminal,MST,FDH103009,fdh,,,,,
T1001390,terminal,MST,FDH103009,fdh,,,,,
T1001389,terminal,MST,FDH103009,fdh,,,,,
T1001367,terminal,Aerial Terminal,FDH103009,fdh,,,,,
T1001367,terminal,Aerial Terminal,FDH103009,fdh,,,,,
T1001387,terminal,MST,FDH103009,fdh,,,,,
T1001387,terminal,MST,FDH103009,fdh,,,,,
T1001389,terminal,MST,FDH103009,fdh,,,,,
T1001372,terminal,MST,FDH103009,fdh,,,,,
T1001390,terminal,MST,FDH103009,fdh,,,,,
T1001390,terminal,MST,FDH103009,fdh,,,,,
T1001364,terminal,MST,FDH103010,fdh,,,,,
T1001364,terminal,MST,FDH103010,fdh,,,,,
T1001363,terminal,MST,FDH103010,fdh,,,,,
T1001363,terminal,MST,FDH103010,fdh,,,,,
T1001363,terminal,MST,FDH103010,fdh,,,,,
T1001363,terminal,MST,FDH103010,fdh,,,,,
T1001364,terminal,MST,FDH103010,fdh,,,,,
T1001401,terminal,Aerial Terminal,FDH103010,fdh,,,,,
T1001387,terminal,MST,FDH103009,fdh,,,,,
T1001390,terminal,MST,FDH103009,fdh,,,,,
T1001354,terminal,Aerial Terminal,FDH103010,fdh,,,,,
T1001381,terminal,Aerial Terminal,FDH103009,fdh,,,,,
T1001381,terminal,Aerial Terminal,FDH103009,fdh,,,,,
T1001394,terminal,MST,FDH103010,fdh,,,,,
T1001387,terminal,MST,FDH103009,fdh,,,,,
T1001368,terminal,Aerial Terminal,FDH103009,fdh,,,,,
T1001368,terminal,Aerial Terminal,FDH103009,fdh,,,,,
T1001389,terminal,MST,FDH103009,fdh,,,,,
T1001368,terminal,Aerial Terminal,FDH103009,fdh,,,,,
T1001389,terminal,MST,FDH103009,fdh,,,,,
T1001369,terminal,Aerial Terminal,FDH103009,fdh,,,,,
T1001383,terminal,MST,FDH103009,fdh,,,,,
T1001391,terminal,MST,FDH103009,fdh,,,,,
T1001374,terminal,MST,FDH103009,fdh,,,,,
T1001374,terminal,MST,FDH103009,fdh,,,,,
T1001374,terminal,MST,FDH103009,fdh,,,,,
T1001374,terminal,MST,FDH103009,fdh,,,,,
T1001374,terminal,MST,FDH103009,fdh,,,,,
T1001374,terminal,MST,FDH103009,fdh,,,,,
T1001374,terminal,MST,FDH103009,fdh,,,,,
T1001374,terminal,MST,FDH103009,fdh,,,,,
T1001374,terminal,MST,FDH103009,fdh,,,,,
T1001395,terminal,MST,FDH103009,fdh,,,,,
T1001397,terminal,MST,FDH103009,fdh,,,,,
T1001387,terminal,MST,FDH103009,fdh,,,,,
T1001440,terminal,MST,FDH103012,fdh,,,,,
T1001417,terminal,MST,FDH103009,fdh,,,,,
T1001443,terminal,MST,FDH103012,fdh,,,,,
T1001414,terminal,MST,FDH103012,fdh,,,,,
T1001415,terminal,MST,FDH103012,fdh,,,,,
T1001415,terminal,MST,FDH103012,fdh,,,,,
T1001407,terminal,MST,FDH103012,fdh,,,,,
T1001424,terminal,Aerial Terminal,FDH103012,fdh,,,,,
T1001440,terminal,MST,FDH103012,fdh,,,,,
T1001440,terminal,MST,FDH103012,fdh,,,,,
T1001415,terminal,MST,FDH103012,fdh,,,,,
T1001443,terminal,MST,FDH103012,fdh,,,,,
T1001443,terminal,MST,FDH103012,fdh,,,,,
T1001409,terminal,MST,FDH103012,fdh,,,,,
T1001407,terminal,MST,FDH103012,fdh,,,,,
T1001443,terminal,MST,FDH103012,fdh,,,,,
T1001443,terminal,MST,FDH103012,fdh,,,,,
T1001443,terminal,MST,FDH103012,fdh,,,,,
T1001443,terminal,MST,FDH103012,fdh,,,,,
T1001410,terminal,MST,FDH103012,fdh,,,,,
T1001438,terminal,Aerial Terminal,FDH103012,fdh,,,,,
T1001435,terminal,Aerial Terminal,FDH103012,fdh,,,,,
T1001429,terminal,Aerial Terminal,FDH103012,fdh,,,,,
T1001416,terminal,MST,FDH103009,fdh,,,,,
T1001420,terminal,MST,FDH103009,fdh,,,,,
T1001417,terminal,MST,FDH103009,fdh,,,,,
T1001430,terminal,Aerial Terminal,FDH103012,fdh,,,,,
T1001433,terminal,MST,FDH103012,fdh,,,,,
T1001436,terminal,Aerial Terminal,FDH103012,fdh,,,,,
T1001422,terminal,Aerial Terminal,FDH103012,fdh,,,,,
T1001411,terminal,MST,FDH103012,fdh,,,,,
T1001428,terminal,Aerial Terminal,FDH103012,fdh,,,,,
T1001433,terminal,MST,FDH103012,fdh,,,,,
T1001426,terminal,Aerial Terminal,FDH103012,fdh,,,,,
T1001421,terminal,Aerial Terminal,FDH103012,fdh,,,,,
T1001430,terminal,Aerial Terminal,FDH103012,fdh,,,,,
T1001430,terminal,Aerial Terminal,FDH103012,fdh,,,,,
T1001437,terminal,Aerial Terminal,FDH103012,fdh,,,,,
T1001437,terminal,Aerial Terminal,FDH103012,fdh,,,,,
T1001430,terminal,Aerial Terminal,FDH103012,fdh,,,,,
T1001438,terminal,Aerial Terminal,FDH103012,fdh,,,,,
T1001419,terminal,MST,FDH103009,fdh,,,,,
T1001431,terminal,Aerial Terminal,FDH103012,fdh,,,,,
T1001420,terminal,MST,FDH103009,fdh,,,,,
T1001437,terminal,Aerial Terminal,FDH103012,fdh,,,,,
T1001438,terminal,Aerial Terminal,FDH103012,fdh,,,,,
T1001437,terminal,Aerial Terminal,FDH103012,fdh,,,,,
T1001438,terminal,Aerial Terminal,FDH103012,fdh,,,,,
T1001432,terminal,MST,FDH103012,fdh,,,,,
T1001438,terminal,Aerial Terminal,FDH103012,fdh,,,,,
T1001437,terminal,Aerial Terminal,FDH103012,fdh,,,,,
T1001411,terminal,MST,FDH103012,fdh,,,,,
T1001428,terminal,Aerial Terminal,FDH103012,fdh,,,,,
T1001411,terminal,MST,FDH103012,fdh,,,,,
T1001435,terminal,Aerial Terminal,FDH103012,fdh,,,,,
T1001407,terminal,MST,FDH103012,fdh,,,,,
T1001438,terminal,Aerial Terminal,FDH103012,fdh,,,,,
T1001433,terminal,MST,FDH103012,fdh,,,,,
T1001424,terminal,Aerial Terminal,FDH103012,fdh,,,,,
T1001461,terminal,Aerial Terminal,FDH103011,fdh,,,,,
T1001481,terminal,MST,FDH103011,fdh,,,,,
T1001481,terminal,MST,FDH103011,fdh,,,,,
T1001481,terminal,MST,FDH103011,fdh,,,,,
T1001481,terminal,MST,FDH103011,fdh,,,,,
T1001481,terminal,MST,FDH103011,fdh,,,,,
T1001482,terminal,MST,FDH103011,fdh,,,,,
T1001482,terminal,MST,FDH103011,fdh,,,,,
T1001482,terminal,MST,FDH103011,fdh,,,,,
T1001481,terminal,MST,FDH103011,fdh,,,,,
T1001471,terminal,Aerial Terminal,FDH103011,fdh,,,,,
T1001480,terminal,MST,FDH103011,fdh,,,,,
T1001477,terminal,MST,FDH103011,fdh,,,,,
T1001463,terminal,Aerial Terminal,FDH103011,fdh,,,,,
T1001463,terminal,Aerial Terminal,FDH103011,fdh,,,,,
T1001452,terminal,Aerial Terminal,FDH103011,fdh,,,,,
T1001453,terminal,MST,FDH103011,fdh,,,,,
T1001452,terminal,Aerial Terminal,FDH103011,fdh,,,,,
T1001448,terminal,Aerial Terminal,FDH103011,fdh,,,,,
T1001459,terminal,Aerial Terminal,FDH103011,fdh,,,,,
T1001467,terminal,Aerial Terminal,FDH103011,fdh,,,,,
T1001467,terminal,Aerial Terminal,FDH103011,fdh,,,,,
T1001469,terminal,Aerial Terminal,FDH103011,fdh,,,,,
T1001469,terminal,Aerial Terminal,FDH103011,fdh,,,,,
T1001468,terminal,Aerial Terminal,FDH103011,fdh,,,,,
T1001483,terminal,MST,FDH103011,fdh,,,,,
T1001483,terminal,MST,FDH103011,fdh,,,,,
T1001483,terminal,MST,FDH103011,fdh,,,,,
T1001483,terminal,MST,FDH103011,fdh,,,,,
T1001484,terminal,MST,FDH103011,fdh,,,,,
T1001484,terminal,MST,FDH103011,fdh,,,,,
T1001484,terminal,MST,FDH103011,fdh,,,,,
T1001476,terminal,Aerial Terminal,FDH103011,fdh,,,,,
T1001475,terminal,Aerial Terminal,FDH103011,fdh,,,,,
T1001475,terminal,Aerial Terminal,FDH103011,fdh,,,,,
T1001475,terminal,Aerial Terminal,FDH103011,fdh,,,,,
T1001474,terminal,Aerial Terminal,FDH103011,fdh,,,,,
T1001474,terminal,Aerial Terminal,FDH103011,fdh,,,,,
T1001474,terminal,Aerial Terminal,FDH103011,fdh,,,,,
T1001474,terminal,Aerial Terminal,FDH103011,fdh,,,,,
T1001474,terminal,Aerial Terminal,FDH103011,fdh,,,,,
T1001474,terminal,Aerial Terminal,FDH103011,fdh,,,,,
T1001485,terminal,MST,FDH103011,fdh,,,,,
T1001485,terminal,MST,FDH103011,fdh,,,,,
T1001485,terminal,MST,FDH103011,fdh,,,,,
T1001486,terminal,MST,FDH103011,fdh,,,,,
T1001486,terminal,MST,FDH103011,fdh,,,,,
T1001486,terminal,MST,FDH103011,fdh,,,,,
T1001487,terminal,MST,FDH103011,fdh,,,,,
T1001487,terminal,MST,FDH103011,fdh,,,,,
T1001487,terminal,MST,FDH103011,fdh,,,,,
T1001487,terminal,MST,FDH103011,fdh,,,,,
T1001486,terminal,MST,FDH103011,fdh,,,,,
T1001151,terminal,Aerial Terminal,FDH103003,fdh,,,,,
T1001009,terminal,Aerial Terminal,FDH103015,fdh,,,,,
T1001490,terminal,Aerial Terminal,FDH103006,fdh,,,,,
T1001490,terminal,Aerial Terminal,FDH103006,fdh,,,,,
T1001490,terminal,Aerial Terminal,FDH103006,fdh,,,,,
T1001490,terminal,Aerial Terminal,FDH103006,fdh,,,,,
T1001490,terminal,Aerial Terminal,FDH103006,fdh,,,,,
T1001490,terminal,Aerial Terminal,FDH103006,fdh,,,,,
T1001490,terminal,Aerial Terminal,FDH103006,fdh,,,,,
T1001490,terminal,Aerial Terminal,FDH103006,fdh,,,,,
T1001490,terminal,Aerial Terminal,FDH103006,fdh,,,,,
T1001020,terminal,Aerial Terminal,FDH103006,fdh,,,,,
T1001020,terminal,Aerial Terminal,FDH103006,fdh,,,,,
T1001020,terminal,Aerial Terminal,FDH103006,fdh,,,,,
T1001020,terminal,Aerial Terminal,FDH103006,fdh,,,,,
T1001020,terminal,Aerial Terminal,FDH103006,fdh,,,,,
T1001020,terminal,Aerial Terminal,FDH103006,fdh,,,,,
T1001020,terminal,Aerial Terminal,FDH103006,fdh,,,,,
T1001471,terminal,Aerial Terminal,FDH103011,fdh,,,,,
T1001183,terminal,Aerial Terminal,FDH103015,fdh,,,,,
T1001492,terminal,MST,FDH103003,fdh,,,,,
T1001410,terminal,MST,FDH103012,fdh,,,,,
T1001393,terminal,Aerial Terminal,FDH103010,fdh,,,,,
T1001163,terminal,MST,FDH103014,fdh,,,,,
T1001555,terminal,MST,FDH104003,fdh,,,,,
T1001555,terminal,MST,FDH104003,fdh,,,,,
T1001555,terminal,MST,FDH104003,fdh,,,,,
T1001555,terminal,MST,FDH104003,fdh,,,,,
T1001555,terminal,MST,FDH104003,fdh,,,,,
T1000389,terminal,Aerial Terminal,FDH101004,fdh,,,,,
T1000389,terminal,Aerial Terminal,FDH101004,fdh,,,,,
T1000364,terminal,Aerial Terminal,FDH101004,fdh,,,,,
T1000389,terminal,Aerial Terminal,FDH101004,fdh,,,,,
T1000389,terminal,Aerial Terminal,FDH101004,fdh,,,,,
T1000389,terminal,Aerial Terminal,FDH101004,fdh,,,,,
T1000389,terminal,Aerial Terminal,FDH101004,fdh,,,,,
T1000389,terminal,Aerial Terminal,FDH101004,fdh,,,,,
T1000359,terminal,Aerial Terminal,FDH101004,fdh,,,,,
T1000359,terminal,Aerial Terminal,FDH101004,fdh,,,,,
T1000359,terminal,Aerial Terminal,FDH101004,fdh,,,,,
T1000359,terminal,Aerial Terminal,FDH101004,fdh,,,,,
T1000367,terminal,Aerial Terminal,FDH101004,fdh,,,,,
T1000358,terminal,Aerial Terminal,FDH101004,fdh,,,,,
T1000358,terminal,Aerial Terminal,FDH101004,fdh,,,,,
T1000365,terminal,Aerial Terminal,FDH101004,fdh,,,,,
T1000365,terminal,Aerial Terminal,FDH101004,fdh,,,,,
T1000365,terminal,Aerial Terminal,FDH101004,fdh,,,,,
T1000365,terminal,Aerial Terminal,FDH101004,fdh,,,,,
T1000365,terminal,Aerial Terminal,FDH101004,fdh,,,,,
T1000365,terminal,Aerial Terminal,FDH101004,fdh,,,,,
T1000365,terminal,Aerial Terminal,FDH101004,fdh,,,,,
T1000357,terminal,Aerial Terminal,FDH101004,fdh,,,,,
T1000357,terminal,Aerial Terminal,FDH101004,fdh,,,,,
T1000357,terminal,Aerial Terminal,FDH101004,fdh,,,,,
T1000362,terminal,Aerial Terminal,FDH101004,fdh,,,,,
T1000357,terminal,Aerial Terminal,FDH101004,fdh,,,,,
T1000357,terminal,Aerial Terminal,FDH101004,fdh,,,,,
T1000357,terminal,Aerial Terminal,FDH101004,fdh,,,,,
T1000357,terminal,Aerial Terminal,FDH101004,fdh,,,,,
T1000357,terminal,Aerial Terminal,FDH101004,fdh,,,,,
T1000356,terminal,Aerial Terminal,FDH101004,fdh,,,,,
T1000390,terminal,Aerial Terminal,FDH101004,fdh,,,,,
T1000356,terminal,Aerial Terminal,FDH101004,fdh,,,,,
T1000356,terminal,Aerial Terminal,FDH101004,fdh,,,,,
T1000356,terminal,Aerial Terminal,FDH101004,fdh,,,,,
T1000356,terminal,Aerial Terminal,FDH101004,fdh,,,,,
T1000356,terminal,Aerial Terminal,FDH101004,fdh,,,,,
T1000356,terminal,Aerial Terminal,FDH101004,fdh,,,,,
T1000356,terminal,Aerial Terminal,FDH101004,fdh,,,,,
T1000356,terminal,Aerial Terminal,FDH101004,fdh,,,,,
T1000356,terminal,Aerial Terminal,FDH101004,fdh,,,,,
T1000355,terminal,Aerial Terminal,FDH101004,fdh,,,,,
T1000355,terminal,Aerial Terminal,FDH101004,fdh,,,,,
T1000355,terminal,Aerial Terminal,FDH101004,fdh,,,,,
T1000355,terminal,Aerial Terminal,FDH101004,fdh,,,,,
T1000355,terminal,Aerial Terminal,FDH101004,fdh,,,,,
T1000355,terminal,Aerial Terminal,FDH101004,fdh,,,,,
T1000355,terminal,Aerial Terminal,FDH101004,fdh,,,,,
T1000355,terminal,Aerial Terminal,FDH101004,fdh,,,,,
T1000371,terminal,Aerial Terminal,FDH101004,fdh,,,,,
T1000355,terminal,Aerial Terminal,FDH101004,fdh,,,,,
T1000355,terminal,Aerial Terminal,FDH101004,fdh,,,,,
T1000354,terminal,Aerial Terminal,FDH101004,fdh,,,,,
T1000354,terminal,Aerial Terminal,FDH101004,fdh,,,,,
T1000370,terminal,Aerial Terminal,FDH101004,fdh,,,,,
T1000354,terminal,Aerial Terminal,FDH101004,fdh,,,,,
T1000354,terminal,Aerial Terminal,FDH101004,fdh,,,,,
T1000354,terminal,Aerial Terminal,FDH101004,fdh,,,,,
T1000354,terminal,Aerial Terminal,FDH101004,fdh,,,,,
T1000372,terminal,MST,FDH101004,fdh,,,,,
T1000372,terminal,MST,FDH101004,fdh,,,,,
T1000373,terminal,MST,FDH101004,fdh,,,,,
T1000354,terminal,Aerial Terminal,FDH101004,fdh,,,,,
T1000354,terminal,Aerial Terminal,FDH101004,fdh,,,,,
T1000354,terminal,Aerial Terminal,FDH101004,fdh,,,,,
T1000373,terminal,MST,FDH101004,fdh,,,,,
T1000354,terminal,Aerial Terminal,FDH101004,fdh,,,,,
T1000372,terminal,MST,FDH101004,fdh,,,,,
T1000375,terminal,Aerial Terminal,FDH101004,fdh,,,,,
T1000375,terminal,Aerial Terminal,FDH101004,fdh,,,,,
T1000375,terminal,Aerial Terminal,FDH101004,fdh,,,,,
T1000375,terminal,Aerial Terminal,FDH101004,fdh,,,,,
T1000375,terminal,Aerial Terminal,FDH101004,fdh,,,,,
T1000375,terminal,Aerial Terminal,FDH101004,fdh,,,,,
T1000375,terminal,Aerial Terminal,FDH101004,fdh,,,,,
T1000375,terminal,Aerial Terminal,FDH101004,fdh,,,,,
T1000375,terminal,Aerial Terminal,FDH101004,fdh,,,,,
T1000375,terminal,Aerial Terminal,FDH101004,fdh,,,,,
T1000376,terminal,Aerial Terminal,FDH101004,fdh,,,,,
T1000376,terminal,Aerial Terminal,FDH101004,fdh,,,,,
T1000376,terminal,Aerial Terminal,FDH101004,fdh,,,,,
T1000376,terminal,Aerial Terminal,FDH101004,fdh,,,,,
T1000376,terminal,Aerial Terminal,FDH101004,fdh,,,,,
T1000376,terminal,Aerial Terminal,FDH101004,fdh,,,,,
T1000377,terminal,Aerial Terminal,FDH101004,fdh,,,,,
T1000377,terminal,Aerial Terminal,FDH101004,fdh,,,,,
T1000377,terminal,Aerial Terminal,FDH101004,fdh,,,,,
T1000377,terminal,Aerial Terminal,FDH101004,fdh,,,,,
T1000377,terminal,Aerial Terminal,FDH101004,fdh,,,,,
T1000377,terminal,Aerial Terminal,FDH101004,fdh,,,,,
T1000378,terminal,Aerial Terminal,FDH101004,fdh,,,,,
T1000377,terminal,Aerial Terminal,FDH101004,fdh,,,,,
T1000378,terminal,Aerial Terminal,FDH101004,fdh,,,,,
T1000378,terminal,Aerial Terminal,FDH101004,fdh,,,,,
T1000378,terminal,Aerial Terminal,FDH101004,fdh,,,,,
T1000378,terminal,Aerial Terminal,FDH101004,fdh,,,,,
T1000378,terminal,Aerial Terminal,FDH101004,fdh,,,,,
T1000379,terminal,Aerial Terminal,FDH101004,fdh,,,,,
T1000379,terminal,Aerial Terminal,FDH101004,fdh,,,,,
T1000379,terminal,Aerial Terminal,FDH101004,fdh,,,,,
T1000379,terminal,Aerial Terminal,FDH101004,fdh,,,,,
T1000379,terminal,Aerial Terminal,FDH101004,fdh,,,,,
T1000379,terminal,Aerial Terminal,FDH101004,fdh,,,,,
T1000379,terminal,Aerial Terminal,FDH101004,fdh,,,,,
T1000379,terminal,Aerial Terminal,FDH101004,fdh,,,,,
T1000379,terminal,Aerial Terminal,FDH101004,fdh,,,,,
T1000363,terminal,Aerial Terminal,FDH101004,fdh,,,,,
T1000380,terminal,Aerial Terminal,FDH101004,fdh,,,,,
T1000380,terminal,Aerial Terminal,FDH101004,fdh,,,,,
T1000380,terminal,Aerial Terminal,FDH101004,fdh,,,,,
T1000380,terminal,Aerial Terminal,FDH101004,fdh,,,,,
T1000380,terminal,Aerial Terminal,FDH101004,fdh,,,,,
T1000383,terminal,Aerial Terminal,FDH101004,fdh,,,,,
T1000383,terminal,Aerial Terminal,FDH101004,fdh,,,,,
T1000380,terminal,Aerial Terminal,FDH101004,fdh,,,,,
T1000384,terminal,Aerial Terminal,FDH101004,fdh,,,,,
T1000383,terminal,Aerial Terminal,FDH101004,fdh,,,,,
T1000382,terminal,Aerial Terminal,FDH101004,fdh,,,,,
T1000384,terminal,Aerial Terminal,FDH101004,fdh,,,,,
T1000380,terminal,Aerial Terminal,FDH101004,fdh,,,,,
T1000382,terminal,Aerial Terminal,FDH101004,fdh,,,,,
T1000382,terminal,Aerial Terminal,FDH101004,fdh,,,,,
T1000382,terminal,Aerial Terminal,FDH101004,fdh,,,,,
T1000380,terminal,Aerial Terminal,FDH101004,fdh,,,,,
T1000385,terminal,Aerial Terminal,FDH101004,fdh,,,,,
T1000383,terminal,Aerial Terminal,FDH101004,fdh,,,,,
T1000381,terminal,Aerial Terminal,FDH101004,fdh,,,,,
T1000384,terminal,Aerial Terminal,FDH101004,fdh,,,,,
T1000383,terminal,Aerial Terminal,FDH101004,fdh,,,,,
T1000384,terminal,Aerial Terminal,FDH101004,fdh,,,,,
T1000384,terminal,Aerial Terminal,FDH101004,fdh,,,,,
T1000383,terminal,Aerial Terminal,FDH101004,fdh,,,,,
T1000383,terminal,Aerial Terminal,FDH101004,fdh,,,,,
T1000382,terminal,Aerial Terminal,FDH101004,fdh,,,,,
T1000384,terminal,Aerial Terminal,FDH101004,fdh,,,,,
T1000382,terminal,Aerial Terminal,FDH101004,fdh,,,,,
T1000383,terminal,Aerial Terminal,FDH101004,fdh,,,,,
T1000383,terminal,Aerial Terminal,FDH101004,fdh,,,,,
T1000385,terminal,Aerial Terminal,FDH101004,fdh,,,,,
T1000381,terminal,Aerial Terminal,FDH101004,fdh,,,,,
T1000382,terminal,Aerial Terminal,FDH101004,fdh,,,,,
T1000381,terminal,Aerial Terminal,FDH101004,fdh,,,,,
T1000381,terminal,Aerial Terminal,FDH101004,fdh,,,,,
T1000381,terminal,Aerial Terminal,FDH101004,fdh,,,,,
T1000385,terminal,Aerial Terminal,FDH101004,fdh,,,,,
T1000382,terminal,Aerial Terminal,FDH101004,fdh,,,,,
T1000385,terminal,Aerial Terminal,FDH101004,fdh,,,,,
T1000382,terminal,Aerial Terminal,FDH101004,fdh,,,,,
T1000382,terminal,Aerial Terminal,FDH101004,fdh,,,,,
T1000385,terminal,Aerial Terminal,FDH101004,fdh,,,,,
T1000382,terminal,Aerial Terminal,FDH101004,fdh,,,,,
T1000381,terminal,Aerial Terminal,FDH101004,fdh,,,,,
T1000385,terminal,Aerial Terminal,FDH101004,fdh,,,,,
T1000420,terminal,Aerial Terminal,FDH101005,fdh,,,,,
T1000366,terminal,Aerial Terminal,FDH101004,fdh,,,,,
T1000386,terminal,Aerial Terminal,FDH101004,fdh,,,,,
T1000385,terminal,Aerial Terminal,FDH101004,fdh,,,,,
T1000386,terminal,Aerial Terminal,FDH101004,fdh,,,,,
T1000387,terminal,Aerial Terminal,FDH101004,fdh,,,,,
T1000386,terminal,Aerial Terminal,FDH101004,fdh,,,,,
T1000388,terminal,Aerial Terminal,FDH101004,fdh,,,,,
T1000386,terminal,Aerial Terminal,FDH101004,fdh,,,,,
T1000387,terminal,Aerial Terminal,FDH101004,fdh,,,,,
T1000386,terminal,Aerial Terminal,FDH101004,fdh,,,,,
T1000386,terminal,Aerial Terminal,FDH101004,fdh,,,,,
T1000388,terminal,Aerial Terminal,FDH101004,fdh,,,,,
T1000386,terminal,Aerial Terminal,FDH101004,fdh,,,,,
T1000387,terminal,Aerial Terminal,FDH101004,fdh,,,,,
T1000386,terminal,Aerial Terminal,FDH101004,fdh,,,,,
T1000429,terminal,MST,FDH101005,fdh,,,,,
T1000387,terminal,Aerial Terminal,FDH101004,fdh,,,,,
T1000387,terminal,Aerial Terminal,FDH101004,fdh,,,,,
T1000387,terminal,Aerial Terminal,FDH101004,fdh,,,,,
T1000387,terminal,Aerial Terminal,FDH101004,fdh,,,,,
T1000388,terminal,Aerial Terminal,FDH101004,fdh,,,,,
T1000388,terminal,Aerial Terminal,FDH101004,fdh,,,,,
T1000388,terminal,Aerial Terminal,FDH101004,fdh,,,,,
T1000388,terminal,Aerial Terminal,FDH101004,fdh,,,,,
T1000386,terminal,Aerial Terminal,FDH101004,fdh,,,,,
T1000053,terminal,MST,FDH101005,fdh,,,,,
T1000429,terminal,MST,FDH101005,fdh,,,,,
T1000388,terminal,Aerial Terminal,FDH101004,fdh,,,,,
T1000368,terminal,Aerial Terminal,FDH101004,fdh,,,,,
T1000429,terminal,MST,FDH101005,fdh,,,,,
T1000420,terminal,Aerial Terminal,FDH101005,fdh,,,,,
T1000420,terminal,Aerial Terminal,FDH101005,fdh,,,,,
T1000434,terminal,Aerial Terminal,FDH101005,fdh,,,,,
T1000420,terminal,Aerial Terminal,FDH101005,fdh,,,,,
T1000421,terminal,Aerial Terminal,FDH101005,fdh,,,,,
T1000420,terminal,Aerial Terminal,FDH101005,fdh,,,,,
T1000421,terminal,Aerial Terminal,FDH101005,fdh,,,,,
T1000420,terminal,Aerial Terminal,FDH101005,fdh,,,,,
T1000421,terminal,Aerial Terminal,FDH101005,fdh,,,,,
T1000420,terminal,Aerial Terminal,FDH101005,fdh,,,,,
T1000435,terminal,Aerial Terminal,FDH101005,fdh,,,,,
T1000420,terminal,Aerial Terminal,FDH101005,fdh,,,,,
T1000421,terminal,Aerial Terminal,FDH101005,fdh,,,,,
T1000420,terminal,Aerial Terminal,FDH101005,fdh,,,,,
T1000420,terminal,Aerial Terminal,FDH101005,fdh,,,,,
T1000421,terminal,Aerial Terminal,FDH101005,fdh,,,,,
T1000438,terminal,Aerial Terminal,FDH101005,fdh,,,,,
T1000420,terminal,Aerial Terminal,FDH101005,fdh,,,,,
T1000433,terminal,Aerial Terminal,FDH101005,fdh,,,,,
T1000421,terminal,Aerial Terminal,FDH101005,fdh,,,,,
T1000421,terminal,Aerial Terminal,FDH101005,fdh,,,,,
T1000434,terminal,Aerial Terminal,FDH101005,fdh,,,,,
T1000421,terminal,Aerial Terminal,FDH101005,fdh,,,,,
T1000059,terminal,Aerial Terminal,FDH101005,fdh,,,,,
T1000434,terminal,Aerial Terminal,FDH101005,fdh,,,,,
T1000434,terminal,Aerial Terminal,FDH101005,fdh,,,,,
T1000434,terminal,Aerial Terminal,FDH101005,fdh,,,,,
T1000421,terminal,Aerial Terminal,FDH101005,fdh,,,,,
T1000419,terminal,MST,FDH101005,fdh,,,,,
T1000058,terminal,MST,FDH101005,fdh,,,,,
T1000055,terminal,Aerial Terminal,FDH101005,fdh,,,,,
T1000419,terminal,MST,FDH101005,fdh,,,,,
T1000419,terminal,MST,FDH101005,fdh,,,,,
T1000428,terminal,Aerial Terminal,FDH101005,fdh,,,,,
T1000053,terminal,MST,FDH101005,fdh,,,,,
T1000058,terminal,MST,FDH101005,fdh,,,,,
T1000054,terminal,Aerial Terminal,FDH101005,fdh,,,,,
T1000418,terminal,MST,FDH101005,fdh,,,,,
T1000418,terminal,MST,FDH101005,fdh,,,,,
T1000418,terminal,MST,FDH101005,fdh,,,,,
T1000418,terminal,MST,FDH101005,fdh,,,,,
T1000054,terminal,Aerial Terminal,FDH101005,fdh,,,,,
T1000428,terminal,Aerial Terminal,FDH101005,fdh,,,,,
T1000361,terminal,Aerial Terminal,FDH101005,fdh,,,,,
T1000436,terminal,Aerial Terminal,FDH101005,fdh,,,,,
T1000361,terminal,Aerial Terminal,FDH101005,fdh,,,,,
T1000418,terminal,MST,FDH101005,fdh,,,,,
T1000418,terminal,MST,FDH101005,fdh,,,,,
T1000417,terminal,Aerial Terminal,FDH101005,fdh,,,,,
T1000418,terminal,MST,FDH101005,fdh,,,,,
T1000418,terminal,MST,FDH101005,fdh,,,,,
T1000054,terminal,Aerial Terminal,FDH101005,fdh,,,,,
T1000361,terminal,Aerial Terminal,FDH101005,fdh,,,,,
T1000360,terminal,Aerial Terminal,FDH101005,fdh,,,,,
T1000428,terminal,Aerial Terminal,FDH101005,fdh,,,,,
T1000417,terminal,Aerial Terminal,FDH101005,fdh,,,,,
T1000428,terminal,Aerial Terminal,FDH101005,fdh,,,,,
T1000436,terminal,Aerial Terminal,FDH101005,fdh,,,,,
T1000361,terminal,Aerial Terminal,FDH101005,fdh,,,,,
T1000361,terminal,Aerial Terminal,FDH101005,fdh,,,,,
T1000360,terminal,Aerial Terminal,FDH101005,fdh,,,,,
T1000361,terminal,Aerial Terminal,FDH101005,fdh,,,,,
T1000417,terminal,Aerial Terminal,FDH101005,fdh,,,,,
T1000435,terminal,Aerial Terminal,FDH101005,fdh,,,,,
T1000416,terminal,MST,FDH101005,fdh,,,,,
T1000415,terminal,MST,FDH101005,fdh,,,,,
T1000422,terminal,Aerial Terminal,FDH101005,fdh,,,,,
T1000415,terminal,MST,FDH101005,fdh,,,,,
T1000422,terminal,Aerial Terminal,FDH101005,fdh,,,,,
T1000422,terminal,Aerial Terminal,FDH101005,fdh,,,,,
T1000427,terminal,Aerial Terminal,FDH101005,fdh,,,,,
T1000416,terminal,MST,FDH101005,fdh,,,,,
T1000056,terminal,Aerial Terminal,FDH101005,fdh,,,,,
T1000415,terminal,MST,FDH101005,fdh,,,,,
T1000056,terminal,Aerial Terminal,FDH101005,fdh,,,,,
T1000056,terminal,Aerial Terminal,FDH101005,fdh,,,,,
T1000422,terminal,Aerial Terminal,FDH101005,fdh,,,,,
T1000425,terminal,Aerial Terminal,FDH101005,fdh,,,,,
T1000415,terminal,MST,FDH101005,fdh,,,,,
T1000416,terminal,MST,FDH101005,fdh,,,,,
T1000425,terminal,Aerial Terminal,FDH101005,fdh,,,,,
T1000425,terminal,Aerial Terminal,FDH101005,fdh,,,,,
T1000425,terminal,Aerial Terminal,FDH101005,fdh,,,,,
T1000022,terminal,Aerial Terminal,FDH101005,fdh,,,,,
T1000112,terminal,Aerial Terminal,FDH101005,fdh,,,,,
T1000425,terminal,Aerial Terminal,FDH101005,fdh,,,,,
T1000423,terminal,Aerial Terminal,FDH101005,fdh,,,,,
T1000423,terminal,Aerial Terminal,FDH101005,fdh,,,,,
T1000425,terminal,Aerial Terminal,FDH101005,fdh,,,,,
T1000022,terminal,Aerial Terminal,FDH101005,fdh,,,,,
T1000423,terminal,Aerial Terminal,FDH101005,fdh,,,,,
T1000432,terminal,Aerial Terminal,FDH101005,fdh,,,,,
T1000432,terminal,Aerial Terminal,FDH101005,fdh,,,,,
T1000112,terminal,Aerial Terminal,FDH101005,fdh,,,,,
T1000425,terminal,Aerial Terminal,FDH101005,fdh,,,,,
T1000432,terminal,Aerial Terminal,FDH101005,fdh,,,,,
T1000112,terminal,Aerial Terminal,FDH101005,fdh,,,,,
T1000425,terminal,Aerial Terminal,FDH101005,fdh,,,,,
T1000112,terminal,Aerial Terminal,FDH101005,fdh,,,,,
T1000423,terminal,Aerial Terminal,FDH101005,fdh,,,,,
T1000022,terminal,Aerial Terminal,FDH101005,fdh,,,,,
T1000112,terminal,Aerial Terminal,FDH101005,fdh,,,,,
T1000423,terminal,Aerial Terminal,FDH101005,fdh,,,,,
T1000432,terminal,Aerial Terminal,FDH101005,fdh,,,,,
T1000022,terminal,Aerial Terminal,FDH101005,fdh,,,,,
T1000425,terminal,Aerial Terminal,FDH101005,fdh,,,,,
T1000022,terminal,Aerial Terminal,FDH101005,fdh,,,,,
T1000426,terminal,Aerial Terminal,FDH101005,fdh,,,,,
T1000426,terminal,Aerial Terminal,FDH101005,fdh,,,,,
T1000057,terminal,Aerial Terminal,FDH101005,fdh,,,,,
T1000046,terminal,MST,FDH101005,fdh,,,,,
T1000057,terminal,Aerial Terminal,FDH101005,fdh,,,,,
T1000046,terminal,MST,FDH101005,fdh,,,,,
T1000046,terminal,MST,FDH101005,fdh,,,,,
T1000046,terminal,MST,FDH101005,fdh,,,,,
T1000437,terminal,Aerial Terminal,FDH101005,fdh,,,,,
T1000424,terminal,Aerial Terminal,FDH101005,fdh,,,,,
T1000437,terminal,Aerial Terminal,FDH101005,fdh,,,,,
T1000437,terminal,Aerial Terminal,FDH101005,fdh,,,,,
T1000424,terminal,Aerial Terminal,FDH101005,fdh,,,,,
T1000022,terminal,Aerial Terminal,FDH101005,fdh,,,,,
T1000046,terminal,MST,FDH101005,fdh,,,,,
T1000431,terminal,Aerial Terminal,FDH101005,fdh,,,,,
T1000424,terminal,Aerial Terminal,FDH101005,fdh,,,,,
T1000046,terminal,MST,FDH101005,fdh,,,,,
T1000424,terminal,Aerial Terminal,FDH101005,fdh,,,,,
T1000052,terminal,Aerial Terminal,FDH101005,fdh,,,,,
T1000431,terminal,Aerial Terminal,FDH101005,fdh,,,,,
T1000047,terminal,MST,FDH101005,fdh,,,,,
T1000052,terminal,Aerial Terminal,FDH101005,fdh,,,,,
T1000022,terminal,Aerial Terminal,FDH101005,fdh,,,,,
T1000431,terminal,Aerial Terminal,FDH101005,fdh,,,,,
T1000047,terminal,MST,FDH101005,fdh,,,,,
T1000048,terminal,MST,FDH101005,fdh,,,,,
T1000047,terminal,MST,FDH101005,fdh,,,,,
T1000047,terminal,MST,FDH101005,fdh,,,,,
T1000431,terminal,Aerial Terminal,FDH101005,fdh,,,,,
T1000048,terminal,MST,FDH101005,fdh,,,,,
T1000047,terminal,MST,FDH101005,fdh,,,,,
T1000430,terminal,Aerial Terminal,FDH101005,fdh,,,,,
T1000052,terminal,Aerial Terminal,FDH101005,fdh,,,,,
T1000047,terminal,MST,FDH101005,fdh,,,,,
T1000052,terminal,Aerial Terminal,FDH101005,fdh,,,,,
T1000047,terminal,MST,FDH101005,fdh,,,,,
T1000047,terminal,MST,FDH101005,fdh,,,,,
T1000073,terminal,Aerial Terminal,FDH101010,fdh,,,,,
T1000052,terminal,Aerial Terminal,FDH101005,fdh,,,,,
T1000430,terminal,Aerial Terminal,FDH101005,fdh,,,,,
T1000052,terminal,Aerial Terminal,FDH101005,fdh,,,,,
T1000052,terminal,Aerial Terminal,FDH101005,fdh,,,,,
T1000052,terminal,Aerial Terminal,FDH101005,fdh,,,,,
T1000052,terminal,Aerial Terminal,FDH101005,fdh,,,,,
T1000051,terminal,Aerial Terminal,FDH101010,fdh,,,,,
T1000051,terminal,Aerial Terminal,FDH101010,fdh,,,,,
T1000052,terminal,Aerial Terminal,FDH101005,fdh,,,,,
T1000052,terminal,Aerial Terminal,FDH101005,fdh,,,,,
T1000044,terminal,Aerial Terminal,FDH101005,fdh,,,,,
T1000051,terminal,Aerial Terminal,FDH101010,fdh,,,,,
T1000044,terminal,Aerial Terminal,FDH101005,fdh,,,,,
T1000072,terminal,Aerial Terminal,FDH101010,fdh,,,,,
T1000072,terminal,Aerial Terminal,FDH101010,fdh,,,,,
T1000045,terminal,MST,FDH101005,fdh,,,,,
T1000045,terminal,MST,FDH101005,fdh,,,,,
T1000044,terminal,Aerial Terminal,FDH101005,fdh,,,,,
T1000045,terminal,MST,FDH101005,fdh,,,,,
T1000044,terminal,Aerial Terminal,FDH101005,fdh,,,,,
T1000050,terminal,Aerial Terminal,FDH101010,fdh,,,,,
T1000045,terminal,MST,FDH101005,fdh,,,,,
T1000043,terminal,MST,FDH101005,fdh,,,,,
T1000045,terminal,MST,FDH101005,fdh,,,,,
T1000470,terminal,MST,FDH101010,fdh,,,,,
T1000045,terminal,MST,FDH101005,fdh,,,,,
T1000043,terminal,MST,FDH101005,fdh,,,,,
T1000043,terminal,MST,FDH101005,fdh,,,,,
T1000039,terminal,Aerial Terminal,FDH101010,fdh,,,,,
T1000040,terminal,Aerial Terminal,FDH101010,fdh,,,,,
T1000040,terminal,Aerial Terminal,FDH101010,fdh,,,,,
T1000470,terminal,MST,FDH101010,fdh,,,,,
T1000470,terminal,MST,FDH101010,fdh,,,,,
T1000039,terminal,Aerial Terminal,FDH101010,fdh,,,,,
T1000039,terminal,Aerial Terminal,FDH101010,fdh,,,,,
T1000039,terminal,Aerial Terminal,FDH101010,fdh,,,,,
T1000050,terminal,Aerial Terminal,FDH101010,fdh,,,,,
T1000040,terminal,Aerial Terminal,FDH101010,fdh,,,,,
T1000040,terminal,Aerial Terminal,FDH101010,fdh,,,,,
T1000072,terminal,Aerial Terminal,FDH101010,fdh,,,,,
T1000039,terminal,Aerial Terminal,FDH101010,fdh,,,,,
T1000470,terminal,MST,FDH101010,fdh,,,,,
T1000470,terminal,MST,FDH101010,fdh,,,,,
T1000039,terminal,Aerial Terminal,FDH101010,fdh,,,,,
T1000050,terminal,Aerial Terminal,FDH101010,fdh,,,,,
T1000038,terminal,Aerial Terminal,FDH101010,fdh,,,,,
T1000038,terminal,Aerial Terminal,FDH101010,fdh,,,,,
T1000038,terminal,Aerial Terminal,FDH101010,fdh,,,,,
T1000068,terminal,Aerial Terminal,FDH101010,fdh,,,,,
T1000038,terminal,Aerial Terminal,FDH101010,fdh,,,,,
T1000040,terminal,Aerial Terminal,FDH101010,fdh,,,,,
T1000038,terminal,Aerial Terminal,FDH101010,fdh,,,,,
T1000071,terminal,Aerial Terminal,FDH101010,fdh,,,,,
T1000038,terminal,Aerial Terminal,FDH101010,fdh,,,,,
T1000038,terminal,Aerial Terminal,FDH101010,fdh,,,,,
T1000040,terminal,Aerial Terminal,FDH101010,fdh,,,,,
T1000065,terminal,Aerial Terminal,FDH101010,fdh,,,,,
T1000040,terminal,Aerial Terminal,FDH101010,fdh,,,,,
T1000068,terminal,Aerial Terminal,FDH101010,fdh,,,,,
T1000038,terminal,Aerial Terminal,FDH101010,fdh,,,,,
T1000036,terminal,Aerial Terminal,FDH101010,fdh,,,,,
T1000068,terminal,Aerial Terminal,FDH101010,fdh,,,,,
T1000038,terminal,Aerial Terminal,FDH101010,fdh,,,,,
T1000069,terminal,Aerial Terminal,FDH101010,fdh,,,,,
T1000070,terminal,Aerial Terminal,FDH101010,fdh,,,,,
T1000071,terminal,Aerial Terminal,FDH101010,fdh,,,,,
T1000036,terminal,Aerial Terminal,FDH101010,fdh,,,,,
T1000066,terminal,Aerial Terminal,FDH101010,fdh,,,,,
T1000069,terminal,Aerial Terminal,FDH101010,fdh,,,,,
T1000071,terminal,Aerial Terminal,FDH101010,fdh,,,,,
T1000040,terminal,Aerial Terminal,FDH101010,fdh,,,,,
T1000069,terminal,Aerial Terminal,FDH101010,fdh,,,,,
T1000065,terminal,Aerial Terminal,FDH101010,fdh,,,,,
T1000069,terminal,Aerial Terminal,FDH101010,fdh,,,,,
T1000070,terminal,Aerial Terminal,FDH101010,fdh,,,,,
T1000036,terminal,Aerial Terminal,FDH101010,fdh,,,,,
T1000036,terminal,Aerial Terminal,FDH101010,fdh,,,,,
T1000036,terminal,Aerial Terminal,FDH101010,fdh,,,,,
T1000036,terminal,Aerial Terminal,FDH101010,fdh,,,,,
T1000037,terminal,Aerial Terminal,FDH101010,fdh,,,,,
T1000037,terminal,Aerial Terminal,FDH101010,fdh,,,,,
T1000069,terminal,Aerial Terminal,FDH101010,fdh,,,,,
T1000036,terminal,Aerial Terminal,FDH101010,fdh,,,,,
T1000036,terminal,Aerial Terminal,FDH101010,fdh,,,,,
T1000041,terminal,MST,FDH101010,fdh,,,,,
T1000070,terminal,Aerial Terminal,FDH101010,fdh,,,,,
T1000070,terminal,Aerial Terminal,FDH101010,fdh,,,,,
T1000070,terminal,Aerial Terminal,FDH101010,fdh,,,,,
T1000041,terminal,MST,FDH101010,fdh,,,,,
T1000037,terminal,Aerial Terminal,FDH101010,fdh,,,,,
T1000036,terminal,Aerial Terminal,FDH101010,fdh,,,,,
T1000069,terminal,Aerial Terminal,FDH101010,fdh,,,,,
T1000041,terminal,MST,FDH101010,fdh,,,,,
T1000065,terminal,Aerial Terminal,FDH101010,fdh,,,,,
T1000036,terminal,Aerial Terminal,FDH101010,fdh,,,,,
T1000036,terminal,Aerial Terminal,FDH101010,fdh,,,,,
T1000069,terminal,Aerial Terminal,FDH101010,fdh,,,,,
T1000041,terminal,MST,FDH101010,fdh,,,,,
T1000068,terminal,Aerial Terminal,FDH101010,fdh,,,,,
T1000069,terminal,Aerial Terminal,FDH101010,fdh,,,,,
T1000037,terminal,Aerial Terminal,FDH101010,fdh,,,,,
T1000063,terminal,Aerial Terminal,FDH101010,fdh,,,,,
T1000070,terminal,Aerial Terminal,FDH101010,fdh,,,,,
T1000074,terminal,Aerial Terminal,FDH101010,fdh,,,,,
T1000069,terminal,Aerial Terminal,FDH101010,fdh,,,,,
T1000041,terminal,MST,FDH101010,fdh,,,,,
T1000063,terminal,Aerial Terminal,FDH101010,fdh,,,,,
T1000067,terminal,Aerial Terminal,FDH101010,fdh,,,,,
T1000065,terminal,Aerial Terminal,FDH101010,fdh,,,,,
T1000049,terminal,Aerial Terminal,FDH101010,fdh,,,,,
T1000049,terminal,Aerial Terminal,FDH101010,fdh,,,,,
T1000049,terminal,Aerial Terminal,FDH101010,fdh,,,,,
T1000073,terminal,Aerial Terminal,FDH101010,fdh,,,,,
T1000066,terminal,Aerial Terminal,FDH101010,fdh,,,,,
T1000070,terminal,Aerial Terminal,FDH101010,fdh,,,,,
T1000069,terminal,Aerial Terminal,FDH101010,fdh,,,,,
T1000064,terminal,Aerial Terminal,FDH101010,fdh,,,,,
T1000025,terminal,Aerial Terminal,FDH101010,fdh,,,,,
T1000025,terminal,Aerial Terminal,FDH101010,fdh,,,,,
T1000025,terminal,Aerial Terminal,FDH101010,fdh,,,,,
T1000025,terminal,Aerial Terminal,FDH101010,fdh,,,,,
T1000025,terminal,Aerial Terminal,FDH101010,fdh,,,,,
T1000060,terminal,MST,FDH101010,fdh,,,,,
T1000030,terminal,Aerial Terminal,FDH101010,fdh,,,,,
T1000030,terminal,Aerial Terminal,FDH101010,fdh,,,,,
T1000030,terminal,Aerial Terminal,FDH101010,fdh,,,,,
T1000030,terminal,Aerial Terminal,FDH101010,fdh,,,,,
T1000030,terminal,Aerial Terminal,FDH101010,fdh,,,,,
T1000030,terminal,Aerial Terminal,FDH101010,fdh,,,,,
T1000015,terminal,Aerial Terminal,FDH101010,fdh,,,,,
T1000067,terminal,Aerial Terminal,FDH101010,fdh,,,,,
T1000067,terminal,Aerial Terminal,FDH101010,fdh,,,,,
T1000067,terminal,Aerial Terminal,FDH101010,fdh,,,,,
T1000015,terminal,Aerial Terminal,FDH101010,fdh,,,,,
T1000066,terminal,Aerial Terminal,FDH101010,fdh,,,,,
T1000015,terminal,Aerial Terminal,FDH101010,fdh,,,,,
T1000064,terminal,Aerial Terminal,FDH101010,fdh,,,,,
T1000028,terminal,Aerial Terminal,FDH101010,fdh,,,,,
T1000028,terminal,Aerial Terminal,FDH101010,fdh,,,,,
T1000028,terminal,Aerial Terminal,FDH101010,fdh,,,,,
T1000028,terminal,Aerial Terminal,FDH101010,fdh,,,,,
T1000466,terminal,MST,FDH101006,fdh,,,,,
T1000028,terminal,Aerial Terminal,FDH101010,fdh,,,,,
T1000028,terminal,Aerial Terminal,FDH101010,fdh,,,,,
T1000026,terminal,Aerial Terminal,FDH101010,fdh,,,,,
T1000026,terminal,Aerial Terminal,FDH101010,fdh,,,,,
T1000196,terminal,Aerial Terminal,FDH101006,fdh,,,,,
T1000026,terminal,Aerial Terminal,FDH101010,fdh,,,,,
T1000026,terminal,Aerial Terminal,FDH101010,fdh,,,,,
T1000196,terminal,Aerial Terminal,FDH101006,fdh,,,,,
T1000026,terminal,Aerial Terminal,FDH101010,fdh,,,,,
T1000014,terminal,Aerial Terminal,FDH101010,fdh,,,,,
T1000029,terminal,Aerial Terminal,FDH101010,fdh,,,,,
T1000014,terminal,Aerial Terminal,FDH101010,fdh,,,,,
T1000029,terminal,Aerial Terminal,FDH101010,fdh,,,,,
T1000014,terminal,Aerial Terminal,FDH101010,fdh,,,,,
T1000029,terminal,Aerial Terminal,FDH101010,fdh,,,,,
T1000029,terminal,Aerial Terminal,FDH101010,fdh,,,,,
T1000194,terminal,MST,FDH101006,fdh,,,,,
T1000190,terminal,Aerial Terminal,FDH101006,fdh,,,,,
T1000190,terminal,Aerial Terminal,FDH101006,fdh,,,,,
T1000194,terminal,MST,FDH101006,fdh,,,,,
T1000191,terminal,Aerial Terminal,FDH101006,fdh,,,,,
T1000190,terminal,Aerial Terminal,FDH101006,fdh,,,,,
T1000190,terminal,Aerial Terminal,FDH101006,fdh,,,,,
T1000190,terminal,Aerial Terminal,FDH101006,fdh,,,,,
T1000195,terminal,MST,FDH101006,fdh,,,,,
T1000029,terminal,Aerial Terminal,FDH101010,fdh,,,,,
T1000191,terminal,Aerial Terminal,FDH101006,fdh,,,,,
T1000031,terminal,MST,FDH101010,fdh,,,,,
T1000191,terminal,Aerial Terminal,FDH101006,fdh,,,,,
T1000191,terminal,Aerial Terminal,FDH101006,fdh,,,,,
T1000191,terminal,Aerial Terminal,FDH101006,fdh,,,,,
T1000192,terminal,Aerial Terminal,FDH101006,fdh,,,,,
T1000192,terminal,Aerial Terminal,FDH101006,fdh,,,,,
T1000192,terminal,Aerial Terminal,FDH101006,fdh,,,,,
T1000192,terminal,Aerial Terminal,FDH101006,fdh,,,,,
T1000192,terminal,Aerial Terminal,FDH101006,fdh,,,,,
T1000192,terminal,Aerial Terminal,FDH101006,fdh,,,,,
T1000192,terminal,Aerial Terminal,FDH101006,fdh,,,,,
T1000032,terminal,Aerial Terminal,FDH101010,fdh,,,,,
T1000002,terminal,Aerial Terminal,FDH101006,fdh,,,,,
T1000031,terminal,MST,FDH101010,fdh,,,,,
T1000002,terminal,Aerial Terminal,FDH101006,fdh,,,,,
T1000002,terminal,Aerial Terminal,FDH101006,fdh,,,,,
T1000002,terminal,Aerial Terminal,FDH101006,fdh,,,,,
T1000193,terminal,Aerial Terminal,FDH101006,fdh,,,,,
T1000193,terminal,Aerial Terminal,FDH101006,fdh,,,,,
T1000193,terminal,Aerial Terminal,FDH101006,fdh,,,,,
T1000193,terminal,Aerial Terminal,FDH101006,fdh,,,,,
T1000193,terminal,Aerial Terminal,FDH101006,fdh,,,,,
T1000199,terminal,Aerial Terminal,FDH101006,fdh,,,,,
T1000032,terminal,Aerial Terminal,FDH101010,fdh,,,,,
T1000199,terminal,Aerial Terminal,FDH101006,fdh,,,,,
T1000199,terminal,Aerial Terminal,FDH101006,fdh,,,,,
T1000032,terminal,Aerial Terminal,FDH101010,fdh,,,,,
T1000199,terminal,Aerial Terminal,FDH101006,fdh,,,,,
T1000027,terminal,MST,FDH101010,fdh,,,,,
T1000199,terminal,Aerial Terminal,FDH101006,fdh,,,,,
T1000027,terminal,MST,FDH101010,fdh,,,,,
T1000027,terminal,MST,FDH101010,fdh,,,,,
T1000027,terminal,MST,FDH101010,fdh,,,,,
T1000197,terminal,Aerial Terminal,FDH101006,fdh,,,,,
T1000027,terminal,MST,FDH101010,fdh,,,,,
T1000027,terminal,MST,FDH101010,fdh,,,,,
T1000198,terminal,Aerial Terminal,FDH101006,fdh,,,,,
T1000012,terminal,Aerial Terminal,FDH101010,fdh,,,,,
T1000007,terminal,MST,FDH101010,fdh,,,,,
T1000205,terminal,MST,FDH101006,fdh,,,,,
T1000007,terminal,MST,FDH101010,fdh,,,,,
T1000012,terminal,Aerial Terminal,FDH101010,fdh,,,,,
T1000200,terminal,Aerial Terminal,FDH101006,fdh,,,,,
T1000205,terminal,MST,FDH101006,fdh,,,,,
T1000013,terminal,Aerial Terminal,FDH101010,fdh,,,,,
T1000205,terminal,MST,FDH101006,fdh,,,,,
T1000200,terminal,Aerial Terminal,FDH101006,fdh,,,,,
T1000205,terminal,MST,FDH101006,fdh,,,,,
T1000013,terminal,Aerial Terminal,FDH101010,fdh,,,,,
T1000204,terminal,MST,FDH101006,fdh,,,,,
T1000201,terminal,Aerial Terminal,FDH101006,fdh,,,,,
T1000204,terminal,MST,FDH101006,fdh,,,,,
T1000204,terminal,MST,FDH101006,fdh,,,,,
T1000204,terminal,MST,FDH101006,fdh,,,,,
T1000204,terminal,MST,FDH101006,fdh,,,,,
T1000021,terminal,Aerial Terminal,FDH101015,fdh,,,,,
T1000203,terminal,MST,FDH101006,fdh,,,,,
T1000020,terminal,Aerial Terminal,FDH101015,fdh,,,,,
T1000203,terminal,MST,FDH101006,fdh,,,,,
T1000203,terminal,MST,FDH101006,fdh,,,,,
T1000020,terminal,Aerial Terminal,FDH101015,fdh,,,,,
T1000203,terminal,MST,FDH101006,fdh,,,,,
T1000003,terminal,MST,FDH101015,fdh,,,,,
T1000201,terminal,Aerial Terminal,FDH101006,fdh,,,,,
T1000017,terminal,Aerial Terminal,FDH101015,fdh,,,,,
T1000203,terminal,MST,FDH101006,fdh,,,,,
T1000035,terminal,Aerial Terminal,FDH101015,fdh,,,,,
T1000003,terminal,MST,FDH101015,fdh,,,,,
T1000209,terminal,Aerial Terminal,FDH101006,fdh,,,,,
T1000005,terminal,Aerial Terminal,FDH101015,fdh,,,,,
T1000006,terminal,Aerial Terminal,FDH101015,fdh,,,,,
T1000016,terminal,Aerial Terminal,FDH101015,fdh,,,,,
T1000016,terminal,Aerial Terminal,FDH101015,fdh,,,,,
T1000202,terminal,Aerial Terminal,FDH101006,fdh,,,,,
T1000017,terminal,Aerial Terminal,FDH101015,fdh,,,,,
T1000202,terminal,Aerial Terminal,FDH101006,fdh,,,,,
T1000006,terminal,Aerial Terminal,FDH101015,fdh,,,,,
T1000202,terminal,Aerial Terminal,FDH101006,fdh,,,,,
T1000016,terminal,Aerial Terminal,FDH101015,fdh,,,,,
T1000018,terminal,Aerial Terminal,FDH101015,fdh,,,,,
T1000202,terminal,Aerial Terminal,FDH101006,fdh,,,,,
T1000033,terminal,MST,FDH101015,fdh,,,,,
T1000017,terminal,Aerial Terminal,FDH101015,fdh,,,,,
T1000202,terminal,Aerial Terminal,FDH101006,fdh,,,,,
T1000024,terminal,MST,FDH101015,fdh,,,,,
T1000206,terminal,Aerial Terminal,FDH101006,fdh,,,,,
T1000206,terminal,Aerial Terminal,FDH101006,fdh,,,,,
T1000206,terminal,Aerial Terminal,FDH101006,fdh,,,,,
T1000206,terminal,Aerial Terminal,FDH101006,fdh,,,,,
T1000206,terminal,Aerial Terminal,FDH101006,fdh,,,,,
T1000206,terminal,Aerial Terminal,FDH101006,fdh,,,,,
T1000020,terminal,Aerial Terminal,FDH101015,fdh,,,,,
T1000207,terminal,Aerial Terminal,FDH101006,fdh,,,,,
T1000011,terminal,Aerial Terminal,FDH101015,fdh,,,,,
T1000207,terminal,Aerial Terminal,FDH101006,fdh,,,,,
T1000011,terminal,Aerial Terminal,FDH101015,fdh,,,,,
T1000207,terminal,Aerial Terminal,FDH101006,fdh,,,,,
T1000011,terminal,Aerial Terminal,FDH101015,fdh,,,,,
T1000207,terminal,Aerial Terminal,FDH101006,fdh,,,,,
T1000010,terminal,Aerial Terminal,FDH101015,fdh,,,,,
T1000207,terminal,Aerial Terminal,FDH101006,fdh,,,,,
T1000010,terminal,Aerial Terminal,FDH101015,fdh,,,,,
T1000442,terminal,Aerial Terminal,FDH101001,fdh,,,,,
T1000208,terminal,Aerial Terminal,FDH101006,fdh,,,,,
T1000010,terminal,Aerial Terminal,FDH101015,fdh,,,,,
T1000458,terminal,Aerial Terminal,FDH101006,fdh,,,,,
T1000458,terminal,Aerial Terminal,FDH101006,fdh,,,,,
T1000208,terminal,Aerial Terminal,FDH101006,fdh,,,,,
T1000208,terminal,Aerial Terminal,FDH101006,fdh,,,,,
T1000208,terminal,Aerial Terminal,FDH101006,fdh,,,,,
T1000208,terminal,Aerial Terminal,FDH101006,fdh,,,,,
T1000210,terminal,Aerial Terminal,FDH101006,fdh,,,,,
T1000210,terminal,Aerial Terminal,FDH101006,fdh,,,,,
T1000009,terminal,Aerial Terminal,FDH101007,fdh,,,,,
T1000458,terminal,Aerial Terminal,FDH101006,fdh,,,,,
T1000458,terminal,Aerial Terminal,FDH101006,fdh,,,,,
T1000443,terminal,Aerial Terminal,FDH101001,fdh,,,,,
T1000443,terminal,Aerial Terminal,FDH101001,fdh,,,,,
T1000443,terminal,Aerial Terminal,FDH101001,fdh,,,,,
T1000442,terminal,Aerial Terminal,FDH101001,fdh,,,,,
T1000442,terminal,Aerial Terminal,FDH101001,fdh,,,,,
T1000442,terminal,Aerial Terminal,FDH101001,fdh,,,,,
T1000444,terminal,Aerial Terminal,FDH101001,fdh,,,,,
T1000395,terminal,MST,FDH101007,fdh,,,,,
T1000442,terminal,Aerial Terminal,FDH101001,fdh,,,,,
T1000444,terminal,Aerial Terminal,FDH101001,fdh,,,,,
T1000442,terminal,Aerial Terminal,FDH101001,fdh,,,,,
T1000004,terminal,MST,FDH101007,fdh,,,,,
T1000444,terminal,Aerial Terminal,FDH101001,fdh,,,,,
T1000395,terminal,MST,FDH101007,fdh,,,,,
T1000445,terminal,Aerial Terminal,FDH101001,fdh,,,,,
T1000004,terminal,MST,FDH101007,fdh,,,,,
T1000445,terminal,Aerial Terminal,FDH101001,fdh,,,,,
T1000395,terminal,MST,FDH101007,fdh,,,,,
T1000445,terminal,Aerial Terminal,FDH101001,fdh,,,,,
T1000446,terminal,Aerial Terminal,FDH101001,fdh,,,,,
T1000445,terminal,Aerial Terminal,FDH101001,fdh,,,,,
T1000004,terminal,MST,FDH101007,fdh,,,,,
T1000454,terminal,Aerial Terminal,FDH101001,fdh,,,,,
T1000445,terminal,Aerial Terminal,FDH101001,fdh,,,,,
T1000009,terminal,Aerial Terminal,FDH101007,fdh,,,,,
T1000445,terminal,Aerial Terminal,FDH101001,fdh,,,,,
T1000004,terminal,MST,FDH101007,fdh,,,,,
T1000446,terminal,Aerial Terminal,FDH101001,fdh,,,,,
T1000446,terminal,Aerial Terminal,FDH101001,fdh,,,,,
T1000446,terminal,Aerial Terminal,FDH101001,fdh,,,,,
T1000440,terminal,MST,FDH101001,fdh,,,,,
T1000459,terminal,Aerial Terminal,FDH101001,fdh,,,,,
T1000447,terminal,Aerial Terminal,FDH101001,fdh,,,,,
T1000447,terminal,Aerial Terminal,FDH101001,fdh,,,,,
T1000456,terminal,Aerial Terminal,FDH101001,fdh,,,,,
T1000008,terminal,Aerial Terminal,FDH101007,fdh,,,,,
T1000130,terminal,MST,FDH101002,fdh,,,,,
T1000447,terminal,Aerial Terminal,FDH101001,fdh,,,,,
T1000453,terminal,Aerial Terminal,FDH101001,fdh,,,,,
T1000450,terminal,Aerial Terminal,FDH101001,fdh,,,,,
T1000453,terminal,Aerial Terminal,FDH101001,fdh,,,,,
T1000449,terminal,Aerial Terminal,FDH101001,fdh,,,,,
T1000453,terminal,Aerial Terminal,FDH101001,fdh,,,,,
T1000130,terminal,MST,FDH101002,fdh,,,,,
T1000448,terminal,Aerial Terminal,FDH101001,fdh,,,,,
T1000450,terminal,Aerial Terminal,FDH101001,fdh,,,,,
T1000457,terminal,Aerial Terminal,FDH101001,fdh,,,,,
T1000459,terminal,Aerial Terminal,FDH101001,fdh,,,,,
T1000456,terminal,Aerial Terminal,FDH101001,fdh,,,,,
T1000394,terminal,MST,FDH101007,fdh,,,,,
T1000398,terminal,Aerial Terminal,FDH101007,fdh,,,,,
T1000457,terminal,Aerial Terminal,FDH101001,fdh,,,,,
T1000457,terminal,Aerial Terminal,FDH101001,fdh,,,,,
T1000456,terminal,Aerial Terminal,FDH101001,fdh,,,,,
T1000451,terminal,Aerial Terminal,FDH101001,fdh,,,,,
T1000452,terminal,Aerial Terminal,FDH101001,fdh,,,,,
T1000451,terminal,Aerial Terminal,FDH101001,fdh,,,,,
T1000398,terminal,Aerial Terminal,FDH101007,fdh,,,,,
T1000454,terminal,Aerial Terminal,FDH101001,fdh,,,,,
T1000449,terminal,Aerial Terminal,FDH101001,fdh,,,,,
T1000449,terminal,Aerial Terminal,FDH101001,fdh,,,,,
T1000394,terminal,MST,FDH101007,fdh,,,,,
T1000396,terminal,MST,FDH101007,fdh,,,,,
T1000082,terminal,Aerial Terminal,FDH101008,fdh,,,,,
T1000108,terminal,Aerial Terminal,FDH101002,fdh,,,,,
T1000455,terminal,Aerial Terminal,FDH101001,fdh,,,,,
T1000108,terminal,Aerial Terminal,FDH101002,fdh,,,,,
T1000108,terminal,Aerial Terminal,FDH101002,fdh,,,,,
T1000082,terminal,Aerial Terminal,FDH101008,fdh,,,,,
T1000116,terminal,Aerial Terminal,FDH101002,fdh,,,,,
T1000095,terminal,Aerial Terminal,FDH101002,fdh,,,,,
T1000095,terminal,Aerial Terminal,FDH101002,fdh,,,,,
T1000095,terminal,Aerial Terminal,FDH101002,fdh,,,,,
T1000116,terminal,Aerial Terminal,FDH101002,fdh,,,,,
T1000096,terminal,Aerial Terminal,FDH101002,fdh,,,,,
T1000096,terminal,Aerial Terminal,FDH101002,fdh,,,,,
T1000110,terminal,Aerial Terminal,FDH101001,fdh,,,,,
T1000096,terminal,Aerial Terminal,FDH101002,fdh,,,,,
T1000095,terminal,Aerial Terminal,FDH101002,fdh,,,,,
T1000095,terminal,Aerial Terminal,FDH101002,fdh,,,,,
T1000407,terminal,Aerial Terminal,FDH101007,fdh,,,,,
T1000400,terminal,Aerial Terminal,FDH101007,fdh,,,,,
T1000399,terminal,Aerial Terminal,FDH101007,fdh,,,,,
T1000095,terminal,Aerial Terminal,FDH101002,fdh,,,,,
T1000097,terminal,MST,FDH101001,fdh,,,,,
T1000096,terminal,Aerial Terminal,FDH101002,fdh,,,,,
T1000097,terminal,MST,FDH101001,fdh,,,,,
T1000096,terminal,Aerial Terminal,FDH101002,fdh,,,,,
T1000095,terminal,Aerial Terminal,FDH101002,fdh,,,,,
T1000110,terminal,Aerial Terminal,FDH101001,fdh,,,,,
T1000077,terminal,Aerial Terminal,FDH101008,fdh,,,,,
T1000400,terminal,Aerial Terminal,FDH101007,fdh,,,,,
T1000407,terminal,Aerial Terminal,FDH101007,fdh,,,,,
T1000110,terminal,Aerial Terminal,FDH101001,fdh,,,,,
T1000096,terminal,Aerial Terminal,FDH101002,fdh,,,,,
T1000094,terminal,Aerial Terminal,FDH101002,fdh,,,,,
T1000094,terminal,Aerial Terminal,FDH101002,fdh,,,,,
T1000407,terminal,Aerial Terminal,FDH101007,fdh,,,,,
T1000097,terminal,MST,FDH101001,fdh,,,,,
T1000407,terminal,Aerial Terminal,FDH101007,fdh,,,,,
T1000097,terminal,MST,FDH101001,fdh,,,,,
T1000096,terminal,Aerial Terminal,FDH101002,fdh,,,,,
T1000097,terminal,MST,FDH101001,fdh,,,,,
T1000077,terminal,Aerial Terminal,FDH101008,fdh,,,,,
T1000110,terminal,Aerial Terminal,FDH101001,fdh,,,,,
T1000096,terminal,Aerial Terminal,FDH101002,fdh,,,,,
T1000094,terminal,Aerial Terminal,FDH101002,fdh,,,,,
T1000407,terminal,Aerial Terminal,FDH101007,fdh,,,,,
T1000094,terminal,Aerial Terminal,FDH101002,fdh,,,,,
T1000019,terminal,MST,FDH101002,fdh,,,,,
T1000406,terminal,Aerial Terminal,FDH101007,fdh,,,,,
T1000098,terminal,MST,FDH101001,fdh,,,,,
T1000098,terminal,MST,FDH101001,fdh,,,,,
T1000113,terminal,Aerial Terminal,FDH101002,fdh,,,,,
T1000094,terminal,Aerial Terminal,FDH101002,fdh,,,,,
T1000113,terminal,Aerial Terminal,FDH101002,fdh,,,,,
T1000109,terminal,Aerial Terminal,FDH101001,fdh,,,,,
T1000094,terminal,Aerial Terminal,FDH101002,fdh,,,,,
T1000406,terminal,Aerial Terminal,FDH101007,fdh,,,,,
T1000098,terminal,MST,FDH101001,fdh,,,,,
T1000098,terminal,MST,FDH101001,fdh,,,,,
T1000391,terminal,Aerial Terminal,FDH101007,fdh,,,,,
T1000113,terminal,Aerial Terminal,FDH101002,fdh,,,,,
T1000406,terminal,Aerial Terminal,FDH101007,fdh,,,,,
T1000109,terminal,Aerial Terminal,FDH101001,fdh,,,,,
T1000406,terminal,Aerial Terminal,FDH101007,fdh,,,,,
T1000391,terminal,Aerial Terminal,FDH101007,fdh,,,,,
T1000098,terminal,MST,FDH101001,fdh,,,,,
T1000113,terminal,Aerial Terminal,FDH101002,fdh,,,,,
T1000094,terminal,Aerial Terminal,FDH101002,fdh,,,,,
T1000109,terminal,Aerial Terminal,FDH101001,fdh,,,,,
T1000094,terminal,Aerial Terminal,FDH101002,fdh,,,,,
T1000094,terminal,Aerial Terminal,FDH101002,fdh,,,,,
T1000109,terminal,Aerial Terminal,FDH101001,fdh,,,,,
T1000406,terminal,Aerial Terminal,FDH101007,fdh,,,,,
T1000391,terminal,Aerial Terminal,FDH101007,fdh,,,,,
T1000098,terminal,MST,FDH101001,fdh,,,,,
T1000405,terminal,Aerial Terminal,FDH101007,fdh,,,,,
T1000113,terminal,Aerial Terminal,FDH101002,fdh,,,,,
T1000113,terminal,Aerial Terminal,FDH101002,fdh,,,,,
T1000019,terminal,MST,FDH101002,fdh,,,,,
T1000093,terminal,Aerial Terminal,FDH101002,fdh,,,,,
T1000083,terminal,Aerial Terminal,FDH101008,fdh,,,,,
T1000406,terminal,Aerial Terminal,FDH101007,fdh,,,,,
T1000405,terminal,Aerial Terminal,FDH101007,fdh,,,,,
T1000093,terminal,Aerial Terminal,FDH101002,fdh,,,,,
T1000083,terminal,Aerial Terminal,FDH101008,fdh,,,,,
T1000093,terminal,Aerial Terminal,FDH101002,fdh,,,,,
T1000115,terminal,Aerial Terminal,FDH101002,fdh,,,,,
T1000391,terminal,Aerial Terminal,FDH101007,fdh,,,,,
T1000410,terminal,Aerial Terminal,FDH101007,fdh,,,,,
T1000093,terminal,Aerial Terminal,FDH101002,fdh,,,,,
T1000405,terminal,Aerial Terminal,FDH101007,fdh,,,,,
T1000019,terminal,MST,FDH101002,fdh,,,,,
T1000405,terminal,Aerial Terminal,FDH101007,fdh,,,,,
T1000093,terminal,Aerial Terminal,FDH101002,fdh,,,,,
T1000083,terminal,Aerial Terminal,FDH101008,fdh,,,,,
T1000115,terminal,Aerial Terminal,FDH101002,fdh,,,,,
T1000093,terminal,Aerial Terminal,FDH101002,fdh,,,,,
T1000404,terminal,Aerial Terminal,FDH101007,fdh,,,,,
T1000405,terminal,Aerial Terminal,FDH101007,fdh,,,,,
T1000019,terminal,MST,FDH101002,fdh,,,,,
T1000410,terminal,Aerial Terminal,FDH101007,fdh,,,,,
T1000392,terminal,MST,FDH101007,fdh,,,,,
T1000404,terminal,Aerial Terminal,FDH101007,fdh,,,,,
T1000107,terminal,Aerial Terminal,FDH101002,fdh,,,,,
T1000107,terminal,Aerial Terminal,FDH101002,fdh,,,,,
T1000107,terminal,Aerial Terminal,FDH101002,fdh,,,,,
T1000107,terminal,Aerial Terminal,FDH101002,fdh,,,,,
T1000405,terminal,Aerial Terminal,FDH101007,fdh,,,,,
T1000392,terminal,MST,FDH101007,fdh,,,,,
T1000121,terminal,Aerial Terminal,FDH101002,fdh,,,,,
T1000392,terminal,MST,FDH101007,fdh,,,,,
T1000114,terminal,MST,FDH101002,fdh,,,,,
T1000118,terminal,Aerial Terminal,FDH101002,fdh,,,,,
T1000404,terminal,Aerial Terminal,FDH101007,fdh,,,,,
T1000114,terminal,MST,FDH101002,fdh,,,,,
T1000392,terminal,MST,FDH101007,fdh,,,,,
T1000119,terminal,Aerial Terminal,FDH101002,fdh,,,,,
T1000124,terminal,Aerial Terminal,FDH101002,fdh,,,,,
T1000118,terminal,Aerial Terminal,FDH101002,fdh,,,,,
T1000404,terminal,Aerial Terminal,FDH101007,fdh,,,,,
T1000107,terminal,Aerial Terminal,FDH101002,fdh,,,,,
T1000393,terminal,MST,FDH101007,fdh,,,,,
T1000404,terminal,Aerial Terminal,FDH101007,fdh,,,,,
T1000123,terminal,Aerial Terminal,FDH101002,fdh,,,,,
T1000127,terminal,Aerial Terminal,FDH101008,fdh,,,,,
T1000393,terminal,MST,FDH101007,fdh,,,,,
T1000122,terminal,Aerial Terminal,FDH101008,fdh,,,,,
T1000129,terminal,Aerial Terminal,FDH101008,fdh,,,,,
T1000118,terminal,Aerial Terminal,FDH101002,fdh,,,,,
T1000127,terminal,Aerial Terminal,FDH101008,fdh,,,,,
T1000404,terminal,Aerial Terminal,FDH101007,fdh,,,,,
T1000135,terminal,Aerial Terminal,FDH101002,fdh,,,,,
T1000111,terminal,Aerial Terminal,FDH101002,fdh,,,,,
T1000125,terminal,Aerial Terminal,FDH101002,fdh,,,,,
T1000107,terminal,Aerial Terminal,FDH101002,fdh,,,,,
T1000124,terminal,Aerial Terminal,FDH101002,fdh,,,,,
T1000403,terminal,Aerial Terminal,FDH101007,fdh,,,,,
T1000118,terminal,Aerial Terminal,FDH101002,fdh,,,,,
T1000111,terminal,Aerial Terminal,FDH101002,fdh,,,,,
T1000111,terminal,Aerial Terminal,FDH101002,fdh,,,,,
T1000125,terminal,Aerial Terminal,FDH101002,fdh,,,,,
T1000119,terminal,Aerial Terminal,FDH101002,fdh,,,,,
T1000122,terminal,Aerial Terminal,FDH101008,fdh,,,,,
T1000120,terminal,Aerial Terminal,FDH101002,fdh,,,,,
T1000119,terminal,Aerial Terminal,FDH101002,fdh,,,,,
T1000119,terminal,Aerial Terminal,FDH101002,fdh,,,,,
T1000123,terminal,Aerial Terminal,FDH101002,fdh,,,,,
T1000123,terminal,Aerial Terminal,FDH101002,fdh,,,,,
T1000119,terminal,Aerial Terminal,FDH101002,fdh,,,,,
T1000439,terminal,MST,FDH101001,fdh,,,,,
T1000403,terminal,Aerial Terminal,FDH101007,fdh,,,,,
T1000125,terminal,Aerial Terminal,FDH101002,fdh,,,,,
T1000127,terminal,Aerial Terminal,FDH101008,fdh,,,,,
T1000103,terminal,MST,FDH101002,fdh,,,,,
T1000124,terminal,Aerial Terminal,FDH101002,fdh,,,,,
T1000128,terminal,Aerial Terminal,FDH101008,fdh,,,,,
T1000403,terminal,Aerial Terminal,FDH101007,fdh,,,,,
T1000128,terminal,Aerial Terminal,FDH101008,fdh,,,,,
T1000127,terminal,Aerial Terminal,FDH101008,fdh,,,,,
T1000083,terminal,Aerial Terminal,FDH101008,fdh,,,,,
T1000403,terminal,Aerial Terminal,FDH101007,fdh,,,,,
T1000103,terminal,MST,FDH101002,fdh,,,,,
T1000403,terminal,Aerial Terminal,FDH101007,fdh,,,,,
T1000393,terminal,MST,FDH101007,fdh,,,,,
T1000439,terminal,MST,FDH101001,fdh,,,,,
T1000393,terminal,MST,FDH101007,fdh,,,,,
T1000103,terminal,MST,FDH101002,fdh,,,,,
T1000001,terminal,Aerial Terminal,FDH101002,fdh,,,,,
T1000103,terminal,MST,FDH101002,fdh,,,,,
T1000123,terminal,Aerial Terminal,FDH101002,fdh,,,,,
T1000111,terminal,Aerial Terminal,FDH101002,fdh,,,,,
T1000122,terminal,Aerial Terminal,FDH101008,fdh,,,,,
T1000137,terminal,MST,FDH101002,fdh,,,,,
T1000402,terminal,Aerial Terminal,FDH101007,fdh,,,,,
T1000137,terminal,MST,FDH101002,fdh,,,,,
T1000118,terminal,Aerial Terminal,FDH101002,fdh,,,,,
T1000119,terminal,Aerial Terminal,FDH101002,fdh,,,,,
T1000131,terminal,Aerial Terminal,FDH101002,fdh,,,,,
T1000118,terminal,Aerial Terminal,FDH101002,fdh,,,,,
T1000111,terminal,Aerial Terminal,FDH101002,fdh,,,,,
T1000131,terminal,Aerial Terminal,FDH101002,fdh,,,,,
T1000135,terminal,Aerial Terminal,FDH101002,fdh,,,,,
T1000118,terminal,Aerial Terminal,FDH101002,fdh,,,,,
T1000125,terminal,Aerial Terminal,FDH101002,fdh,,,,,
T1000403,terminal,Aerial Terminal,FDH101007,fdh,,,,,
T1000439,terminal,MST,FDH101001,fdh,,,,,
T1000439,terminal,MST,FDH101001,fdh,,,,,
T1000135,terminal,Aerial Terminal,FDH101002,fdh,,,,,
T1000125,terminal,Aerial Terminal,FDH101002,fdh,,,,,
T1000118,terminal,Aerial Terminal,FDH101002,fdh,,,,,
T1000125,terminal,Aerial Terminal,FDH101002,fdh,,,,,
T1000393,terminal,MST,FDH101007,fdh,,,,,
T1000121,terminal,Aerial Terminal,FDH101002,fdh,,,,,
T1000001,terminal,Aerial Terminal,FDH101002,fdh,,,,,
T1000120,terminal,Aerial Terminal,FDH101002,fdh,,,,,
T1000120,terminal,Aerial Terminal,FDH101002,fdh,,,,,
T1000137,terminal,MST,FDH101002,fdh,,,,,
T1000120,terminal,Aerial Terminal,FDH101002,fdh,,,,,
T1000126,terminal,Aerial Terminal,FDH101008,fdh,,,,,
T1000120,terminal,Aerial Terminal,FDH101002,fdh,,,,,
T1000402,terminal,Aerial Terminal,FDH101007,fdh,,,,,
T1000103,terminal,MST,FDH101002,fdh,,,,,
T1000123,terminal,Aerial Terminal,FDH101002,fdh,,,,,
T1000126,terminal,Aerial Terminal,FDH101008,fdh,,,,,
T1000119,terminal,Aerial Terminal,FDH101002,fdh,,,,,
T1000402,terminal,Aerial Terminal,FDH101007,fdh,,,,,
T1000119,terminal,Aerial Terminal,FDH101002,fdh,,,,,
T1000439,terminal,MST,FDH101001,fdh,,,,,
T1000137,terminal,MST,FDH101002,fdh,,,,,
T1000137,terminal,MST,FDH101002,fdh,,,,,
T1000119,terminal,Aerial Terminal,FDH101002,fdh,,,,,
T1000131,terminal,Aerial Terminal,FDH101002,fdh,,,,,
T1000402,terminal,Aerial Terminal,FDH101007,fdh,,,,,
T1000131,terminal,Aerial Terminal,FDH101002,fdh,,,,,
T1000120,terminal,Aerial Terminal,FDH101002,fdh,,,,,
T1000402,terminal,Aerial Terminal,FDH101007,fdh,,,,,
T1000127,terminal,Aerial Terminal,FDH101008,fdh,,,,,
T1000439,terminal,MST,FDH101001,fdh,,,,,
T1000402,terminal,Aerial Terminal,FDH101007,fdh,,,,,
T1000136,terminal,Aerial Terminal,FDH101002,fdh,,,,,
T1000402,terminal,Aerial Terminal,FDH101007,fdh,,,,,
T1000136,terminal,Aerial Terminal,FDH101002,fdh,,,,,
T1000401,terminal,Aerial Terminal,FDH101007,fdh,,,,,
T1000133,terminal,Aerial Terminal,FDH101002,fdh,,,,,
T1000401,terminal,Aerial Terminal,FDH101007,fdh,,,,,
T1000136,terminal,Aerial Terminal,FDH101002,fdh,,,,,
T1000132,terminal,Aerial Terminal,FDH101002,fdh,,,,,
T1000085,terminal,Aerial Terminal,FDH101008,fdh,,,,,
T1000104,terminal,Aerial Terminal,FDH101002,fdh,,,,,
T1000401,terminal,Aerial Terminal,FDH101007,fdh,,,,,
T1000133,terminal,Aerial Terminal,FDH101002,fdh,,,,,
T1000132,terminal,Aerial Terminal,FDH101002,fdh,,,,,
T1000132,terminal,Aerial Terminal,FDH101002,fdh,,,,,
T1000104,terminal,Aerial Terminal,FDH101002,fdh,,,,,
T1000401,terminal,Aerial Terminal,FDH101007,fdh,,,,,
T1000401,terminal,Aerial Terminal,FDH101007,fdh,,,,,
T1000413,terminal,Aerial Terminal,FDH101007,fdh,,,,,
T1000133,terminal,Aerial Terminal,FDH101002,fdh,,,,,
T1000132,terminal,Aerial Terminal,FDH101002,fdh,,,,,
T1000132,terminal,Aerial Terminal,FDH101002,fdh,,,,,
T1000104,terminal,Aerial Terminal,FDH101002,fdh,,,,,
T1000133,terminal,Aerial Terminal,FDH101002,fdh,,,,,
T1000132,terminal,Aerial Terminal,FDH101002,fdh,,,,,
T1000104,terminal,Aerial Terminal,FDH101002,fdh,,,,,
T1000104,terminal,Aerial Terminal,FDH101002,fdh,,,,,
T1000132,terminal,Aerial Terminal,FDH101002,fdh,,,,,
T1000104,terminal,Aerial Terminal,FDH101002,fdh,,,,,
T1000104,terminal,Aerial Terminal,FDH101002,fdh,,,,,
T1000133,terminal,Aerial Terminal,FDH101002,fdh,,,,,
T1000104,terminal,Aerial Terminal,FDH101002,fdh,,,,,
T1000104,terminal,Aerial Terminal,FDH101002,fdh,,,,,
T1000133,terminal,Aerial Terminal,FDH101002,fdh,,,,,
T1000132,terminal,Aerial Terminal,FDH101002,fdh,,,,,
T1000132,terminal,Aerial Terminal,FDH101002,fdh,,,,,
T1000134,terminal,Aerial Terminal,FDH101002,fdh,,,,,
T1000132,terminal,Aerial Terminal,FDH101002,fdh,,,,,
T1000134,terminal,Aerial Terminal,FDH101002,fdh,,,,,
T1000105,terminal,Aerial Terminal,FDH101002,fdh,,,,,
T1000084,terminal,Aerial Terminal,FDH101008,fdh,,,,,
T1000134,terminal,Aerial Terminal,FDH101002,fdh,,,,,
T1000084,terminal,Aerial Terminal,FDH101008,fdh,,,,,
T1000134,terminal,Aerial Terminal,FDH101002,fdh,,,,,
T1000134,terminal,Aerial Terminal,FDH101002,fdh,,,,,
T1000134,terminal,Aerial Terminal,FDH101002,fdh,,,,,
T1000134,terminal,Aerial Terminal,FDH101002,fdh,,,,,
T1000084,terminal,Aerial Terminal,FDH101008,fdh,,,,,
T1000413,terminal,Aerial Terminal,FDH101007,fdh,,,,,
T1000413,terminal,Aerial Terminal,FDH101007,fdh,,,,,
T1000105,terminal,Aerial Terminal,FDH101002,fdh,,,,,
T1000105,terminal,Aerial Terminal,FDH101002,fdh,,,,,
T1000414,terminal,Aerial Terminal,FDH101014,fdh,,,,,
T1000414,terminal,Aerial Terminal,FDH101014,fdh,,,,,
T1000102,terminal,MST,FDH101002,fdh,,,,,
T1000099,terminal,Aerial Terminal,FDH101002,fdh,,,,,
T1000099,terminal,Aerial Terminal,FDH101002,fdh,,,,,
T1000099,terminal,Aerial Terminal,FDH101002,fdh,,,,,
T1000412,terminal,Aerial Terminal,FDH101014,fdh,,,,,
T1000099,terminal,Aerial Terminal,FDH101002,fdh,,,,,
T1000086,terminal,Aerial Terminal,FDH101008,fdh,,,,,
T1000099,terminal,Aerial Terminal,FDH101002,fdh,,,,,
T1000099,terminal,Aerial Terminal,FDH101002,fdh,,,,,
T1000102,terminal,MST,FDH101002,fdh,,,,,
T1000412,terminal,Aerial Terminal,FDH101014,fdh,,,,,
T1000099,terminal,Aerial Terminal,FDH101002,fdh,,,,,
T1000106,terminal,Aerial Terminal,FDH101002,fdh,,,,,
T1000412,terminal,Aerial Terminal,FDH101014,fdh,,,,,
T1000099,terminal,Aerial Terminal,FDH101002,fdh,,,,,
T1000099,terminal,Aerial Terminal,FDH101002,fdh,,,,,
T1000412,terminal,Aerial Terminal,FDH101014,fdh,,,,,
T1000102,terminal,MST,FDH101002,fdh,,,,,
T1000102,terminal,MST,FDH101002,fdh,,,,,
T1000411,terminal,Aerial Terminal,FDH101014,fdh,,,,,
T1000411,terminal,Aerial Terminal,FDH101014,fdh,,,,,
T1000411,terminal,Aerial Terminal,FDH101014,fdh,,,,,
T1000106,terminal,Aerial Terminal,FDH101002,fdh,,,,,
T1000411,terminal,Aerial Terminal,FDH101014,fdh,,,,,
T1000100,terminal,Aerial Terminal,FDH101002,fdh,,,,,
T1000101,terminal,Aerial Terminal,FDH101002,fdh,,,,,
T1000100,terminal,Aerial Terminal,FDH101002,fdh,,,,,
T1000411,terminal,Aerial Terminal,FDH101014,fdh,,,,,
T1000339,terminal,MST,FDH101014,fdh,,,,,
T1000101,terminal,Aerial Terminal,FDH101002,fdh,,,,,
T1000411,terminal,Aerial Terminal,FDH101014,fdh,,,,,
T1000101,terminal,Aerial Terminal,FDH101002,fdh,,,,,
T1000081,terminal,Aerial Terminal,FDH101008,fdh,,,,,
T1000411,terminal,Aerial Terminal,FDH101014,fdh,,,,,
T1000411,terminal,Aerial Terminal,FDH101014,fdh,,,,,
T1000411,terminal,Aerial Terminal,FDH101014,fdh,,,,,
T1000101,terminal,Aerial Terminal,FDH101002,fdh,,,,,
T1000100,terminal,Aerial Terminal,FDH101002,fdh,,,,,
T1000100,terminal,Aerial Terminal,FDH101002,fdh,,,,,
T1000117,terminal,Aerial Terminal,FDH101002,fdh,,,,,
T1000117,terminal,Aerial Terminal,FDH101002,fdh,,,,,
T1000117,terminal,Aerial Terminal,FDH101002,fdh,,,,,
T1000101,terminal,Aerial Terminal,FDH101002,fdh,,,,,
T1000117,terminal,Aerial Terminal,FDH101002,fdh,,,,,
T1000087,terminal,Aerial Terminal,FDH101008,fdh,,,,,
T1000087,terminal,Aerial Terminal,FDH101008,fdh,,,,,
T1000117,terminal,Aerial Terminal,FDH101002,fdh,,,,,
T1000117,terminal,Aerial Terminal,FDH101002,fdh,,,,,
T1000100,terminal,Aerial Terminal,FDH101002,fdh,,,,,
T1000409,terminal,Aerial Terminal,FDH101014,fdh,,,,,
T1000100,terminal,Aerial Terminal,FDH101002,fdh,,,,,
T1000100,terminal,Aerial Terminal,FDH101002,fdh,,,,,
T1000100,terminal,Aerial Terminal,FDH101002,fdh,,,,,
T1000409,terminal,Aerial Terminal,FDH101014,fdh,,,,,
T1000339,terminal,MST,FDH101014,fdh,,,,,
T1000106,terminal,Aerial Terminal,FDH101002,fdh,,,,,
T1000339,terminal,MST,FDH101014,fdh,,,,,
T1000087,terminal,Aerial Terminal,FDH101008,fdh,,,,,
T1000408,terminal,MST,FDH101014,fdh,,,,,
T1000339,terminal,MST,FDH101014,fdh,,,,,
T1000088,terminal,Aerial Terminal,FDH101008,fdh,,,,,
T1000088,terminal,Aerial Terminal,FDH101008,fdh,,,,,
T1000408,terminal,MST,FDH101014,fdh,,,,,
T1000079,terminal,Aerial Terminal,FDH101008,fdh,,,,,
T1000088,terminal,Aerial Terminal,FDH101008,fdh,,,,,
T1000088,terminal,Aerial Terminal,FDH101008,fdh,,,,,
T1000079,terminal,Aerial Terminal,FDH101008,fdh,,,,,
T1000325,terminal,Aerial Terminal,FDH101014,fdh,,,,,
T1000088,terminal,Aerial Terminal,FDH101008,fdh,,,,,
T1000080,terminal,Aerial Terminal,FDH101008,fdh,,,,,
T1000080,terminal,Aerial Terminal,FDH101008,fdh,,,,,
T1000285,terminal,Aerial Terminal,FDH101012,fdh,,,,,
T1000080,terminal,Aerial Terminal,FDH101008,fdh,,,,,
T1000079,terminal,Aerial Terminal,FDH101008,fdh,,,,,
T1000080,terminal,Aerial Terminal,FDH101008,fdh,,,,,
T1000325,terminal,Aerial Terminal,FDH101014,fdh,,,,,
T1000079,terminal,Aerial Terminal,FDH101008,fdh,,,,,
T1000325,terminal,Aerial Terminal,FDH101014,fdh,,,,,
T1000339,terminal,MST,FDH101014,fdh,,,,,
T1000079,terminal,Aerial Terminal,FDH101008,fdh,,,,,
T1000285,terminal,Aerial Terminal,FDH101012,fdh,,,,,
T1000076,terminal,MST,FDH101008,fdh,,,,,
T1000325,terminal,Aerial Terminal,FDH101014,fdh,,,,,
T1000076,terminal,MST,FDH101008,fdh,,,,,
T1000339,terminal,MST,FDH101014,fdh,,,,,
T1000076,terminal,MST,FDH101008,fdh,,,,,
T1000347,terminal,Aerial Terminal,FDH101011,fdh,,,,,
T1000080,terminal,Aerial Terminal,FDH101008,fdh,,,,,
T1000347,terminal,Aerial Terminal,FDH101011,fdh,,,,,
T1000325,terminal,Aerial Terminal,FDH101014,fdh,,,,,
T1000080,terminal,Aerial Terminal,FDH101008,fdh,,,,,
T1000080,terminal,Aerial Terminal,FDH101008,fdh,,,,,
T1000347,terminal,Aerial Terminal,FDH101011,fdh,,,,,
T1000080,terminal,Aerial Terminal,FDH101008,fdh,,,,,
T1000325,terminal,Aerial Terminal,FDH101014,fdh,,,,,
T1000325,terminal,Aerial Terminal,FDH101014,fdh,,,,,
T1000285,terminal,Aerial Terminal,FDH101012,fdh,,,,,
T1000347,terminal,Aerial Terminal,FDH101011,fdh,,,,,
T1000080,terminal,Aerial Terminal,FDH101008,fdh,,,,,
T1000076,terminal,MST,FDH101008,fdh,,,,,
T1000076,terminal,MST,FDH101008,fdh,,,,,
T1000344,terminal,Aerial Terminal,FDH101014,fdh,,,,,
T1000347,terminal,Aerial Terminal,FDH101011,fdh,,,,,
T1000080,terminal,Aerial Terminal,FDH101008,fdh,,,,,
T1000326,terminal,Aerial Terminal,FDH101014,fdh,,,,,
T1000326,terminal,Aerial Terminal,FDH101014,fdh,,,,,
T1000337,terminal,MST,FDH101011,fdh,,,,,
T1000347,terminal,Aerial Terminal,FDH101011,fdh,,,,,
T1000337,terminal,MST,FDH101011,fdh,,,,,
T1000285,terminal,Aerial Terminal,FDH101012,fdh,,,,,
T1000076,terminal,MST,FDH101008,fdh,,,,,
T1000346,terminal,MST,FDH101011,fdh,,,,,
T1000326,terminal,Aerial Terminal,FDH101014,fdh,,,,,
T1000321,terminal,Aerial Terminal,FDH101014,fdh,,,,,
T1000347,terminal,Aerial Terminal,FDH101011,fdh,,,,,
T1000337,terminal,MST,FDH101011,fdh,,,,,
T1000321,terminal,Aerial Terminal,FDH101014,fdh,,,,,
T1000469,terminal,MST,FDH101008,fdh,,,,,
T1000285,terminal,Aerial Terminal,FDH101012,fdh,,,,,
T1000320,terminal,Aerial Terminal,FDH101014,fdh,,,,,
T1000346,terminal,MST,FDH101011,fdh,,,,,
T1000337,terminal,MST,FDH101011,fdh,,,,,
T1000320,terminal,Aerial Terminal,FDH101014,fdh,,,,,
T1000469,terminal,MST,FDH101008,fdh,,,,,
T1000337,terminal,MST,FDH101011,fdh,,,,,
T1000346,terminal,MST,FDH101011,fdh,,,,,
T1000320,terminal,Aerial Terminal,FDH101014,fdh,,,,,
T1000337,terminal,MST,FDH101011,fdh,,,,,
T1000469,terminal,MST,FDH101008,fdh,,,,,
T1000346,terminal,MST,FDH101011,fdh,,,,,
T1000326,terminal,Aerial Terminal,FDH101014,fdh,,,,,
T1000320,terminal,Aerial Terminal,FDH101014,fdh,,,,,
T1000337,terminal,MST,FDH101011,fdh,,,,,
T1000469,terminal,MST,FDH101008,fdh,,,,,
T1000078,terminal,MST,FDH101011,fdh,,,,,
T1000346,terminal,MST,FDH101011,fdh,,,,,
T1000469,terminal,MST,FDH101008,fdh,,,,,
T1000326,terminal,Aerial Terminal,FDH101014,fdh,,,,,
T1000321,terminal,Aerial Terminal,FDH101014,fdh,,,,,
T1000319,terminal,Aerial Terminal,FDH101014,fdh,,,,,
T1000320,terminal,Aerial Terminal,FDH101014,fdh,,,,,
T1000284,terminal,Aerial Terminal,FDH101012,fdh,,,,,
T1000075,terminal,MST,FDH101008,fdh,,,,,
T1000346,terminal,MST,FDH101011,fdh,,,,,
T1000469,terminal,MST,FDH101008,fdh,,,,,
T1000075,terminal,MST,FDH101008,fdh,,,,,
T1000346,terminal,MST,FDH101011,fdh,,,,,
T1000346,terminal,MST,FDH101011,fdh,,,,,
T1000343,terminal,Aerial Terminal,FDH101014,fdh,,,,,
T1000075,terminal,MST,FDH101008,fdh,,,,,
T1000321,terminal,Aerial Terminal,FDH101014,fdh,,,,,
T1000320,terminal,Aerial Terminal,FDH101014,fdh,,,,,
T1000319,terminal,Aerial Terminal,FDH101014,fdh,,,,,
T1000346,terminal,MST,FDH101011,fdh,,,,,
T1000338,terminal,MST,FDH101014,fdh,,,,,
T1000310,terminal,MST,FDH101014,fdh,,,,,
T1000319,terminal,Aerial Terminal,FDH101014,fdh,,,,,
T1000326,terminal,Aerial Terminal,FDH101014,fdh,,,,,
T1000343,terminal,Aerial Terminal,FDH101014,fdh,,,,,
T1000344,terminal,Aerial Terminal,FDH101014,fdh,,,,,
T1000319,terminal,Aerial Terminal,FDH101014,fdh,,,,,
T1000320,terminal,Aerial Terminal,FDH101014,fdh,,,,,
T1000320,terminal,Aerial Terminal,FDH101014,fdh,,,,,
T1000319,terminal,Aerial Terminal,FDH101014,fdh,,,,,
T1000310,terminal,MST,FDH101014,fdh,,,,,
T1000284,terminal,Aerial Terminal,FDH101012,fdh,,,,,
T1000320,terminal,Aerial Terminal,FDH101014,fdh,,,,,
T1000078,terminal,MST,FDH101011,fdh,,,,,
T1000319,terminal,Aerial Terminal,FDH101014,fdh,,,,,
T1000092,terminal,Aerial Terminal,FDH101011,fdh,,,,,
T1000310,terminal,MST,FDH101014,fdh,,,,,
T1000320,terminal,Aerial Terminal,FDH101014,fdh,,,,,
T1000326,terminal,Aerial Terminal,FDH101014,fdh,,,,,
T1000092,terminal,Aerial Terminal,FDH101011,fdh,,,,,
T1000317,terminal,MST,FDH101011,fdh,,,,,
T1000324,terminal,Aerial Terminal,FDH101014,fdh,,,,,
T1000320,terminal,Aerial Terminal,FDH101014,fdh,,,,,
T1000324,terminal,Aerial Terminal,FDH101014,fdh,,,,,
T1000092,terminal,Aerial Terminal,FDH101011,fdh,,,,,
T1000317,terminal,MST,FDH101011,fdh,,,,,
T1000075,terminal,MST,FDH101008,fdh,,,,,
T1000319,terminal,Aerial Terminal,FDH101014,fdh,,,,,
T1000319,terminal,Aerial Terminal,FDH101014,fdh,,,,,
T1000317,terminal,MST,FDH101011,fdh,,,,,
T1000319,terminal,Aerial Terminal,FDH101014,fdh,,,,,
T1000092,terminal,Aerial Terminal,FDH101011,fdh,,,,,
T1000075,terminal,MST,FDH101008,fdh,,,,,
T1000310,terminal,MST,FDH101014,fdh,,,,,
T1000324,terminal,Aerial Terminal,FDH101014,fdh,,,,,
T1000319,terminal,Aerial Terminal,FDH101014,fdh,,,,,
T1000319,terminal,Aerial Terminal,FDH101014,fdh,,,,,
T1000313,terminal,MST,FDH101014,fdh,,,,,
T1000078,terminal,MST,FDH101011,fdh,,,,,
T1000317,terminal,MST,FDH101011,fdh,,,,,
T1000317,terminal,MST,FDH101011,fdh,,,,,
T1000318,terminal,MST,FDH101011,fdh,,,,,
T1000310,terminal,MST,FDH101014,fdh,,,,,
T1000284,terminal,Aerial Terminal,FDH101012,fdh,,,,,
T1000092,terminal,Aerial Terminal,FDH101011,fdh,,,,,
T1000324,terminal,Aerial Terminal,FDH101014,fdh,,,,,
T1000313,terminal,MST,FDH101014,fdh,,,,,
T1000075,terminal,MST,FDH101008,fdh,,,,,
T1000092,terminal,Aerial Terminal,FDH101011,fdh,,,,,
T1000324,terminal,Aerial Terminal,FDH101014,fdh,,,,,
T1000313,terminal,MST,FDH101014,fdh,,,,,
T1000324,terminal,Aerial Terminal,FDH101014,fdh,,,,,
T1000313,terminal,MST,FDH101014,fdh,,,,,
T1000343,terminal,Aerial Terminal,FDH101014,fdh,,,,,
T1000091,terminal,MST,FDH101011,fdh,,,,,
T1000313,terminal,MST,FDH101014,fdh,,,,,
T1000091,terminal,MST,FDH101011,fdh,,,,,
T1000317,terminal,MST,FDH101011,fdh,,,,,
T1000091,terminal,MST,FDH101011,fdh,,,,,
T1000317,terminal,MST,FDH101011,fdh,,,,,
T1000284,terminal,Aerial Terminal,FDH101012,fdh,,,,,
T1000313,terminal,MST,FDH101014,fdh,,,,,
T1000314,terminal,MST,FDH101014,fdh,,,,,
T1000091,terminal,MST,FDH101011,fdh,,,,,
T1000075,terminal,MST,FDH101008,fdh,,,,,
T1000318,terminal,MST,FDH101011,fdh,,,,,
T1000314,terminal,MST,FDH101014,fdh,,,,,
T1000091,terminal,MST,FDH101011,fdh,,,,,
T1000311,terminal,MST,FDH101014,fdh,,,,,
T1000318,terminal,MST,FDH101011,fdh,,,,,
T1000314,terminal,MST,FDH101014,fdh,,,,,
T1000311,terminal,MST,FDH101014,fdh,,,,,
T1000313,terminal,MST,FDH101014,fdh,,,,,
T1000324,terminal,Aerial Terminal,FDH101014,fdh,,,,,
T1000318,terminal,MST,FDH101011,fdh,,,,,
T1000314,terminal,MST,FDH101014,fdh,,,,,
T1000090,terminal,MST,FDH101011,fdh,,,,,
T1000089,terminal,Aerial Terminal,FDH101011,fdh,,,,,
T1000311,terminal,MST,FDH101014,fdh,,,,,
T1000314,terminal,MST,FDH101014,fdh,,,,,
T1000313,terminal,MST,FDH101014,fdh,,,,,
T1000090,terminal,MST,FDH101011,fdh,,,,,
T1000284,terminal,Aerial Terminal,FDH101012,fdh,,,,,
T1000091,terminal,MST,FDH101011,fdh,,,,,
T1000314,terminal,MST,FDH101014,fdh,,,,,
T1000311,terminal,MST,FDH101014,fdh,,,,,
T1000312,terminal,MST,FDH101014,fdh,,,,,
T1000311,terminal,MST,FDH101014,fdh,,,,,
T1000312,terminal,MST,FDH101014,fdh,,,,,
T1000313,terminal,MST,FDH101014,fdh,,,,,
T1000315,terminal,MST,FDH101011,fdh,,,,,
T1000313,terminal,MST,FDH101014,fdh,,,,,
T1000090,terminal,MST,FDH101011,fdh,,,,,
T1000089,terminal,Aerial Terminal,FDH101011,fdh,,,,,
T1000315,terminal,MST,FDH101011,fdh,,,,,
T1000345,terminal,Aerial Terminal,FDH101014,fdh,,,,,
T1000089,terminal,Aerial Terminal,FDH101011,fdh,,,,,
T1000315,terminal,MST,FDH101011,fdh,,,,,
T1000295,terminal,Aerial Terminal,FDH101012,fdh,,,,,
T1000316,terminal,MST,FDH101011,fdh,,,,,
T1000090,terminal,MST,FDH101011,fdh,,,,,
T1000311,terminal,MST,FDH101014,fdh,,,,,
T1000316,terminal,MST,FDH101011,fdh,,,,,
T1000090,terminal,MST,FDH101011,fdh,,,,,
T1000294,terminal,Aerial Terminal,FDH101012,fdh,,,,,
T1000089,terminal,Aerial Terminal,FDH101011,fdh,,,,,
T1000312,terminal,MST,FDH101014,fdh,,,,,
T1000322,terminal,MST,FDH101014,fdh,,,,,
T1000316,terminal,MST,FDH101011,fdh,,,,,
T1000316,terminal,MST,FDH101011,fdh,,,,,
T1000322,terminal,MST,FDH101014,fdh,,,,,
T1000315,terminal,MST,FDH101011,fdh,,,,,
T1000312,terminal,MST,FDH101014,fdh,,,,,
T1000090,terminal,MST,FDH101011,fdh,,,,,
T1000345,terminal,Aerial Terminal,FDH101014,fdh,,,,,
T1000315,terminal,MST,FDH101011,fdh,,,,,
T1000264,terminal,Aerial Terminal,FDH101011,fdh,,,,,
T1000322,terminal,MST,FDH101014,fdh,,,,,
T1000312,terminal,MST,FDH101014,fdh,,,,,
T1000323,terminal,MST,FDH101014,fdh,,,,,
T1000264,terminal,Aerial Terminal,FDH101011,fdh,,,,,
T1000294,terminal,Aerial Terminal,FDH101012,fdh,,,,,
T1000341,terminal,Aerial Terminal,FDH101014,fdh,,,,,
T1000322,terminal,MST,FDH101014,fdh,,,,,
T1000264,terminal,Aerial Terminal,FDH101011,fdh,,,,,
T1000315,terminal,MST,FDH101011,fdh,,,,,
T1000312,terminal,MST,FDH101014,fdh,,,,,
T1000345,terminal,Aerial Terminal,FDH101014,fdh,,,,,
T1000264,terminal,Aerial Terminal,FDH101011,fdh,,,,,
T1000316,terminal,MST,FDH101011,fdh,,,,,
T1000264,terminal,Aerial Terminal,FDH101011,fdh,,,,,
T1000341,terminal,Aerial Terminal,FDH101014,fdh,,,,,
T1000264,terminal,Aerial Terminal,FDH101011,fdh,,,,,
T1000273,terminal,Aerial Terminal,FDH101011,fdh,,,,,
T1000312,terminal,MST,FDH101014,fdh,,,,,
T1000265,terminal,Aerial Terminal,FDH101011,fdh,,,,,
T1000341,terminal,Aerial Terminal,FDH101014,fdh,,,,,
T1000265,terminal,Aerial Terminal,FDH101011,fdh,,,,,
T1000267,terminal,MST,FDH101011,fdh,,,,,
T1000308,terminal,Aerial Terminal,FDH101014,fdh,,,,,
T1000299,terminal,Aerial Terminal,FDH101014,fdh,,,,,
T1000265,terminal,Aerial Terminal,FDH101011,fdh,,,,,
T1000264,terminal,Aerial Terminal,FDH101011,fdh,,,,,
T1000273,terminal,Aerial Terminal,FDH101011,fdh,,,,,
T1000299,terminal,Aerial Terminal,FDH101014,fdh,,,,,
T1000340,terminal,MST,FDH101014,fdh,,,,,
T1000340,terminal,MST,FDH101014,fdh,,,,,
T1000265,terminal,Aerial Terminal,FDH101011,fdh,,,,,
T1000294,terminal,Aerial Terminal,FDH101012,fdh,,,,,
T1000264,terminal,Aerial Terminal,FDH101011,fdh,,,,,
T1000322,terminal,MST,FDH101014,fdh,,,,,
T1000273,terminal,Aerial Terminal,FDH101011,fdh,,,,,
T1000322,terminal,MST,FDH101014,fdh,,,,,
T1000264,terminal,Aerial Terminal,FDH101011,fdh,,,,,
T1000299,terminal,Aerial Terminal,FDH101014,fdh,,,,,
T1000349,terminal,MST,FDH101011,fdh,,,,,
T1000349,terminal,MST,FDH101011,fdh,,,,,
T1000322,terminal,MST,FDH101014,fdh,,,,,
T1000264,terminal,Aerial Terminal,FDH101011,fdh,,,,,
T1000323,terminal,MST,FDH101014,fdh,,,,,
T1000264,terminal,Aerial Terminal,FDH101011,fdh,,,,,
T1000300,terminal,Aerial Terminal,FDH101014,fdh,,,,,
T1000349,terminal,MST,FDH101011,fdh,,,,,
T1000265,terminal,Aerial Terminal,FDH101011,fdh,,,,,
T1000273,terminal,Aerial Terminal,FDH101011,fdh,,,,,
T1000340,terminal,MST,FDH101014,fdh,,,,,
T1000273,terminal,Aerial Terminal,FDH101011,fdh,,,,,
T1000349,terminal,MST,FDH101011,fdh,,,,,
T1000323,terminal,MST,FDH101014,fdh,,,,,
T1000265,terminal,Aerial Terminal,FDH101011,fdh,,,,,
T1000323,terminal,MST,FDH101014,fdh,,,,,
T1000265,terminal,Aerial Terminal,FDH101011,fdh,,,,,
T1000266,terminal,Aerial Terminal,FDH101011,fdh,,,,,
T1000323,terminal,MST,FDH101014,fdh,,,,,
T1000477,terminal,MST,FDH101011,fdh,,,,,
T1000299,terminal,Aerial Terminal,FDH101014,fdh,,,,,
T1000323,terminal,MST,FDH101014,fdh,,,,,
T1000273,terminal,Aerial Terminal,FDH101011,fdh,,,,,
T1000266,terminal,Aerial Terminal,FDH101011,fdh,,,,,
T1000349,terminal,MST,FDH101011,fdh,,,,,
T1000308,terminal,Aerial Terminal,FDH101014,fdh,,,,,
T1000267,terminal,MST,FDH101011,fdh,,,,,
T1000283,terminal,Aerial Terminal,FDH101012,fdh,,,,,
T1000267,terminal,MST,FDH101011,fdh,,,,,
T1000273,terminal,Aerial Terminal,FDH101011,fdh,,,,,
T1000300,terminal,Aerial Terminal,FDH101014,fdh,,,,,
T1000265,terminal,Aerial Terminal,FDH101011,fdh,,,,,
T1000300,terminal,Aerial Terminal,FDH101014,fdh,,,,,
T1000340,terminal,MST,FDH101014,fdh,,,,,
T1000265,terminal,Aerial Terminal,FDH101011,fdh,,,,,
T1000349,terminal,MST,FDH101011,fdh,,,,,
T1000267,terminal,MST,FDH101011,fdh,,,,,
T1000261,terminal,MST,FDH101011,fdh,,,,,
T1000267,terminal,MST,FDH101011,fdh,,,,,
T1000266,terminal,Aerial Terminal,FDH101011,fdh,,,,,
T1000349,terminal,MST,FDH101011,fdh,,,,,
T1000349,terminal,MST,FDH101011,fdh,,,,,
T1000266,terminal,Aerial Terminal,FDH101011,fdh,,,,,
T1000299,terminal,Aerial Terminal,FDH101014,fdh,,,,,
T1000261,terminal,MST,FDH101011,fdh,,,,,
T1000308,terminal,Aerial Terminal,FDH101014,fdh,,,,,
T1000266,terminal,Aerial Terminal,FDH101011,fdh,,,,,
T1000477,terminal,MST,FDH101011,fdh,,,,,
T1000266,terminal,Aerial Terminal,FDH101011,fdh,,,,,
T1000261,terminal,MST,FDH101011,fdh,,,,,
T1000261,terminal,MST,FDH101011,fdh,,,,,
T1000302,terminal,MST,FDH101014,fdh,,,,,
T1000272,terminal,Aerial Terminal,FDH101011,fdh,,,,,
T1000283,terminal,Aerial Terminal,FDH101012,fdh,,,,,
T1000267,terminal,MST,FDH101011,fdh,,,,,
T1000309,terminal,Aerial Terminal,FDH101016,fdh,,,,,
T1000302,terminal,MST,FDH101014,fdh,,,,,
T1000261,terminal,MST,FDH101011,fdh,,,,,
T1000267,terminal,MST,FDH101011,fdh,,,,,
T1000302,terminal,MST,FDH101014,fdh,,,,,
T1000302,terminal,MST,FDH101014,fdh,,,,,
T1000262,terminal,MST,FDH101011,fdh,,,,,
T1000262,terminal,MST,FDH101011,fdh,,,,,
T1000302,terminal,MST,FDH101014,fdh,,,,,
T1000302,terminal,MST,FDH101014,fdh,,,,,
T1000300,terminal,Aerial Terminal,FDH101014,fdh,,,,,
T1000267,terminal,MST,FDH101011,fdh,,,,,
T1000267,terminal,MST,FDH101011,fdh,,,,,
T1000272,terminal,Aerial Terminal,FDH101011,fdh,,,,,
T1000262,terminal,MST,FDH101011,fdh,,,,,
T1000308,terminal,Aerial Terminal,FDH101014,fdh,,,,,
T1000340,terminal,MST,FDH101014,fdh,,,,,
T1000262,terminal,MST,FDH101011,fdh,,,,,
T1000300,terminal,Aerial Terminal,FDH101014,fdh,,,,,
T1000261,terminal,MST,FDH101011,fdh,,,,,
T1000301,terminal,MST,FDH101011,fdh,,,,,
T1000301,terminal,MST,FDH101011,fdh,,,,,
T1000272,terminal,Aerial Terminal,FDH101011,fdh,,,,,
T1000261,terminal,MST,FDH101011,fdh,,,,,
T1000261,terminal,MST,FDH101011,fdh,,,,,
T1000262,terminal,MST,FDH101011,fdh,,,,,
T1000272,terminal,Aerial Terminal,FDH101011,fdh,,,,,
T1000261,terminal,MST,FDH101011,fdh,,,,,
T1000272,terminal,Aerial Terminal,FDH101011,fdh,,,,,
T1000306,terminal,Aerial Terminal,FDH101013,fdh,,,,,
T1000302,terminal,MST,FDH101014,fdh,,,,,
T1000275,terminal,Aerial Terminal,FDH101012,fdh,,,,,
T1000263,terminal,MST,FDH101011,fdh,,,,,
T1000283,terminal,Aerial Terminal,FDH101012,fdh,,,,,
T1000261,terminal,MST,FDH101011,fdh,,,,,
T1000307,terminal,Aerial Terminal,FDH101013,fdh,,,,,
T1000301,terminal,MST,FDH101011,fdh,,,,,
T1000262,terminal,MST,FDH101011,fdh,,,,,
T1000262,terminal,MST,FDH101011,fdh,,,,,
T1000342,terminal,MST,FDH101014,fdh,,,,,
T1000272,terminal,Aerial Terminal,FDH101011,fdh,,,,,
T1000263,terminal,MST,FDH101011,fdh,,,,,
T1000263,terminal,MST,FDH101011,fdh,,,,,
T1000262,terminal,MST,FDH101011,fdh,,,,,
T1000272,terminal,Aerial Terminal,FDH101011,fdh,,,,,
T1000263,terminal,MST,FDH101011,fdh,,,,,
T1000302,terminal,MST,FDH101014,fdh,,,,,
T1000262,terminal,MST,FDH101011,fdh,,,,,
T1000308,terminal,Aerial Terminal,FDH101014,fdh,,,,,
T1000263,terminal,MST,FDH101011,fdh,,,,,
T1000302,terminal,MST,FDH101014,fdh,,,,,
T1000283,terminal,Aerial Terminal,FDH101012,fdh,,,,,
T1000342,terminal,MST,FDH101014,fdh,,,,,
T1000263,terminal,MST,FDH101011,fdh,,,,,
T1000306,terminal,Aerial Terminal,FDH101013,fdh,,,,,
T1000307,terminal,Aerial Terminal,FDH101013,fdh,,,,,
T1000306,terminal,Aerial Terminal,FDH101013,fdh,,,,,
T1000307,terminal,Aerial Terminal,FDH101013,fdh,,,,,
T1000263,terminal,MST,FDH101011,fdh,,,,,
T1000263,terminal,MST,FDH101011,fdh,,,,,
T1000262,terminal,MST,FDH101011,fdh,,,,,
T1000268,terminal,MST,FDH101011,fdh,,,,,
T1000342,terminal,MST,FDH101014,fdh,,,,,
T1000268,terminal,MST,FDH101011,fdh,,,,,
T1000342,terminal,MST,FDH101014,fdh,,,,,
T1000342,terminal,MST,FDH101014,fdh,,,,,
T1000306,terminal,Aerial Terminal,FDH101013,fdh,,,,,
T1000268,terminal,MST,FDH101011,fdh,,,,,
T1000301,terminal,MST,FDH101011,fdh,,,,,
T1000309,terminal,Aerial Terminal,FDH101016,fdh,,,,,
T1000268,terminal,MST,FDH101011,fdh,,,,,
T1000263,terminal,MST,FDH101011,fdh,,,,,
T1000301,terminal,MST,FDH101011,fdh,,,,,
T1000306,terminal,Aerial Terminal,FDH101013,fdh,,,,,
T1000274,terminal,MST,FDH101011,fdh,,,,,
T1000274,terminal,MST,FDH101011,fdh,,,,,
T1000263,terminal,MST,FDH101011,fdh,,,,,
T1000278,terminal,Aerial Terminal,FDH101012,fdh,,,,,
T1000307,terminal,Aerial Terminal,FDH101013,fdh,,,,,
T1000472,terminal,Aerial Terminal,FDH101013,fdh,,,,,
T1000277,terminal,Aerial Terminal,FDH101012,fdh,,,,,
T1000263,terminal,MST,FDH101011,fdh,,,,,
T1000278,terminal,Aerial Terminal,FDH101012,fdh,,,,,
T1000269,terminal,MST,FDH101011,fdh,,,,,
T1000283,terminal,Aerial Terminal,FDH101012,fdh,,,,,
T1000269,terminal,MST,FDH101011,fdh,,,,,
T1000303,terminal,Aerial Terminal,FDH101013,fdh,,,,,
T1000275,terminal,Aerial Terminal,FDH101012,fdh,,,,,
T1000268,terminal,MST,FDH101011,fdh,,,,,
T1000472,terminal,Aerial Terminal,FDH101013,fdh,,,,,
T1000303,terminal,Aerial Terminal,FDH101013,fdh,,,,,
T1000275,terminal,Aerial Terminal,FDH101012,fdh,,,,,
T1000269,terminal,MST,FDH101011,fdh,,,,,
T1000350,terminal,Aerial Terminal,FDH101013,fdh,,,,,
T1000461,terminal,Aerial Terminal,FDH101013,fdh,,,,,
T1000472,terminal,Aerial Terminal,FDH101013,fdh,,,,,
T1000268,terminal,MST,FDH101011,fdh,,,,,
T1000305,terminal,Aerial Terminal,FDH101013,fdh,,,,,
T1000269,terminal,MST,FDH101011,fdh,,,,,
T1000336,terminal,MST,FDH101013,fdh,,,,,
T1000472,terminal,Aerial Terminal,FDH101013,fdh,,,,,
T1000303,terminal,Aerial Terminal,FDH101013,fdh,,,,,
T1000350,terminal,Aerial Terminal,FDH101013,fdh,,,,,
T1000274,terminal,MST,FDH101011,fdh,,,,,
T1000336,terminal,MST,FDH101013,fdh,,,,,
T1000269,terminal,MST,FDH101011,fdh,,,,,
T1000472,terminal,Aerial Terminal,FDH101013,fdh,,,,,
T1000307,terminal,Aerial Terminal,FDH101013,fdh,,,,,
T1000472,terminal,Aerial Terminal,FDH101013,fdh,,,,,
T1000336,terminal,MST,FDH101013,fdh,,,,,
T1000307,terminal,Aerial Terminal,FDH101013,fdh,,,,,
T1000461,terminal,Aerial Terminal,FDH101013,fdh,,,,,
T1000270,terminal,MST,FDH101011,fdh,,,,,
T1000336,terminal,MST,FDH101013,fdh,,,,,
T1000274,terminal,MST,FDH101011,fdh,,,,,
T1000298,terminal,Aerial Terminal,FDH101012,fdh,,,,,
T1000472,terminal,Aerial Terminal,FDH101013,fdh,,,,,
T1000304,terminal,Aerial Terminal,FDH101013,fdh,,,,,
T1000336,terminal,MST,FDH101013,fdh,,,,,
T1000274,terminal,MST,FDH101011,fdh,,,,,
T1000336,terminal,MST,FDH101013,fdh,,,,,
T1000472,terminal,Aerial Terminal,FDH101013,fdh,,,,,
T1000298,terminal,Aerial Terminal,FDH101012,fdh,,,,,
T1000309,terminal,Aerial Terminal,FDH101016,fdh,,,,,
T1000309,terminal,Aerial Terminal,FDH101016,fdh,,,,,
T1000269,terminal,MST,FDH101011,fdh,,,,,
T1000336,terminal,MST,FDH101013,fdh,,,,,
T1000307,terminal,Aerial Terminal,FDH101013,fdh,,,,,
T1000350,terminal,Aerial Terminal,FDH101013,fdh,,,,,
T1000336,terminal,MST,FDH101013,fdh,,,,,
T1000304,terminal,Aerial Terminal,FDH101013,fdh,,,,,
T1000270,terminal,MST,FDH101011,fdh,,,,,
T1000270,terminal,MST,FDH101011,fdh,,,,,
T1000298,terminal,Aerial Terminal,FDH101012,fdh,,,,,
T1000269,terminal,MST,FDH101011,fdh,,,,,
T1000277,terminal,Aerial Terminal,FDH101012,fdh,,,,,
T1000298,terminal,Aerial Terminal,FDH101012,fdh,,,,,
T1000269,terminal,MST,FDH101011,fdh,,,,,
T1000304,terminal,Aerial Terminal,FDH101013,fdh,,,,,
T1000336,terminal,MST,FDH101013,fdh,,,,,
T1000269,terminal,MST,FDH101011,fdh,,,,,
T1000275,terminal,Aerial Terminal,FDH101012,fdh,,,,,
T1000461,terminal,Aerial Terminal,FDH101013,fdh,,,,,
T1000298,terminal,Aerial Terminal,FDH101012,fdh,,,,,
T1000270,terminal,MST,FDH101011,fdh,,,,,
T1000304,terminal,Aerial Terminal,FDH101013,fdh,,,,,
T1000335,terminal,Aerial Terminal,FDH101013,fdh,,,,,
T1000271,terminal,MST,FDH101011,fdh,,,,,
T1000269,terminal,MST,FDH101011,fdh,,,,,
T1000298,terminal,Aerial Terminal,FDH101012,fdh,,,,,
T1000269,terminal,MST,FDH101011,fdh,,,,,
T1000275,terminal,Aerial Terminal,FDH101012,fdh,,,,,
T1000270,terminal,MST,FDH101011,fdh,,,,,
T1000351,terminal,Aerial Terminal,FDH101013,fdh,,,,,
T1000271,terminal,MST,FDH101011,fdh,,,,,
T1000270,terminal,MST,FDH101011,fdh,,,,,
T1000335,terminal,Aerial Terminal,FDH101013,fdh,,,,,
T1000472,terminal,Aerial Terminal,FDH101013,fdh,,,,,
T1000288,terminal,Aerial Terminal,FDH101012,fdh,,,,,
T1000462,terminal,MST,FDH101013,fdh,,,,,
T1000335,terminal,Aerial Terminal,FDH101013,fdh,,,,,
T1000351,terminal,Aerial Terminal,FDH101013,fdh,,,,,
T1000334,terminal,Aerial Terminal,FDH101013,fdh,,,,,
T1000271,terminal,MST,FDH101011,fdh,,,,,
T1000270,terminal,MST,FDH101011,fdh,,,,,
T1000288,terminal,Aerial Terminal,FDH101012,fdh,,,,,
T1000462,terminal,MST,FDH101013,fdh,,,,,
T1000275,terminal,Aerial Terminal,FDH101012,fdh,,,,,
T1000351,terminal,Aerial Terminal,FDH101013,fdh,,,,,
T1000270,terminal,MST,FDH101011,fdh,,,,,
T1000298,terminal,Aerial Terminal,FDH101012,fdh,,,,,
T1000305,terminal,Aerial Terminal,FDH101013,fdh,,,,,
T1000462,terminal,MST,FDH101013,fdh,,,,,
T1000176,terminal,MST,FDH101013,fdh,,,,,
T1000296,terminal,Aerial Terminal,FDH101012,fdh,,,,,
T1000335,terminal,Aerial Terminal,FDH101013,fdh,,,,,
T1000298,terminal,Aerial Terminal,FDH101012,fdh,,,,,
T1000270,terminal,MST,FDH101011,fdh,,,,,
T1000276,terminal,Aerial Terminal,FDH101012,fdh,,,,,
T1000270,terminal,MST,FDH101011,fdh,,,,,
T1000176,terminal,MST,FDH101013,fdh,,,,,
T1000276,terminal,Aerial Terminal,FDH101012,fdh,,,,,
T1000176,terminal,MST,FDH101013,fdh,,,,,
T1000304,terminal,Aerial Terminal,FDH101013,fdh,,,,,
T1000334,terminal,Aerial Terminal,FDH101013,fdh,,,,,
T1000298,terminal,Aerial Terminal,FDH101012,fdh,,,,,
T1000304,terminal,Aerial Terminal,FDH101013,fdh,,,,,
T1000271,terminal,MST,FDH101011,fdh,,,,,
T1000296,terminal,Aerial Terminal,FDH101012,fdh,,,,,
T1000288,terminal,Aerial Terminal,FDH101012,fdh,,,,,
T1000472,terminal,Aerial Terminal,FDH101013,fdh,,,,,
T1000472,terminal,Aerial Terminal,FDH101013,fdh,,,,,
T1000335,terminal,Aerial Terminal,FDH101013,fdh,,,,,
T1000298,terminal,Aerial Terminal,FDH101012,fdh,,,,,
T1000176,terminal,MST,FDH101013,fdh,,,,,
T1000334,terminal,Aerial Terminal,FDH101013,fdh,,,,,
T1000298,terminal,Aerial Terminal,FDH101012,fdh,,,,,
T1000297,terminal,Aerial Terminal,FDH101012,fdh,,,,,
T1000275,terminal,Aerial Terminal,FDH101012,fdh,,,,,
T1000189,terminal,Aerial Terminal,FDH101013,fdh,,,,,
T1000335,terminal,Aerial Terminal,FDH101013,fdh,,,,,
T1000296,terminal,Aerial Terminal,FDH101012,fdh,,,,,
T1000297,terminal,Aerial Terminal,FDH101012,fdh,,,,,
T1000288,terminal,Aerial Terminal,FDH101012,fdh,,,,,
T1000189,terminal,Aerial Terminal,FDH101013,fdh,,,,,
T1000287,terminal,Aerial Terminal,FDH101012,fdh,,,,,
T1000176,terminal,MST,FDH101013,fdh,,,,,
T1000176,terminal,MST,FDH101013,fdh,,,,,
T1000335,terminal,Aerial Terminal,FDH101013,fdh,,,,,
T1000335,terminal,Aerial Terminal,FDH101013,fdh,,,,,
T1000176,terminal,MST,FDH101013,fdh,,,,,
T1000287,terminal,Aerial Terminal,FDH101012,fdh,,,,,
T1000271,terminal,MST,FDH101011,fdh,,,,,
T1000176,terminal,MST,FDH101013,fdh,,,,,
T1000331,terminal,Aerial Terminal,FDH101013,fdh,,,,,
T1000189,terminal,Aerial Terminal,FDH101013,fdh,,,,,
T1000271,terminal,MST,FDH101011,fdh,,,,,
T1000287,terminal,Aerial Terminal,FDH101012,fdh,,,,,
T1000177,terminal,Aerial Terminal,FDH101013,fdh,,,,,
T1000185,terminal,MST,FDH101012,fdh,,,,,
T1000288,terminal,Aerial Terminal,FDH101012,fdh,,,,,
T1000185,terminal,MST,FDH101012,fdh,,,,,
T1000331,terminal,Aerial Terminal,FDH101013,fdh,,,,,
T1000287,terminal,Aerial Terminal,FDH101012,fdh,,,,,
T1000177,terminal,Aerial Terminal,FDH101013,fdh,,,,,
T1000331,terminal,Aerial Terminal,FDH101013,fdh,,,,,
T1000176,terminal,MST,FDH101013,fdh,,,,,
T1000276,terminal,Aerial Terminal,FDH101012,fdh,,,,,
T1000178,terminal,Aerial Terminal,FDH101013,fdh,,,,,
T1000171,terminal,MST,FDH101012,fdh,,,,,
T1000176,terminal,MST,FDH101013,fdh,,,,,
T1000331,terminal,Aerial Terminal,FDH101013,fdh,,,,,
T1000331,terminal,Aerial Terminal,FDH101013,fdh,,,,,
T1000335,terminal,Aerial Terminal,FDH101013,fdh,,,,,
T1000178,terminal,Aerial Terminal,FDH101013,fdh,,,,,
T1000178,terminal,Aerial Terminal,FDH101013,fdh,,,,,
T1000185,terminal,MST,FDH101012,fdh,,,,,
T1000331,terminal,Aerial Terminal,FDH101013,fdh,,,,,
T1000334,terminal,Aerial Terminal,FDH101013,fdh,,,,,
T1000171,terminal,MST,FDH101012,fdh,,,,,
T1000331,terminal,Aerial Terminal,FDH101013,fdh,,,,,
T1000178,terminal,Aerial Terminal,FDH101013,fdh,,,,,
T1000171,terminal,MST,FDH101012,fdh,,,,,
T1000287,terminal,Aerial Terminal,FDH101012,fdh,,,,,
T1000189,terminal,Aerial Terminal,FDH101013,fdh,,,,,
T1000177,terminal,Aerial Terminal,FDH101013,fdh,,,,,
T1000178,terminal,Aerial Terminal,FDH101013,fdh,,,,,
T1000333,terminal,Aerial Terminal,FDH101013,fdh,,,,,
T1000171,terminal,MST,FDH101012,fdh,,,,,
T1000333,terminal,Aerial Terminal,FDH101013,fdh,,,,,
T1000297,terminal,Aerial Terminal,FDH101012,fdh,,,,,
T1000189,terminal,Aerial Terminal,FDH101013,fdh,,,,,
T1000171,terminal,MST,FDH101012,fdh,,,,,
T1000185,terminal,MST,FDH101012,fdh,,,,,
T1000185,terminal,MST,FDH101012,fdh,,,,,
T1000177,terminal,Aerial Terminal,FDH101013,fdh,,,,,
T1000171,terminal,MST,FDH101012,fdh,,,,,
T1000352,terminal,Aerial Terminal,FDH101013,fdh,,,,,
T1000177,terminal,Aerial Terminal,FDH101013,fdh,,,,,
T1000329,terminal,Aerial Terminal,FDH101013,fdh,,,,,
T1000185,terminal,MST,FDH101012,fdh,,,,,
T1000331,terminal,Aerial Terminal,FDH101013,fdh,,,,,
T1000332,terminal,MST,FDH101013,fdh,,,,,
T1000171,terminal,MST,FDH101012,fdh,,,,,
T1000178,terminal,Aerial Terminal,FDH101013,fdh,,,,,
T1000172,terminal,Aerial Terminal,FDH101012,fdh,,,,,
T1000329,terminal,Aerial Terminal,FDH101013,fdh,,,,,
T1000352,terminal,Aerial Terminal,FDH101013,fdh,,,,,
T1000160,terminal,Aerial Terminal,FDH101013,fdh,,,,,
T1000331,terminal,Aerial Terminal,FDH101013,fdh,,,,,
T1000276,terminal,Aerial Terminal,FDH101012,fdh,,,,,
T1000178,terminal,Aerial Terminal,FDH101013,fdh,,,,,
T1000178,terminal,Aerial Terminal,FDH101013,fdh,,,,,
T1000172,terminal,Aerial Terminal,FDH101012,fdh,,,,,
T1000171,terminal,MST,FDH101012,fdh,,,,,
T1000160,terminal,Aerial Terminal,FDH101013,fdh,,,,,
T1000172,terminal,Aerial Terminal,FDH101012,fdh,,,,,
T1000276,terminal,Aerial Terminal,FDH101012,fdh,,,,,
T1000333,terminal,Aerial Terminal,FDH101013,fdh,,,,,
T1000178,terminal,Aerial Terminal,FDH101013,fdh,,,,,
T1000172,terminal,Aerial Terminal,FDH101012,fdh,,,,,
T1000475,terminal,Aerial Terminal,FDH101013,fdh,,,,,
T1000160,terminal,Aerial Terminal,FDH101013,fdh,,,,,
T1000475,terminal,Aerial Terminal,FDH101013,fdh,,,,,
T1000161,terminal,MST,FDH101009,fdh,,,,,
T1000171,terminal,MST,FDH101012,fdh,,,,,
T1000475,terminal,Aerial Terminal,FDH101013,fdh,,,,,
T1000184,terminal,Aerial Terminal,FDH101012,fdh,,,,,
T1000178,terminal,Aerial Terminal,FDH101013,fdh,,,,,
T1000171,terminal,MST,FDH101012,fdh,,,,,
T1000178,terminal,Aerial Terminal,FDH101013,fdh,,,,,
T1000329,terminal,Aerial Terminal,FDH101013,fdh,,,,,
T1000180,terminal,Aerial Terminal,FDH101012,fdh,,,,,
T1000171,terminal,MST,FDH101012,fdh,,,,,
T1000329,terminal,Aerial Terminal,FDH101013,fdh,,,,,
T1000329,terminal,Aerial Terminal,FDH101013,fdh,,,,,
T1000332,terminal,MST,FDH101013,fdh,,,,,
T1000329,terminal,Aerial Terminal,FDH101013,fdh,,,,,
T1000332,terminal,MST,FDH101013,fdh,,,,,
T1000161,terminal,MST,FDH101009,fdh,,,,,
T1000329,terminal,Aerial Terminal,FDH101013,fdh,,,,,
T1000329,terminal,Aerial Terminal,FDH101013,fdh,,,,,
T1000332,terminal,MST,FDH101013,fdh,,,,,
T1000329,terminal,Aerial Terminal,FDH101013,fdh,,,,,
T1000329,terminal,Aerial Terminal,FDH101013,fdh,,,,,
T1000184,terminal,Aerial Terminal,FDH101012,fdh,,,,,
T1000329,terminal,Aerial Terminal,FDH101013,fdh,,,,,
T1000184,terminal,Aerial Terminal,FDH101012,fdh,,,,,
T1000161,terminal,MST,FDH101009,fdh,,,,,
T1000332,terminal,MST,FDH101013,fdh,,,,,
T1000161,terminal,MST,FDH101009,fdh,,,,,
T1000327,terminal,MST,FDH101013,fdh,,,,,
T1000180,terminal,Aerial Terminal,FDH101012,fdh,,,,,
T1000332,terminal,MST,FDH101013,fdh,,,,,
T1000327,terminal,MST,FDH101013,fdh,,,,,
T1000276,terminal,Aerial Terminal,FDH101012,fdh,,,,,
T1000328,terminal,MST,FDH101013,fdh,,,,,
T1000332,terminal,MST,FDH101013,fdh,,,,,
T1000173,terminal,Aerial Terminal,FDH101012,fdh,,,,,
T1000173,terminal,Aerial Terminal,FDH101012,fdh,,,,,
T1000160,terminal,Aerial Terminal,FDH101013,fdh,,,,,
T1000327,terminal,MST,FDH101013,fdh,,,,,
T1000184,terminal,Aerial Terminal,FDH101012,fdh,,,,,
T1000160,terminal,Aerial Terminal,FDH101013,fdh,,,,,
T1000173,terminal,Aerial Terminal,FDH101012,fdh,,,,,
T1000162,terminal,MST,FDH101009,fdh,,,,,
T1000327,terminal,MST,FDH101013,fdh,,,,,
T1000161,terminal,MST,FDH101009,fdh,,,,,
T1000474,terminal,Aerial Terminal,FDH101009,fdh,,,,,
T1000474,terminal,Aerial Terminal,FDH101009,fdh,,,,,
T1000328,terminal,MST,FDH101013,fdh,,,,,
T1000174,terminal,Aerial Terminal,FDH101012,fdh,,,,,
T1000289,terminal,Aerial Terminal,FDH101012,fdh,,,,,
T1000327,terminal,MST,FDH101013,fdh,,,,,
T1000162,terminal,MST,FDH101009,fdh,,,,,
T1000160,terminal,Aerial Terminal,FDH101013,fdh,,,,,
T1000172,terminal,Aerial Terminal,FDH101012,fdh,,,,,
T1000474,terminal,Aerial Terminal,FDH101009,fdh,,,,,
T1000474,terminal,Aerial Terminal,FDH101009,fdh,,,,,
T1000327,terminal,MST,FDH101013,fdh,,,,,
T1000174,terminal,Aerial Terminal,FDH101012,fdh,,,,,
T1000184,terminal,Aerial Terminal,FDH101012,fdh,,,,,
T1000327,terminal,MST,FDH101013,fdh,,,,,
T1000474,terminal,Aerial Terminal,FDH101009,fdh,,,,,
T1000162,terminal,MST,FDH101009,fdh,,,,,
T1000180,terminal,Aerial Terminal,FDH101012,fdh,,,,,
T1000327,terminal,MST,FDH101013,fdh,,,,,
T1000174,terminal,Aerial Terminal,FDH101012,fdh,,,,,
T1000474,terminal,Aerial Terminal,FDH101009,fdh,,,,,
T1000474,terminal,Aerial Terminal,FDH101009,fdh,,,,,
T1000327,terminal,MST,FDH101013,fdh,,,,,
T1000160,terminal,Aerial Terminal,FDH101013,fdh,,,,,
T1000162,terminal,MST,FDH101009,fdh,,,,,
T1000280,terminal,Aerial Terminal,FDH101012,fdh,,,,,
T1000328,terminal,MST,FDH101013,fdh,,,,,
T1000174,terminal,Aerial Terminal,FDH101012,fdh,,,,,
T1000174,terminal,Aerial Terminal,FDH101012,fdh,,,,,
T1000161,terminal,MST,FDH101009,fdh,,,,,
T1000328,terminal,MST,FDH101013,fdh,,,,,
T1000474,terminal,Aerial Terminal,FDH101009,fdh,,,,,
T1000181,terminal,Aerial Terminal,FDH101012,fdh,,,,,
T1000162,terminal,MST,FDH101009,fdh,,,,,
T1000155,terminal,Aerial Terminal,FDH101009,fdh,,,,,
T1000327,terminal,MST,FDH101013,fdh,,,,,
T1000328,terminal,MST,FDH101013,fdh,,,,,
T1000180,terminal,Aerial Terminal,FDH101012,fdh,,,,,
T1000165,terminal,Aerial Terminal,FDH101009,fdh,,,,,
T1000174,terminal,Aerial Terminal,FDH101012,fdh,,,,,
T1000280,terminal,Aerial Terminal,FDH101012,fdh,,,,,
T1000328,terminal,MST,FDH101013,fdh,,,,,
T1000327,terminal,MST,FDH101013,fdh,,,,,
T1000161,terminal,MST,FDH101009,fdh,,,,,
T1000161,terminal,MST,FDH101009,fdh,,,,,
T1000474,terminal,Aerial Terminal,FDH101009,fdh,,,,,
T1000278,terminal,Aerial Terminal,FDH101012,fdh,,,,,
T1000155,terminal,Aerial Terminal,FDH101009,fdh,,,,,
T1000180,terminal,Aerial Terminal,FDH101012,fdh,,,,,
T1000328,terminal,MST,FDH101013,fdh,,,,,
T1000155,terminal,Aerial Terminal,FDH101009,fdh,,,,,
T1000161,terminal,MST,FDH101009,fdh,,,,,
T1000162,terminal,MST,FDH101009,fdh,,,,,
T1000181,terminal,Aerial Terminal,FDH101012,fdh,,,,,
T1000474,terminal,Aerial Terminal,FDH101009,fdh,,,,,
T1000280,terminal,Aerial Terminal,FDH101012,fdh,,,,,
T1000173,terminal,Aerial Terminal,FDH101012,fdh,,,,,
T1000180,terminal,Aerial Terminal,FDH101012,fdh,,,,,
T1000162,terminal,MST,FDH101009,fdh,,,,,
T1000286,terminal,Aerial Terminal,FDH101012,fdh,,,,,
T1000474,terminal,Aerial Terminal,FDH101009,fdh,,,,,
T1000162,terminal,MST,FDH101009,fdh,,,,,
T1000175,terminal,Aerial Terminal,FDH101009,fdh,,,,,
T1000276,terminal,Aerial Terminal,FDH101012,fdh,,,,,
T1000181,terminal,Aerial Terminal,FDH101012,fdh,,,,,
T1000174,terminal,Aerial Terminal,FDH101012,fdh,,,,,
T1000162,terminal,MST,FDH101009,fdh,,,,,
T1000468,terminal,Aerial Terminal,FDH101012,fdh,,,,,
T1000174,terminal,Aerial Terminal,FDH101012,fdh,,,,,
T1000188,terminal,Aerial Terminal,FDH101009,fdh,,,,,
T1000174,terminal,Aerial Terminal,FDH101012,fdh,,,,,
T1000281,terminal,Aerial Terminal,FDH101012,fdh,,,,,
T1000281,terminal,Aerial Terminal,FDH101012,fdh,,,,,
T1000155,terminal,Aerial Terminal,FDH101009,fdh,,,,,
T1000175,terminal,Aerial Terminal,FDH101009,fdh,,,,,
T1000155,terminal,Aerial Terminal,FDH101009,fdh,,,,,
T1000286,terminal,Aerial Terminal,FDH101012,fdh,,,,,
T1000188,terminal,Aerial Terminal,FDH101009,fdh,,,,,
T1000162,terminal,MST,FDH101009,fdh,,,,,
T1000476,terminal,Aerial Terminal,FDH101009,fdh,,,,,
T1000174,terminal,Aerial Terminal,FDH101012,fdh,,,,,
T1000476,terminal,Aerial Terminal,FDH101009,fdh,,,,,
T1000175,terminal,Aerial Terminal,FDH101009,fdh,,,,,
T1000281,terminal,Aerial Terminal,FDH101012,fdh,,,,,
T1000188,terminal,Aerial Terminal,FDH101009,fdh,,,,,
T1000174,terminal,Aerial Terminal,FDH101012,fdh,,,,,
T1000188,terminal,Aerial Terminal,FDH101009,fdh,,,,,
T1000476,terminal,Aerial Terminal,FDH101009,fdh,,,,,
T1000165,terminal,Aerial Terminal,FDH101009,fdh,,,,,
T1000155,terminal,Aerial Terminal,FDH101009,fdh,,,,,
T1000279,terminal,Aerial Terminal,FDH101012,fdh,,,,,
T1000278,terminal,Aerial Terminal,FDH101012,fdh,,,,,
T1000188,terminal,Aerial Terminal,FDH101009,fdh,,,,,
T1000476,terminal,Aerial Terminal,FDH101009,fdh,,,,,
T1000158,terminal,Aerial Terminal,FDH101009,fdh,,,,,
T1000175,terminal,Aerial Terminal,FDH101009,fdh,,,,,
T1000156,terminal,Aerial Terminal,FDH101009,fdh,,,,,
T1000181,terminal,Aerial Terminal,FDH101012,fdh,,,,,
T1000155,terminal,Aerial Terminal,FDH101009,fdh,,,,,
T1000159,terminal,Aerial Terminal,FDH101009,fdh,,,,,
T1000156,terminal,Aerial Terminal,FDH101009,fdh,,,,,
T1000182,terminal,Aerial Terminal,FDH101009,fdh,,,,,
T1000279,terminal,Aerial Terminal,FDH101012,fdh,,,,,
T1000165,terminal,Aerial Terminal,FDH101009,fdh,,,,,
T1000279,terminal,Aerial Terminal,FDH101012,fdh,,,,,
T1000165,terminal,Aerial Terminal,FDH101009,fdh,,,,,
T1000156,terminal,Aerial Terminal,FDH101009,fdh,,,,,
T1000158,terminal,Aerial Terminal,FDH101009,fdh,,,,,
T1000156,terminal,Aerial Terminal,FDH101009,fdh,,,,,
T1000158,terminal,Aerial Terminal,FDH101009,fdh,,,,,
T1000182,terminal,Aerial Terminal,FDH101009,fdh,,,,,
T1000476,terminal,Aerial Terminal,FDH101009,fdh,,,,,
T1000155,terminal,Aerial Terminal,FDH101009,fdh,,,,,
T1000188,terminal,Aerial Terminal,FDH101009,fdh,,,,,
T1000158,terminal,Aerial Terminal,FDH101009,fdh,,,,,
T1000290,terminal,Aerial Terminal,FDH101012,fdh,,,,,
T1000157,terminal,Aerial Terminal,FDH101009,fdh,,,,,
T1000188,terminal,Aerial Terminal,FDH101009,fdh,,,,,
T1000476,terminal,Aerial Terminal,FDH101009,fdh,,,,,
T1000155,terminal,Aerial Terminal,FDH101009,fdh,,,,,
T1000188,terminal,Aerial Terminal,FDH101009,fdh,,,,,
T1000157,terminal,Aerial Terminal,FDH101009,fdh,,,,,
T1000159,terminal,Aerial Terminal,FDH101009,fdh,,,,,
T1000188,terminal,Aerial Terminal,FDH101009,fdh,,,,,
T1000290,terminal,Aerial Terminal,FDH101012,fdh,,,,,
T1000188,terminal,Aerial Terminal,FDH101009,fdh,,,,,
T1000175,terminal,Aerial Terminal,FDH101009,fdh,,,,,
T1000157,terminal,Aerial Terminal,FDH101009,fdh,,,,,
T1000182,terminal,Aerial Terminal,FDH101009,fdh,,,,,
T1000165,terminal,Aerial Terminal,FDH101009,fdh,,,,,
T1000159,terminal,Aerial Terminal,FDH101009,fdh,,,,,
T1000157,terminal,Aerial Terminal,FDH101009,fdh,,,,,
T1000182,terminal,Aerial Terminal,FDH101009,fdh,,,,,
T1000168,terminal,Aerial Terminal,FDH101009,fdh,,,,,
T1000158,terminal,Aerial Terminal,FDH101009,fdh,,,,,
T1000166,terminal,Aerial Terminal,FDH101009,fdh,,,,,
T1000168,terminal,Aerial Terminal,FDH101009,fdh,,,,,
T1000158,terminal,Aerial Terminal,FDH101009,fdh,,,,,
T1000182,terminal,Aerial Terminal,FDH101009,fdh,,,,,
T1000156,terminal,Aerial Terminal,FDH101009,fdh,,,,,
T1000158,terminal,Aerial Terminal,FDH101009,fdh,,,,,
T1000286,terminal,Aerial Terminal,FDH101012,fdh,,,,,
T1000166,terminal,Aerial Terminal,FDH101009,fdh,,,,,
T1000167,terminal,Aerial Terminal,FDH101009,fdh,,,,,
T1000157,terminal,Aerial Terminal,FDH101009,fdh,,,,,
T1000159,terminal,Aerial Terminal,FDH101009,fdh,,,,,
T1000167,terminal,Aerial Terminal,FDH101009,fdh,,,,,
T1000259,terminal,Aerial Terminal,FDH101016,fdh,,,,,
T1000168,terminal,Aerial Terminal,FDH101009,fdh,,,,,
T1000157,terminal,Aerial Terminal,FDH101009,fdh,,,,,
T1000163,terminal,Aerial Terminal,FDH101009,fdh,,,,,
T1000159,terminal,Aerial Terminal,FDH101009,fdh,,,,,
T1000159,terminal,Aerial Terminal,FDH101009,fdh,,,,,
T1000290,terminal,Aerial Terminal,FDH101012,fdh,,,,,
T1000286,terminal,Aerial Terminal,FDH101012,fdh,,,,,
T1000157,terminal,Aerial Terminal,FDH101009,fdh,,,,,
T1000167,terminal,Aerial Terminal,FDH101009,fdh,,,,,
T1000168,terminal,Aerial Terminal,FDH101009,fdh,,,,,
T1000163,terminal,Aerial Terminal,FDH101009,fdh,,,,,
T1000159,terminal,Aerial Terminal,FDH101009,fdh,,,,,
T1000168,terminal,Aerial Terminal,FDH101009,fdh,,,,,
T1000168,terminal,Aerial Terminal,FDH101009,fdh,,,,,
T1000182,terminal,Aerial Terminal,FDH101009,fdh,,,,,
T1000166,terminal,Aerial Terminal,FDH101009,fdh,,,,,
T1000183,terminal,Aerial Terminal,FDH101009,fdh,,,,,
T1000166,terminal,Aerial Terminal,FDH101009,fdh,,,,,
T1000164,terminal,Aerial Terminal,FDH101009,fdh,,,,,
T1000187,terminal,Aerial Terminal,FDH101009,fdh,,,,,
T1000166,terminal,Aerial Terminal,FDH101009,fdh,,,,,
T1000293,terminal,Aerial Terminal,FDH101012,fdh,,,,,
T1000179,terminal,MST,FDH101009,fdh,,,,,
T1000163,terminal,Aerial Terminal,FDH101009,fdh,,,,,
T1000169,terminal,Aerial Terminal,FDH101009,fdh,,,,,
T1000182,terminal,Aerial Terminal,FDH101009,fdh,,,,,
T1000169,terminal,Aerial Terminal,FDH101009,fdh,,,,,
T1000168,terminal,Aerial Terminal,FDH101009,fdh,,,,,
T1000164,terminal,Aerial Terminal,FDH101009,fdh,,,,,
T1000164,terminal,Aerial Terminal,FDH101009,fdh,,,,,
T1000187,terminal,Aerial Terminal,FDH101009,fdh,,,,,
T1000167,terminal,Aerial Terminal,FDH101009,fdh,,,,,
T1000168,terminal,Aerial Terminal,FDH101009,fdh,,,,,
T1000169,terminal,Aerial Terminal,FDH101009,fdh,,,,,
T1000179,terminal,MST,FDH101009,fdh,,,,,
T1000183,terminal,Aerial Terminal,FDH101009,fdh,,,,,
T1000167,terminal,Aerial Terminal,FDH101009,fdh,,,,,
T1000183,terminal,Aerial Terminal,FDH101009,fdh,,,,,
T1000183,terminal,Aerial Terminal,FDH101009,fdh,,,,,
T1000163,terminal,Aerial Terminal,FDH101009,fdh,,,,,
T1000186,terminal,Aerial Terminal,FDH101009,fdh,,,,,
T1000186,terminal,Aerial Terminal,FDH101009,fdh,,,,,
T1000062,terminal,MST,FDH101009,fdh,,,,,
T1000169,terminal,Aerial Terminal,FDH101009,fdh,,,,,
T1000163,terminal,Aerial Terminal,FDH101009,fdh,,,,,
T1000163,terminal,Aerial Terminal,FDH101009,fdh,,,,,
T1000062,terminal,MST,FDH101009,fdh,,,,,
T1000061,terminal,MST,FDH101009,fdh,,,,,
T1000164,terminal,Aerial Terminal,FDH101009,fdh,,,,,
T1000163,terminal,Aerial Terminal,FDH101009,fdh,,,,,
T1000061,terminal,MST,FDH101009,fdh,,,,,
T1000061,terminal,MST,FDH101009,fdh,,,,,
T1000169,terminal,Aerial Terminal,FDH101009,fdh,,,,,
T1000062,terminal,MST,FDH101009,fdh,,,,,
T1000061,terminal,MST,FDH101009,fdh,,,,,
T1000169,terminal,Aerial Terminal,FDH101009,fdh,,,,,
T1000169,terminal,Aerial Terminal,FDH101009,fdh,,,,,
T1000062,terminal,MST,FDH101009,fdh,,,,,
T1000061,terminal,MST,FDH101009,fdh,,,,,
T1000186,terminal,Aerial Terminal,FDH101009,fdh,,,,,
T1000061,terminal,MST,FDH101009,fdh,,,,,
T1000062,terminal,MST,FDH101009,fdh,,,,,
T1000169,terminal,Aerial Terminal,FDH101009,fdh,,,,,
T1000062,terminal,MST,FDH101009,fdh,,,,,
T1000061,terminal,MST,FDH101009,fdh,,,,,
T1000164,terminal,Aerial Terminal,FDH101009,fdh,,,,,
T1000186,terminal,Aerial Terminal,FDH101009,fdh,,,,,
T1000062,terminal,MST,FDH101009,fdh,,,,,
T1000061,terminal,MST,FDH101009,fdh,,,,,
T1000061,terminal,MST,FDH101009,fdh,,,,,
T1000062,terminal,MST,FDH101009,fdh,,,,,
T1000187,terminal,Aerial Terminal,FDH101009,fdh,,,,,
T1000179,terminal,MST,FDH101009,fdh,,,,,
T1000186,terminal,Aerial Terminal,FDH101009,fdh,,,,,
T1000061,terminal,MST,FDH101009,fdh,,,,,
T1000062,terminal,MST,FDH101009,fdh,,,,,
T1000061,terminal,MST,FDH101009,fdh,,,,,
T1000062,terminal,MST,FDH101009,fdh,,,,,
T1000062,terminal,MST,FDH101009,fdh,,,,,
T1000023,terminal,MST,FDH101009,fdh,,,,,
T1000023,terminal,MST,FDH101009,fdh,,,,,
T1000023,terminal,MST,FDH101009,fdh,,,,,
T1000023,terminal,MST,FDH101009,fdh,,,,,
T1000023,terminal,MST,FDH101009,fdh,,,,,
T1000023,terminal,MST,FDH101009,fdh,,,,,
T1000023,terminal,MST,FDH101009,fdh,,,,,
T1000034,terminal,MST,FDH101009,fdh,,,,,
T1000034,terminal,MST,FDH101009,fdh,,,,,
T1000179,terminal,MST,FDH101009,fdh,,,,,
T1000034,terminal,MST,FDH101009,fdh,,,,,
T1000034,terminal,MST,FDH101009,fdh,,,,,
T1000169,terminal,Aerial Terminal,FDH101009,fdh,,,,,
T1000034,terminal,MST,FDH101009,fdh,,,,,
T1000179,terminal,MST,FDH101009,fdh,,,,,
T1000293,terminal,Aerial Terminal,FDH101012,fdh,,,,,
T1000179,terminal,MST,FDH101009,fdh,,,,,
T1000465,terminal,MST,FDH101009,fdh,,,,,
T1000465,terminal,MST,FDH101009,fdh,,,,,
T1000465,terminal,MST,FDH101009,fdh,,,,,
T1000277,terminal,Aerial Terminal,FDH101012,fdh,,,,,
T1000465,terminal,MST,FDH101009,fdh,,,,,
T1000465,terminal,MST,FDH101009,fdh,,,,,
T1000465,terminal,MST,FDH101009,fdh,,,,,
T1000465,terminal,MST,FDH101009,fdh,,,,,
T1000465,terminal,MST,FDH101009,fdh,,,,,
T1000465,terminal,MST,FDH101009,fdh,,,,,
T1000465,terminal,MST,FDH101009,fdh,,,,,
T1000465,terminal,MST,FDH101009,fdh,,,,,
T1000170,terminal,MST,FDH101009,fdh,,,,,
T1000170,terminal,MST,FDH101009,fdh,,,,,
T1000170,terminal,MST,FDH101009,fdh,,,,,
T1000170,terminal,MST,FDH101009,fdh,,,,,
T1000170,terminal,MST,FDH101009,fdh,,,,,
T1000293,terminal,Aerial Terminal,FDH101012,fdh,,,,,
T1000170,terminal,MST,FDH101009,fdh,,,,,
T1000277,terminal,Aerial Terminal,FDH101012,fdh,,,,,
T1000291,terminal,MST,FDH101012,fdh,,,,,
T1000282,terminal,Aerial Terminal,FDH101012,fdh,,,,,
T1000282,terminal,Aerial Terminal,FDH101012,fdh,,,,,
T1000170,terminal,MST,FDH101009,fdh,,,,,
T1000292,terminal,Aerial Terminal,FDH101012,fdh,,,,,
T1000282,terminal,Aerial Terminal,FDH101012,fdh,,,,,
T1000292,terminal,Aerial Terminal,FDH101012,fdh,,,,,
T1000292,terminal,Aerial Terminal,FDH101012,fdh,,,,,
T1000282,terminal,Aerial Terminal,FDH101012,fdh,,,,,
T1000260,terminal,Aerial Terminal,FDH101016,fdh,,,,,
T1000260,terminal,Aerial Terminal,FDH101016,fdh,,,,,
T1000257,terminal,Aerial Terminal,FDH101016,fdh,,,,,
T1000257,terminal,Aerial Terminal,FDH101016,fdh,,,,,
T1000257,terminal,Aerial Terminal,FDH101016,fdh,,,,,
T1000473,terminal,Aerial Terminal,FDH101016,fdh,,,,,
T1000228,terminal,MST,FDH101016,fdh,,,,,
T1000258,terminal,Aerial Terminal,FDH101016,fdh,,,,,
T1000258,terminal,Aerial Terminal,FDH101016,fdh,,,,,
T1000232,terminal,MST,FDH101016,fdh,,,,,
T1000256,terminal,Aerial Terminal,FDH101016,fdh,,,,,
T1000231,terminal,MST,FDH101016,fdh,,,,,
T1000231,terminal,MST,FDH101016,fdh,,,,,
T1000231,terminal,MST,FDH101016,fdh,,,,,
T1000231,terminal,MST,FDH101016,fdh,,,,,
T1000249,terminal,Aerial Terminal,FDH101016,fdh,,,,,
T1000230,terminal,MST,FDH101016,fdh,,,,,
T1000249,terminal,Aerial Terminal,FDH101016,fdh,,,,,
T1000230,terminal,MST,FDH101016,fdh,,,,,
T1000249,terminal,Aerial Terminal,FDH101016,fdh,,,,,
T1000230,terminal,MST,FDH101016,fdh,,,,,
T1000249,terminal,Aerial Terminal,FDH101016,fdh,,,,,
T1000249,terminal,Aerial Terminal,FDH101016,fdh,,,,,
T1000248,terminal,Aerial Terminal,FDH101016,fdh,,,,,
T1000230,terminal,MST,FDH101016,fdh,,,,,
T1000230,terminal,MST,FDH101016,fdh,,,,,
T1000249,terminal,Aerial Terminal,FDH101016,fdh,,,,,
T1000248,terminal,Aerial Terminal,FDH101016,fdh,,,,,
T1000248,terminal,Aerial Terminal,FDH101016,fdh,,,,,
T1000248,terminal,Aerial Terminal,FDH101016,fdh,,,,,
T1000249,terminal,Aerial Terminal,FDH101016,fdh,,,,,
T1000229,terminal,Aerial Terminal,FDH101016,fdh,,,,,
T1000229,terminal,Aerial Terminal,FDH101016,fdh,,,,,
T1000229,terminal,Aerial Terminal,FDH101016,fdh,,,,,
T1000248,terminal,Aerial Terminal,FDH101016,fdh,,,,,
T1000229,terminal,Aerial Terminal,FDH101016,fdh,,,,,
T1000247,terminal,Aerial Terminal,FDH101016,fdh,,,,,
T1000247,terminal,Aerial Terminal,FDH101016,fdh,,,,,
T1000229,terminal,Aerial Terminal,FDH101016,fdh,,,,,
T1000247,terminal,Aerial Terminal,FDH101016,fdh,,,,,
T1000229,terminal,Aerial Terminal,FDH101016,fdh,,,,,
T1000247,terminal,Aerial Terminal,FDH101016,fdh,,,,,
T1000247,terminal,Aerial Terminal,FDH101016,fdh,,,,,
T1000246,terminal,Aerial Terminal,FDH101016,fdh,,,,,
T1000246,terminal,Aerial Terminal,FDH101016,fdh,,,,,
T1000246,terminal,Aerial Terminal,FDH101016,fdh,,,,,
T1000246,terminal,Aerial Terminal,FDH101016,fdh,,,,,
T1000246,terminal,Aerial Terminal,FDH101016,fdh,,,,,
T1000245,terminal,Aerial Terminal,FDH101016,fdh,,,,,
T1000245,terminal,Aerial Terminal,FDH101016,fdh,,,,,
T1000245,terminal,Aerial Terminal,FDH101016,fdh,,,,,
T1000245,terminal,Aerial Terminal,FDH101016,fdh,,,,,
T1000245,terminal,Aerial Terminal,FDH101016,fdh,,,,,
T1000245,terminal,Aerial Terminal,FDH101016,fdh,,,,,
T1000229,terminal,Aerial Terminal,FDH101016,fdh,,,,,
T1000244,terminal,Aerial Terminal,FDH101016,fdh,,,,,
T1000244,terminal,Aerial Terminal,FDH101016,fdh,,,,,
T1000244,terminal,Aerial Terminal,FDH101016,fdh,,,,,
T1000244,terminal,Aerial Terminal,FDH101016,fdh,,,,,
T1000244,terminal,Aerial Terminal,FDH101016,fdh,,,,,
T1000254,terminal,Aerial Terminal,FDH101016,fdh,,,,,
T1000254,terminal,Aerial Terminal,FDH101016,fdh,,,,,
T1000244,terminal,Aerial Terminal,FDH101016,fdh,,,,,
T1000244,terminal,Aerial Terminal,FDH101016,fdh,,,,,
T1000243,terminal,Aerial Terminal,FDH101016,fdh,,,,,
T1000243,terminal,Aerial Terminal,FDH101016,fdh,,,,,
T1000243,terminal,Aerial Terminal,FDH101016,fdh,,,,,
T1000243,terminal,Aerial Terminal,FDH101016,fdh,,,,,
T1000243,terminal,Aerial Terminal,FDH101016,fdh,,,,,
T1000243,terminal,Aerial Terminal,FDH101016,fdh,,,,,
T1000243,terminal,Aerial Terminal,FDH101016,fdh,,,,,
T1000243,terminal,Aerial Terminal,FDH101016,fdh,,,,,
T1000243,terminal,Aerial Terminal,FDH101016,fdh,,,,,
T1000243,terminal,Aerial Terminal,FDH101016,fdh,,,,,
T1000242,terminal,Aerial Terminal,FDH101016,fdh,,,,,
T1000253,terminal,Aerial Terminal,FDH101016,fdh,,,,,
T1000242,terminal,Aerial Terminal,FDH101016,fdh,,,,,
T1000242,terminal,Aerial Terminal,FDH101016,fdh,,,,,
T1000242,terminal,Aerial Terminal,FDH101016,fdh,,,,,
T1000242,terminal,Aerial Terminal,FDH101016,fdh,,,,,
T1000253,terminal,Aerial Terminal,FDH101016,fdh,,,,,
T1000242,terminal,Aerial Terminal,FDH101016,fdh,,,,,
T1000241,terminal,Aerial Terminal,FDH101016,fdh,,,,,
T1000241,terminal,Aerial Terminal,FDH101016,fdh,,,,,
T1000253,terminal,Aerial Terminal,FDH101016,fdh,,,,,
T1000241,terminal,Aerial Terminal,FDH101016,fdh,,,,,
T1000241,terminal,Aerial Terminal,FDH101016,fdh,,,,,
T1000253,terminal,Aerial Terminal,FDH101016,fdh,,,,,
T1000253,terminal,Aerial Terminal,FDH101016,fdh,,,,,
T1000241,terminal,Aerial Terminal,FDH101016,fdh,,,,,
T1000240,terminal,Aerial Terminal,FDH101016,fdh,,,,,
T1000240,terminal,Aerial Terminal,FDH101016,fdh,,,,,
T1000240,terminal,Aerial Terminal,FDH101016,fdh,,,,,
T1000240,terminal,Aerial Terminal,FDH101016,fdh,,,,,
T1000240,terminal,Aerial Terminal,FDH101016,fdh,,,,,
T1000240,terminal,Aerial Terminal,FDH101016,fdh,,,,,
T1000240,terminal,Aerial Terminal,FDH101016,fdh,,,,,
T1000239,terminal,Aerial Terminal,FDH101016,fdh,,,,,
T1000239,terminal,Aerial Terminal,FDH101016,fdh,,,,,
T1000239,terminal,Aerial Terminal,FDH101016,fdh,,,,,
T1000239,terminal,Aerial Terminal,FDH101016,fdh,,,,,
T1000255,terminal,Aerial Terminal,FDH101016,fdh,,,,,
T1000238,terminal,Aerial Terminal,FDH101016,fdh,,,,,
T1000238,terminal,Aerial Terminal,FDH101016,fdh,,,,,
T1000238,terminal,Aerial Terminal,FDH101016,fdh,,,,,
T1000238,terminal,Aerial Terminal,FDH101016,fdh,,,,,
T1000238,terminal,Aerial Terminal,FDH101016,fdh,,,,,
T1000238,terminal,Aerial Terminal,FDH101016,fdh,,,,,
T1000252,terminal,Aerial Terminal,FDH101016,fdh,,,,,
T1000252,terminal,Aerial Terminal,FDH101016,fdh,,,,,
T1000237,terminal,Aerial Terminal,FDH101016,fdh,,,,,
T1000237,terminal,Aerial Terminal,FDH101016,fdh,,,,,
T1000252,terminal,Aerial Terminal,FDH101016,fdh,,,,,
T1000237,terminal,Aerial Terminal,FDH101016,fdh,,,,,
T1000237,terminal,Aerial Terminal,FDH101016,fdh,,,,,
T1000252,terminal,Aerial Terminal,FDH101016,fdh,,,,,
T1000237,terminal,Aerial Terminal,FDH101016,fdh,,,,,
T1000251,terminal,Aerial Terminal,FDH101016,fdh,,,,,
T1000236,terminal,Aerial Terminal,FDH101016,fdh,,,,,
T1000235,terminal,Aerial Terminal,FDH101016,fdh,,,,,
T1000250,terminal,Aerial Terminal,FDH101016,fdh,,,,,
T1000235,terminal,Aerial Terminal,FDH101016,fdh,,,,,
T1000235,terminal,Aerial Terminal,FDH101016,fdh,,,,,
T1000233,terminal,Aerial Terminal,FDH101016,fdh,,,,,
T1000233,terminal,Aerial Terminal,FDH101016,fdh,,,,,
T1000234,terminal,Aerial Terminal,FDH101016,fdh,,,,,
T1000233,terminal,Aerial Terminal,FDH101016,fdh,,,,,
T1000220,terminal,Aerial Terminal,FDH101003,fdh,,,,,
T1000219,terminal,Aerial Terminal,FDH101003,fdh,,,,,
T1000220,terminal,Aerial Terminal,FDH101003,fdh,,,,,
T1000219,terminal,Aerial Terminal,FDH101003,fdh,,,,,
T1000219,terminal,Aerial Terminal,FDH101003,fdh,,,,,
T1000220,terminal,Aerial Terminal,FDH101003,fdh,,,,,
T1000219,terminal,Aerial Terminal,FDH101003,fdh,,,,,
T1000220,terminal,Aerial Terminal,FDH101003,fdh,,,,,
T1000219,terminal,Aerial Terminal,FDH101003,fdh,,,,,
T1000220,terminal,Aerial Terminal,FDH101003,fdh,,,,,
T1000220,terminal,Aerial Terminal,FDH101003,fdh,,,,,
T1000219,terminal,Aerial Terminal,FDH101003,fdh,,,,,
T1000219,terminal,Aerial Terminal,FDH101003,fdh,,,,,
T1000220,terminal,Aerial Terminal,FDH101003,fdh,,,,,
T1000219,terminal,Aerial Terminal,FDH101003,fdh,,,,,
T1000218,terminal,Aerial Terminal,FDH101003,fdh,,,,,
T1000221,terminal,Aerial Terminal,FDH101003,fdh,,,,,
T1000220,terminal,Aerial Terminal,FDH101003,fdh,,,,,
T1000219,terminal,Aerial Terminal,FDH101003,fdh,,,,,
T1000218,terminal,Aerial Terminal,FDH101003,fdh,,,,,
T1000220,terminal,Aerial Terminal,FDH101003,fdh,,,,,
T1000221,terminal,Aerial Terminal,FDH101003,fdh,,,,,
T1000218,terminal,Aerial Terminal,FDH101003,fdh,,,,,
T1000219,terminal,Aerial Terminal,FDH101003,fdh,,,,,
T1000220,terminal,Aerial Terminal,FDH101003,fdh,,,,,
T1000221,terminal,Aerial Terminal,FDH101003,fdh,,,,,
T1000218,terminal,Aerial Terminal,FDH101003,fdh,,,,,
T1000220,terminal,Aerial Terminal,FDH101003,fdh,,,,,
T1000221,terminal,Aerial Terminal,FDH101003,fdh,,,,,
T1000218,terminal,Aerial Terminal,FDH101003,fdh,,,,,
T1000221,terminal,Aerial Terminal,FDH101003,fdh,,,,,
T1000218,terminal,Aerial Terminal,FDH101003,fdh,,,,,
T1000218,terminal,Aerial Terminal,FDH101003,fdh,,,,,
T1000226,terminal,MST,FDH101003,fdh,,,,,
T1000226,terminal,MST,FDH101003,fdh,,,,,
T1000218,terminal,Aerial Terminal,FDH101003,fdh,,,,,
T1000471,terminal,Aerial Terminal,FDH101003,fdh,,,,,
T1000221,terminal,Aerial Terminal,FDH101003,fdh,,,,,
T1000226,terminal,MST,FDH101003,fdh,,,,,
T1000226,terminal,MST,FDH101003,fdh,,,,,
T1000212,terminal,Aerial Terminal,FDH101003,fdh,,,,,
T1000218,terminal,Aerial Terminal,FDH101003,fdh,,,,,
T1000221,terminal,Aerial Terminal,FDH101003,fdh,,,,,
T1000471,terminal,Aerial Terminal,FDH101003,fdh,,,,,
T1000212,terminal,Aerial Terminal,FDH101003,fdh,,,,,
T1000223,terminal,Aerial Terminal,FDH101003,fdh,,,,,
T1000221,terminal,Aerial Terminal,FDH101003,fdh,,,,,
T1000471,terminal,Aerial Terminal,FDH101003,fdh,,,,,
T1000221,terminal,Aerial Terminal,FDH101003,fdh,,,,,
T1000226,terminal,MST,FDH101003,fdh,,,,,
T1000223,terminal,Aerial Terminal,FDH101003,fdh,,,,,
T1000212,terminal,Aerial Terminal,FDH101003,fdh,,,,,
T1000212,terminal,Aerial Terminal,FDH101003,fdh,,,,,
T1000221,terminal,Aerial Terminal,FDH101003,fdh,,,,,
T1000223,terminal,Aerial Terminal,FDH101003,fdh,,,,,
T1000226,terminal,MST,FDH101003,fdh,,,,,
T1000223,terminal,Aerial Terminal,FDH101003,fdh,,,,,
T1000223,terminal,Aerial Terminal,FDH101003,fdh,,,,,
T1000471,terminal,Aerial Terminal,FDH101003,fdh,,,,,
T1000212,terminal,Aerial Terminal,FDH101003,fdh,,,,,
T1000224,terminal,Aerial Terminal,FDH101003,fdh,,,,,
T1000224,terminal,Aerial Terminal,FDH101003,fdh,,,,,
T1000223,terminal,Aerial Terminal,FDH101003,fdh,,,,,
T1000224,terminal,Aerial Terminal,FDH101003,fdh,,,,,
T1000222,terminal,MST,FDH101003,fdh,,,,,
T1000212,terminal,Aerial Terminal,FDH101003,fdh,,,,,
T1000223,terminal,Aerial Terminal,FDH101003,fdh,,,,,
T1000224,terminal,Aerial Terminal,FDH101003,fdh,,,,,
T1000213,terminal,Aerial Terminal,FDH101003,fdh,,,,,
T1000224,terminal,Aerial Terminal,FDH101003,fdh,,,,,
T1000224,terminal,Aerial Terminal,FDH101003,fdh,,,,,
T1000224,terminal,Aerial Terminal,FDH101003,fdh,,,,,
T1000212,terminal,Aerial Terminal,FDH101003,fdh,,,,,
T1000223,terminal,Aerial Terminal,FDH101003,fdh,,,,,
T1000471,terminal,Aerial Terminal,FDH101003,fdh,,,,,
T1000213,terminal,Aerial Terminal,FDH101003,fdh,,,,,
T1000213,terminal,Aerial Terminal,FDH101003,fdh,,,,,
T1000212,terminal,Aerial Terminal,FDH101003,fdh,,,,,
T1000224,terminal,Aerial Terminal,FDH101003,fdh,,,,,
T1000224,terminal,Aerial Terminal,FDH101003,fdh,,,,,
T1000224,terminal,Aerial Terminal,FDH101003,fdh,,,,,
T1000214,terminal,Aerial Terminal,FDH101003,fdh,,,,,
T1000213,terminal,Aerial Terminal,FDH101003,fdh,,,,,
T1000214,terminal,Aerial Terminal,FDH101003,fdh,,,,,
T1000214,terminal,Aerial Terminal,FDH101003,fdh,,,,,
T1000214,terminal,Aerial Terminal,FDH101003,fdh,,,,,
T1000213,terminal,Aerial Terminal,FDH101003,fdh,,,,,
T1000222,terminal,MST,FDH101003,fdh,,,,,
T1000214,terminal,Aerial Terminal,FDH101003,fdh,,,,,
T1000214,terminal,Aerial Terminal,FDH101003,fdh,,,,,
T1000214,terminal,Aerial Terminal,FDH101003,fdh,,,,,
T1000214,terminal,Aerial Terminal,FDH101003,fdh,,,,,
T1000225,terminal,Aerial Terminal,FDH101003,fdh,,,,,
T1000467,terminal,MST,FDH101003,fdh,,,,,
T1000217,terminal,Aerial Terminal,FDH101003,fdh,,,,,
T1000214,terminal,Aerial Terminal,FDH101003,fdh,,,,,
T1000224,terminal,Aerial Terminal,FDH101003,fdh,,,,,
T1000154,terminal,Aerial Terminal,FDH101003,fdh,,,,,
T1000154,terminal,Aerial Terminal,FDH101003,fdh,,,,,
T1000214,terminal,Aerial Terminal,FDH101003,fdh,,,,,
T1000214,terminal,Aerial Terminal,FDH101003,fdh,,,,,
T1000225,terminal,Aerial Terminal,FDH101003,fdh,,,,,
T1000217,terminal,Aerial Terminal,FDH101003,fdh,,,,,
T1000225,terminal,Aerial Terminal,FDH101003,fdh,,,,,
T1000467,terminal,MST,FDH101003,fdh,,,,,
T1000215,terminal,Aerial Terminal,FDH101003,fdh,,,,,
T1000154,terminal,Aerial Terminal,FDH101003,fdh,,,,,
T1000215,terminal,Aerial Terminal,FDH101003,fdh,,,,,
T1000215,terminal,Aerial Terminal,FDH101003,fdh,,,,,
T1000215,terminal,Aerial Terminal,FDH101003,fdh,,,,,
T1000215,terminal,Aerial Terminal,FDH101003,fdh,,,,,
T1000215,terminal,Aerial Terminal,FDH101003,fdh,,,,,
T1000141,terminal,Aerial Terminal,FDH101003,fdh,,,,,
T1000141,terminal,Aerial Terminal,FDH101003,fdh,,,,,
T1000215,terminal,Aerial Terminal,FDH101003,fdh,,,,,
T1000141,terminal,Aerial Terminal,FDH101003,fdh,,,,,
T1000141,terminal,Aerial Terminal,FDH101003,fdh,,,,,
T1000141,terminal,Aerial Terminal,FDH101003,fdh,,,,,
T1000141,terminal,Aerial Terminal,FDH101003,fdh,,,,,
T1000215,terminal,Aerial Terminal,FDH101003,fdh,,,,,
T1000216,terminal,Aerial Terminal,FDH101003,fdh,,,,,
T1000215,terminal,Aerial Terminal,FDH101003,fdh,,,,,
T1000216,terminal,Aerial Terminal,FDH101003,fdh,,,,,
T1000216,terminal,Aerial Terminal,FDH101003,fdh,,,,,
T1000215,terminal,Aerial Terminal,FDH101003,fdh,,,,,
T1000211,terminal,Aerial Terminal,FDH101003,fdh,,,,,
T1000216,terminal,Aerial Terminal,FDH101003,fdh,,,,,
T1000216,terminal,Aerial Terminal,FDH101003,fdh,,,,,
T1000211,terminal,Aerial Terminal,FDH101003,fdh,,,,,
T1000216,terminal,Aerial Terminal,FDH101003,fdh,,,,,
T1000216,terminal,Aerial Terminal,FDH101003,fdh,,,,,
T1000144,terminal,Aerial Terminal,FDH101003,fdh,,,,,
T1000145,terminal,Aerial Terminal,FDH101003,fdh,,,,,
T1000216,terminal,Aerial Terminal,FDH101003,fdh,,,,,
T1000144,terminal,Aerial Terminal,FDH101003,fdh,,,,,
T1000211,terminal,Aerial Terminal,FDH101003,fdh,,,,,
T1000145,terminal,Aerial Terminal,FDH101003,fdh,,,,,
T1000140,terminal,Aerial Terminal,FDH101003,fdh,,,,,
T1000140,terminal,Aerial Terminal,FDH101003,fdh,,,,,
T1000140,terminal,Aerial Terminal,FDH101003,fdh,,,,,
T1000140,terminal,Aerial Terminal,FDH101003,fdh,,,,,
T1000140,terminal,Aerial Terminal,FDH101003,fdh,,,,,
T1000145,terminal,Aerial Terminal,FDH101003,fdh,,,,,
T1000145,terminal,Aerial Terminal,FDH101003,fdh,,,,,
T1000464,terminal,Aerial Terminal,FDH101003,fdh,,,,,
T1000153,terminal,MST,FDH101003,fdh,,,,,
T1000153,terminal,MST,FDH101003,fdh,,,,,
T1000153,terminal,MST,FDH101003,fdh,,,,,
T1000147,terminal,Aerial Terminal,FDH101003,fdh,,,,,
T1000147,terminal,Aerial Terminal,FDH101003,fdh,,,,,
T1000464,terminal,Aerial Terminal,FDH101003,fdh,,,,,
T1000464,terminal,Aerial Terminal,FDH101003,fdh,,,,,
T1000464,terminal,Aerial Terminal,FDH101003,fdh,,,,,
T1000153,terminal,MST,FDH101003,fdh,,,,,
T1000153,terminal,MST,FDH101003,fdh,,,,,
T1000147,terminal,Aerial Terminal,FDH101003,fdh,,,,,
T1000153,terminal,MST,FDH101003,fdh,,,,,
T1000147,terminal,Aerial Terminal,FDH101003,fdh,,,,,
T1000464,terminal,Aerial Terminal,FDH101003,fdh,,,,,
T1000147,terminal,Aerial Terminal,FDH101003,fdh,,,,,
T1000464,terminal,Aerial Terminal,FDH101003,fdh,,,,,
T1000142,terminal,MST,FDH101003,fdh,,,,,
T1000464,terminal,Aerial Terminal,FDH101003,fdh,,,,,
T1000152,terminal,Aerial Terminal,FDH101003,fdh,,,,,
T1000139,terminal,MST,FDH101003,fdh,,,,,
T1000142,terminal,MST,FDH101003,fdh,,,,,
T1000152,terminal,Aerial Terminal,FDH101003,fdh,,,,,
T1000463,terminal,MST,FDH101003,fdh,,,,,
T1000142,terminal,MST,FDH101003,fdh,,,,,
T1000142,terminal,MST,FDH101003,fdh,,,,,
T1000463,terminal,MST,FDH101003,fdh,,,,,
T1000142,terminal,MST,FDH101003,fdh,,,,,
T1000139,terminal,MST,FDH101003,fdh,,,,,
T1000142,terminal,MST,FDH101003,fdh,,,,,
T1000138,terminal,MST,FDH101003,fdh,,,,,
T1000139,terminal,MST,FDH101003,fdh,,,,,
T1000138,terminal,MST,FDH101003,fdh,,,,,
T1000138,terminal,MST,FDH101003,fdh,,,,,
T1000142,terminal,MST,FDH101003,fdh,,,,,
T1000463,terminal,MST,FDH101003,fdh,,,,,
T1000138,terminal,MST,FDH101003,fdh,,,,,
T1000138,terminal,MST,FDH101003,fdh,,,,,
T1000138,terminal,MST,FDH101003,fdh,,,,,
T1000138,terminal,MST,FDH101003,fdh,,,,,
T1000463,terminal,MST,FDH101003,fdh,,,,,
T1000463,terminal,MST,FDH101003,fdh,,,,,
T1000150,terminal,Aerial Terminal,FDH101003,fdh,,,,,
T1000463,terminal,MST,FDH101003,fdh,,,,,
T1000463,terminal,MST,FDH101003,fdh,,,,,
T1000150,terminal,Aerial Terminal,FDH101003,fdh,,,,,
T1000048,terminal,MST,FDH101005,fdh,,,,,
T1000082,terminal,Aerial Terminal,FDH101008,fdh,,,,,
T1000042,terminal,Aerial Terminal,FDH101008,fdh,,,,,
T1000042,terminal,Aerial Terminal,FDH101008,fdh,,,,,
T1000042,terminal,Aerial Terminal,FDH101008,fdh,,,,,
T1000530,terminal,Aerial Terminal,FDH102002,fdh,,,,,
T1000529,terminal,Aerial Terminal,FDH102002,fdh,,,,,
T1000529,terminal,Aerial Terminal,FDH102002,fdh,,,,,
T1000528,terminal,Aerial Terminal,FDH102002,fdh,,,,,
T1000528,terminal,Aerial Terminal,FDH102002,fdh,,,,,
T1000527,terminal,Aerial Terminal,FDH102002,fdh,,,,,
T1000526,terminal,Aerial Terminal,FDH102002,fdh,,,,,
T1000526,terminal,Aerial Terminal,FDH102002,fdh,,,,,
T1000525,terminal,Aerial Terminal,FDH102002,fdh,,,,,
T1000525,terminal,Aerial Terminal,FDH102002,fdh,,,,,
T1000524,terminal,Aerial Terminal,FDH102002,fdh,,,,,
T1000525,terminal,Aerial Terminal,FDH102002,fdh,,,,,
T1000523,terminal,Aerial Terminal,FDH102002,fdh,,,,,
T1000523,terminal,Aerial Terminal,FDH102002,fdh,,,,,
T1000522,terminal,Aerial Terminal,FDH102002,fdh,,,,,
T1000521,terminal,Aerial Terminal,FDH102002,fdh,,,,,
T1000521,terminal,Aerial Terminal,FDH102002,fdh,,,,,
T1000520,terminal,Aerial Terminal,FDH102002,fdh,,,,,
T1000519,terminal,Aerial Terminal,FDH102002,fdh,,,,,
T1000519,terminal,Aerial Terminal,FDH102002,fdh,,,,,
T1000553,terminal,MST,FDH102002,fdh,,,,,
T1000553,terminal,MST,FDH102002,fdh,,,,,
T1000553,terminal,MST,FDH102002,fdh,,,,,
T1000553,terminal,MST,FDH102002,fdh,,,,,
T1000553,terminal,MST,FDH102002,fdh,,,,,
T1000553,terminal,MST,FDH102002,fdh,,,,,
T1000553,terminal,MST,FDH102002,fdh,,,,,
T1000533,terminal,MST,FDH102002,fdh,,,,,
T1000534,terminal,MST,FDH102002,fdh,,,,,
T1000534,terminal,MST,FDH102002,fdh,,,,,
T1000535,terminal,MST,FDH102002,fdh,,,,,
T1000534,terminal,MST,FDH102002,fdh,,,,,
T1000535,terminal,MST,FDH102002,fdh,,,,,
T1000535,terminal,MST,FDH102002,fdh,,,,,
T1000534,terminal,MST,FDH102002,fdh,,,,,
T1000535,terminal,MST,FDH102002,fdh,,,,,
T1000535,terminal,MST,FDH102002,fdh,,,,,
T1000536,terminal,MST,FDH102002,fdh,,,,,
T1000532,terminal,MST,FDH102002,fdh,,,,,
T1000531,terminal,Aerial Terminal,FDH102002,fdh,,,,,
T1000547,terminal,MST,FDH102002,fdh,,,,,
T1000547,terminal,MST,FDH102002,fdh,,,,,
T1000547,terminal,MST,FDH102002,fdh,,,,,
T1000547,terminal,MST,FDH102002,fdh,,,,,
T1000547,terminal,MST,FDH102002,fdh,,,,,
T1000547,terminal,MST,FDH102002,fdh,,,,,
T1000547,terminal,MST,FDH102002,fdh,,,,,
T1000548,terminal,MST,FDH102002,fdh,,,,,
T1000548,terminal,MST,FDH102002,fdh,,,,,
T1000548,terminal,MST,FDH102002,fdh,,,,,
T1000548,terminal,MST,FDH102002,fdh,,,,,
T1000551,terminal,Aerial Terminal,FDH102002,fdh,,,,,
T1000551,terminal,Aerial Terminal,FDH102002,fdh,,,,,
T1000551,terminal,Aerial Terminal,FDH102002,fdh,,,,,
T1000551,terminal,Aerial Terminal,FDH102002,fdh,,,,,
T1000550,terminal,Aerial Terminal,FDH102002,fdh,,,,,
T1000550,terminal,Aerial Terminal,FDH102002,fdh,,,,,
T1000550,terminal,Aerial Terminal,FDH102002,fdh,,,,,
T1000546,terminal,Aerial Terminal,FDH102002,fdh,,,,,
T1000546,terminal,Aerial Terminal,FDH102002,fdh,,,,,
T1000546,terminal,Aerial Terminal,FDH102002,fdh,,,,,
T1000546,terminal,Aerial Terminal,FDH102002,fdh,,,,,
T1000546,terminal,Aerial Terminal,FDH102002,fdh,,,,,
T1000546,terminal,Aerial Terminal,FDH102002,fdh,,,,,
T1000545,terminal,Aerial Terminal,FDH102002,fdh,,,,,
T1000545,terminal,Aerial Terminal,FDH102002,fdh,,,,,
T1000545,terminal,Aerial Terminal,FDH102002,fdh,,,,,
T1000538,terminal,Aerial Terminal,FDH102002,fdh,,,,,
T1000537,terminal,Aerial Terminal,FDH102002,fdh,,,,,
T1000537,terminal,Aerial Terminal,FDH102002,fdh,,,,,
T1000544,terminal,MST,FDH102002,fdh,,,,,
T1000555,terminal,MST,FDH102002,fdh,,,,,
T1000539,terminal,MST,FDH102002,fdh,,,,,
T1000540,terminal,MST,FDH102002,fdh,,,,,
T1000541,terminal,MST,FDH102002,fdh,,,,,
T1000542,terminal,MST,FDH102002,fdh,,,,,
T1000529,terminal,Aerial Terminal,FDH102002,fdh,,,,,
T1000554,terminal,MST,FDH102002,fdh,,,,,
T1000999,terminal,Aerial Terminal,FDH102002,fdh,,,,,
T1000543,terminal,Aerial Terminal,FDH102002,fdh,,,,,
T1000543,terminal,Aerial Terminal,FDH102002,fdh,,,,,
T1000543,terminal,Aerial Terminal,FDH102002,fdh,,,,,
T1000552,terminal,Aerial Terminal,FDH102002,fdh,,,,,
T1000552,terminal,Aerial Terminal,FDH102002,fdh,,,,,
T1000552,terminal,Aerial Terminal,FDH102002,fdh,,,,,
T1000552,terminal,Aerial Terminal,FDH102002,fdh,,,,,
T1000552,terminal,Aerial Terminal,FDH102002,fdh,,,,,
T1000548,terminal,MST,FDH102002,fdh,,,,,
T1000554,terminal,MST,FDH102002,fdh,,,,,
T1000554,terminal,MST,FDH102002,fdh,,,,,
T1000554,terminal,MST,FDH102002,fdh,,,,,
T1000554,terminal,MST,FDH102002,fdh,,,,,
T1000554,terminal,MST,FDH102002,fdh,,,,,
T1000540,terminal,MST,FDH102002,fdh,,,,,
T1000544,terminal,MST,FDH102002,fdh,,,,,
T1000544,terminal,MST,FDH102002,fdh,,,,,
T1000491,terminal,Aerial Terminal,FDH102002,fdh,,,,,
T1000491,terminal,Aerial Terminal,FDH102002,fdh,,,,,
T1000492,terminal,Aerial Terminal,FDH102002,fdh,,,,,
T1000492,terminal,Aerial Terminal,FDH102002,fdh,,,,,
T1000492,terminal,Aerial Terminal,FDH102002,fdh,,,,,
T1000493,terminal,Aerial Terminal,FDH102002,fdh,,,,,
T1000493,terminal,Aerial Terminal,FDH102002,fdh,,,,,
T1000494,terminal,Aerial Terminal,FDH102002,fdh,,,,,
T1000511,terminal,MST,FDH102002,fdh,,,,,
T1000511,terminal,MST,FDH102002,fdh,,,,,
T1000511,terminal,MST,FDH102002,fdh,,,,,
T1000515,terminal,MST,FDH102002,fdh,,,,,
T1000515,terminal,MST,FDH102002,fdh,,,,,
T1000515,terminal,MST,FDH102002,fdh,,,,,
T1000498,terminal,MST,FDH102001,fdh,,,,,
T1000498,terminal,MST,FDH102001,fdh,,,,,
T1000498,terminal,MST,FDH102001,fdh,,,,,
T1000498,terminal,MST,FDH102001,fdh,,,,,
T1000498,terminal,MST,FDH102001,fdh,,,,,
T1000498,terminal,MST,FDH102001,fdh,,,,,
T1000498,terminal,MST,FDH102001,fdh,,,,,
T1000499,terminal,MST,FDH102001,fdh,,,,,
T1000499,terminal,MST,FDH102001,fdh,,,,,
T1000499,terminal,MST,FDH102001,fdh,,,,,
T1000499,terminal,MST,FDH102001,fdh,,,,,
T1000500,terminal,Aerial Terminal,FDH102001,fdh,,,,,
T1000500,terminal,Aerial Terminal,FDH102001,fdh,,,,,
T1000500,terminal,Aerial Terminal,FDH102001,fdh,,,,,
T1000500,terminal,Aerial Terminal,FDH102001,fdh,,,,,
T1000500,terminal,Aerial Terminal,FDH102001,fdh,,,,,
T1000501,terminal,Aerial Terminal,FDH102001,fdh,,,,,
T1000501,terminal,Aerial Terminal,FDH102001,fdh,,,,,
T1000501,terminal,Aerial Terminal,FDH102001,fdh,,,,,
T1000501,terminal,Aerial Terminal,FDH102001,fdh,,,,,
T1000502,terminal,Aerial Terminal,FDH102001,fdh,,,,,
T1000502,terminal,Aerial Terminal,FDH102001,fdh,,,,,
T1000502,terminal,Aerial Terminal,FDH102001,fdh,,,,,
T1000502,terminal,Aerial Terminal,FDH102001,fdh,,,,,
T1000502,terminal,Aerial Terminal,FDH102001,fdh,,,,,
T1000502,terminal,Aerial Terminal,FDH102001,fdh,,,,,
T1000503,terminal,Aerial Terminal,FDH102001,fdh,,,,,
T1000503,terminal,Aerial Terminal,FDH102001,fdh,,,,,
T1000503,terminal,Aerial Terminal,FDH102001,fdh,,,,,
T1000503,terminal,Aerial Terminal,FDH102001,fdh,,,,,
T1000503,terminal,Aerial Terminal,FDH102001,fdh,,,,,
T1000503,terminal,Aerial Terminal,FDH102001,fdh,,,,,
T1000503,terminal,Aerial Terminal,FDH102001,fdh,,,,,
T1000504,terminal,Aerial Terminal,FDH102001,fdh,,,,,
T1000504,terminal,Aerial Terminal,FDH102001,fdh,,,,,
T1000504,terminal,Aerial Terminal,FDH102001,fdh,,,,,
T1000504,terminal,Aerial Terminal,FDH102001,fdh,,,,,
T1000504,terminal,Aerial Terminal,FDH102001,fdh,,,,,
T1000505,terminal,Aerial Terminal,FDH102001,fdh,,,,,
T1000505,terminal,Aerial Terminal,FDH102001,fdh,,,,,
T1000513,terminal,Aerial Terminal,FDH102001,fdh,,,,,
T1000513,terminal,Aerial Terminal,FDH102001,fdh,,,,,
T1000513,terminal,Aerial Terminal,FDH102001,fdh,,,,,
T1000513,terminal,Aerial Terminal,FDH102001,fdh,,,,,
T1000513,terminal,Aerial Terminal,FDH102001,fdh,,,,,
T1000507,terminal,Aerial Terminal,FDH102001,fdh,,,,,
T1000506,terminal,Aerial Terminal,FDH102001,fdh,,,,,
T1000506,terminal,Aerial Terminal,FDH102001,fdh,,,,,
T1000506,terminal,Aerial Terminal,FDH102001,fdh,,,,,
T1000507,terminal,Aerial Terminal,FDH102001,fdh,,,,,
T1000512,terminal,Aerial Terminal,FDH102001,fdh,,,,,
T1000512,terminal,Aerial Terminal,FDH102001,fdh,,,,,
T1000512,terminal,Aerial Terminal,FDH102001,fdh,,,,,
T1000512,terminal,Aerial Terminal,FDH102001,fdh,,,,,
T1000512,terminal,Aerial Terminal,FDH102001,fdh,,,,,
T1000509,terminal,Aerial Terminal,FDH102001,fdh,,,,,
T1000509,terminal,Aerial Terminal,FDH102001,fdh,,,,,
T1000509,terminal,Aerial Terminal,FDH102001,fdh,,,,,
T1000509,terminal,Aerial Terminal,FDH102001,fdh,,,,,
T1000510,terminal,Aerial Terminal,FDH102001,fdh,,,,,
T1000510,terminal,Aerial Terminal,FDH102001,fdh,,,,,
T1000510,terminal,Aerial Terminal,FDH102001,fdh,,,,,
T1000510,terminal,Aerial Terminal,FDH102001,fdh,,,,,
T1000510,terminal,Aerial Terminal,FDH102001,fdh,,,,,
T1000510,terminal,Aerial Terminal,FDH102001,fdh,,,,,
T1000510,terminal,Aerial Terminal,FDH102001,fdh,,,,,
T1000508,terminal,Aerial Terminal,FDH102001,fdh,,,,,
T1000508,terminal,Aerial Terminal,FDH102001,fdh,,,,,
T1000508,terminal,Aerial Terminal,FDH102001,fdh,,,,,
T1000508,terminal,Aerial Terminal,FDH102001,fdh,,,,,
T1000508,terminal,Aerial Terminal,FDH102001,fdh,,,,,
T1000516,terminal,MST,FDH102001,fdh,,,,,
T1000516,terminal,MST,FDH102001,fdh,,,,,
T1000516,terminal,MST,FDH102001,fdh,,,,,
T1000516,terminal,MST,FDH102001,fdh,,,,,
T1000516,terminal,MST,FDH102001,fdh,,,,,
T1000516,terminal,MST,FDH102001,fdh,,,,,
T1000496,terminal,MST,FDH102002,fdh,,,,,
T1000495,terminal,MST,FDH102002,fdh,,,,,
T1000495,terminal,MST,FDH102002,fdh,,,,,
T1000517,terminal,Aerial Terminal,FDH102002,fdh,,,,,
T1000506,terminal,Aerial Terminal,FDH102001,fdh,,,,,
T1000506,terminal,Aerial Terminal,FDH102001,fdh,,,,,
T1000507,terminal,Aerial Terminal,FDH102001,fdh,,,,,
T1000975,terminal,Aerial Terminal,FDH102001,fdh,,,,,
T1000497,terminal,MST,FDH102001,fdh,,,,,
T1000508,terminal,Aerial Terminal,FDH102001,fdh,,,,,
T1000514,terminal,Aerial Terminal,FDH102002,fdh,,,,,
T1000499,terminal,MST,FDH102001,fdh,,,,,
T1000497,terminal,MST,FDH102001,fdh,,,,,
T1000512,terminal,Aerial Terminal,FDH102001,fdh,,,,,
T1000556,terminal,MST,FDH102016,fdh,,,,,
T1000556,terminal,MST,FDH102016,fdh,,,,,
T1000556,terminal,MST,FDH102016,fdh,,,,,
T1000556,terminal,MST,FDH102016,fdh,,,,,
T1000994,terminal,Aerial Terminal,FDH102016,fdh,,,,,
T1000556,terminal,MST,FDH102016,fdh,,,,,
T1000557,terminal,Aerial Terminal,FDH102002,fdh,,,,,
T1000557,terminal,Aerial Terminal,FDH102002,fdh,,,,,
T1000557,terminal,Aerial Terminal,FDH102002,fdh,,,,,
T1000565,terminal,Aerial Terminal,FDH102004,fdh,,,,,
T1000565,terminal,Aerial Terminal,FDH102004,fdh,,,,,
T1000565,terminal,Aerial Terminal,FDH102004,fdh,,,,,
T1000576,terminal,Aerial Terminal,FDH102004,fdh,,,,,
T1000572,terminal,Aerial Terminal,FDH102004,fdh,,,,,
T1000562,terminal,Aerial Terminal,FDH102009,fdh,,,,,
T1000561,terminal,Aerial Terminal,FDH102009,fdh,,,,,
T1000567,terminal,Aerial Terminal,FDH102004,fdh,,,,,
T1000567,terminal,Aerial Terminal,FDH102004,fdh,,,,,
T1000566,terminal,Aerial Terminal,FDH102004,fdh,,,,,
T1000564,terminal,Aerial Terminal,FDH102004,fdh,,,,,
T1000564,terminal,Aerial Terminal,FDH102004,fdh,,,,,
T1000563,terminal,Aerial Terminal,FDH102004,fdh,,,,,
T1000579,terminal,MST,FDH102004,fdh,,,,,
T1000581,terminal,Aerial Terminal,FDH102004,fdh,,,,,
T1000581,terminal,Aerial Terminal,FDH102004,fdh,,,,,
T1000569,terminal,Aerial Terminal,FDH102004,fdh,,,,,
T1000569,terminal,Aerial Terminal,FDH102004,fdh,,,,,
T1000583,terminal,Aerial Terminal,FDH102004,fdh,,,,,
T1000583,terminal,Aerial Terminal,FDH102004,fdh,,,,,
T1000583,terminal,Aerial Terminal,FDH102004,fdh,,,,,
T1000584,terminal,Aerial Terminal,FDH102004,fdh,,,,,
T1000585,terminal,Aerial Terminal,FDH102004,fdh,,,,,
T1000586,terminal,Aerial Terminal,FDH102004,fdh,,,,,
T1000587,terminal,Aerial Terminal,FDH102004,fdh,,,,,
T1000589,terminal,Aerial Terminal,FDH102004,fdh,,,,,
T1000579,terminal,MST,FDH102004,fdh,,,,,
T1000586,terminal,Aerial Terminal,FDH102004,fdh,,,,,
T1000586,terminal,Aerial Terminal,FDH102004,fdh,,,,,
T1000638,terminal,MST,FDH102003,fdh,,,,,
T1000606,terminal,Aerial Terminal,FDH102003,fdh,,,,,
T1000611,terminal,MST,FDH102003,fdh,,,,,
T1000612,terminal,MST,FDH102003,fdh,,,,,
T1000595,terminal,MST,FDH102003,fdh,,,,,
T1000596,terminal,Aerial Terminal,FDH102003,fdh,,,,,
T1000591,terminal,Aerial Terminal,FDH102003,fdh,,,,,
T1000591,terminal,Aerial Terminal,FDH102003,fdh,,,,,
T1000591,terminal,Aerial Terminal,FDH102003,fdh,,,,,
T1000591,terminal,Aerial Terminal,FDH102003,fdh,,,,,
T1000637,terminal,Aerial Terminal,FDH102003,fdh,,,,,
T1000590,terminal,Aerial Terminal,FDH102004,fdh,,,,,
T1000637,terminal,Aerial Terminal,FDH102003,fdh,,,,,
T1000637,terminal,Aerial Terminal,FDH102003,fdh,,,,,
T1000637,terminal,Aerial Terminal,FDH102003,fdh,,,,,
T1000637,terminal,Aerial Terminal,FDH102003,fdh,,,,,
T1000637,terminal,Aerial Terminal,FDH102003,fdh,,,,,
T1000598,terminal,Aerial Terminal,FDH102003,fdh,,,,,
T1000594,terminal,Aerial Terminal,FDH102003,fdh,,,,,
T1000598,terminal,Aerial Terminal,FDH102003,fdh,,,,,
T1000584,terminal,Aerial Terminal,FDH102004,fdh,,,,,
T1000566,terminal,Aerial Terminal,FDH102004,fdh,,,,,
T1000569,terminal,Aerial Terminal,FDH102004,fdh,,,,,
T1000578,terminal,MST,FDH102004,fdh,,,,,
T1000578,terminal,MST,FDH102004,fdh,,,,,
T1000578,terminal,MST,FDH102004,fdh,,,,,
T1000577,terminal,MST,FDH102004,fdh,,,,,
T1000575,terminal,Aerial Terminal,FDH102004,fdh,,,,,
T1000575,terminal,Aerial Terminal,FDH102004,fdh,,,,,
T1000574,terminal,Aerial Terminal,FDH102004,fdh,,,,,
T1000574,terminal,Aerial Terminal,FDH102004,fdh,,,,,
T1000576,terminal,Aerial Terminal,FDH102004,fdh,,,,,
T1000576,terminal,Aerial Terminal,FDH102004,fdh,,,,,
T1000575,terminal,Aerial Terminal,FDH102004,fdh,,,,,
T1000574,terminal,Aerial Terminal,FDH102004,fdh,,,,,
T1000573,terminal,Aerial Terminal,FDH102004,fdh,,,,,
T1000573,terminal,Aerial Terminal,FDH102004,fdh,,,,,
T1000573,terminal,Aerial Terminal,FDH102004,fdh,,,,,
T1000573,terminal,Aerial Terminal,FDH102004,fdh,,,,,
T1000573,terminal,Aerial Terminal,FDH102004,fdh,,,,,
T1000573,terminal,Aerial Terminal,FDH102004,fdh,,,,,
T1000571,terminal,Aerial Terminal,FDH102004,fdh,,,,,
T1000571,terminal,Aerial Terminal,FDH102004,fdh,,,,,
T1000562,terminal,Aerial Terminal,FDH102009,fdh,,,,,
T1000561,terminal,Aerial Terminal,FDH102009,fdh,,,,,
T1000561,terminal,Aerial Terminal,FDH102009,fdh,,,,,
T1000561,terminal,Aerial Terminal,FDH102009,fdh,,,,,
T1000568,terminal,Aerial Terminal,FDH102004,fdh,,,,,
T1000568,terminal,Aerial Terminal,FDH102004,fdh,,,,,
T1000566,terminal,Aerial Terminal,FDH102004,fdh,,,,,
T1000566,terminal,Aerial Terminal,FDH102004,fdh,,,,,
T1000566,terminal,Aerial Terminal,FDH102004,fdh,,,,,
T1000565,terminal,Aerial Terminal,FDH102004,fdh,,,,,
T1000564,terminal,Aerial Terminal,FDH102004,fdh,,,,,
T1000564,terminal,Aerial Terminal,FDH102004,fdh,,,,,
T1000569,terminal,Aerial Terminal,FDH102004,fdh,,,,,
T1000569,terminal,Aerial Terminal,FDH102004,fdh,,,,,
T1000581,terminal,Aerial Terminal,FDH102004,fdh,,,,,
T1000582,terminal,Aerial Terminal,FDH102004,fdh,,,,,
T1000582,terminal,Aerial Terminal,FDH102004,fdh,,,,,
T1000582,terminal,Aerial Terminal,FDH102004,fdh,,,,,
T1000583,terminal,Aerial Terminal,FDH102004,fdh,,,,,
T1000584,terminal,Aerial Terminal,FDH102004,fdh,,,,,
T1000585,terminal,Aerial Terminal,FDH102004,fdh,,,,,
T1000585,terminal,Aerial Terminal,FDH102004,fdh,,,,,
T1000585,terminal,Aerial Terminal,FDH102004,fdh,,,,,
T1000586,terminal,Aerial Terminal,FDH102004,fdh,,,,,
T1000586,terminal,Aerial Terminal,FDH102004,fdh,,,,,
T1000587,terminal,Aerial Terminal,FDH102004,fdh,,,,,
T1000587,terminal,Aerial Terminal,FDH102004,fdh,,,,,
T1000588,terminal,Aerial Terminal,FDH102004,fdh,,,,,
T1000588,terminal,Aerial Terminal,FDH102004,fdh,,,,,
T1000588,terminal,Aerial Terminal,FDH102004,fdh,,,,,
T1000589,terminal,Aerial Terminal,FDH102004,fdh,,,,,
T1000589,terminal,Aerial Terminal,FDH102004,fdh,,,,,
T1000628,terminal,Aerial Terminal,FDH102003,fdh,,,,,
T1000628,terminal,Aerial Terminal,FDH102003,fdh,,,,,
T1000627,terminal,Aerial Terminal,FDH102003,fdh,,,,,
T1000626,terminal,Aerial Terminal,FDH102003,fdh,,,,,
T1000626,terminal,Aerial Terminal,FDH102003,fdh,,,,,
T1000625,terminal,Aerial Terminal,FDH102003,fdh,,,,,
T1000625,terminal,Aerial Terminal,FDH102003,fdh,,,,,
T1000625,terminal,Aerial Terminal,FDH102003,fdh,,,,,
T1000624,terminal,Aerial Terminal,FDH102003,fdh,,,,,
T1000624,terminal,Aerial Terminal,FDH102003,fdh,,,,,
T1000623,terminal,Aerial Terminal,FDH102003,fdh,,,,,
T1000623,terminal,Aerial Terminal,FDH102003,fdh,,,,,
T1000622,terminal,Aerial Terminal,FDH102003,fdh,,,,,
T1000622,terminal,Aerial Terminal,FDH102003,fdh,,,,,
T1000622,terminal,Aerial Terminal,FDH102003,fdh,,,,,
T1000622,terminal,Aerial Terminal,FDH102003,fdh,,,,,
T1000622,terminal,Aerial Terminal,FDH102003,fdh,,,,,
T1000622,terminal,Aerial Terminal,FDH102003,fdh,,,,,
T1000619,terminal,Aerial Terminal,FDH102003,fdh,,,,,
T1000619,terminal,Aerial Terminal,FDH102003,fdh,,,,,
T1000619,terminal,Aerial Terminal,FDH102003,fdh,,,,,
T1000619,terminal,Aerial Terminal,FDH102003,fdh,,,,,
T1000619,terminal,Aerial Terminal,FDH102003,fdh,,,,,
T1000619,terminal,Aerial Terminal,FDH102003,fdh,,,,,
T1000620,terminal,Aerial Terminal,FDH102003,fdh,,,,,
T1000620,terminal,Aerial Terminal,FDH102003,fdh,,,,,
T1000620,terminal,Aerial Terminal,FDH102003,fdh,,,,,
T1000560,terminal,MST,FDH102003,fdh,,,,,
T1000560,terminal,MST,FDH102003,fdh,,,,,
T1000560,terminal,MST,FDH102003,fdh,,,,,
T1000560,terminal,MST,FDH102003,fdh,,,,,
T1000560,terminal,MST,FDH102003,fdh,,,,,
T1000560,terminal,MST,FDH102003,fdh,,,,,
T1000618,terminal,Aerial Terminal,FDH102003,fdh,,,,,
T1000618,terminal,Aerial Terminal,FDH102003,fdh,,,,,
T1000617,terminal,Aerial Terminal,FDH102003,fdh,,,,,
T1000617,terminal,Aerial Terminal,FDH102003,fdh,,,,,
T1000617,terminal,Aerial Terminal,FDH102003,fdh,,,,,
T1000617,terminal,Aerial Terminal,FDH102003,fdh,,,,,
T1000617,terminal,Aerial Terminal,FDH102003,fdh,,,,,
T1000616,terminal,Aerial Terminal,FDH102002,fdh,,,,,
T1000616,terminal,Aerial Terminal,FDH102002,fdh,,,,,
T1000616,terminal,Aerial Terminal,FDH102002,fdh,,,,,
T1000621,terminal,Aerial Terminal,FDH102003,fdh,,,,,
T1000615,terminal,Aerial Terminal,FDH102003,fdh,,,,,
T1000623,terminal,Aerial Terminal,FDH102003,fdh,,,,,
T1000628,terminal,Aerial Terminal,FDH102003,fdh,,,,,
T1000629,terminal,Aerial Terminal,FDH102003,fdh,,,,,
T1000629,terminal,Aerial Terminal,FDH102003,fdh,,,,,
T1000629,terminal,Aerial Terminal,FDH102003,fdh,,,,,
T1000630,terminal,Aerial Terminal,FDH102003,fdh,,,,,
T1000630,terminal,Aerial Terminal,FDH102003,fdh,,,,,
T1000630,terminal,Aerial Terminal,FDH102003,fdh,,,,,
T1000630,terminal,Aerial Terminal,FDH102003,fdh,,,,,
T1000631,terminal,Aerial Terminal,FDH102003,fdh,,,,,
T1000631,terminal,Aerial Terminal,FDH102003,fdh,,,,,
T1000631,terminal,Aerial Terminal,FDH102003,fdh,,,,,
T1000631,terminal,Aerial Terminal,FDH102003,fdh,,,,,
T1000559,terminal,MST,FDH102002,fdh,,,,,
T1000559,terminal,MST,FDH102002,fdh,,,,,
T1000559,terminal,MST,FDH102002,fdh,,,,,
T1000559,terminal,MST,FDH102002,fdh,,,,,
T1000559,terminal,MST,FDH102002,fdh,,,,,
T1000558,terminal,MST,FDH102002,fdh,,,,,
T1000558,terminal,MST,FDH102002,fdh,,,,,
T1000558,terminal,MST,FDH102002,fdh,,,,,
T1000558,terminal,MST,FDH102002,fdh,,,,,
T1000558,terminal,MST,FDH102002,fdh,,,,,
T1000558,terminal,MST,FDH102002,fdh,,,,,
T1000632,terminal,Aerial Terminal,FDH102003,fdh,,,,,
T1000632,terminal,Aerial Terminal,FDH102003,fdh,,,,,
T1000632,terminal,Aerial Terminal,FDH102003,fdh,,,,,
T1000633,terminal,Aerial Terminal,FDH102003,fdh,,,,,
T1000633,terminal,Aerial Terminal,FDH102003,fdh,,,,,
T1000633,terminal,Aerial Terminal,FDH102003,fdh,,,,,
T1000633,terminal,Aerial Terminal,FDH102003,fdh,,,,,
T1000634,terminal,Aerial Terminal,FDH102003,fdh,,,,,
T1000635,terminal,Aerial Terminal,FDH102003,fdh,,,,,
T1000635,terminal,Aerial Terminal,FDH102003,fdh,,,,,
T1000636,terminal,Aerial Terminal,FDH102003,fdh,,,,,
T1000622,terminal,Aerial Terminal,FDH102003,fdh,,,,,
T1000607,terminal,Aerial Terminal,FDH102003,fdh,,,,,
T1000603,terminal,Aerial Terminal,FDH102003,fdh,,,,,
T1000603,terminal,Aerial Terminal,FDH102003,fdh,,,,,
T1000603,terminal,Aerial Terminal,FDH102003,fdh,,,,,
T1000604,terminal,MST,FDH102003,fdh,,,,,
T1000603,terminal,Aerial Terminal,FDH102003,fdh,,,,,
T1000605,terminal,Aerial Terminal,FDH102003,fdh,,,,,
T1000605,terminal,Aerial Terminal,FDH102003,fdh,,,,,
T1000605,terminal,Aerial Terminal,FDH102003,fdh,,,,,
T1000605,terminal,Aerial Terminal,FDH102003,fdh,,,,,
T1000605,terminal,Aerial Terminal,FDH102003,fdh,,,,,
T1000602,terminal,Aerial Terminal,FDH102003,fdh,,,,,
T1000602,terminal,Aerial Terminal,FDH102003,fdh,,,,,
T1000602,terminal,Aerial Terminal,FDH102003,fdh,,,,,
T1000601,terminal,Aerial Terminal,FDH102003,fdh,,,,,
T1000601,terminal,Aerial Terminal,FDH102003,fdh,,,,,
T1000600,terminal,Aerial Terminal,FDH102003,fdh,,,,,
T1000610,terminal,Aerial Terminal,FDH102003,fdh,,,,,
T1000610,terminal,Aerial Terminal,FDH102003,fdh,,,,,
T1000608,terminal,Aerial Terminal,FDH102003,fdh,,,,,
T1000608,terminal,Aerial Terminal,FDH102003,fdh,,,,,
T1000608,terminal,Aerial Terminal,FDH102003,fdh,,,,,
T1000614,terminal,Aerial Terminal,FDH102003,fdh,,,,,
T1000610,terminal,Aerial Terminal,FDH102003,fdh,,,,,
T1000608,terminal,Aerial Terminal,FDH102003,fdh,,,,,
T1000614,terminal,Aerial Terminal,FDH102003,fdh,,,,,
T1000614,terminal,Aerial Terminal,FDH102003,fdh,,,,,
T1000609,terminal,Aerial Terminal,FDH102003,fdh,,,,,
T1000612,terminal,MST,FDH102003,fdh,,,,,
T1000612,terminal,MST,FDH102003,fdh,,,,,
T1000612,terminal,MST,FDH102003,fdh,,,,,
T1000612,terminal,MST,FDH102003,fdh,,,,,
T1000613,terminal,Aerial Terminal,FDH102003,fdh,,,,,
T1000595,terminal,MST,FDH102003,fdh,,,,,
T1000596,terminal,Aerial Terminal,FDH102003,fdh,,,,,
T1000596,terminal,Aerial Terminal,FDH102003,fdh,,,,,
T1000597,terminal,Aerial Terminal,FDH102003,fdh,,,,,
T1000597,terminal,Aerial Terminal,FDH102003,fdh,,,,,
T1000597,terminal,Aerial Terminal,FDH102003,fdh,,,,,
T1000597,terminal,Aerial Terminal,FDH102003,fdh,,,,,
T1000597,terminal,Aerial Terminal,FDH102003,fdh,,,,,
T1000598,terminal,Aerial Terminal,FDH102003,fdh,,,,,
T1000599,terminal,Aerial Terminal,FDH102003,fdh,,,,,
T1000599,terminal,Aerial Terminal,FDH102003,fdh,,,,,
T1000599,terminal,Aerial Terminal,FDH102003,fdh,,,,,
T1000595,terminal,MST,FDH102003,fdh,,,,,
T1000593,terminal,Aerial Terminal,FDH102003,fdh,,,,,
T1000593,terminal,Aerial Terminal,FDH102003,fdh,,,,,
T1000593,terminal,Aerial Terminal,FDH102003,fdh,,,,,
T1000592,terminal,Aerial Terminal,FDH102003,fdh,,,,,
T1000592,terminal,Aerial Terminal,FDH102003,fdh,,,,,
T1000599,terminal,Aerial Terminal,FDH102003,fdh,,,,,
T1000637,terminal,Aerial Terminal,FDH102003,fdh,,,,,
T1000590,terminal,Aerial Terminal,FDH102004,fdh,,,,,
T1000673,terminal,Aerial Terminal,FDH102006,fdh,,,,,
T1000673,terminal,Aerial Terminal,FDH102006,fdh,,,,,
T1000673,terminal,Aerial Terminal,FDH102006,fdh,,,,,
T1000673,terminal,Aerial Terminal,FDH102006,fdh,,,,,
T1000673,terminal,Aerial Terminal,FDH102006,fdh,,,,,
T1000674,terminal,Aerial Terminal,FDH102006,fdh,,,,,
T1000674,terminal,Aerial Terminal,FDH102006,fdh,,,,,
T1000674,terminal,Aerial Terminal,FDH102006,fdh,,,,,
T1000675,terminal,Aerial Terminal,FDH102006,fdh,,,,,
T1000673,terminal,Aerial Terminal,FDH102006,fdh,,,,,
T1000673,terminal,Aerial Terminal,FDH102006,fdh,,,,,
T1000674,terminal,Aerial Terminal,FDH102006,fdh,,,,,
T1000674,terminal,Aerial Terminal,FDH102006,fdh,,,,,
T1000673,terminal,Aerial Terminal,FDH102006,fdh,,,,,
T1000674,terminal,Aerial Terminal,FDH102006,fdh,,,,,
T1000673,terminal,Aerial Terminal,FDH102006,fdh,,,,,
T1000674,terminal,Aerial Terminal,FDH102006,fdh,,,,,
T1000675,terminal,Aerial Terminal,FDH102006,fdh,,,,,
T1000674,terminal,Aerial Terminal,FDH102006,fdh,,,,,
T1000674,terminal,Aerial Terminal,FDH102006,fdh,,,,,
T1000675,terminal,Aerial Terminal,FDH102006,fdh,,,,,
T1000675,terminal,Aerial Terminal,FDH102006,fdh,,,,,
T1000676,terminal,Aerial Terminal,FDH102006,fdh,,,,,
T1000676,terminal,Aerial Terminal,FDH102006,fdh,,,,,
T1000676,terminal,Aerial Terminal,FDH102006,fdh,,,,,
T1000676,terminal,Aerial Terminal,FDH102006,fdh,,,,,
T1000676,terminal,Aerial Terminal,FDH102006,fdh,,,,,
T1000676,terminal,Aerial Terminal,FDH102006,fdh,,,,,
T1000677,terminal,Aerial Terminal,FDH102006,fdh,,,,,
T1000676,terminal,Aerial Terminal,FDH102006,fdh,,,,,
T1000677,terminal,Aerial Terminal,FDH102006,fdh,,,,,
T1000677,terminal,Aerial Terminal,FDH102006,fdh,,,,,
T1000677,terminal,Aerial Terminal,FDH102006,fdh,,,,,
T1000677,terminal,Aerial Terminal,FDH102006,fdh,,,,,
T1000678,terminal,Aerial Terminal,FDH102006,fdh,,,,,
T1000677,terminal,Aerial Terminal,FDH102006,fdh,,,,,
T1000678,terminal,Aerial Terminal,FDH102006,fdh,,,,,
T1000677,terminal,Aerial Terminal,FDH102006,fdh,,,,,
T1000678,terminal,Aerial Terminal,FDH102006,fdh,,,,,
T1000681,terminal,Aerial Terminal,FDH102006,fdh,,,,,
T1000678,terminal,Aerial Terminal,FDH102006,fdh,,,,,
T1000678,terminal,Aerial Terminal,FDH102006,fdh,,,,,
T1000678,terminal,Aerial Terminal,FDH102006,fdh,,,,,
T1000679,terminal,Aerial Terminal,FDH102006,fdh,,,,,
T1000678,terminal,Aerial Terminal,FDH102006,fdh,,,,,
T1000680,terminal,Aerial Terminal,FDH102006,fdh,,,,,
T1000681,terminal,Aerial Terminal,FDH102006,fdh,,,,,
T1000679,terminal,Aerial Terminal,FDH102006,fdh,,,,,
T1000681,terminal,Aerial Terminal,FDH102006,fdh,,,,,
T1000681,terminal,Aerial Terminal,FDH102006,fdh,,,,,
T1000680,terminal,Aerial Terminal,FDH102006,fdh,,,,,
T1000680,terminal,Aerial Terminal,FDH102006,fdh,,,,,
T1000681,terminal,Aerial Terminal,FDH102006,fdh,,,,,
T1000681,terminal,Aerial Terminal,FDH102006,fdh,,,,,
T1000680,terminal,Aerial Terminal,FDH102006,fdh,,,,,
T1000680,terminal,Aerial Terminal,FDH102006,fdh,,,,,
T1000680,terminal,Aerial Terminal,FDH102006,fdh,,,,,
T1000673,terminal,Aerial Terminal,FDH102006,fdh,,,,,
T1000687,terminal,Aerial Terminal,FDH102006,fdh,,,,,
T1000687,terminal,Aerial Terminal,FDH102006,fdh,,,,,
T1000687,terminal,Aerial Terminal,FDH102006,fdh,,,,,
T1000682,terminal,Aerial Terminal,FDH102006,fdh,,,,,
T1000687,terminal,Aerial Terminal,FDH102006,fdh,,,,,
T1000685,terminal,Aerial Terminal,FDH102006,fdh,,,,,
T1000685,terminal,Aerial Terminal,FDH102006,fdh,,,,,
T1000685,terminal,Aerial Terminal,FDH102006,fdh,,,,,
T1000685,terminal,Aerial Terminal,FDH102006,fdh,,,,,
T1000686,terminal,Aerial Terminal,FDH102006,fdh,,,,,
T1000685,terminal,Aerial Terminal,FDH102006,fdh,,,,,
T1000702,terminal,MST,FDH102006,fdh,,,,,
T1000680,terminal,Aerial Terminal,FDH102006,fdh,,,,,
T1000686,terminal,Aerial Terminal,FDH102006,fdh,,,,,
T1000685,terminal,Aerial Terminal,FDH102006,fdh,,,,,
T1000687,terminal,Aerial Terminal,FDH102006,fdh,,,,,
T1000682,terminal,Aerial Terminal,FDH102006,fdh,,,,,
T1000682,terminal,Aerial Terminal,FDH102006,fdh,,,,,
T1000683,terminal,Aerial Terminal,FDH102006,fdh,,,,,
T1000682,terminal,Aerial Terminal,FDH102006,fdh,,,,,
T1000682,terminal,Aerial Terminal,FDH102006,fdh,,,,,
T1000683,terminal,Aerial Terminal,FDH102006,fdh,,,,,
T1000683,terminal,Aerial Terminal,FDH102006,fdh,,,,,
T1000682,terminal,Aerial Terminal,FDH102006,fdh,,,,,
T1000682,terminal,Aerial Terminal,FDH102006,fdh,,,,,
T1000682,terminal,Aerial Terminal,FDH102006,fdh,,,,,
T1000682,terminal,Aerial Terminal,FDH102006,fdh,,,,,
T1000683,terminal,Aerial Terminal,FDH102006,fdh,,,,,
T1000683,terminal,Aerial Terminal,FDH102006,fdh,,,,,
T1000683,terminal,Aerial Terminal,FDH102006,fdh,,,,,
T1000683,terminal,Aerial Terminal,FDH102006,fdh,,,,,
T1000684,terminal,Aerial Terminal,FDH102006,fdh,,,,,
T1000684,terminal,Aerial Terminal,FDH102006,fdh,,,,,
T1000684,terminal,Aerial Terminal,FDH102006,fdh,,,,,
T1000679,terminal,Aerial Terminal,FDH102006,fdh,,,,,
T1000684,terminal,Aerial Terminal,FDH102006,fdh,,,,,
T1000684,terminal,Aerial Terminal,FDH102006,fdh,,,,,
T1000702,terminal,MST,FDH102006,fdh,,,,,
T1000702,terminal,MST,FDH102006,fdh,,,,,
T1000702,terminal,MST,FDH102006,fdh,,,,,
T1000686,terminal,Aerial Terminal,FDH102006,fdh,,,,,
T1000702,terminal,MST,FDH102006,fdh,,,,,
T1000702,terminal,MST,FDH102006,fdh,,,,,
T1000702,terminal,MST,FDH102006,fdh,,,,,
T1000702,terminal,MST,FDH102006,fdh,,,,,
T1000700,terminal,Aerial Terminal,FDH102006,fdh,,,,,
T1000699,terminal,Aerial Terminal,FDH102006,fdh,,,,,
T1000699,terminal,Aerial Terminal,FDH102006,fdh,,,,,
T1000699,terminal,Aerial Terminal,FDH102006,fdh,,,,,
T1000700,terminal,Aerial Terminal,FDH102006,fdh,,,,,
T1000700,terminal,Aerial Terminal,FDH102006,fdh,,,,,
T1000700,terminal,Aerial Terminal,FDH102006,fdh,,,,,
T1000699,terminal,Aerial Terminal,FDH102006,fdh,,,,,
T1000700,terminal,Aerial Terminal,FDH102006,fdh,,,,,
T1000701,terminal,Aerial Terminal,FDH102006,fdh,,,,,
T1000701,terminal,Aerial Terminal,FDH102006,fdh,,,,,
T1000700,terminal,Aerial Terminal,FDH102006,fdh,,,,,
T1000701,terminal,Aerial Terminal,FDH102006,fdh,,,,,
T1000700,terminal,Aerial Terminal,FDH102006,fdh,,,,,
T1000701,terminal,Aerial Terminal,FDH102006,fdh,,,,,
T1000701,terminal,Aerial Terminal,FDH102006,fdh,,,,,
T1000701,terminal,Aerial Terminal,FDH102006,fdh,,,,,
T1000989,terminal,MST,FDH102018,fdh,,,,,
T1000695,terminal,Aerial Terminal,FDH102018,fdh,,,,,
T1000695,terminal,Aerial Terminal,FDH102018,fdh,,,,,
T1000695,terminal,Aerial Terminal,FDH102018,fdh,,,,,
T1000695,terminal,Aerial Terminal,FDH102018,fdh,,,,,
T1000697,terminal,MST,FDH102018,fdh,,,,,
T1000694,terminal,Aerial Terminal,FDH102018,fdh,,,,,
T1000694,terminal,Aerial Terminal,FDH102018,fdh,,,,,
T1000695,terminal,Aerial Terminal,FDH102018,fdh,,,,,
T1000694,terminal,Aerial Terminal,FDH102018,fdh,,,,,
T1000693,terminal,Aerial Terminal,FDH102018,fdh,,,,,
T1000694,terminal,Aerial Terminal,FDH102018,fdh,,,,,
T1000694,terminal,Aerial Terminal,FDH102018,fdh,,,,,
T1000693,terminal,Aerial Terminal,FDH102018,fdh,,,,,
T1000693,terminal,Aerial Terminal,FDH102018,fdh,,,,,
T1000705,terminal,Aerial Terminal,FDH102018,fdh,,,,,
T1000705,terminal,Aerial Terminal,FDH102018,fdh,,,,,
T1000692,terminal,Aerial Terminal,FDH102018,fdh,,,,,
T1000692,terminal,Aerial Terminal,FDH102018,fdh,,,,,
T1000692,terminal,Aerial Terminal,FDH102018,fdh,,,,,
T1000692,terminal,Aerial Terminal,FDH102018,fdh,,,,,
T1000704,terminal,Aerial Terminal,FDH102018,fdh,,,,,
T1000704,terminal,Aerial Terminal,FDH102018,fdh,,,,,
T1000694,terminal,Aerial Terminal,FDH102018,fdh,,,,,
T1000694,terminal,Aerial Terminal,FDH102018,fdh,,,,,
T1000694,terminal,Aerial Terminal,FDH102018,fdh,,,,,
T1000696,terminal,Aerial Terminal,FDH102018,fdh,,,,,
T1000703,terminal,MST,FDH102018,fdh,,,,,
T1000703,terminal,MST,FDH102018,fdh,,,,,
T1000703,terminal,MST,FDH102018,fdh,,,,,
T1000703,terminal,MST,FDH102018,fdh,,,,,
T1000703,terminal,MST,FDH102018,fdh,,,,,
T1000703,terminal,MST,FDH102018,fdh,,,,,
T1000703,terminal,MST,FDH102018,fdh,,,,,
T1000703,terminal,MST,FDH102018,fdh,,,,,
T1000703,terminal,MST,FDH102018,fdh,,,,,
T1000703,terminal,MST,FDH102018,fdh,,,,,
T1000703,terminal,MST,FDH102018,fdh,,,,,
T1000705,terminal,Aerial Terminal,FDH102018,fdh,,,,,
T1000692,terminal,Aerial Terminal,FDH102018,fdh,,,,,
T1000692,terminal,Aerial Terminal,FDH102018,fdh,,,,,
T1000692,terminal,Aerial Terminal,FDH102018,fdh,,,,,
T1000692,terminal,Aerial Terminal,FDH102018,fdh,,,,,
T1000693,terminal,Aerial Terminal,FDH102018,fdh,,,,,
T1000693,terminal,Aerial Terminal,FDH102018,fdh,,,,,
T1000984,terminal,Aerial Terminal,FDH102018,fdh,,,,,
T1000691,terminal,Aerial Terminal,FDH102018,fdh,,,,,
T1000691,terminal,Aerial Terminal,FDH102018,fdh,,,,,
T1000691,terminal,Aerial Terminal,FDH102018,fdh,,,,,
T1000691,terminal,Aerial Terminal,FDH102018,fdh,,,,,
T1000691,terminal,Aerial Terminal,FDH102018,fdh,,,,,
T1000984,terminal,Aerial Terminal,FDH102018,fdh,,,,,
T1000984,terminal,Aerial Terminal,FDH102018,fdh,,,,,
T1000690,terminal,Aerial Terminal,FDH102018,fdh,,,,,
T1000690,terminal,Aerial Terminal,FDH102018,fdh,,,,,
T1000690,terminal,Aerial Terminal,FDH102018,fdh,,,,,
T1000690,terminal,Aerial Terminal,FDH102018,fdh,,,,,
T1000690,terminal,Aerial Terminal,FDH102018,fdh,,,,,
T1000690,terminal,Aerial Terminal,FDH102018,fdh,,,,,
T1000689,terminal,MST,FDH102018,fdh,,,,,
T1000987,terminal,Aerial Terminal,FDH102018,fdh,,,,,
T1000757,terminal,Aerial Terminal,FDH102006,fdh,,,,,
T1000704,terminal,Aerial Terminal,FDH102018,fdh,,,,,
T1000704,terminal,Aerial Terminal,FDH102018,fdh,,,,,
T1000704,terminal,Aerial Terminal,FDH102018,fdh,,,,,
T1000704,terminal,Aerial Terminal,FDH102018,fdh,,,,,
T1000704,terminal,Aerial Terminal,FDH102018,fdh,,,,,
T1000706,terminal,Aerial Terminal,FDH102007,fdh,,,,,
T1000706,terminal,Aerial Terminal,FDH102007,fdh,,,,,
T1000706,terminal,Aerial Terminal,FDH102007,fdh,,,,,
T1000735,terminal,Aerial Terminal,FDH102007,fdh,,,,,
T1000735,terminal,Aerial Terminal,FDH102007,fdh,,,,,
T1000754,terminal,MST,FDH102008,fdh,,,,,
T1000723,terminal,MST,FDH102008,fdh,,,,,
T1000723,terminal,MST,FDH102008,fdh,,,,,
T1000754,terminal,MST,FDH102008,fdh,,,,,
T1000754,terminal,MST,FDH102008,fdh,,,,,
T1000754,terminal,MST,FDH102008,fdh,,,,,
T1000723,terminal,MST,FDH102008,fdh,,,,,
T1000723,terminal,MST,FDH102008,fdh,,,,,
T1000725,terminal,Aerial Terminal,FDH102008,fdh,,,,,
T1000725,terminal,Aerial Terminal,FDH102008,fdh,,,,,
T1000725,terminal,Aerial Terminal,FDH102008,fdh,,,,,
T1000725,terminal,Aerial Terminal,FDH102008,fdh,,,,,
T1000726,terminal,Aerial Terminal,FDH102008,fdh,,,,,
T1000727,terminal,Aerial Terminal,FDH102008,fdh,,,,,
T1000727,terminal,Aerial Terminal,FDH102008,fdh,,,,,
T1000711,terminal,Aerial Terminal,FDH102008,fdh,,,,,
T1000711,terminal,Aerial Terminal,FDH102008,fdh,,,,,
T1000711,terminal,Aerial Terminal,FDH102008,fdh,,,,,
T1000881,terminal,Aerial Terminal,FDH102008,fdh,,,,,
T1000881,terminal,Aerial Terminal,FDH102008,fdh,,,,,
T1000717,terminal,MST,FDH102008,fdh,,,,,
T1000717,terminal,MST,FDH102008,fdh,,,,,
T1000727,terminal,Aerial Terminal,FDH102008,fdh,,,,,
T1000710,terminal,Aerial Terminal,FDH102008,fdh,,,,,
T1000712,terminal,Aerial Terminal,FDH102008,fdh,,,,,
T1000712,terminal,Aerial Terminal,FDH102008,fdh,,,,,
T1000712,terminal,Aerial Terminal,FDH102008,fdh,,,,,
T1000712,terminal,Aerial Terminal,FDH102008,fdh,,,,,
T1000712,terminal,Aerial Terminal,FDH102008,fdh,,,,,
T1000712,terminal,Aerial Terminal,FDH102008,fdh,,,,,
T1000713,terminal,Aerial Terminal,FDH102008,fdh,,,,,
T1000713,terminal,Aerial Terminal,FDH102008,fdh,,,,,
T1000713,terminal,Aerial Terminal,FDH102008,fdh,,,,,
T1000726,terminal,Aerial Terminal,FDH102008,fdh,,,,,
T1000766,terminal,Aerial Terminal,FDH102008,fdh,,,,,
T1000766,terminal,Aerial Terminal,FDH102008,fdh,,,,,
T1000766,terminal,Aerial Terminal,FDH102008,fdh,,,,,
T1000767,terminal,Aerial Terminal,FDH102008,fdh,,,,,
T1000767,terminal,Aerial Terminal,FDH102008,fdh,,,,,
T1000767,terminal,Aerial Terminal,FDH102008,fdh,,,,,
T1000767,terminal,Aerial Terminal,FDH102008,fdh,,,,,
T1000736,terminal,MST,FDH102008,fdh,,,,,
T1000755,terminal,MST,FDH102007,fdh,,,,,
T1000755,terminal,MST,FDH102007,fdh,,,,,
T1000730,terminal,Aerial Terminal,FDH102007,fdh,,,,,
T1000729,terminal,MST,FDH102007,fdh,,,,,
T1000709,terminal,MST,FDH102008,fdh,,,,,
T1000709,terminal,MST,FDH102008,fdh,,,,,
T1000709,terminal,MST,FDH102008,fdh,,,,,
T1000709,terminal,MST,FDH102008,fdh,,,,,
T1000709,terminal,MST,FDH102008,fdh,,,,,
T1000728,terminal,Aerial Terminal,FDH102008,fdh,,,,,
T1000709,terminal,MST,FDH102008,fdh,,,,,
T1000735,terminal,Aerial Terminal,FDH102007,fdh,,,,,
T1000708,terminal,MST,FDH102007,fdh,,,,,
T1000708,terminal,MST,FDH102007,fdh,,,,,
T1000732,terminal,MST,FDH102008,fdh,,,,,
T1000732,terminal,MST,FDH102008,fdh,,,,,
T1000732,terminal,MST,FDH102008,fdh,,,,,
T1000732,terminal,MST,FDH102008,fdh,,,,,
T1000732,terminal,MST,FDH102008,fdh,,,,,
T1000707,terminal,MST,FDH102007,fdh,,,,,
T1000707,terminal,MST,FDH102007,fdh,,,,,
T1000707,terminal,MST,FDH102007,fdh,,,,,
T1000707,terminal,MST,FDH102007,fdh,,,,,
T1000707,terminal,MST,FDH102007,fdh,,,,,
T1000731,terminal,Aerial Terminal,FDH102007,fdh,,,,,
T1000707,terminal,MST,FDH102007,fdh,,,,,
T1000707,terminal,MST,FDH102007,fdh,,,,,
T1000707,terminal,MST,FDH102007,fdh,,,,,
T1000707,terminal,MST,FDH102007,fdh,,,,,
T1000707,terminal,MST,FDH102007,fdh,,,,,
T1000976,terminal,MST,FDH102007,fdh,,,,,
T1000976,terminal,MST,FDH102007,fdh,,,,,
T1000976,terminal,MST,FDH102007,fdh,,,,,
T1000976,terminal,MST,FDH102007,fdh,,,,,
T1000732,terminal,MST,FDH102008,fdh,,,,,
T1000733,terminal,Aerial Terminal,FDH102008,fdh,,,,,
T1000733,terminal,Aerial Terminal,FDH102008,fdh,,,,,
T1000770,terminal,MST,FDH102008,fdh,,,,,
T1000770,terminal,MST,FDH102008,fdh,,,,,
T1000733,terminal,Aerial Terminal,FDH102008,fdh,,,,,
T1000731,terminal,Aerial Terminal,FDH102007,fdh,,,,,
T1000731,terminal,Aerial Terminal,FDH102007,fdh,,,,,
T1000728,terminal,Aerial Terminal,FDH102008,fdh,,,,,
T1000728,terminal,Aerial Terminal,FDH102008,fdh,,,,,
T1000728,terminal,Aerial Terminal,FDH102008,fdh,,,,,
T1000728,terminal,Aerial Terminal,FDH102008,fdh,,,,,
T1000734,terminal,Aerial Terminal,FDH102008,fdh,,,,,
T1000734,terminal,Aerial Terminal,FDH102008,fdh,,,,,
T1000734,terminal,Aerial Terminal,FDH102008,fdh,,,,,
T1000724,terminal,Aerial Terminal,FDH102008,fdh,,,,,
T1000724,terminal,Aerial Terminal,FDH102008,fdh,,,,,
T1000719,terminal,Aerial Terminal,FDH102008,fdh,,,,,
T1000719,terminal,Aerial Terminal,FDH102008,fdh,,,,,
T1000719,terminal,Aerial Terminal,FDH102008,fdh,,,,,
T1000722,terminal,MST,FDH102008,fdh,,,,,
T1000722,terminal,MST,FDH102008,fdh,,,,,
T1000722,terminal,MST,FDH102008,fdh,,,,,
T1000722,terminal,MST,FDH102008,fdh,,,,,
T1000719,terminal,Aerial Terminal,FDH102008,fdh,,,,,
T1000725,terminal,Aerial Terminal,FDH102008,fdh,,,,,
T1000711,terminal,Aerial Terminal,FDH102008,fdh,,,,,
T1000726,terminal,Aerial Terminal,FDH102008,fdh,,,,,
T1000711,terminal,Aerial Terminal,FDH102008,fdh,,,,,
T1000712,terminal,Aerial Terminal,FDH102008,fdh,,,,,
T1000881,terminal,Aerial Terminal,FDH102008,fdh,,,,,
T1000710,terminal,Aerial Terminal,FDH102008,fdh,,,,,
T1000717,terminal,MST,FDH102008,fdh,,,,,
T1000725,terminal,Aerial Terminal,FDH102008,fdh,,,,,
T1000726,terminal,Aerial Terminal,FDH102008,fdh,,,,,
T1000726,terminal,Aerial Terminal,FDH102008,fdh,,,,,
T1000726,terminal,Aerial Terminal,FDH102008,fdh,,,,,
T1000726,terminal,Aerial Terminal,FDH102008,fdh,,,,,
T1000881,terminal,Aerial Terminal,FDH102008,fdh,,,,,
T1000710,terminal,Aerial Terminal,FDH102008,fdh,,,,,
T1000712,terminal,Aerial Terminal,FDH102008,fdh,,,,,
T1000712,terminal,Aerial Terminal,FDH102008,fdh,,,,,
T1000974,terminal,MST,FDH102008,fdh,,,,,
T1000709,terminal,MST,FDH102008,fdh,,,,,
T1000717,terminal,MST,FDH102008,fdh,,,,,
T1000721,terminal,MST,FDH102008,fdh,,,,,
T1000721,terminal,MST,FDH102008,fdh,,,,,
T1000721,terminal,MST,FDH102008,fdh,,,,,
T1000720,terminal,Aerial Terminal,FDH102008,fdh,,,,,
T1000720,terminal,Aerial Terminal,FDH102008,fdh,,,,,
T1000720,terminal,Aerial Terminal,FDH102008,fdh,,,,,
T1000720,terminal,Aerial Terminal,FDH102008,fdh,,,,,
T1000721,terminal,MST,FDH102008,fdh,,,,,
T1000718,terminal,MST,FDH102008,fdh,,,,,
T1000718,terminal,MST,FDH102008,fdh,,,,,
T1000718,terminal,MST,FDH102008,fdh,,,,,
T1000718,terminal,MST,FDH102008,fdh,,,,,
T1000728,terminal,Aerial Terminal,FDH102008,fdh,,,,,
T1000728,terminal,Aerial Terminal,FDH102008,fdh,,,,,
T1000716,terminal,Aerial Terminal,FDH102008,fdh,,,,,
T1000716,terminal,Aerial Terminal,FDH102008,fdh,,,,,
T1000982,terminal,Aerial Terminal,FDH102008,fdh,,,,,
T1000983,terminal,Aerial Terminal,FDH102008,fdh,,,,,
T1000765,terminal,MST,FDH102008,fdh,,,,,
T1000981,terminal,MST,FDH102008,fdh,,,,,
T1000983,terminal,Aerial Terminal,FDH102008,fdh,,,,,
T1000764,terminal,Aerial Terminal,FDH102008,fdh,,,,,
T1000765,terminal,MST,FDH102008,fdh,,,,,
T1000719,terminal,Aerial Terminal,FDH102008,fdh,,,,,
T1000719,terminal,Aerial Terminal,FDH102008,fdh,,,,,
T1000714,terminal,Aerial Terminal,FDH102017,fdh,,,,,
T1000816,terminal,Aerial Terminal,FDH102017,fdh,,,,,
T1000738,terminal,MST,FDH102017,fdh,,,,,
T1000832,terminal,Aerial Terminal,FDH102017,fdh,,,,,
T1000816,terminal,Aerial Terminal,FDH102017,fdh,,,,,
T1000743,terminal,Aerial Terminal,FDH102017,fdh,,,,,
T1000832,terminal,Aerial Terminal,FDH102017,fdh,,,,,
T1000743,terminal,Aerial Terminal,FDH102017,fdh,,,,,
T1000743,terminal,Aerial Terminal,FDH102017,fdh,,,,,
T1000769,terminal,Aerial Terminal,FDH102017,fdh,,,,,
T1000832,terminal,Aerial Terminal,FDH102017,fdh,,,,,
T1000750,terminal,Aerial Terminal,FDH102017,fdh,,,,,
T1000750,terminal,Aerial Terminal,FDH102017,fdh,,,,,
T1000739,terminal,Aerial Terminal,FDH102017,fdh,,,,,
T1000750,terminal,Aerial Terminal,FDH102017,fdh,,,,,
T1000750,terminal,Aerial Terminal,FDH102017,fdh,,,,,
T1000769,terminal,Aerial Terminal,FDH102017,fdh,,,,,
T1000769,terminal,Aerial Terminal,FDH102017,fdh,,,,,
T1000750,terminal,Aerial Terminal,FDH102017,fdh,,,,,
T1000750,terminal,Aerial Terminal,FDH102017,fdh,,,,,
T1000769,terminal,Aerial Terminal,FDH102017,fdh,,,,,
T1000750,terminal,Aerial Terminal,FDH102017,fdh,,,,,
T1000744,terminal,Aerial Terminal,FDH102017,fdh,,,,,
T1000750,terminal,Aerial Terminal,FDH102017,fdh,,,,,
T1000744,terminal,Aerial Terminal,FDH102017,fdh,,,,,
T1000750,terminal,Aerial Terminal,FDH102017,fdh,,,,,
T1000744,terminal,Aerial Terminal,FDH102017,fdh,,,,,
T1000750,terminal,Aerial Terminal,FDH102017,fdh,,,,,
T1000744,terminal,Aerial Terminal,FDH102017,fdh,,,,,
T1000751,terminal,Aerial Terminal,FDH102017,fdh,,,,,
T1000859,terminal,Aerial Terminal,FDH102017,fdh,,,,,
T1000751,terminal,Aerial Terminal,FDH102017,fdh,,,,,
T1000751,terminal,Aerial Terminal,FDH102017,fdh,,,,,
T1000751,terminal,Aerial Terminal,FDH102017,fdh,,,,,
T1000751,terminal,Aerial Terminal,FDH102017,fdh,,,,,
T1000748,terminal,Aerial Terminal,FDH102017,fdh,,,,,
T1000739,terminal,Aerial Terminal,FDH102017,fdh,,,,,
T1000751,terminal,Aerial Terminal,FDH102017,fdh,,,,,
T1000751,terminal,Aerial Terminal,FDH102017,fdh,,,,,
T1000751,terminal,Aerial Terminal,FDH102017,fdh,,,,,
T1000751,terminal,Aerial Terminal,FDH102017,fdh,,,,,
T1000753,terminal,Aerial Terminal,FDH102017,fdh,,,,,
T1000739,terminal,Aerial Terminal,FDH102017,fdh,,,,,
T1000751,terminal,Aerial Terminal,FDH102017,fdh,,,,,
T1000753,terminal,Aerial Terminal,FDH102017,fdh,,,,,
T1000748,terminal,Aerial Terminal,FDH102017,fdh,,,,,
T1000748,terminal,Aerial Terminal,FDH102017,fdh,,,,,
T1000739,terminal,Aerial Terminal,FDH102017,fdh,,,,,
T1000739,terminal,Aerial Terminal,FDH102017,fdh,,,,,
T1000739,terminal,Aerial Terminal,FDH102017,fdh,,,,,
T1000739,terminal,Aerial Terminal,FDH102017,fdh,,,,,
T1000549,terminal,Aerial Terminal,FDH102017,fdh,,,,,
T1000740,terminal,Aerial Terminal,FDH102017,fdh,,,,,
T1000740,terminal,Aerial Terminal,FDH102017,fdh,,,,,
T1000549,terminal,Aerial Terminal,FDH102017,fdh,,,,,
T1000740,terminal,Aerial Terminal,FDH102017,fdh,,,,,
T1000740,terminal,Aerial Terminal,FDH102017,fdh,,,,,
T1000752,terminal,Aerial Terminal,FDH102017,fdh,,,,,
T1000752,terminal,Aerial Terminal,FDH102017,fdh,,,,,
T1000752,terminal,Aerial Terminal,FDH102017,fdh,,,,,
T1000752,terminal,Aerial Terminal,FDH102017,fdh,,,,,
T1000740,terminal,Aerial Terminal,FDH102017,fdh,,,,,
T1000740,terminal,Aerial Terminal,FDH102017,fdh,,,,,
T1000737,terminal,Aerial Terminal,FDH102017,fdh,,,,,
T1000740,terminal,Aerial Terminal,FDH102017,fdh,,,,,
T1000740,terminal,Aerial Terminal,FDH102017,fdh,,,,,
T1000737,terminal,Aerial Terminal,FDH102017,fdh,,,,,
T1000741,terminal,Aerial Terminal,FDH102017,fdh,,,,,
T1000741,terminal,Aerial Terminal,FDH102017,fdh,,,,,
T1000741,terminal,Aerial Terminal,FDH102017,fdh,,,,,
T1000737,terminal,Aerial Terminal,FDH102017,fdh,,,,,
T1000741,terminal,Aerial Terminal,FDH102017,fdh,,,,,
T1000741,terminal,Aerial Terminal,FDH102017,fdh,,,,,
T1000737,terminal,Aerial Terminal,FDH102017,fdh,,,,,
T1000741,terminal,Aerial Terminal,FDH102017,fdh,,,,,
T1000747,terminal,Aerial Terminal,FDH102017,fdh,,,,,
T1000747,terminal,Aerial Terminal,FDH102017,fdh,,,,,
T1000747,terminal,Aerial Terminal,FDH102017,fdh,,,,,
T1000747,terminal,Aerial Terminal,FDH102017,fdh,,,,,
T1000747,terminal,Aerial Terminal,FDH102017,fdh,,,,,
T1000747,terminal,Aerial Terminal,FDH102017,fdh,,,,,
T1000741,terminal,Aerial Terminal,FDH102017,fdh,,,,,
T1000739,terminal,Aerial Terminal,FDH102017,fdh,,,,,
T1000737,terminal,Aerial Terminal,FDH102017,fdh,,,,,
T1000741,terminal,Aerial Terminal,FDH102017,fdh,,,,,
T1000741,terminal,Aerial Terminal,FDH102017,fdh,,,,,
T1000737,terminal,Aerial Terminal,FDH102017,fdh,,,,,
T1000742,terminal,Aerial Terminal,FDH102017,fdh,,,,,
T1000742,terminal,Aerial Terminal,FDH102017,fdh,,,,,
T1000742,terminal,Aerial Terminal,FDH102017,fdh,,,,,
T1000742,terminal,Aerial Terminal,FDH102017,fdh,,,,,
T1000742,terminal,Aerial Terminal,FDH102017,fdh,,,,,
T1000742,terminal,Aerial Terminal,FDH102017,fdh,,,,,
T1000747,terminal,Aerial Terminal,FDH102017,fdh,,,,,
T1000747,terminal,Aerial Terminal,FDH102017,fdh,,,,,
T1000872,terminal,Aerial Terminal,FDH102017,fdh,,,,,
T1000742,terminal,Aerial Terminal,FDH102017,fdh,,,,,
T1000749,terminal,Aerial Terminal,FDH102017,fdh,,,,,
T1000746,terminal,Aerial Terminal,FDH102017,fdh,,,,,
T1000872,terminal,Aerial Terminal,FDH102017,fdh,,,,,
T1000749,terminal,Aerial Terminal,FDH102017,fdh,,,,,
T1000746,terminal,Aerial Terminal,FDH102017,fdh,,,,,
T1000832,terminal,Aerial Terminal,FDH102017,fdh,,,,,
T1000749,terminal,Aerial Terminal,FDH102017,fdh,,,,,
T1000738,terminal,MST,FDH102017,fdh,,,,,
T1000832,terminal,Aerial Terminal,FDH102017,fdh,,,,,
T1000872,terminal,Aerial Terminal,FDH102017,fdh,,,,,
T1000746,terminal,Aerial Terminal,FDH102017,fdh,,,,,
T1000738,terminal,MST,FDH102017,fdh,,,,,
T1000832,terminal,Aerial Terminal,FDH102017,fdh,,,,,
T1000872,terminal,Aerial Terminal,FDH102017,fdh,,,,,
T1000738,terminal,MST,FDH102017,fdh,,,,,
T1000743,terminal,Aerial Terminal,FDH102017,fdh,,,,,
T1000816,terminal,Aerial Terminal,FDH102017,fdh,,,,,
T1000738,terminal,MST,FDH102017,fdh,,,,,
T1000832,terminal,Aerial Terminal,FDH102017,fdh,,,,,
T1000743,terminal,Aerial Terminal,FDH102017,fdh,,,,,
T1000816,terminal,Aerial Terminal,FDH102017,fdh,,,,,
T1000743,terminal,Aerial Terminal,FDH102017,fdh,,,,,
T1000738,terminal,MST,FDH102017,fdh,,,,,
T1000769,terminal,Aerial Terminal,FDH102017,fdh,,,,,
T1000746,terminal,Aerial Terminal,FDH102017,fdh,,,,,
T1000816,terminal,Aerial Terminal,FDH102017,fdh,,,,,
T1000769,terminal,Aerial Terminal,FDH102017,fdh,,,,,
T1000769,terminal,Aerial Terminal,FDH102017,fdh,,,,,
T1000875,terminal,Aerial Terminal,FDH102017,fdh,,,,,
T1000769,terminal,Aerial Terminal,FDH102017,fdh,,,,,
T1000872,terminal,Aerial Terminal,FDH102017,fdh,,,,,
T1000753,terminal,Aerial Terminal,FDH102017,fdh,,,,,
T1000753,terminal,Aerial Terminal,FDH102017,fdh,,,,,
T1000769,terminal,Aerial Terminal,FDH102017,fdh,,,,,
T1000832,terminal,Aerial Terminal,FDH102017,fdh,,,,,
T1000753,terminal,Aerial Terminal,FDH102017,fdh,,,,,
T1000749,terminal,Aerial Terminal,FDH102017,fdh,,,,,
T1000749,terminal,Aerial Terminal,FDH102017,fdh,,,,,
T1000749,terminal,Aerial Terminal,FDH102017,fdh,,,,,
T1000749,terminal,Aerial Terminal,FDH102017,fdh,,,,,
T1000976,terminal,MST,FDH102007,fdh,,,,,
T1000723,terminal,MST,FDH102008,fdh,,,,,
T1000763,terminal,Aerial Terminal,FDH102006,fdh,,,,,
T1000985,terminal,Aerial Terminal,FDH102006,fdh,,,,,
T1000757,terminal,Aerial Terminal,FDH102006,fdh,,,,,
T1000757,terminal,Aerial Terminal,FDH102006,fdh,,,,,
T1000757,terminal,Aerial Terminal,FDH102006,fdh,,,,,
T1000757,terminal,Aerial Terminal,FDH102006,fdh,,,,,
T1000756,terminal,MST,FDH102006,fdh,,,,,
T1000756,terminal,MST,FDH102006,fdh,,,,,
T1000756,terminal,MST,FDH102006,fdh,,,,,
T1000756,terminal,MST,FDH102006,fdh,,,,,
T1000756,terminal,MST,FDH102006,fdh,,,,,
T1000756,terminal,MST,FDH102006,fdh,,,,,
T1000756,terminal,MST,FDH102006,fdh,,,,,
T1000756,terminal,MST,FDH102006,fdh,,,,,
T1000756,terminal,MST,FDH102006,fdh,,,,,
T1000756,terminal,MST,FDH102006,fdh,,,,,
T1000758,terminal,Aerial Terminal,FDH102006,fdh,,,,,
T1000758,terminal,Aerial Terminal,FDH102006,fdh,,,,,
T1000985,terminal,Aerial Terminal,FDH102006,fdh,,,,,
T1000758,terminal,Aerial Terminal,FDH102006,fdh,,,,,
T1000759,terminal,MST,FDH102006,fdh,,,,,
T1000758,terminal,Aerial Terminal,FDH102006,fdh,,,,,
T1000759,terminal,MST,FDH102006,fdh,,,,,
T1000759,terminal,MST,FDH102006,fdh,,,,,
T1000759,terminal,MST,FDH102006,fdh,,,,,
T1000759,terminal,MST,FDH102006,fdh,,,,,
T1000759,terminal,MST,FDH102006,fdh,,,,,
T1000759,terminal,MST,FDH102006,fdh,,,,,
T1000759,terminal,MST,FDH102006,fdh,,,,,
T1000760,terminal,Aerial Terminal,FDH102006,fdh,,,,,
T1000760,terminal,Aerial Terminal,FDH102006,fdh,,,,,
T1000760,terminal,Aerial Terminal,FDH102006,fdh,,,,,
T1000760,terminal,Aerial Terminal,FDH102006,fdh,,,,,
T1000760,terminal,Aerial Terminal,FDH102006,fdh,,,,,
T1000760,terminal,Aerial Terminal,FDH102006,fdh,,,,,
T1000763,terminal,Aerial Terminal,FDH102006,fdh,,,,,
T1000763,terminal,Aerial Terminal,FDH102006,fdh,,,,,
T1000761,terminal,MST,FDH102006,fdh,,,,,
T1000761,terminal,MST,FDH102006,fdh,,,,,
T1000761,terminal,MST,FDH102006,fdh,,,,,
T1000763,terminal,Aerial Terminal,FDH102006,fdh,,,,,
T1000761,terminal,MST,FDH102006,fdh,,,,,
T1000761,terminal,MST,FDH102006,fdh,,,,,
T1000761,terminal,MST,FDH102006,fdh,,,,,
T1000761,terminal,MST,FDH102006,fdh,,,,,
T1000761,terminal,MST,FDH102006,fdh,,,,,
T1000706,terminal,Aerial Terminal,FDH102007,fdh,,,,,
T1000763,terminal,Aerial Terminal,FDH102006,fdh,,,,,
T1000763,terminal,Aerial Terminal,FDH102006,fdh,,,,,
T1000762,terminal,Aerial Terminal,FDH102006,fdh,,,,,
T1000762,terminal,Aerial Terminal,FDH102006,fdh,,,,,
T1000762,terminal,Aerial Terminal,FDH102006,fdh,,,,,
T1000762,terminal,Aerial Terminal,FDH102006,fdh,,,,,
T1000763,terminal,Aerial Terminal,FDH102006,fdh,,,,,
T1000763,terminal,Aerial Terminal,FDH102006,fdh,,,,,
T1000763,terminal,Aerial Terminal,FDH102006,fdh,,,,,
T1000762,terminal,Aerial Terminal,FDH102006,fdh,,,,,
T1000762,terminal,Aerial Terminal,FDH102006,fdh,,,,,
T1000762,terminal,Aerial Terminal,FDH102006,fdh,,,,,
T1000859,terminal,Aerial Terminal,FDH102017,fdh,,,,,
T1000859,terminal,Aerial Terminal,FDH102017,fdh,,,,,
T1000859,terminal,Aerial Terminal,FDH102017,fdh,,,,,
T1000859,terminal,Aerial Terminal,FDH102017,fdh,,,,,
T1000733,terminal,Aerial Terminal,FDH102008,fdh,,,,,
T1000733,terminal,Aerial Terminal,FDH102008,fdh,,,,,
T1000733,terminal,Aerial Terminal,FDH102008,fdh,,,,,
T1000733,terminal,Aerial Terminal,FDH102008,fdh,,,,,
T1000733,terminal,Aerial Terminal,FDH102008,fdh,,,,,
T1000733,terminal,Aerial Terminal,FDH102008,fdh,,,,,
T1000770,terminal,MST,FDH102008,fdh,,,,,
T1000770,terminal,MST,FDH102008,fdh,,,,,
T1000770,terminal,MST,FDH102008,fdh,,,,,
T1000770,terminal,MST,FDH102008,fdh,,,,,
T1000770,terminal,MST,FDH102008,fdh,,,,,
T1000770,terminal,MST,FDH102008,fdh,,,,,
T1000653,terminal,Aerial Terminal,FDH102003,fdh,,,,,
T1000653,terminal,Aerial Terminal,FDH102003,fdh,,,,,
T1000653,terminal,Aerial Terminal,FDH102003,fdh,,,,,
T1000653,terminal,Aerial Terminal,FDH102003,fdh,,,,,
T1000660,terminal,MST,FDH102003,fdh,,,,,
T1000653,terminal,Aerial Terminal,FDH102003,fdh,,,,,
T1000660,terminal,MST,FDH102003,fdh,,,,,
T1000661,terminal,MST,FDH102003,fdh,,,,,
T1000669,terminal,MST,FDH102005,fdh,,,,,
T1000669,terminal,MST,FDH102005,fdh,,,,,
T1000652,terminal,Aerial Terminal,FDH102003,fdh,,,,,
T1000652,terminal,Aerial Terminal,FDH102003,fdh,,,,,
T1000651,terminal,Aerial Terminal,FDH102005,fdh,,,,,
T1000650,terminal,Aerial Terminal,FDH102005,fdh,,,,,
T1000650,terminal,Aerial Terminal,FDH102005,fdh,,,,,
T1000650,terminal,Aerial Terminal,FDH102005,fdh,,,,,
T1000650,terminal,Aerial Terminal,FDH102005,fdh,,,,,
T1000649,terminal,Aerial Terminal,FDH102005,fdh,,,,,
T1000649,terminal,Aerial Terminal,FDH102005,fdh,,,,,
T1000649,terminal,Aerial Terminal,FDH102005,fdh,,,,,
T1000648,terminal,Aerial Terminal,FDH102005,fdh,,,,,
T1000672,terminal,Aerial Terminal,FDH102006,fdh,,,,,
T1000646,terminal,Aerial Terminal,FDH102005,fdh,,,,,
T1000647,terminal,Aerial Terminal,FDH102005,fdh,,,,,
T1000647,terminal,Aerial Terminal,FDH102005,fdh,,,,,
T1000646,terminal,Aerial Terminal,FDH102005,fdh,,,,,
T1000645,terminal,Aerial Terminal,FDH102005,fdh,,,,,
T1000642,terminal,Aerial Terminal,FDH102005,fdh,,,,,
T1000642,terminal,Aerial Terminal,FDH102005,fdh,,,,,
T1000643,terminal,Aerial Terminal,FDH102005,fdh,,,,,
T1000644,terminal,Aerial Terminal,FDH102005,fdh,,,,,
T1000647,terminal,Aerial Terminal,FDH102005,fdh,,,,,
T1000641,terminal,Aerial Terminal,FDH102005,fdh,,,,,
T1000642,terminal,Aerial Terminal,FDH102005,fdh,,,,,
T1000643,terminal,Aerial Terminal,FDH102005,fdh,,,,,
T1000645,terminal,Aerial Terminal,FDH102005,fdh,,,,,
T1000644,terminal,Aerial Terminal,FDH102005,fdh,,,,,
T1000642,terminal,Aerial Terminal,FDH102005,fdh,,,,,
T1000642,terminal,Aerial Terminal,FDH102005,fdh,,,,,
T1000642,terminal,Aerial Terminal,FDH102005,fdh,,,,,
T1000640,terminal,Aerial Terminal,FDH102005,fdh,,,,,
T1000641,terminal,Aerial Terminal,FDH102005,fdh,,,,,
T1000671,terminal,MST,FDH102005,fdh,,,,,
T1000659,terminal,MST,FDH102005,fdh,,,,,
T1000659,terminal,MST,FDH102005,fdh,,,,,
T1000659,terminal,MST,FDH102005,fdh,,,,,
T1000658,terminal,Aerial Terminal,FDH102005,fdh,,,,,
T1000658,terminal,Aerial Terminal,FDH102005,fdh,,,,,
T1000658,terminal,Aerial Terminal,FDH102005,fdh,,,,,
T1000670,terminal,Aerial Terminal,FDH102005,fdh,,,,,
T1000640,terminal,Aerial Terminal,FDH102005,fdh,,,,,
T1000640,terminal,Aerial Terminal,FDH102005,fdh,,,,,
T1000670,terminal,Aerial Terminal,FDH102005,fdh,,,,,
T1000670,terminal,Aerial Terminal,FDH102005,fdh,,,,,
T1000670,terminal,Aerial Terminal,FDH102005,fdh,,,,,
T1000640,terminal,Aerial Terminal,FDH102005,fdh,,,,,
T1000670,terminal,Aerial Terminal,FDH102005,fdh,,,,,
T1000639,terminal,Aerial Terminal,FDH102005,fdh,,,,,
T1000639,terminal,Aerial Terminal,FDH102005,fdh,,,,,
T1000657,terminal,MST,FDH102005,fdh,,,,,
T1000656,terminal,Aerial Terminal,FDH102005,fdh,,,,,
T1000663,terminal,Aerial Terminal,FDH102006,fdh,,,,,
T1000663,terminal,Aerial Terminal,FDH102006,fdh,,,,,
T1000663,terminal,Aerial Terminal,FDH102006,fdh,,,,,
T1000664,terminal,Aerial Terminal,FDH102006,fdh,,,,,
T1000664,terminal,Aerial Terminal,FDH102006,fdh,,,,,
T1000663,terminal,Aerial Terminal,FDH102006,fdh,,,,,
T1000663,terminal,Aerial Terminal,FDH102006,fdh,,,,,
T1000669,terminal,MST,FDH102005,fdh,,,,,
T1000666,terminal,MST,FDH102005,fdh,,,,,
T1000666,terminal,MST,FDH102005,fdh,,,,,
T1000665,terminal,MST,FDH102005,fdh,,,,,
T1000665,terminal,MST,FDH102005,fdh,,,,,
T1000668,terminal,MST,FDH102005,fdh,,,,,
T1000668,terminal,MST,FDH102005,fdh,,,,,
T1000645,terminal,Aerial Terminal,FDH102005,fdh,,,,,
T1000666,terminal,MST,FDH102005,fdh,,,,,
T1000803,terminal,Aerial Terminal,FDH102010,fdh,,,,,
T1000803,terminal,Aerial Terminal,FDH102010,fdh,,,,,
T1000803,terminal,Aerial Terminal,FDH102010,fdh,,,,,
T1000803,terminal,Aerial Terminal,FDH102010,fdh,,,,,
T1000804,terminal,Aerial Terminal,FDH102010,fdh,,,,,
T1000804,terminal,Aerial Terminal,FDH102010,fdh,,,,,
T1000804,terminal,Aerial Terminal,FDH102010,fdh,,,,,
T1000804,terminal,Aerial Terminal,FDH102010,fdh,,,,,
T1000805,terminal,Aerial Terminal,FDH102010,fdh,,,,,
T1000805,terminal,Aerial Terminal,FDH102010,fdh,,,,,
T1000805,terminal,Aerial Terminal,FDH102010,fdh,,,,,
T1000805,terminal,Aerial Terminal,FDH102010,fdh,,,,,
T1000806,terminal,Aerial Terminal,FDH102010,fdh,,,,,
T1000812,terminal,MST,FDH102010,fdh,,,,,
T1000812,terminal,MST,FDH102010,fdh,,,,,
T1000812,terminal,MST,FDH102010,fdh,,,,,
T1000806,terminal,Aerial Terminal,FDH102010,fdh,,,,,
T1000806,terminal,Aerial Terminal,FDH102010,fdh,,,,,
T1000806,terminal,Aerial Terminal,FDH102010,fdh,,,,,
T1000806,terminal,Aerial Terminal,FDH102010,fdh,,,,,
T1000806,terminal,Aerial Terminal,FDH102010,fdh,,,,,
T1000806,terminal,Aerial Terminal,FDH102010,fdh,,,,,
T1000806,terminal,Aerial Terminal,FDH102010,fdh,,,,,
T1000806,terminal,Aerial Terminal,FDH102010,fdh,,,,,
T1000807,terminal,Aerial Terminal,FDH102010,fdh,,,,,
T1000807,terminal,Aerial Terminal,FDH102010,fdh,,,,,
T1000807,terminal,Aerial Terminal,FDH102010,fdh,,,,,
T1000807,terminal,Aerial Terminal,FDH102010,fdh,,,,,
T1000807,terminal,Aerial Terminal,FDH102010,fdh,,,,,
T1000808,terminal,Aerial Terminal,FDH102010,fdh,,,,,
T1000808,terminal,Aerial Terminal,FDH102010,fdh,,,,,
T1000808,terminal,Aerial Terminal,FDH102010,fdh,,,,,
T1000809,terminal,MST,FDH102010,fdh,,,,,
T1000809,terminal,MST,FDH102010,fdh,,,,,
T1000809,terminal,MST,FDH102010,fdh,,,,,
T1000809,terminal,MST,FDH102010,fdh,,,,,
T1000809,terminal,MST,FDH102010,fdh,,,,,
T1000809,terminal,MST,FDH102010,fdh,,,,,
T1000811,terminal,MST,FDH102010,fdh,,,,,
T1000811,terminal,MST,FDH102010,fdh,,,,,
T1000811,terminal,MST,FDH102010,fdh,,,,,
T1000811,terminal,MST,FDH102010,fdh,,,,,
T1000811,terminal,MST,FDH102010,fdh,,,,,
T1000811,terminal,MST,FDH102010,fdh,,,,,
T1000811,terminal,MST,FDH102010,fdh,,,,,
T1000811,terminal,MST,FDH102010,fdh,,,,,
T1000802,terminal,Aerial Terminal,FDH102010,fdh,,,,,
T1000802,terminal,Aerial Terminal,FDH102010,fdh,,,,,
T1000794,terminal,Aerial Terminal,FDH102010,fdh,,,,,
T1000794,terminal,Aerial Terminal,FDH102010,fdh,,,,,
T1000794,terminal,Aerial Terminal,FDH102010,fdh,,,,,
T1000795,terminal,Aerial Terminal,FDH102010,fdh,,,,,
T1000796,terminal,MST,FDH102010,fdh,,,,,
T1000796,terminal,MST,FDH102010,fdh,,,,,
T1000795,terminal,Aerial Terminal,FDH102010,fdh,,,,,
T1000797,terminal,Aerial Terminal,FDH102010,fdh,,,,,
T1000797,terminal,Aerial Terminal,FDH102010,fdh,,,,,
T1000797,terminal,Aerial Terminal,FDH102010,fdh,,,,,
T1000797,terminal,Aerial Terminal,FDH102010,fdh,,,,,
T1000799,terminal,Aerial Terminal,FDH102010,fdh,,,,,
T1000799,terminal,Aerial Terminal,FDH102010,fdh,,,,,
T1000799,terminal,Aerial Terminal,FDH102010,fdh,,,,,
T1000799,terminal,Aerial Terminal,FDH102010,fdh,,,,,
T1000800,terminal,Aerial Terminal,FDH102010,fdh,,,,,
T1000800,terminal,Aerial Terminal,FDH102010,fdh,,,,,
T1000800,terminal,Aerial Terminal,FDH102010,fdh,,,,,
T1000801,terminal,Aerial Terminal,FDH102010,fdh,,,,,
T1000796,terminal,MST,FDH102010,fdh,,,,,
T1000797,terminal,Aerial Terminal,FDH102010,fdh,,,,,
T1000798,terminal,Aerial Terminal,FDH102010,fdh,,,,,
T1000801,terminal,Aerial Terminal,FDH102010,fdh,,,,,
T1000797,terminal,Aerial Terminal,FDH102010,fdh,,,,,
T1000797,terminal,Aerial Terminal,FDH102010,fdh,,,,,
T1000797,terminal,Aerial Terminal,FDH102010,fdh,,,,,
T1000797,terminal,Aerial Terminal,FDH102010,fdh,,,,,
T1000800,terminal,Aerial Terminal,FDH102010,fdh,,,,,
T1000800,terminal,Aerial Terminal,FDH102010,fdh,,,,,
T1000811,terminal,MST,FDH102010,fdh,,,,,
T1000811,terminal,MST,FDH102010,fdh,,,,,
T1000771,terminal,Aerial Terminal,FDH102007,fdh,,,,,
T1000772,terminal,MST,FDH102009,fdh,,,,,
T1000782,terminal,Aerial Terminal,FDH102009,fdh,,,,,
T1000783,terminal,Aerial Terminal,FDH102009,fdh,,,,,
T1000783,terminal,Aerial Terminal,FDH102009,fdh,,,,,
T1000783,terminal,Aerial Terminal,FDH102009,fdh,,,,,
T1000784,terminal,Aerial Terminal,FDH102009,fdh,,,,,
T1000784,terminal,Aerial Terminal,FDH102009,fdh,,,,,
T1000781,terminal,Aerial Terminal,FDH102009,fdh,,,,,
T1000781,terminal,Aerial Terminal,FDH102009,fdh,,,,,
T1000781,terminal,Aerial Terminal,FDH102009,fdh,,,,,
T1000781,terminal,Aerial Terminal,FDH102009,fdh,,,,,
T1000780,terminal,Aerial Terminal,FDH102009,fdh,,,,,
T1000780,terminal,Aerial Terminal,FDH102009,fdh,,,,,
T1000779,terminal,Aerial Terminal,FDH102009,fdh,,,,,
T1000779,terminal,Aerial Terminal,FDH102009,fdh,,,,,
T1000779,terminal,Aerial Terminal,FDH102009,fdh,,,,,
T1000778,terminal,Aerial Terminal,FDH102009,fdh,,,,,
T1000778,terminal,Aerial Terminal,FDH102009,fdh,,,,,
T1000778,terminal,Aerial Terminal,FDH102009,fdh,,,,,
T1000778,terminal,Aerial Terminal,FDH102009,fdh,,,,,
T1000773,terminal,Aerial Terminal,FDH102009,fdh,,,,,
T1000773,terminal,Aerial Terminal,FDH102009,fdh,,,,,
T1000773,terminal,Aerial Terminal,FDH102009,fdh,,,,,
T1000773,terminal,Aerial Terminal,FDH102009,fdh,,,,,
T1000774,terminal,Aerial Terminal,FDH102009,fdh,,,,,
T1000773,terminal,Aerial Terminal,FDH102009,fdh,,,,,
T1000773,terminal,Aerial Terminal,FDH102009,fdh,,,,,
T1000792,terminal,Aerial Terminal,FDH102009,fdh,,,,,
T1000792,terminal,Aerial Terminal,FDH102009,fdh,,,,,
T1000784,terminal,Aerial Terminal,FDH102009,fdh,,,,,
T1000784,terminal,Aerial Terminal,FDH102009,fdh,,,,,
T1000784,terminal,Aerial Terminal,FDH102009,fdh,,,,,
T1000784,terminal,Aerial Terminal,FDH102009,fdh,,,,,
T1000785,terminal,Aerial Terminal,FDH102009,fdh,,,,,
T1000785,terminal,Aerial Terminal,FDH102009,fdh,,,,,
T1000785,terminal,Aerial Terminal,FDH102009,fdh,,,,,
T1000786,terminal,Aerial Terminal,FDH102009,fdh,,,,,
T1000786,terminal,Aerial Terminal,FDH102009,fdh,,,,,
T1000787,terminal,Aerial Terminal,FDH102009,fdh,,,,,
T1000787,terminal,Aerial Terminal,FDH102009,fdh,,,,,
T1000788,terminal,Aerial Terminal,FDH102009,fdh,,,,,
T1000788,terminal,Aerial Terminal,FDH102009,fdh,,,,,
T1000790,terminal,Aerial Terminal,FDH102009,fdh,,,,,
T1000790,terminal,Aerial Terminal,FDH102009,fdh,,,,,
T1000791,terminal,MST,FDH102009,fdh,,,,,
T1000789,terminal,Aerial Terminal,FDH102009,fdh,,,,,
T1000790,terminal,Aerial Terminal,FDH102009,fdh,,,,,
T1000774,terminal,Aerial Terminal,FDH102009,fdh,,,,,
T1000775,terminal,Aerial Terminal,FDH102009,fdh,,,,,
T1000775,terminal,Aerial Terminal,FDH102009,fdh,,,,,
T1000775,terminal,Aerial Terminal,FDH102009,fdh,,,,,
T1000776,terminal,Aerial Terminal,FDH102009,fdh,,,,,
T1000776,terminal,Aerial Terminal,FDH102009,fdh,,,,,
T1000776,terminal,Aerial Terminal,FDH102009,fdh,,,,,
T1000776,terminal,Aerial Terminal,FDH102009,fdh,,,,,
T1000777,terminal,Aerial Terminal,FDH102009,fdh,,,,,
T1000777,terminal,Aerial Terminal,FDH102009,fdh,,,,,
T1000777,terminal,Aerial Terminal,FDH102009,fdh,,,,,
T1000771,terminal,Aerial Terminal,FDH102007,fdh,,,,,
T1000783,terminal,Aerial Terminal,FDH102009,fdh,,,,,
T1000793,terminal,Aerial Terminal,FDH102009,fdh,,,,,
T1000782,terminal,Aerial Terminal,FDH102009,fdh,,,,,
T1000783,terminal,Aerial Terminal,FDH102009,fdh,,,,,
T1000869,terminal,MST,FDH102011,fdh,,,,,
T1000940,terminal,MST,FDH102011,fdh,,,,,
T1000905,terminal,MST,FDH102011,fdh,,,,,
T1000905,terminal,MST,FDH102011,fdh,,,,,
T1000938,terminal,Aerial Terminal,FDH102014,fdh,,,,,
T1000876,terminal,Aerial Terminal,FDH102014,fdh,,,,,
T1000854,terminal,Aerial Terminal,FDH102013,fdh,,,,,
T1000862,terminal,Aerial Terminal,FDH102013,fdh,,,,,
T1000857,terminal,Aerial Terminal,FDH102013,fdh,,,,,
T1000829,terminal,MST,FDH102012,fdh,,,,,
T1000827,terminal,MST,FDH102013,fdh,,,,,
T1000917,terminal,Aerial Terminal,FDH102013,fdh,,,,,
T1000917,terminal,Aerial Terminal,FDH102013,fdh,,,,,
T1000917,terminal,Aerial Terminal,FDH102013,fdh,,,,,
T1000917,terminal,Aerial Terminal,FDH102013,fdh,,,,,
T1000939,terminal,Aerial Terminal,FDH102011,fdh,,,,,
T1000879,terminal,MST,FDH102011,fdh,,,,,
T1000939,terminal,Aerial Terminal,FDH102011,fdh,,,,,
T1000841,terminal,Aerial Terminal,FDH102014,fdh,,,,,
T1000864,terminal,Aerial Terminal,FDH102013,fdh,,,,,
T1000833,terminal,MST,FDH102013,fdh,,,,,
T1000925,terminal,Aerial Terminal,FDH102015,fdh,,,,,
T1000914,terminal,MST,FDH102013,fdh,,,,,
T1000919,terminal,MST,FDH102014,fdh,,,,,
T1000960,terminal,MST,FDH102015,fdh,,,,,
T1000844,terminal,MST,FDH102016,fdh,,,,,
T1000864,terminal,Aerial Terminal,FDH102013,fdh,,,,,
T1000841,terminal,Aerial Terminal,FDH102014,fdh,,,,,
T1000833,terminal,MST,FDH102013,fdh,,,,,
T1000867,terminal,MST,FDH102011,fdh,,,,,
T1000817,terminal,Aerial Terminal,FDH102016,fdh,,,,,
T1000923,terminal,Aerial Terminal,FDH102014,fdh,,,,,
T1000817,terminal,Aerial Terminal,FDH102016,fdh,,,,,
T1000864,terminal,Aerial Terminal,FDH102013,fdh,,,,,
T1000960,terminal,MST,FDH102015,fdh,,,,,
T1000960,terminal,MST,FDH102015,fdh,,,,,
T1000844,terminal,MST,FDH102016,fdh,,,,,
T1000964,terminal,Aerial Terminal,FDH102015,fdh,,,,,
T1000817,terminal,Aerial Terminal,FDH102016,fdh,,,,,
T1000916,terminal,MST,FDH102012,fdh,,,,,
T1000938,terminal,Aerial Terminal,FDH102014,fdh,,,,,
T1000815,terminal,Aerial Terminal,FDH102014,fdh,,,,,
T1000930,terminal,Aerial Terminal,FDH102016,fdh,,,,,
T1000864,terminal,Aerial Terminal,FDH102013,fdh,,,,,
T1000913,terminal,MST,FDH102011,fdh,,,,,
T1000842,terminal,MST,FDH102016,fdh,,,,,
T1000878,terminal,Aerial Terminal,FDH102011,fdh,,,,,
T1000841,terminal,Aerial Terminal,FDH102014,fdh,,,,,
T1000925,terminal,Aerial Terminal,FDH102015,fdh,,,,,
T1000930,terminal,Aerial Terminal,FDH102016,fdh,,,,,
T1000817,terminal,Aerial Terminal,FDH102016,fdh,,,,,
T1000954,terminal,MST,FDH102011,fdh,,,,,
T1000938,terminal,Aerial Terminal,FDH102014,fdh,,,,,
T1000842,terminal,MST,FDH102016,fdh,,,,,
T1000925,terminal,Aerial Terminal,FDH102015,fdh,,,,,
T1000815,terminal,Aerial Terminal,FDH102014,fdh,,,,,
T1000960,terminal,MST,FDH102015,fdh,,,,,
T1000935,terminal,Aerial Terminal,FDH102012,fdh,,,,,
T1000819,terminal,Aerial Terminal,FDH102016,fdh,,,,,
T1000842,terminal,MST,FDH102016,fdh,,,,,
T1000930,terminal,Aerial Terminal,FDH102016,fdh,,,,,
T1000855,terminal,Aerial Terminal,FDH102013,fdh,,,,,
T1000957,terminal,MST,FDH102013,fdh,,,,,
T1000884,terminal,Aerial Terminal,FDH102012,fdh,,,,,
T1000960,terminal,MST,FDH102015,fdh,,,,,
T1000815,terminal,Aerial Terminal,FDH102014,fdh,,,,,
T1000884,terminal,Aerial Terminal,FDH102012,fdh,,,,,
T1000895,terminal,Aerial Terminal,FDH102014,fdh,,,,,
T1000920,terminal,MST,FDH102015,fdh,,,,,
T1000819,terminal,Aerial Terminal,FDH102016,fdh,,,,,
T1000940,terminal,MST,FDH102011,fdh,,,,,
T1000940,terminal,MST,FDH102011,fdh,,,,,
T1000819,terminal,Aerial Terminal,FDH102016,fdh,,,,,
T1000815,terminal,Aerial Terminal,FDH102014,fdh,,,,,
T1000991,terminal,Aerial Terminal,FDH102015,fdh,,,,,
T1000930,terminal,Aerial Terminal,FDH102016,fdh,,,,,
T1000841,terminal,Aerial Terminal,FDH102014,fdh,,,,,
T1000841,terminal,Aerial Terminal,FDH102014,fdh,,,,,
T1000841,terminal,Aerial Terminal,FDH102014,fdh,,,,,
T1000991,terminal,Aerial Terminal,FDH102015,fdh,,,,,
T1000864,terminal,Aerial Terminal,FDH102013,fdh,,,,,
T1000884,terminal,Aerial Terminal,FDH102012,fdh,,,,,
T1000913,terminal,MST,FDH102011,fdh,,,,,
T1000819,terminal,Aerial Terminal,FDH102016,fdh,,,,,
T1000928,terminal,Aerial Terminal,FDH102016,fdh,,,,,
T1000815,terminal,Aerial Terminal,FDH102014,fdh,,,,,
T1000815,terminal,Aerial Terminal,FDH102014,fdh,,,,,
T1000993,terminal,Aerial Terminal,FDH102016,fdh,,,,,
T1000955,terminal,MST,FDH102013,fdh,,,,,
T1000937,terminal,Aerial Terminal,FDH102013,fdh,,,,,
T1000920,terminal,MST,FDH102015,fdh,,,,,
T1000922,terminal,Aerial Terminal,FDH102014,fdh,,,,,
T1000928,terminal,Aerial Terminal,FDH102016,fdh,,,,,
T1000955,terminal,MST,FDH102013,fdh,,,,,
T1000937,terminal,Aerial Terminal,FDH102013,fdh,,,,,
T1000959,terminal,Aerial Terminal,FDH102014,fdh,,,,,
T1000931,terminal,MST,FDH102016,fdh,,,,,
T1000965,terminal,MST,FDH102015,fdh,,,,,
T1000863,terminal,Aerial Terminal,FDH102013,fdh,,,,,
T1000957,terminal,MST,FDH102013,fdh,,,,,
T1000867,terminal,MST,FDH102011,fdh,,,,,
T1000819,terminal,Aerial Terminal,FDH102016,fdh,,,,,
T1000815,terminal,Aerial Terminal,FDH102014,fdh,,,,,
T1000955,terminal,MST,FDH102013,fdh,,,,,
T1000815,terminal,Aerial Terminal,FDH102014,fdh,,,,,
T1000927,terminal,MST,FDH102015,fdh,,,,,
T1000962,terminal,Aerial Terminal,FDH102015,fdh,,,,,
T1000928,terminal,Aerial Terminal,FDH102016,fdh,,,,,
T1000955,terminal,MST,FDH102013,fdh,,,,,
T1000962,terminal,Aerial Terminal,FDH102015,fdh,,,,,
T1000873,terminal,Aerial Terminal,FDH102012,fdh,,,,,
T1000955,terminal,MST,FDH102013,fdh,,,,,
T1000966,terminal,Aerial Terminal,FDH102016,fdh,,,,,
T1000928,terminal,Aerial Terminal,FDH102016,fdh,,,,,
T1000955,terminal,MST,FDH102013,fdh,,,,,
T1000962,terminal,Aerial Terminal,FDH102015,fdh,,,,,
T1000937,terminal,Aerial Terminal,FDH102013,fdh,,,,,
T1000964,terminal,Aerial Terminal,FDH102015,fdh,,,,,
T1000873,terminal,Aerial Terminal,FDH102012,fdh,,,,,
T1000921,terminal,MST,FDH102014,fdh,,,,,
T1000932,terminal,Aerial Terminal,FDH102016,fdh,,,,,
T1000965,terminal,MST,FDH102015,fdh,,,,,
T1000957,terminal,MST,FDH102013,fdh,,,,,
T1000962,terminal,Aerial Terminal,FDH102015,fdh,,,,,
T1000967,terminal,MST,FDH102016,fdh,,,,,
T1000842,terminal,MST,FDH102016,fdh,,,,,
T1000937,terminal,Aerial Terminal,FDH102013,fdh,,,,,
T1000928,terminal,Aerial Terminal,FDH102016,fdh,,,,,
T1000956,terminal,MST,FDH102013,fdh,,,,,
T1000880,terminal,Aerial Terminal,FDH102014,fdh,,,,,
T1000966,terminal,Aerial Terminal,FDH102016,fdh,,,,,
T1000826,terminal,MST,FDH102013,fdh,,,,,
T1000931,terminal,MST,FDH102016,fdh,,,,,
T1000956,terminal,MST,FDH102013,fdh,,,,,
T1000928,terminal,Aerial Terminal,FDH102016,fdh,,,,,
T1000927,terminal,MST,FDH102015,fdh,,,,,
T1000886,terminal,Aerial Terminal,FDH102012,fdh,,,,,
T1000967,terminal,MST,FDH102016,fdh,,,,,
T1000956,terminal,MST,FDH102013,fdh,,,,,
T1000927,terminal,MST,FDH102015,fdh,,,,,
T1000826,terminal,MST,FDH102013,fdh,,,,,
T1000928,terminal,Aerial Terminal,FDH102016,fdh,,,,,
T1000956,terminal,MST,FDH102013,fdh,,,,,
T1000941,terminal,Aerial Terminal,FDH102014,fdh,,,,,
T1000932,terminal,Aerial Terminal,FDH102016,fdh,,,,,
T1000931,terminal,MST,FDH102016,fdh,,,,,
T1000965,terminal,MST,FDH102015,fdh,,,,,
T1000818,terminal,MST,FDH102014,fdh,,,,,
T1000867,terminal,MST,FDH102011,fdh,,,,,
T1000880,terminal,Aerial Terminal,FDH102014,fdh,,,,,
T1000964,terminal,Aerial Terminal,FDH102015,fdh,,,,,
T1000966,terminal,Aerial Terminal,FDH102016,fdh,,,,,
T1000860,terminal,Aerial Terminal,FDH102013,fdh,,,,,
T1000956,terminal,MST,FDH102013,fdh,,,,,
T1000831,terminal,MST,FDH102012,fdh,,,,,
T1000996,terminal,Aerial Terminal,FDH102012,fdh,,,,,
T1000964,terminal,Aerial Terminal,FDH102015,fdh,,,,,
T1000962,terminal,Aerial Terminal,FDH102015,fdh,,,,,
T1000966,terminal,Aerial Terminal,FDH102016,fdh,,,,,
T1000831,terminal,MST,FDH102012,fdh,,,,,
T1000967,terminal,MST,FDH102016,fdh,,,,,
T1000928,terminal,Aerial Terminal,FDH102016,fdh,,,,,
T1000956,terminal,MST,FDH102013,fdh,,,,,
T1000831,terminal,MST,FDH102012,fdh,,,,,
T1000928,terminal,Aerial Terminal,FDH102016,fdh,,,,,
T1000928,terminal,Aerial Terminal,FDH102016,fdh,,,,,
T1000822,terminal,Aerial Terminal,FDH102011,fdh,,,,,
T1000831,terminal,MST,FDH102012,fdh,,,,,
T1000921,terminal,MST,FDH102014,fdh,,,,,
T1000915,terminal,MST,FDH102013,fdh,,,,,
T1000942,terminal,Aerial Terminal,FDH102011,fdh,,,,,
T1000942,terminal,Aerial Terminal,FDH102011,fdh,,,,,
T1000966,terminal,Aerial Terminal,FDH102016,fdh,,,,,
T1000942,terminal,Aerial Terminal,FDH102011,fdh,,,,,
T1000880,terminal,Aerial Terminal,FDH102014,fdh,,,,,
T1000836,terminal,MST,FDH102015,fdh,,,,,
T1000941,terminal,Aerial Terminal,FDH102014,fdh,,,,,
T1000895,terminal,Aerial Terminal,FDH102014,fdh,,,,,
T1000831,terminal,MST,FDH102012,fdh,,,,,
T1000895,terminal,Aerial Terminal,FDH102014,fdh,,,,,
T1000963,terminal,Aerial Terminal,FDH102015,fdh,,,,,
T1000992,terminal,Aerial Terminal,FDH102016,fdh,,,,,
T1000817,terminal,Aerial Terminal,FDH102016,fdh,,,,,
T1000932,terminal,Aerial Terminal,FDH102016,fdh,,,,,
T1000963,terminal,Aerial Terminal,FDH102015,fdh,,,,,
T1000966,terminal,Aerial Terminal,FDH102016,fdh,,,,,
T1000843,terminal,MST,FDH102016,fdh,,,,,
T1000826,terminal,MST,FDH102013,fdh,,,,,
T1000830,terminal,MST,FDH102012,fdh,,,,,
T1000893,terminal,MST,FDH102012,fdh,,,,,
T1000893,terminal,MST,FDH102012,fdh,,,,,
T1000964,terminal,Aerial Terminal,FDH102015,fdh,,,,,
T1000843,terminal,MST,FDH102016,fdh,,,,,
T1000927,terminal,MST,FDH102015,fdh,,,,,
T1000966,terminal,Aerial Terminal,FDH102016,fdh,,,,,
T1000834,terminal,MST,FDH102012,fdh,,,,,
T1000878,terminal,Aerial Terminal,FDH102011,fdh,,,,,
T1000912,terminal,Aerial Terminal,FDH102011,fdh,,,,,
T1000943,terminal,Aerial Terminal,FDH102011,fdh,,,,,
T1000964,terminal,Aerial Terminal,FDH102015,fdh,,,,,
T1000924,terminal,MST,FDH102015,fdh,,,,,
T1000836,terminal,MST,FDH102015,fdh,,,,,
T1000828,terminal,MST,FDH102013,fdh,,,,,
T1000943,terminal,Aerial Terminal,FDH102011,fdh,,,,,
T1000943,terminal,Aerial Terminal,FDH102011,fdh,,,,,
T1000867,terminal,MST,FDH102011,fdh,,,,,
T1000867,terminal,MST,FDH102011,fdh,,,,,
T1000992,terminal,Aerial Terminal,FDH102016,fdh,,,,,
T1000927,terminal,MST,FDH102015,fdh,,,,,
T1000964,terminal,Aerial Terminal,FDH102015,fdh,,,,,
T1000835,terminal,Aerial Terminal,FDH102014,fdh,,,,,
T1000992,terminal,Aerial Terminal,FDH102016,fdh,,,,,
T1000830,terminal,MST,FDH102012,fdh,,,,,
T1000915,terminal,MST,FDH102013,fdh,,,,,
T1000942,terminal,Aerial Terminal,FDH102011,fdh,,,,,
T1000836,terminal,MST,FDH102015,fdh,,,,,
T1000830,terminal,MST,FDH102012,fdh,,,,,
T1000829,terminal,MST,FDH102012,fdh,,,,,
T1000927,terminal,MST,FDH102015,fdh,,,,,
T1000930,terminal,Aerial Terminal,FDH102016,fdh,,,,,
T1000911,terminal,Aerial Terminal,FDH102011,fdh,,,,,
T1000829,terminal,MST,FDH102012,fdh,,,,,
T1000926,terminal,MST,FDH102015,fdh,,,,,
T1000903,terminal,MST,FDH102011,fdh,,,,,
T1000910,terminal,Aerial Terminal,FDH102011,fdh,,,,,
T1000926,terminal,MST,FDH102015,fdh,,,,,
T1000846,terminal,Aerial Terminal,FDH102016,fdh,,,,,
T1000860,terminal,Aerial Terminal,FDH102013,fdh,,,,,
T1000915,terminal,MST,FDH102013,fdh,,,,,
T1000829,terminal,MST,FDH102012,fdh,,,,,
T1000901,terminal,Aerial Terminal,FDH102011,fdh,,,,,
T1000901,terminal,Aerial Terminal,FDH102011,fdh,,,,,
T1000829,terminal,MST,FDH102012,fdh,,,,,
T1000957,terminal,MST,FDH102013,fdh,,,,,
T1000908,terminal,MST,FDH102011,fdh,,,,,
T1000953,terminal,Aerial Terminal,FDH102011,fdh,,,,,
T1000953,terminal,Aerial Terminal,FDH102011,fdh,,,,,
T1000953,terminal,Aerial Terminal,FDH102011,fdh,,,,,
T1000953,terminal,Aerial Terminal,FDH102011,fdh,,,,,
T1000957,terminal,MST,FDH102013,fdh,,,,,
T1000949,terminal,MST,FDH102011,fdh,,,,,
T1000941,terminal,Aerial Terminal,FDH102014,fdh,,,,,
T1000921,terminal,MST,FDH102014,fdh,,,,,
T1000843,terminal,MST,FDH102016,fdh,,,,,
T1000860,terminal,Aerial Terminal,FDH102013,fdh,,,,,
T1000843,terminal,MST,FDH102016,fdh,,,,,
T1000896,terminal,Aerial Terminal,FDH102011,fdh,,,,,
T1000829,terminal,MST,FDH102012,fdh,,,,,
T1000911,terminal,Aerial Terminal,FDH102011,fdh,,,,,
T1000894,terminal,MST,FDH102011,fdh,,,,,
T1000894,terminal,MST,FDH102011,fdh,,,,,
T1000910,terminal,Aerial Terminal,FDH102011,fdh,,,,,
T1000942,terminal,Aerial Terminal,FDH102011,fdh,,,,,
T1000835,terminal,Aerial Terminal,FDH102014,fdh,,,,,
T1000843,terminal,MST,FDH102016,fdh,,,,,
T1000993,terminal,Aerial Terminal,FDH102016,fdh,,,,,
T1000957,terminal,MST,FDH102013,fdh,,,,,
T1000828,terminal,MST,FDH102013,fdh,,,,,
T1000870,terminal,Aerial Terminal,FDH102011,fdh,,,,,
T1000969,terminal,MST,FDH102011,fdh,,,,,
T1000965,terminal,MST,FDH102015,fdh,,,,,
T1000968,terminal,Aerial Terminal,FDH102016,fdh,,,,,
T1000870,terminal,Aerial Terminal,FDH102011,fdh,,,,,
T1000870,terminal,Aerial Terminal,FDH102011,fdh,,,,,
T1000921,terminal,MST,FDH102014,fdh,,,,,
T1000957,terminal,MST,FDH102013,fdh,,,,,
T1000834,terminal,MST,FDH102012,fdh,,,,,
T1000939,terminal,Aerial Terminal,FDH102011,fdh,,,,,
T1000939,terminal,Aerial Terminal,FDH102011,fdh,,,,,
T1000825,terminal,MST,FDH102012,fdh,,,,,
T1000939,terminal,Aerial Terminal,FDH102011,fdh,,,,,
T1000825,terminal,MST,FDH102012,fdh,,,,,
T1000968,terminal,Aerial Terminal,FDH102016,fdh,,,,,
T1000965,terminal,MST,FDH102015,fdh,,,,,
T1000826,terminal,MST,FDH102013,fdh,,,,,
T1000888,terminal,Aerial Terminal,FDH102012,fdh,,,,,
T1000910,terminal,Aerial Terminal,FDH102011,fdh,,,,,
T1000904,terminal,MST,FDH102011,fdh,,,,,
T1000877,terminal,Aerial Terminal,FDH102011,fdh,,,,,
T1000877,terminal,Aerial Terminal,FDH102011,fdh,,,,,
T1000910,terminal,Aerial Terminal,FDH102011,fdh,,,,,
T1000825,terminal,MST,FDH102012,fdh,,,,,
T1000969,terminal,MST,FDH102011,fdh,,,,,
T1000969,terminal,MST,FDH102011,fdh,,,,,
T1000868,terminal,Aerial Terminal,FDH102014,fdh,,,,,
T1000857,terminal,Aerial Terminal,FDH102013,fdh,,,,,
T1000834,terminal,MST,FDH102012,fdh,,,,,
T1000904,terminal,MST,FDH102011,fdh,,,,,
T1000902,terminal,Aerial Terminal,FDH102011,fdh,,,,,
T1000858,terminal,Aerial Terminal,FDH102012,fdh,,,,,
T1000926,terminal,MST,FDH102015,fdh,,,,,
T1000835,terminal,Aerial Terminal,FDH102014,fdh,,,,,
T1000900,terminal,Aerial Terminal,FDH102011,fdh,,,,,
T1000898,terminal,Aerial Terminal,FDH102011,fdh,,,,,
T1000969,terminal,MST,FDH102011,fdh,,,,,
T1000998,terminal,MST,FDH102013,fdh,,,,,
T1000905,terminal,MST,FDH102011,fdh,,,,,
T1000968,terminal,Aerial Terminal,FDH102016,fdh,,,,,
T1000860,terminal,Aerial Terminal,FDH102013,fdh,,,,,
T1000826,terminal,MST,FDH102013,fdh,,,,,
T1000820,terminal,Aerial Terminal,FDH102011,fdh,,,,,
T1000827,terminal,MST,FDH102013,fdh,,,,,
T1000972,terminal,Aerial Terminal,FDH102012,fdh,,,,,
T1000821,terminal,MST,FDH102011,fdh,,,,,
T1000972,terminal,Aerial Terminal,FDH102012,fdh,,,,,
T1000959,terminal,Aerial Terminal,FDH102014,fdh,,,,,
T1000995,terminal,Aerial Terminal,FDH102013,fdh,,,,,
T1000828,terminal,MST,FDH102013,fdh,,,,,
T1000959,terminal,Aerial Terminal,FDH102014,fdh,,,,,
T1000818,terminal,MST,FDH102014,fdh,,,,,
T1000969,terminal,MST,FDH102011,fdh,,,,,
T1000969,terminal,MST,FDH102011,fdh,,,,,
T1000821,terminal,MST,FDH102011,fdh,,,,,
T1000958,terminal,Aerial Terminal,FDH102014,fdh,,,,,
T1000818,terminal,MST,FDH102014,fdh,,,,,
T1000922,terminal,Aerial Terminal,FDH102014,fdh,,,,,
T1000818,terminal,MST,FDH102014,fdh,,,,,
T1000958,terminal,Aerial Terminal,FDH102014,fdh,,,,,
T1000916,terminal,MST,FDH102012,fdh,,,,,
T1000931,terminal,MST,FDH102016,fdh,,,,,
T1000817,terminal,Aerial Terminal,FDH102016,fdh,,,,,
T1000969,terminal,MST,FDH102011,fdh,,,,,
T1000958,terminal,Aerial Terminal,FDH102014,fdh,,,,,
T1000906,terminal,MST,FDH102011,fdh,,,,,
T1000924,terminal,MST,FDH102015,fdh,,,,,
T1000818,terminal,MST,FDH102014,fdh,,,,,
T1000827,terminal,MST,FDH102013,fdh,,,,,
T1000821,terminal,MST,FDH102011,fdh,,,,,
T1000922,terminal,Aerial Terminal,FDH102014,fdh,,,,,
T1000958,terminal,Aerial Terminal,FDH102014,fdh,,,,,
T1000929,terminal,Aerial Terminal,FDH102015,fdh,,,,,
T1000958,terminal,Aerial Terminal,FDH102014,fdh,,,,,
T1000846,terminal,Aerial Terminal,FDH102016,fdh,,,,,
T1000818,terminal,MST,FDH102014,fdh,,,,,
T1000922,terminal,Aerial Terminal,FDH102014,fdh,,,,,
T1000922,terminal,Aerial Terminal,FDH102014,fdh,,,,,
T1000821,terminal,MST,FDH102011,fdh,,,,,
T1000876,terminal,Aerial Terminal,FDH102014,fdh,,,,,
T1000824,terminal,Aerial Terminal,FDH102014,fdh,,,,,
T1000929,terminal,Aerial Terminal,FDH102015,fdh,,,,,
T1000824,terminal,Aerial Terminal,FDH102014,fdh,,,,,
T1000865,terminal,Aerial Terminal,FDH102012,fdh,,,,,
T1000890,terminal,Aerial Terminal,FDH102011,fdh,,,,,
T1000890,terminal,Aerial Terminal,FDH102011,fdh,,,,,
T1000998,terminal,MST,FDH102013,fdh,,,,,
T1000818,terminal,MST,FDH102014,fdh,,,,,
T1000821,terminal,MST,FDH102011,fdh,,,,,
T1000818,terminal,MST,FDH102014,fdh,,,,,
T1000921,terminal,MST,FDH102014,fdh,,,,,
T1000932,terminal,Aerial Terminal,FDH102016,fdh,,,,,
T1000931,terminal,MST,FDH102016,fdh,,,,,
T1000940,terminal,MST,FDH102011,fdh,,,,,
T1000935,terminal,Aerial Terminal,FDH102012,fdh,,,,,
T1000971,terminal,Aerial Terminal,FDH102012,fdh,,,,,
T1000971,terminal,Aerial Terminal,FDH102012,fdh,,,,,
T1000971,terminal,Aerial Terminal,FDH102012,fdh,,,,,
T1000971,terminal,Aerial Terminal,FDH102012,fdh,,,,,
T1000971,terminal,Aerial Terminal,FDH102012,fdh,,,,,
T1000897,terminal,Aerial Terminal,FDH102012,fdh,,,,,
T1000821,terminal,MST,FDH102011,fdh,,,,,
T1000837,terminal,MST,FDH102014,fdh,,,,,
T1000958,terminal,Aerial Terminal,FDH102014,fdh,,,,,
T1000958,terminal,Aerial Terminal,FDH102014,fdh,,,,,
T1000944,terminal,Aerial Terminal,FDH102014,fdh,,,,,
T1000838,terminal,Aerial Terminal,FDH102014,fdh,,,,,
T1000838,terminal,Aerial Terminal,FDH102014,fdh,,,,,
T1000841,terminal,Aerial Terminal,FDH102014,fdh,,,,,
T1000849,terminal,Aerial Terminal,FDH102014,fdh,,,,,
T1000944,terminal,Aerial Terminal,FDH102014,fdh,,,,,
T1000840,terminal,Aerial Terminal,FDH102014,fdh,,,,,
T1000968,terminal,Aerial Terminal,FDH102016,fdh,,,,,
T1000993,terminal,Aerial Terminal,FDH102016,fdh,,,,,
T1000931,terminal,MST,FDH102016,fdh,,,,,
T1000944,terminal,Aerial Terminal,FDH102014,fdh,,,,,
T1000961,terminal,MST,FDH102015,fdh,,,,,
T1000876,terminal,Aerial Terminal,FDH102014,fdh,,,,,
T1000961,terminal,MST,FDH102015,fdh,,,,,
T1000850,terminal,Aerial Terminal,FDH102014,fdh,,,,,
T1000868,terminal,Aerial Terminal,FDH102014,fdh,,,,,
T1000851,terminal,Aerial Terminal,FDH102012,fdh,,,,,
T1000851,terminal,Aerial Terminal,FDH102012,fdh,,,,,
T1000871,terminal,Aerial Terminal,FDH102014,fdh,,,,,
T1000852,terminal,Aerial Terminal,FDH102012,fdh,,,,,
T1000944,terminal,Aerial Terminal,FDH102014,fdh,,,,,
T1000852,terminal,Aerial Terminal,FDH102012,fdh,,,,,
T1000887,terminal,Aerial Terminal,FDH102011,fdh,,,,,
T1000887,terminal,Aerial Terminal,FDH102011,fdh,,,,,
T1000821,terminal,MST,FDH102011,fdh,,,,,
T1000858,terminal,Aerial Terminal,FDH102012,fdh,,,,,
T1000858,terminal,Aerial Terminal,FDH102012,fdh,,,,,
T1000961,terminal,MST,FDH102015,fdh,,,,,
T1000854,terminal,Aerial Terminal,FDH102013,fdh,,,,,
T1000935,terminal,Aerial Terminal,FDH102012,fdh,,,,,
T1000856,terminal,Aerial Terminal,FDH102013,fdh,,,,,
T1000871,terminal,Aerial Terminal,FDH102014,fdh,,,,,
T1000968,terminal,Aerial Terminal,FDH102016,fdh,,,,,
T1000897,terminal,Aerial Terminal,FDH102012,fdh,,,,,
T1000961,terminal,MST,FDH102015,fdh,,,,,
T1000862,terminal,Aerial Terminal,FDH102013,fdh,,,,,
T1000862,terminal,Aerial Terminal,FDH102013,fdh,,,,,
T1000944,terminal,Aerial Terminal,FDH102014,fdh,,,,,
T1000926,terminal,MST,FDH102015,fdh,,,,,
T1000917,terminal,Aerial Terminal,FDH102013,fdh,,,,,
T1000821,terminal,MST,FDH102011,fdh,,,,,
T1000961,terminal,MST,FDH102015,fdh,,,,,
T1000837,terminal,MST,FDH102014,fdh,,,,,
T1000946,terminal,Aerial Terminal,FDH102014,fdh,,,,,
T1000907,terminal,Aerial Terminal,FDH102011,fdh,,,,,
T1000891,terminal,Aerial Terminal,FDH102012,fdh,,,,,
T1000960,terminal,MST,FDH102015,fdh,,,,,
T1000849,terminal,Aerial Terminal,FDH102014,fdh,,,,,
T1000857,terminal,Aerial Terminal,FDH102013,fdh,,,,,
T1000821,terminal,MST,FDH102011,fdh,,,,,
T1000874,terminal,Aerial Terminal,FDH102014,fdh,,,,,
T1000961,terminal,MST,FDH102015,fdh,,,,,
T1000824,terminal,Aerial Terminal,FDH102014,fdh,,,,,
T1000961,terminal,MST,FDH102015,fdh,,,,,
T1000889,terminal,Aerial Terminal,FDH102012,fdh,,,,,
T1000938,terminal,Aerial Terminal,FDH102014,fdh,,,,,
T1000920,terminal,MST,FDH102015,fdh,,,,,
T1000920,terminal,MST,FDH102015,fdh,,,,,
T1000824,terminal,Aerial Terminal,FDH102014,fdh,,,,,
T1000919,terminal,MST,FDH102014,fdh,,,,,
T1000916,terminal,MST,FDH102012,fdh,,,,,
T1000935,terminal,Aerial Terminal,FDH102012,fdh,,,,,
T1000844,terminal,MST,FDH102016,fdh,,,,,
T1000846,terminal,Aerial Terminal,FDH102016,fdh,,,,,
T1000946,terminal,Aerial Terminal,FDH102014,fdh,,,,,
T1000919,terminal,MST,FDH102014,fdh,,,,,
T1000923,terminal,Aerial Terminal,FDH102014,fdh,,,,,
T1000916,terminal,MST,FDH102012,fdh,,,,,
T1000885,terminal,Aerial Terminal,FDH102012,fdh,,,,,
T1000954,terminal,MST,FDH102011,fdh,,,,,
T1000938,terminal,Aerial Terminal,FDH102014,fdh,,,,,
T1000919,terminal,MST,FDH102014,fdh,,,,,
T1000919,terminal,MST,FDH102014,fdh,,,,,
T1000940,terminal,MST,FDH102011,fdh,,,,,
T1000920,terminal,MST,FDH102015,fdh,,,,,
T1000817,terminal,Aerial Terminal,FDH102016,fdh,,,,,
T1000946,terminal,Aerial Terminal,FDH102014,fdh,,,,,
T1000923,terminal,Aerial Terminal,FDH102014,fdh,,,,,
T1000959,terminal,Aerial Terminal,FDH102014,fdh,,,,,
T1000923,terminal,Aerial Terminal,FDH102014,fdh,,,,,
T1000914,terminal,MST,FDH102013,fdh,,,,,
T1000954,terminal,MST,FDH102011,fdh,,,,,
T1000817,terminal,Aerial Terminal,FDH102016,fdh,,,,,
T1000869,terminal,MST,FDH102011,fdh,,,,,
T1000932,terminal,Aerial Terminal,FDH102016,fdh,,,,,
T1000995,terminal,Aerial Terminal,FDH102013,fdh,,,,,
T1000864,terminal,Aerial Terminal,FDH102013,fdh,,,,,
T1000841,terminal,Aerial Terminal,FDH102014,fdh,,,,,
T1000965,terminal,MST,FDH102015,fdh,,,,,
T1000842,terminal,MST,FDH102016,fdh,,,,,
T1000935,terminal,Aerial Terminal,FDH102012,fdh,,,,,
T1000954,terminal,MST,FDH102011,fdh,,,,,
T1000817,terminal,Aerial Terminal,FDH102016,fdh,,,,,
T1000864,terminal,Aerial Terminal,FDH102013,fdh,,,,,
T1000874,terminal,Aerial Terminal,FDH102014,fdh,,,,,
T1000841,terminal,Aerial Terminal,FDH102014,fdh,,,,,
T1000844,terminal,MST,FDH102016,fdh,,,,,
T1000841,terminal,Aerial Terminal,FDH102014,fdh,,,,,
T1000916,terminal,MST,FDH102012,fdh,,,,,
T1000833,terminal,MST,FDH102013,fdh,,,,,
T1000842,terminal,MST,FDH102016,fdh,,,,,
T1000954,terminal,MST,FDH102011,fdh,,,,,
T1000868,terminal,Aerial Terminal,FDH102014,fdh,,,,,
T1000968,terminal,Aerial Terminal,FDH102016,fdh,,,,,
T1000995,terminal,Aerial Terminal,FDH102013,fdh,,,,,
T1000528,terminal,Aerial Terminal,FDH102002,fdh,,,,,
T1000518,terminal,Aerial Terminal,FDH102002,fdh,,,,,
T1000518,terminal,Aerial Terminal,FDH102002,fdh,,,,,
T1000531,terminal,Aerial Terminal,FDH102002,fdh,,,,,
T1000498,terminal,MST,FDH102001,fdh,,,,,
T1000499,terminal,MST,FDH102001,fdh,,,,,
T1000994,terminal,Aerial Terminal,FDH102016,fdh,,,,,
T1000556,terminal,MST,FDH102016,fdh,,,,,
T1000556,terminal,MST,FDH102016,fdh,,,,,
T1000557,terminal,Aerial Terminal,FDH102002,fdh,,,,,
T1000492,terminal,Aerial Terminal,FDH102002,fdh,,,,,
T1000591,terminal,Aerial Terminal,FDH102003,fdh,,,,,
T1000590,terminal,Aerial Terminal,FDH102004,fdh,,,,,
T1000628,terminal,Aerial Terminal,FDH102003,fdh,,,,,
T1000627,terminal,Aerial Terminal,FDH102003,fdh,,,,,
T1000624,terminal,Aerial Terminal,FDH102003,fdh,,,,,
T1000623,terminal,Aerial Terminal,FDH102003,fdh,,,,,
T1000615,terminal,Aerial Terminal,FDH102003,fdh,,,,,
T1000615,terminal,Aerial Terminal,FDH102003,fdh,,,,,
T1000618,terminal,Aerial Terminal,FDH102003,fdh,,,,,
T1000616,terminal,Aerial Terminal,FDH102002,fdh,,,,,
T1000633,terminal,Aerial Terminal,FDH102003,fdh,,,,,
T1000634,terminal,Aerial Terminal,FDH102003,fdh,,,,,
T1000570,terminal,Aerial Terminal,FDH102004,fdh,,,,,
T1000608,terminal,Aerial Terminal,FDH102003,fdh,,,,,
T1000612,terminal,MST,FDH102003,fdh,,,,,
T1000675,terminal,Aerial Terminal,FDH102006,fdh,,,,,
T1000699,terminal,Aerial Terminal,FDH102006,fdh,,,,,
T1000697,terminal,MST,FDH102018,fdh,,,,,
T1000698,terminal,Aerial Terminal,FDH102006,fdh,,,,,
T1000989,terminal,MST,FDH102018,fdh,,,,,
T1000697,terminal,MST,FDH102018,fdh,,,,,
T1000986,terminal,Aerial Terminal,FDH102018,fdh,,,,,
T1000690,terminal,Aerial Terminal,FDH102018,fdh,,,,,
T1000988,terminal,Aerial Terminal,FDH102018,fdh,,,,,
T1000689,terminal,MST,FDH102018,fdh,,,,,
T1000689,terminal,MST,FDH102018,fdh,,,,,
T1000688,terminal,Aerial Terminal,FDH102018,fdh,,,,,
T1000689,terminal,MST,FDH102018,fdh,,,,,
T1000988,terminal,Aerial Terminal,FDH102018,fdh,,,,,
T1000735,terminal,Aerial Terminal,FDH102007,fdh,,,,,
T1000708,terminal,MST,FDH102007,fdh,,,,,
T1000723,terminal,MST,FDH102008,fdh,,,,,
T1000724,terminal,Aerial Terminal,FDH102008,fdh,,,,,
T1000724,terminal,Aerial Terminal,FDH102008,fdh,,,,,
T1000715,terminal,Aerial Terminal,FDH102008,fdh,,,,,
T1000710,terminal,Aerial Terminal,FDH102008,fdh,,,,,
T1000736,terminal,MST,FDH102008,fdh,,,,,
T1000706,terminal,Aerial Terminal,FDH102007,fdh,,,,,
T1000730,terminal,Aerial Terminal,FDH102007,fdh,,,,,
T1000730,terminal,Aerial Terminal,FDH102007,fdh,,,,,
T1000729,terminal,MST,FDH102007,fdh,,,,,
T1000707,terminal,MST,FDH102007,fdh,,,,,
T1000731,terminal,Aerial Terminal,FDH102007,fdh,,,,,
T1000724,terminal,Aerial Terminal,FDH102008,fdh,,,,,
T1000720,terminal,Aerial Terminal,FDH102008,fdh,,,,,
T1000722,terminal,MST,FDH102008,fdh,,,,,
T1000725,terminal,Aerial Terminal,FDH102008,fdh,,,,,
T1000715,terminal,Aerial Terminal,FDH102008,fdh,,,,,
T1000737,terminal,Aerial Terminal,FDH102017,fdh,,,,,
T1000747,terminal,Aerial Terminal,FDH102017,fdh,,,,,
T1000757,terminal,Aerial Terminal,FDH102006,fdh,,,,,
T1000760,terminal,Aerial Terminal,FDH102006,fdh,,,,,
T1000759,terminal,MST,FDH102006,fdh,,,,,
T1000759,terminal,MST,FDH102006,fdh,,,,,
T1000763,terminal,Aerial Terminal,FDH102006,fdh,,,,,
T1000763,terminal,Aerial Terminal,FDH102006,fdh,,,,,
T1000762,terminal,Aerial Terminal,FDH102006,fdh,,,,,
T1000729,terminal,MST,FDH102007,fdh,,,,,
T1000759,terminal,MST,FDH102006,fdh,,,,,
T1000722,terminal,MST,FDH102008,fdh,,,,,
T1000652,terminal,Aerial Terminal,FDH102003,fdh,,,,,
T1000660,terminal,MST,FDH102003,fdh,,,,,
T1000661,terminal,MST,FDH102003,fdh,,,,,
T1000651,terminal,Aerial Terminal,FDH102005,fdh,,,,,
T1000659,terminal,MST,FDH102005,fdh,,,,,
T1000640,terminal,Aerial Terminal,FDH102005,fdh,,,,,
T1000656,terminal,Aerial Terminal,FDH102005,fdh,,,,,
T1000645,terminal,Aerial Terminal,FDH102005,fdh,,,,,
T1000668,terminal,MST,FDH102005,fdh,,,,,
T1000804,terminal,Aerial Terminal,FDH102010,fdh,,,,,
T1000798,terminal,Aerial Terminal,FDH102010,fdh,,,,,
T1000814,terminal,MST,FDH102010,fdh,,,,,
T1000814,terminal,MST,FDH102010,fdh,,,,,
T1000814,terminal,MST,FDH102010,fdh,,,,,
T1000814,terminal,MST,FDH102010,fdh,,,,,
T1000814,terminal,MST,FDH102010,fdh,,,,,
T1000814,terminal,MST,FDH102010,fdh,,,,,
T1000814,terminal,MST,FDH102010,fdh,,,,,
T1000814,terminal,MST,FDH102010,fdh,,,,,
T1000814,terminal,MST,FDH102010,fdh,,,,,
T1000799,terminal,Aerial Terminal,FDH102010,fdh,,,,,
T1000799,terminal,Aerial Terminal,FDH102010,fdh,,,,,
T1000799,terminal,Aerial Terminal,FDH102010,fdh,,,,,
T1000799,terminal,Aerial Terminal,FDH102010,fdh,,,,,
T1000799,terminal,Aerial Terminal,FDH102010,fdh,,,,,
T1000814,terminal,MST,FDH102010,fdh,,,,,
T1000799,terminal,Aerial Terminal,FDH102010,fdh,,,,,
T1000799,terminal,Aerial Terminal,FDH102010,fdh,,,,,
T1000950,terminal,MST,FDH102011,fdh,,,,,
T1000973,terminal,MST,FDH102011,fdh,,,,,
T1000973,terminal,MST,FDH102011,fdh,,,,,
T1000973,terminal,MST,FDH102011,fdh,,,,,
T1000973,terminal,MST,FDH102011,fdh,,,,,
T1000973,terminal,MST,FDH102011,fdh,,,,,
T1000823,terminal,MST,FDH102011,fdh,,,,,
T1000951,terminal,MST,FDH102011,fdh,,,,,
T1000949,terminal,MST,FDH102011,fdh,,,,,
T1000949,terminal,MST,FDH102011,fdh,,,,,
T1000950,terminal,MST,FDH102011,fdh,,,,,
T1000950,terminal,MST,FDH102011,fdh,,,,,
T1000822,terminal,Aerial Terminal,FDH102011,fdh,,,,,
T1000880,terminal,Aerial Terminal,FDH102014,fdh,,,,,
T1000977,terminal,Aerial Terminal,FDH102014,fdh,,,,,
T1000977,terminal,Aerial Terminal,FDH102014,fdh,,,,,
T1000977,terminal,Aerial Terminal,FDH102014,fdh,,,,,
T1000977,terminal,Aerial Terminal,FDH102014,fdh,,,,,
T1000977,terminal,Aerial Terminal,FDH102014,fdh,,,,,
T1000977,terminal,Aerial Terminal,FDH102014,fdh,,,,,
T1000977,terminal,Aerial Terminal,FDH102014,fdh,,,,,
T1000977,terminal,Aerial Terminal,FDH102014,fdh,,,,,
T1000978,terminal,Aerial Terminal,FDH102014,fdh,,,,,
T1000978,terminal,Aerial Terminal,FDH102014,fdh,,,,,
T1000978,terminal,Aerial Terminal,FDH102014,fdh,,,,,
T1000979,terminal,Aerial Terminal,FDH102014,fdh,,,,,
T1000979,terminal,Aerial Terminal,FDH102014,fdh,,,,,
T1000979,terminal,Aerial Terminal,FDH102014,fdh,,,,,
T1000979,terminal,Aerial Terminal,FDH102014,fdh,,,,,
T1000979,terminal,Aerial Terminal,FDH102014,fdh,,,,,
T1000979,terminal,Aerial Terminal,FDH102014,fdh,,,,,
T1000979,terminal,Aerial Terminal,FDH102014,fdh,,,,,
T1000978,terminal,Aerial Terminal,FDH102014,fdh,,,,,
T1000978,terminal,Aerial Terminal,FDH102014,fdh,,,,,
T1000978,terminal,Aerial Terminal,FDH102014,fdh,,,,,
T1000978,terminal,Aerial Terminal,FDH102014,fdh,,,,,
T1000977,terminal,Aerial Terminal,FDH102014,fdh,,,,,
T1000977,terminal,Aerial Terminal,FDH102014,fdh,,,,,
T1000979,terminal,Aerial Terminal,FDH102014,fdh,,,,,
T1000978,terminal,Aerial Terminal,FDH102014,fdh,,,,,
T1000978,terminal,Aerial Terminal,FDH102014,fdh,,,,,
T1000978,terminal,Aerial Terminal,FDH102014,fdh,,,,,
T1000871,terminal,Aerial Terminal,FDH102014,fdh,,,,,
T1000980,terminal,Aerial Terminal,FDH102014,fdh,,,,,
T1000980,terminal,Aerial Terminal,FDH102014,fdh,,,,,
T1000980,terminal,Aerial Terminal,FDH102014,fdh,,,,,
T1000980,terminal,Aerial Terminal,FDH102014,fdh,,,,,
T1000980,terminal,Aerial Terminal,FDH102014,fdh,,,,,
T1000980,terminal,Aerial Terminal,FDH102014,fdh,,,,,
T1000980,terminal,Aerial Terminal,FDH102014,fdh,,,,,
T1000980,terminal,Aerial Terminal,FDH102014,fdh,,,,,
T1000979,terminal,Aerial Terminal,FDH102014,fdh,,,,,
T1000979,terminal,Aerial Terminal,FDH102014,fdh,,,,,
T1000980,terminal,Aerial Terminal,FDH102014,fdh,,,,,
T1000979,terminal,Aerial Terminal,FDH102014,fdh,,,,,
T1000980,terminal,Aerial Terminal,FDH102014,fdh,,,,,
T1000980,terminal,Aerial Terminal,FDH102014,fdh,,,,,
T1000845,terminal,Aerial Terminal,FDH102015,fdh,,,,,
T1000845,terminal,Aerial Terminal,FDH102015,fdh,,,,,
T1000933,terminal,MST,FDH102014,fdh,,,,,
T1000933,terminal,MST,FDH102014,fdh,,,,,
T1000933,terminal,MST,FDH102014,fdh,,,,,
T1000933,terminal,MST,FDH102014,fdh,,,,,
T1000926,terminal,MST,FDH102015,fdh,,,,,
T1000926,terminal,MST,FDH102015,fdh,,,,,
T1000842,terminal,MST,FDH102016,fdh,,,,,
T1000904,terminal,MST,FDH102011,fdh,,,,,
T1000945,terminal,Aerial Terminal,FDH102011,fdh,,,,,
T1000945,terminal,Aerial Terminal,FDH102011,fdh,,,,,
T1000952,terminal,Aerial Terminal,FDH102011,fdh,,,,,
T1000967,terminal,MST,FDH102016,fdh,,,,,
T1000971,terminal,Aerial Terminal,FDH102012,fdh,,,,,
T1001000,terminal,MST,FDH102014,fdh,,,,,
T1000882,terminal,Aerial Terminal,FDH102011,fdh,,,,,
T1000882,terminal,Aerial Terminal,FDH102011,fdh,,,,,
T1000883,terminal,Aerial Terminal,FDH102011,fdh,,,,,
T1000933,terminal,MST,FDH102014,fdh,,,,,
T1000883,terminal,Aerial Terminal,FDH102011,fdh,,,,,
T1000847,terminal,MST,FDH102014,fdh,,,,,
T1000883,terminal,Aerial Terminal,FDH102011,fdh,,,,,
T1000949,terminal,MST,FDH102011,fdh,,,,,
T1000962,terminal,Aerial Terminal,FDH102015,fdh,,,,,
T1000963,terminal,Aerial Terminal,FDH102015,fdh,,,,,
T1000963,terminal,Aerial Terminal,FDH102015,fdh,,,,,
T1000970,terminal,Aerial Terminal,FDH102011,fdh,,,,,
T1000970,terminal,Aerial Terminal,FDH102011,fdh,,,,,
T1000970,terminal,Aerial Terminal,FDH102011,fdh,,,,,
T1000970,terminal,Aerial Terminal,FDH102011,fdh,,,,,
T1000970,terminal,Aerial Terminal,FDH102011,fdh,,,,,
T1000970,terminal,Aerial Terminal,FDH102011,fdh,,,,,
T1000970,terminal,Aerial Terminal,FDH102011,fdh,,,,,
T1000970,terminal,Aerial Terminal,FDH102011,fdh,,,,,
T1000847,terminal,MST,FDH102014,fdh,,,,,
T1000963,terminal,Aerial Terminal,FDH102015,fdh,,,,,
T1000945,terminal,Aerial Terminal,FDH102011,fdh,,,,,
T1000869,terminal,MST,FDH102011,fdh,,,,,
T1000977,terminal,Aerial Terminal,FDH102014,fdh,,,,,
T1000943,terminal,Aerial Terminal,FDH102011,fdh,,,,,
T1000847,terminal,MST,FDH102014,fdh,,,,,
T1000924,terminal,MST,FDH102015,fdh,,,,,
T1000823,terminal,MST,FDH102011,fdh,,,,,
T1000823,terminal,MST,FDH102011,fdh,,,,,
T1000972,terminal,Aerial Terminal,FDH102012,fdh,,,,,
T1000934,terminal,MST,FDH102015,fdh,,,,,
T1000934,terminal,MST,FDH102015,fdh,,,,,
T1000823,terminal,MST,FDH102011,fdh,,,,,
T1000823,terminal,MST,FDH102011,fdh,,,,,
T1000909,terminal,Aerial Terminal,FDH102011,fdh,,,,,
T1000971,terminal,Aerial Terminal,FDH102012,fdh,,,,,
T1000951,terminal,MST,FDH102011,fdh,,,,,
T1000951,terminal,MST,FDH102011,fdh,,,,,
T1000962,terminal,Aerial Terminal,FDH102015,fdh,,,,,
T1000934,terminal,MST,FDH102015,fdh,,,,,
T1000866,terminal,Aerial Terminal,FDH102011,fdh,,,,,
T1000866,terminal,Aerial Terminal,FDH102011,fdh,,,,,
T1000857,terminal,Aerial Terminal,FDH102013,fdh,,,,,
T1000971,terminal,Aerial Terminal,FDH102012,fdh,,,,,
T1000945,terminal,Aerial Terminal,FDH102011,fdh,,,,,
T1000973,terminal,MST,FDH102011,fdh,,,,,
T1000929,terminal,Aerial Terminal,FDH102015,fdh,,,,,
T1000839,terminal,Aerial Terminal,FDH102014,fdh,,,,,
T1000929,terminal,Aerial Terminal,FDH102015,fdh,,,,,
T1000871,terminal,Aerial Terminal,FDH102014,fdh,,,,,
T1000978,terminal,Aerial Terminal,FDH102014,fdh,,,,,
T1000929,terminal,Aerial Terminal,FDH102015,fdh,,,,,
T1000929,terminal,Aerial Terminal,FDH102015,fdh,,,,,
T1000926,terminal,MST,FDH102015,fdh,,,,,
T1000971,terminal,Aerial Terminal,FDH102012,fdh,,,,,
T1000853,terminal,Aerial Terminal,FDH102013,fdh,,,,,
T1000853,terminal,Aerial Terminal,FDH102013,fdh,,,,,
T1000941,terminal,Aerial Terminal,FDH102014,fdh,,,,,
T1000845,terminal,Aerial Terminal,FDH102015,fdh,,,,,
T1000824,terminal,Aerial Terminal,FDH102014,fdh,,,,,
T1000874,terminal,Aerial Terminal,FDH102014,fdh,,,,,
T1000962,terminal,Aerial Terminal,FDH102015,fdh,,,,,
T1000965,terminal,MST,FDH102015,fdh,,,,,
T1000965,terminal,MST,FDH102015,fdh,,,,,
T1000971,terminal,Aerial Terminal,FDH102012,fdh,,,,,
T1000950,terminal,MST,FDH102011,fdh,,,,,
T1000965,terminal,MST,FDH102015,fdh,,,,,
T1000844,terminal,MST,FDH102016,fdh,,,,,
T1000950,terminal,MST,FDH102011,fdh,,,,,
T1000952,terminal,Aerial Terminal,FDH102011,fdh,,,,,
T1000952,terminal,Aerial Terminal,FDH102011,fdh,,,,,
T1000952,terminal,Aerial Terminal,FDH102011,fdh,,,,,
T1000952,terminal,Aerial Terminal,FDH102011,fdh,,,,,
T1000898,terminal,Aerial Terminal,FDH102011,fdh,,,,,
T1000603,terminal,Aerial Terminal,FDH102003,fdh,,,,,
T1000603,terminal,Aerial Terminal,FDH102003,fdh,,,,,
T1000603,terminal,Aerial Terminal,FDH102003,fdh,,,,,
T1000645,terminal,Aerial Terminal,FDH102005,fdh,,,,,
T1000645,terminal,Aerial Terminal,FDH102005,fdh,,,,,
T1000583,terminal,Aerial Terminal,FDH102004,fdh,,,,,
T1000661,terminal,MST,FDH102003,fdh,,,,,
T1000653,terminal,Aerial Terminal,FDH102003,fdh,,,,,
T1000520,terminal,Aerial Terminal,FDH102002,fdh,,,,,
T1000768,terminal,MST,FDH102008,fdh,,,,,
T1000974,terminal,MST,FDH102008,fdh,,,,,
T1000646,terminal,Aerial Terminal,FDH102005,fdh,,,,,
T1000994,terminal,Aerial Terminal,FDH102016,fdh,,,,,
T1000981,terminal,MST,FDH102008,fdh,,,,,
T1000981,terminal,MST,FDH102008,fdh,,,,,
T1000981,terminal,MST,FDH102008,fdh,,,,,
T1000981,terminal,MST,FDH102008,fdh,,,,,
T1000981,terminal,MST,FDH102008,fdh,,,,,
T1000981,terminal,MST,FDH102008,fdh,,,,,
T1000981,terminal,MST,FDH102008,fdh,,,,,
T1000765,terminal,MST,FDH102008,fdh,,,,,
T1000765,terminal,MST,FDH102008,fdh,,,,,
T1000765,terminal,MST,FDH102008,fdh,,,,,
T1000765,terminal,MST,FDH102008,fdh,,,,,
T1000765,terminal,MST,FDH102008,fdh,,,,,
T1000765,terminal,MST,FDH102008,fdh,,,,,
T1000765,terminal,MST,FDH102008,fdh,,,,,
T1000982,terminal,Aerial Terminal,FDH102008,fdh,,,,,
T1000982,terminal,Aerial Terminal,FDH102008,fdh,,,,,
T1000982,terminal,Aerial Terminal,FDH102008,fdh,,,,,
T1000982,terminal,Aerial Terminal,FDH102008,fdh,,,,,
T1000982,terminal,Aerial Terminal,FDH102008,fdh,,,,,
T1000982,terminal,Aerial Terminal,FDH102008,fdh,,,,,
T1000982,terminal,Aerial Terminal,FDH102008,fdh,,,,,
T1000716,terminal,Aerial Terminal,FDH102008,fdh,,,,,
T1000716,terminal,Aerial Terminal,FDH102008,fdh,,,,,
T1000716,terminal,Aerial Terminal,FDH102008,fdh,,,,,
T1000716,terminal,Aerial Terminal,FDH102008,fdh,,,,,
T1000716,terminal,Aerial Terminal,FDH102008,fdh,,,,,
T1000716,terminal,Aerial Terminal,FDH102008,fdh,,,,,
T1000716,terminal,Aerial Terminal,FDH102008,fdh,,,,,
T1000716,terminal,Aerial Terminal,FDH102008,fdh,,,,,
T1000716,terminal,Aerial Terminal,FDH102008,fdh,,,,,
T1000983,terminal,Aerial Terminal,FDH102008,fdh,,,,,
T1000983,terminal,Aerial Terminal,FDH102008,fdh,,,,,
T1000983,terminal,Aerial Terminal,FDH102008,fdh,,,,,
T1000983,terminal,Aerial Terminal,FDH102008,fdh,,,,,
T1000983,terminal,Aerial Terminal,FDH102008,fdh,,,,,
T1000983,terminal,Aerial Terminal,FDH102008,fdh,,,,,
T1000983,terminal,Aerial Terminal,FDH102008,fdh,,,,,
T1000748,terminal,Aerial Terminal,FDH102017,fdh,,,,,
T1000748,terminal,Aerial Terminal,FDH102017,fdh,,,,,
T1000748,terminal,Aerial Terminal,FDH102017,fdh,,,,,
T1000549,terminal,Aerial Terminal,FDH102017,fdh,,,,,
T1000549,terminal,Aerial Terminal,FDH102017,fdh,,,,,
T1000748,terminal,Aerial Terminal,FDH102017,fdh,,,,,
T1000748,terminal,Aerial Terminal,FDH102017,fdh,,,,,
T1000549,terminal,Aerial Terminal,FDH102017,fdh,,,,,
T1000549,terminal,Aerial Terminal,FDH102017,fdh,,,,,
T1000549,terminal,Aerial Terminal,FDH102017,fdh,,,,,
T1000549,terminal,Aerial Terminal,FDH102017,fdh,,,,,
T1000746,terminal,Aerial Terminal,FDH102017,fdh,,,,,
T1000746,terminal,Aerial Terminal,FDH102017,fdh,,,,,
T1000746,terminal,Aerial Terminal,FDH102017,fdh,,,,,
T1000816,terminal,Aerial Terminal,FDH102017,fdh,,,,,
T1000746,terminal,Aerial Terminal,FDH102017,fdh,,,,,
T1000746,terminal,Aerial Terminal,FDH102017,fdh,,,,,
T1000749,terminal,Aerial Terminal,FDH102017,fdh,,,,,
T1000749,terminal,Aerial Terminal,FDH102017,fdh,,,,,
T1000749,terminal,Aerial Terminal,FDH102017,fdh,,,,,
T1000832,terminal,Aerial Terminal,FDH102017,fdh,,,,,
T1000832,terminal,Aerial Terminal,FDH102017,fdh,,,,,
T1000753,terminal,Aerial Terminal,FDH102017,fdh,,,,,
T1000753,terminal,Aerial Terminal,FDH102017,fdh,,,,,
T1000753,terminal,Aerial Terminal,FDH102017,fdh,,,,,
T1000753,terminal,Aerial Terminal,FDH102017,fdh,,,,,
T1000753,terminal,Aerial Terminal,FDH102017,fdh,,,,,
T1000872,terminal,Aerial Terminal,FDH102017,fdh,,,,,
T1000872,terminal,Aerial Terminal,FDH102017,fdh,,,,,
T1000745,terminal,Aerial Terminal,FDH102017,fdh,,,,,
T1000745,terminal,Aerial Terminal,FDH102017,fdh,,,,,
T1000861,terminal,Aerial Terminal,FDH102017,fdh,,,,,
T1000861,terminal,Aerial Terminal,FDH102017,fdh,,,,,
T1000861,terminal,Aerial Terminal,FDH102017,fdh,,,,,
T1000861,terminal,Aerial Terminal,FDH102017,fdh,,,,,
T1000745,terminal,Aerial Terminal,FDH102017,fdh,,,,,
T1000859,terminal,Aerial Terminal,FDH102017,fdh,,,,,
T1000859,terminal,Aerial Terminal,FDH102017,fdh,,,,,
T1000859,terminal,Aerial Terminal,FDH102017,fdh,,,,,
T1000745,terminal,Aerial Terminal,FDH102017,fdh,,,,,
T1000745,terminal,Aerial Terminal,FDH102017,fdh,,,,,
T1000745,terminal,Aerial Terminal,FDH102017,fdh,,,,,
T1000861,terminal,Aerial Terminal,FDH102017,fdh,,,,,
T1000875,terminal,Aerial Terminal,FDH102017,fdh,,,,,
T1000861,terminal,Aerial Terminal,FDH102017,fdh,,,,,
T1000861,terminal,Aerial Terminal,FDH102017,fdh,,,,,
T1000859,terminal,Aerial Terminal,FDH102017,fdh,,,,,
T1000745,terminal,Aerial Terminal,FDH102017,fdh,,,,,
T1000859,terminal,Aerial Terminal,FDH102017,fdh,,,,,
T1000875,terminal,Aerial Terminal,FDH102017,fdh,,,,,
T1000745,terminal,Aerial Terminal,FDH102017,fdh,,,,,
T1000745,terminal,Aerial Terminal,FDH102017,fdh,,,,,
T1000861,terminal,Aerial Terminal,FDH102017,fdh,,,,,
T1000861,terminal,Aerial Terminal,FDH102017,fdh,,,,,
T1000745,terminal,Aerial Terminal,FDH102017,fdh,,,,,
T1000861,terminal,Aerial Terminal,FDH102017,fdh,,,,,
T1000859,terminal,Aerial Terminal,FDH102017,fdh,,,,,
T1000745,terminal,Aerial Terminal,FDH102017,fdh,,,,,
T1000861,terminal,Aerial Terminal,FDH102017,fdh,,,,,
T1000780,terminal,Aerial Terminal,FDH102009,fdh,,,,,
T1000695,terminal,Aerial Terminal,FDH102018,fdh,,,,,
T1000695,terminal,Aerial Terminal,FDH102018,fdh,,,,,
T1000695,terminal,Aerial Terminal,FDH102018,fdh,,,,,
T1000695,terminal,Aerial Terminal,FDH102018,fdh,,,,,
T1000695,terminal,Aerial Terminal,FDH102018,fdh,,,,,
T1000695,terminal,Aerial Terminal,FDH102018,fdh,,,,,
T1000696,terminal,Aerial Terminal,FDH102018,fdh,,,,,
T1000696,terminal,Aerial Terminal,FDH102018,fdh,,,,,
T1000696,terminal,Aerial Terminal,FDH102018,fdh,,,,,
T1000696,terminal,Aerial Terminal,FDH102018,fdh,,,,,
T1000696,terminal,Aerial Terminal,FDH102018,fdh,,,,,
T1000696,terminal,Aerial Terminal,FDH102018,fdh,,,,,
T1000988,terminal,Aerial Terminal,FDH102018,fdh,,,,,
T1000988,terminal,Aerial Terminal,FDH102018,fdh,,,,,
T1000988,terminal,Aerial Terminal,FDH102018,fdh,,,,,
T1000988,terminal,Aerial Terminal,FDH102018,fdh,,,,,
T1000988,terminal,Aerial Terminal,FDH102018,fdh,,,,,
T1000988,terminal,Aerial Terminal,FDH102018,fdh,,,,,
T1000987,terminal,Aerial Terminal,FDH102018,fdh,,,,,
T1000987,terminal,Aerial Terminal,FDH102018,fdh,,,,,
T1000987,terminal,Aerial Terminal,FDH102018,fdh,,,,,
T1000987,terminal,Aerial Terminal,FDH102018,fdh,,,,,
T1000987,terminal,Aerial Terminal,FDH102018,fdh,,,,,
T1000987,terminal,Aerial Terminal,FDH102018,fdh,,,,,
T1000987,terminal,Aerial Terminal,FDH102018,fdh,,,,,
T1000987,terminal,Aerial Terminal,FDH102018,fdh,,,,,
T1000987,terminal,Aerial Terminal,FDH102018,fdh,,,,,
T1000693,terminal,Aerial Terminal,FDH102018,fdh,,,,,
T1000693,terminal,Aerial Terminal,FDH102018,fdh,,,,,
T1000693,terminal,Aerial Terminal,FDH102018,fdh,,,,,
T1000705,terminal,Aerial Terminal,FDH102018,fdh,,,,,
T1000693,terminal,Aerial Terminal,FDH102018,fdh,,,,,
T1000692,terminal,Aerial Terminal,FDH102018,fdh,,,,,
T1000984,terminal,Aerial Terminal,FDH102018,fdh,,,,,
T1000691,terminal,Aerial Terminal,FDH102018,fdh,,,,,
T1000691,terminal,Aerial Terminal,FDH102018,fdh,,,,,
T1000691,terminal,Aerial Terminal,FDH102018,fdh,,,,,
T1000691,terminal,Aerial Terminal,FDH102018,fdh,,,,,
T1000691,terminal,Aerial Terminal,FDH102018,fdh,,,,,
T1000691,terminal,Aerial Terminal,FDH102018,fdh,,,,,
T1000984,terminal,Aerial Terminal,FDH102018,fdh,,,,,
T1000986,terminal,Aerial Terminal,FDH102018,fdh,,,,,
T1000986,terminal,Aerial Terminal,FDH102018,fdh,,,,,
T1000986,terminal,Aerial Terminal,FDH102018,fdh,,,,,
T1000986,terminal,Aerial Terminal,FDH102018,fdh,,,,,
T1000986,terminal,Aerial Terminal,FDH102018,fdh,,,,,
T1000986,terminal,Aerial Terminal,FDH102018,fdh,,,,,
T1000986,terminal,Aerial Terminal,FDH102018,fdh,,,,,
T1000986,terminal,Aerial Terminal,FDH102018,fdh,,,,,
T1000986,terminal,Aerial Terminal,FDH102018,fdh,,,,,
T1000688,terminal,Aerial Terminal,FDH102018,fdh,,,,,
T1000989,terminal,MST,FDH102018,fdh,,,,,
T1000989,terminal,MST,FDH102018,fdh,,,,,
T1000989,terminal,MST,FDH102018,fdh,,,,,
T1000989,terminal,MST,FDH102018,fdh,,,,,
T1000989,terminal,MST,FDH102018,fdh,,,,,
T1000989,terminal,MST,FDH102018,fdh,,,,,
T1000989,terminal,MST,FDH102018,fdh,,,,,
T1000697,terminal,MST,FDH102018,fdh,,,,,
T1000697,terminal,MST,FDH102018,fdh,,,,,
T1000989,terminal,MST,FDH102018,fdh,,,,,
T1000697,terminal,MST,FDH102018,fdh,,,,,
T1000698,terminal,Aerial Terminal,FDH102006,fdh,,,,,
T1000698,terminal,Aerial Terminal,FDH102006,fdh,,,,,
T1000698,terminal,Aerial Terminal,FDH102006,fdh,,,,,
T1000698,terminal,Aerial Terminal,FDH102006,fdh,,,,,
T1000698,terminal,Aerial Terminal,FDH102006,fdh,,,,,
T1000985,terminal,Aerial Terminal,FDH102006,fdh,,,,,
T1000985,terminal,Aerial Terminal,FDH102006,fdh,,,,,
T1000985,terminal,Aerial Terminal,FDH102006,fdh,,,,,
T1000762,terminal,Aerial Terminal,FDH102006,fdh,,,,,
T1000762,terminal,Aerial Terminal,FDH102006,fdh,,,,,
T1000762,terminal,Aerial Terminal,FDH102006,fdh,,,,,
T1000649,terminal,Aerial Terminal,FDH102005,fdh,,,,,
T1000649,terminal,Aerial Terminal,FDH102005,fdh,,,,,
T1000649,terminal,Aerial Terminal,FDH102005,fdh,,,,,
T1000649,terminal,Aerial Terminal,FDH102005,fdh,,,,,
T1000649,terminal,Aerial Terminal,FDH102005,fdh,,,,,
T1000649,terminal,Aerial Terminal,FDH102005,fdh,,,,,
T1000650,terminal,Aerial Terminal,FDH102005,fdh,,,,,
T1000650,terminal,Aerial Terminal,FDH102005,fdh,,,,,
T1000650,terminal,Aerial Terminal,FDH102005,fdh,,,,,
T1000589,terminal,Aerial Terminal,FDH102004,fdh,,,,,
T1000761,terminal,MST,FDH102006,fdh,,,,,
T1000773,terminal,Aerial Terminal,FDH102009,fdh,,,,,
T1000773,terminal,Aerial Terminal,FDH102009,fdh,,,,,
T1000773,terminal,Aerial Terminal,FDH102009,fdh,,,,,
T1000773,terminal,Aerial Terminal,FDH102009,fdh,,,,,
T1000773,terminal,Aerial Terminal,FDH102009,fdh,,,,,
T1000991,terminal,Aerial Terminal,FDH102015,fdh,,,,,
T1000990,terminal,Aerial Terminal,FDH102015,fdh,,,,,
T1000990,terminal,Aerial Terminal,FDH102015,fdh,,,,,
T1000990,terminal,Aerial Terminal,FDH102015,fdh,,,,,
T1000990,terminal,Aerial Terminal,FDH102015,fdh,,,,,
T1000990,terminal,Aerial Terminal,FDH102015,fdh,,,,,
T1000991,terminal,Aerial Terminal,FDH102015,fdh,,,,,
T1000991,terminal,Aerial Terminal,FDH102015,fdh,,,,,
T1000991,terminal,Aerial Terminal,FDH102015,fdh,,,,,
T1000991,terminal,Aerial Terminal,FDH102015,fdh,,,,,
T1000990,terminal,Aerial Terminal,FDH102015,fdh,,,,,
T1000990,terminal,Aerial Terminal,FDH102015,fdh,,,,,
T1000990,terminal,Aerial Terminal,FDH102015,fdh,,,,,
T1000990,terminal,Aerial Terminal,FDH102015,fdh,,,,,
T1000990,terminal,Aerial Terminal,FDH102015,fdh,,,,,
T1000576,terminal,Aerial Terminal,FDH102004,fdh,,,,,
T1000589,terminal,Aerial Terminal,FDH102004,fdh,,,,,
T1000860,terminal,Aerial Terminal,FDH102013,fdh,,,,,
T1000997,terminal,MST,FDH102011,fdh,,,,,
T1000660,terminal,MST,FDH102003,fdh,,,,,
T1000893,terminal,MST,FDH102012,fdh,,,,,
T1000822,terminal,Aerial Terminal,FDH102011,fdh,,,,,
T1000513,terminal,Aerial Terminal,FDH102001,fdh,,,,,
T1000544,terminal,MST,FDH102002,fdh,,,,,
T1000769,terminal,Aerial Terminal,FDH102017,fdh,,,,,
T1000579,terminal,MST,FDH102004,fdh,,,,,
T1000966,terminal,Aerial Terminal,FDH102016,fdh,,,,,
T1000966,terminal,Aerial Terminal,FDH102016,fdh,,,,,
T1002300,terminal,MST,FDH105001,fdh,,,,,
T1002015,terminal,MST,FDH105001,fdh,,,,,
T1002017,terminal,MST,FDH105001,fdh,,,,,
T1002016,terminal,MST,FDH105001,fdh,,,,,
T1002301,terminal,MST,FDH105001,fdh,,,,,
T1002017,terminal,MST,FDH105001,fdh,,,,,
T1002018,terminal,MST,FDH105001,fdh,,,,,
T1002019,terminal,MST,FDH105001,fdh,,,,,
T1002015,terminal,MST,FDH105001,fdh,,,,,
T1002350,terminal,MST,FDH105007,fdh,,,,,
T1002187,terminal,Aerial Terminal,FDH105007,fdh,,,,,
T1002351,terminal,MST,FDH105007,fdh,,,,,
T1002055,terminal,Aerial Terminal,FDH105002,fdh,,,,,
T1002055,terminal,Aerial Terminal,FDH105002,fdh,,,,,
T1002055,terminal,Aerial Terminal,FDH105002,fdh,,,,,
T1002055,terminal,Aerial Terminal,FDH105002,fdh,,,,,
T1002186,terminal,Aerial Terminal,FDH105007,fdh,,,,,
T1002187,terminal,Aerial Terminal,FDH105007,fdh,,,,,
T1002054,terminal,Aerial Terminal,FDH105002,fdh,,,,,
T1002020,terminal,Aerial Terminal,FDH105001,fdh,,,,,
T1002054,terminal,Aerial Terminal,FDH105002,fdh,,,,,
T1002020,terminal,Aerial Terminal,FDH105001,fdh,,,,,
T1002020,terminal,Aerial Terminal,FDH105001,fdh,,,,,
T1002020,terminal,Aerial Terminal,FDH105001,fdh,,,,,
T1002053,terminal,Aerial Terminal,FDH105002,fdh,,,,,
T1002020,terminal,Aerial Terminal,FDH105001,fdh,,,,,
T1002021,terminal,Aerial Terminal,FDH105001,fdh,,,,,
T1002053,terminal,Aerial Terminal,FDH105002,fdh,,,,,
T1002021,terminal,Aerial Terminal,FDH105001,fdh,,,,,
T1002053,terminal,Aerial Terminal,FDH105002,fdh,,,,,
T1002053,terminal,Aerial Terminal,FDH105002,fdh,,,,,
T1002185,terminal,Aerial Terminal,FDH105007,fdh,,,,,
T1002053,terminal,Aerial Terminal,FDH105002,fdh,,,,,
T1002052,terminal,Aerial Terminal,FDH105002,fdh,,,,,
T1002052,terminal,Aerial Terminal,FDH105002,fdh,,,,,
T1002052,terminal,Aerial Terminal,FDH105002,fdh,,,,,
T1002307,terminal,MST,FDH105002,fdh,,,,,
T1002052,terminal,Aerial Terminal,FDH105002,fdh,,,,,
T1002307,terminal,MST,FDH105002,fdh,,,,,
T1002052,terminal,Aerial Terminal,FDH105002,fdh,,,,,
T1002052,terminal,Aerial Terminal,FDH105002,fdh,,,,,
T1002307,terminal,MST,FDH105002,fdh,,,,,
T1002052,terminal,Aerial Terminal,FDH105002,fdh,,,,,
T1002307,terminal,MST,FDH105002,fdh,,,,,
T1002051,terminal,Aerial Terminal,FDH105002,fdh,,,,,
T1002307,terminal,MST,FDH105002,fdh,,,,,
T1002408,terminal,Aerial Terminal,FDH105007,fdh,,,,,
T1002222,terminal,Aerial Terminal,FDH105007,fdh,,,,,
T1002051,terminal,Aerial Terminal,FDH105002,fdh,,,,,
T1002408,terminal,Aerial Terminal,FDH105007,fdh,,,,,
T1002051,terminal,Aerial Terminal,FDH105002,fdh,,,,,
T1002051,terminal,Aerial Terminal,FDH105002,fdh,,,,,
T1002408,terminal,Aerial Terminal,FDH105007,fdh,,,,,
T1002051,terminal,Aerial Terminal,FDH105002,fdh,,,,,
T1002408,terminal,Aerial Terminal,FDH105007,fdh,,,,,
T1002408,terminal,Aerial Terminal,FDH105007,fdh,,,,,
T1002022,terminal,Aerial Terminal,FDH105001,fdh,,,,,
T1002412,terminal,MST,FDH105007,fdh,,,,,
T1002407,terminal,Aerial Terminal,FDH105007,fdh,,,,,
T1002051,terminal,Aerial Terminal,FDH105002,fdh,,,,,
T1002051,terminal,Aerial Terminal,FDH105002,fdh,,,,,
T1002407,terminal,Aerial Terminal,FDH105007,fdh,,,,,
T1002408,terminal,Aerial Terminal,FDH105007,fdh,,,,,
T1002050,terminal,Aerial Terminal,FDH105002,fdh,,,,,
T1002022,terminal,Aerial Terminal,FDH105001,fdh,,,,,
T1002050,terminal,Aerial Terminal,FDH105002,fdh,,,,,
T1002050,terminal,Aerial Terminal,FDH105002,fdh,,,,,
T1002407,terminal,Aerial Terminal,FDH105007,fdh,,,,,
T1002050,terminal,Aerial Terminal,FDH105002,fdh,,,,,
T1002182,terminal,Aerial Terminal,FDH105007,fdh,,,,,
T1002407,terminal,Aerial Terminal,FDH105007,fdh,,,,,
T1002386,terminal,Aerial Terminal,FDH105007,fdh,,,,,
T1002277,terminal,Aerial Terminal,FDH105007,fdh,,,,,
T1002049,terminal,Aerial Terminal,FDH105002,fdh,,,,,
T1002349,terminal,Aerial Terminal,FDH105007,fdh,,,,,
T1002182,terminal,Aerial Terminal,FDH105007,fdh,,,,,
T1002183,terminal,Aerial Terminal,FDH105007,fdh,,,,,
T1002180,terminal,Aerial Terminal,FDH105007,fdh,,,,,
T1002049,terminal,Aerial Terminal,FDH105002,fdh,,,,,
T1002407,terminal,Aerial Terminal,FDH105007,fdh,,,,,
T1002049,terminal,Aerial Terminal,FDH105002,fdh,,,,,
T1002184,terminal,Aerial Terminal,FDH105007,fdh,,,,,
T1002180,terminal,Aerial Terminal,FDH105007,fdh,,,,,
T1002275,terminal,Aerial Terminal,FDH105007,fdh,,,,,
T1002406,terminal,Aerial Terminal,FDH105007,fdh,,,,,
T1002184,terminal,Aerial Terminal,FDH105007,fdh,,,,,
T1002049,terminal,Aerial Terminal,FDH105002,fdh,,,,,
T1002180,terminal,Aerial Terminal,FDH105007,fdh,,,,,
T1002277,terminal,Aerial Terminal,FDH105007,fdh,,,,,
T1002391,terminal,Aerial Terminal,FDH105007,fdh,,,,,
T1002354,terminal,MST,FDH105007,fdh,,,,,
T1002406,terminal,Aerial Terminal,FDH105007,fdh,,,,,
T1002181,terminal,Aerial Terminal,FDH105007,fdh,,,,,
T1002049,terminal,Aerial Terminal,FDH105002,fdh,,,,,
T1002406,terminal,Aerial Terminal,FDH105007,fdh,,,,,
T1002354,terminal,MST,FDH105007,fdh,,,,,
T1002406,terminal,Aerial Terminal,FDH105007,fdh,,,,,
T1002391,terminal,Aerial Terminal,FDH105007,fdh,,,,,
T1002048,terminal,Aerial Terminal,FDH105002,fdh,,,,,
T1002354,terminal,MST,FDH105007,fdh,,,,,
T1002391,terminal,Aerial Terminal,FDH105007,fdh,,,,,
T1002048,terminal,Aerial Terminal,FDH105002,fdh,,,,,
T1002180,terminal,Aerial Terminal,FDH105007,fdh,,,,,
T1002047,terminal,Aerial Terminal,FDH105002,fdh,,,,,
T1002048,terminal,Aerial Terminal,FDH105002,fdh,,,,,
T1002354,terminal,MST,FDH105007,fdh,,,,,
T1002047,terminal,Aerial Terminal,FDH105002,fdh,,,,,
T1002047,terminal,Aerial Terminal,FDH105002,fdh,,,,,
T1002048,terminal,Aerial Terminal,FDH105002,fdh,,,,,
T1002354,terminal,MST,FDH105007,fdh,,,,,
T1002048,terminal,Aerial Terminal,FDH105002,fdh,,,,,
T1002046,terminal,Aerial Terminal,FDH105002,fdh,,,,,
T1002392,terminal,Aerial Terminal,FDH105007,fdh,,,,,
T1002023,terminal,Aerial Terminal,FDH105001,fdh,,,,,
T1002306,terminal,MST,FDH105002,fdh,,,,,
T1002046,terminal,Aerial Terminal,FDH105002,fdh,,,,,
T1002354,terminal,MST,FDH105007,fdh,,,,,
T1002046,terminal,Aerial Terminal,FDH105002,fdh,,,,,
T1002405,terminal,Aerial Terminal,FDH105007,fdh,,,,,
T1002354,terminal,MST,FDH105007,fdh,,,,,
T1002392,terminal,Aerial Terminal,FDH105007,fdh,,,,,
T1002306,terminal,MST,FDH105002,fdh,,,,,
T1002046,terminal,Aerial Terminal,FDH105002,fdh,,,,,
T1002392,terminal,Aerial Terminal,FDH105007,fdh,,,,,
T1002046,terminal,Aerial Terminal,FDH105002,fdh,,,,,
T1002046,terminal,Aerial Terminal,FDH105002,fdh,,,,,
T1002046,terminal,Aerial Terminal,FDH105002,fdh,,,,,
T1002045,terminal,Aerial Terminal,FDH105002,fdh,,,,,
T1002354,terminal,MST,FDH105007,fdh,,,,,
T1002045,terminal,Aerial Terminal,FDH105002,fdh,,,,,
T1002046,terminal,Aerial Terminal,FDH105002,fdh,,,,,
T1002306,terminal,MST,FDH105002,fdh,,,,,
T1002046,terminal,Aerial Terminal,FDH105002,fdh,,,,,
T1002043,terminal,Aerial Terminal,FDH105002,fdh,,,,,
T1002405,terminal,Aerial Terminal,FDH105007,fdh,,,,,
T1002306,terminal,MST,FDH105002,fdh,,,,,
T1002043,terminal,Aerial Terminal,FDH105002,fdh,,,,,
T1002043,terminal,Aerial Terminal,FDH105002,fdh,,,,,
T1002306,terminal,MST,FDH105002,fdh,,,,,
T1002043,terminal,Aerial Terminal,FDH105002,fdh,,,,,
T1002043,terminal,Aerial Terminal,FDH105002,fdh,,,,,
T1002285,terminal,Aerial Terminal,FDH105007,fdh,,,,,
T1002043,terminal,Aerial Terminal,FDH105002,fdh,,,,,
T1002043,terminal,Aerial Terminal,FDH105002,fdh,,,,,
T1002306,terminal,MST,FDH105002,fdh,,,,,
T1002396,terminal,Aerial Terminal,FDH105007,fdh,,,,,
T1002043,terminal,Aerial Terminal,FDH105002,fdh,,,,,
T1002043,terminal,Aerial Terminal,FDH105002,fdh,,,,,
T1002306,terminal,MST,FDH105002,fdh,,,,,
T1002043,terminal,Aerial Terminal,FDH105002,fdh,,,,,
T1002044,terminal,Aerial Terminal,FDH105002,fdh,,,,,
T1002044,terminal,Aerial Terminal,FDH105002,fdh,,,,,
T1002043,terminal,Aerial Terminal,FDH105002,fdh,,,,,
T1002306,terminal,MST,FDH105002,fdh,,,,,
T1002042,terminal,Aerial Terminal,FDH105002,fdh,,,,,
T1002409,terminal,Aerial Terminal,FDH105007,fdh,,,,,
T1002042,terminal,Aerial Terminal,FDH105002,fdh,,,,,
T1002042,terminal,Aerial Terminal,FDH105002,fdh,,,,,
T1002042,terminal,Aerial Terminal,FDH105002,fdh,,,,,
T1002042,terminal,Aerial Terminal,FDH105002,fdh,,,,,
T1002042,terminal,Aerial Terminal,FDH105002,fdh,,,,,
T1002042,terminal,Aerial Terminal,FDH105002,fdh,,,,,
T1002042,terminal,Aerial Terminal,FDH105002,fdh,,,,,
T1002042,terminal,Aerial Terminal,FDH105002,fdh,,,,,
T1002041,terminal,Aerial Terminal,FDH105002,fdh,,,,,
T1002303,terminal,MST,FDH105002,fdh,,,,,
T1002303,terminal,MST,FDH105002,fdh,,,,,
T1002041,terminal,Aerial Terminal,FDH105002,fdh,,,,,
T1002303,terminal,MST,FDH105002,fdh,,,,,
T1002303,terminal,MST,FDH105002,fdh,,,,,
T1002303,terminal,MST,FDH105002,fdh,,,,,
T1002303,terminal,MST,FDH105002,fdh,,,,,
T1002410,terminal,Aerial Terminal,FDH105007,fdh,,,,,
T1002303,terminal,MST,FDH105002,fdh,,,,,
T1002041,terminal,Aerial Terminal,FDH105002,fdh,,,,,
T1002303,terminal,MST,FDH105002,fdh,,,,,
T1002302,terminal,MST,FDH105002,fdh,,,,,
T1002041,terminal,Aerial Terminal,FDH105002,fdh,,,,,
T1002302,terminal,MST,FDH105002,fdh,,,,,
T1002041,terminal,Aerial Terminal,FDH105002,fdh,,,,,
T1002302,terminal,MST,FDH105002,fdh,,,,,
T1002302,terminal,MST,FDH105002,fdh,,,,,
T1002302,terminal,MST,FDH105002,fdh,,,,,
T1002040,terminal,Aerial Terminal,FDH105002,fdh,,,,,
T1002302,terminal,MST,FDH105002,fdh,,,,,
T1002302,terminal,MST,FDH105002,fdh,,,,,
T1002040,terminal,Aerial Terminal,FDH105002,fdh,,,,,
T1002040,terminal,Aerial Terminal,FDH105002,fdh,,,,,
T1002040,terminal,Aerial Terminal,FDH105002,fdh,,,,,
T1002302,terminal,MST,FDH105002,fdh,,,,,
T1002302,terminal,MST,FDH105002,fdh,,,,,
T1002040,terminal,Aerial Terminal,FDH105002,fdh,,,,,
T1002040,terminal,Aerial Terminal,FDH105002,fdh,,,,,
T1002040,terminal,Aerial Terminal,FDH105002,fdh,,,,,
T1002040,terminal,Aerial Terminal,FDH105002,fdh,,,,,
T1002040,terminal,Aerial Terminal,FDH105002,fdh,,,,,
T1002040,terminal,Aerial Terminal,FDH105002,fdh,,,,,
T1002305,terminal,MST,FDH105002,fdh,,,,,
T1002040,terminal,Aerial Terminal,FDH105002,fdh,,,,,
T1002410,terminal,Aerial Terminal,FDH105007,fdh,,,,,
T1002039,terminal,Aerial Terminal,FDH105002,fdh,,,,,
T1002312,terminal,MST,FDH105003,fdh,,,,,
T1002039,terminal,Aerial Terminal,FDH105002,fdh,,,,,
T1002305,terminal,MST,FDH105002,fdh,,,,,
T1002305,terminal,MST,FDH105002,fdh,,,,,
T1002305,terminal,MST,FDH105002,fdh,,,,,
T1002305,terminal,MST,FDH105002,fdh,,,,,
T1002305,terminal,MST,FDH105002,fdh,,,,,
T1002304,terminal,MST,FDH105002,fdh,,,,,
T1002305,terminal,MST,FDH105002,fdh,,,,,
T1002305,terminal,MST,FDH105002,fdh,,,,,
T1002312,terminal,MST,FDH105003,fdh,,,,,
T1002039,terminal,Aerial Terminal,FDH105002,fdh,,,,,
T1002305,terminal,MST,FDH105002,fdh,,,,,
T1002305,terminal,MST,FDH105002,fdh,,,,,
T1002304,terminal,MST,FDH105002,fdh,,,,,
T1002305,terminal,MST,FDH105002,fdh,,,,,
T1002304,terminal,MST,FDH105002,fdh,,,,,
T1002304,terminal,MST,FDH105002,fdh,,,,,
T1002286,terminal,Aerial Terminal,FDH105002,fdh,,,,,
T1002312,terminal,MST,FDH105003,fdh,,,,,
T1002286,terminal,Aerial Terminal,FDH105002,fdh,,,,,
T1002286,terminal,Aerial Terminal,FDH105002,fdh,,,,,
T1002304,terminal,MST,FDH105002,fdh,,,,,
T1002286,terminal,Aerial Terminal,FDH105002,fdh,,,,,
T1002286,terminal,Aerial Terminal,FDH105002,fdh,,,,,
T1002286,terminal,Aerial Terminal,FDH105002,fdh,,,,,
T1002286,terminal,Aerial Terminal,FDH105002,fdh,,,,,
T1002308,terminal,MST,FDH105003,fdh,,,,,
T1002304,terminal,MST,FDH105002,fdh,,,,,
T1002304,terminal,MST,FDH105002,fdh,,,,,
T1002312,terminal,MST,FDH105003,fdh,,,,,
T1002304,terminal,MST,FDH105002,fdh,,,,,
T1002038,terminal,Aerial Terminal,FDH105002,fdh,,,,,
T1002071,terminal,MST,FDH105002,fdh,,,,,
T1002038,terminal,Aerial Terminal,FDH105002,fdh,,,,,
T1002038,terminal,Aerial Terminal,FDH105002,fdh,,,,,
T1002038,terminal,Aerial Terminal,FDH105002,fdh,,,,,
T1002038,terminal,Aerial Terminal,FDH105002,fdh,,,,,
T1002038,terminal,Aerial Terminal,FDH105002,fdh,,,,,
T1002038,terminal,Aerial Terminal,FDH105002,fdh,,,,,
T1002038,terminal,Aerial Terminal,FDH105002,fdh,,,,,
T1002312,terminal,MST,FDH105003,fdh,,,,,
T1002308,terminal,MST,FDH105003,fdh,,,,,
T1002038,terminal,Aerial Terminal,FDH105002,fdh,,,,,
T1002038,terminal,Aerial Terminal,FDH105002,fdh,,,,,
T1002071,terminal,MST,FDH105002,fdh,,,,,
T1002037,terminal,MST,FDH105002,fdh,,,,,
T1002058,terminal,Aerial Terminal,FDH105003,fdh,,,,,
T1002033,terminal,MST,FDH105002,fdh,,,,,
T1002066,terminal,Aerial Terminal,FDH105003,fdh,,,,,
T1002037,terminal,MST,FDH105002,fdh,,,,,
T1002037,terminal,MST,FDH105002,fdh,,,,,
T1002037,terminal,MST,FDH105002,fdh,,,,,
T1002037,terminal,MST,FDH105002,fdh,,,,,
T1002036,terminal,MST,FDH105002,fdh,,,,,
T1002037,terminal,MST,FDH105002,fdh,,,,,
T1002033,terminal,MST,FDH105002,fdh,,,,,
T1002037,terminal,MST,FDH105002,fdh,,,,,
T1002036,terminal,MST,FDH105002,fdh,,,,,
T1002037,terminal,MST,FDH105002,fdh,,,,,
T1002037,terminal,MST,FDH105002,fdh,,,,,
T1002038,terminal,Aerial Terminal,FDH105002,fdh,,,,,
T1002033,terminal,MST,FDH105002,fdh,,,,,
T1002061,terminal,Aerial Terminal,FDH105003,fdh,,,,,
T1002036,terminal,MST,FDH105002,fdh,,,,,
T1002037,terminal,MST,FDH105002,fdh,,,,,
T1002036,terminal,MST,FDH105002,fdh,,,,,
T1002297,terminal,MST,FDH105002,fdh,,,,,
T1002071,terminal,MST,FDH105002,fdh,,,,,
T1002036,terminal,MST,FDH105002,fdh,,,,,
T1002297,terminal,MST,FDH105002,fdh,,,,,
T1002036,terminal,MST,FDH105002,fdh,,,,,
T1002036,terminal,MST,FDH105002,fdh,,,,,
T1002071,terminal,MST,FDH105002,fdh,,,,,
T1002033,terminal,MST,FDH105002,fdh,,,,,
T1002036,terminal,MST,FDH105002,fdh,,,,,
T1002036,terminal,MST,FDH105002,fdh,,,,,
T1002035,terminal,MST,FDH105002,fdh,,,,,
T1002035,terminal,MST,FDH105002,fdh,,,,,
T1002035,terminal,MST,FDH105002,fdh,,,,,
T1002035,terminal,MST,FDH105002,fdh,,,,,
T1002035,terminal,MST,FDH105002,fdh,,,,,
T1002035,terminal,MST,FDH105002,fdh,,,,,
T1002035,terminal,MST,FDH105002,fdh,,,,,
T1002035,terminal,MST,FDH105002,fdh,,,,,
T1002035,terminal,MST,FDH105002,fdh,,,,,
T1002032,terminal,Aerial Terminal,FDH105003,fdh,,,,,
T1002032,terminal,Aerial Terminal,FDH105003,fdh,,,,,
T1002061,terminal,Aerial Terminal,FDH105003,fdh,,,,,
T1002032,terminal,Aerial Terminal,FDH105003,fdh,,,,,
T1002066,terminal,Aerial Terminal,FDH105003,fdh,,,,,
T1002297,terminal,MST,FDH105002,fdh,,,,,
T1002024,terminal,Aerial Terminal,FDH105001,fdh,,,,,
T1002071,terminal,MST,FDH105002,fdh,,,,,
T1002066,terminal,Aerial Terminal,FDH105003,fdh,,,,,
T1002309,terminal,MST,FDH105003,fdh,,,,,
T1002297,terminal,MST,FDH105002,fdh,,,,,
T1002066,terminal,Aerial Terminal,FDH105003,fdh,,,,,
T1002061,terminal,Aerial Terminal,FDH105003,fdh,,,,,
T1002058,terminal,Aerial Terminal,FDH105003,fdh,,,,,
T1002032,terminal,Aerial Terminal,FDH105003,fdh,,,,,
T1002024,terminal,Aerial Terminal,FDH105001,fdh,,,,,
T1002024,terminal,Aerial Terminal,FDH105001,fdh,,,,,
T1002024,terminal,Aerial Terminal,FDH105001,fdh,,,,,
T1002024,terminal,Aerial Terminal,FDH105001,fdh,,,,,
T1002294,terminal,MST,FDH105003,fdh,,,,,
T1002024,terminal,Aerial Terminal,FDH105001,fdh,,,,,
T1002024,terminal,Aerial Terminal,FDH105001,fdh,,,,,
T1002024,terminal,Aerial Terminal,FDH105001,fdh,,,,,
T1002296,terminal,MST,FDH105003,fdh,,,,,
T1002024,terminal,Aerial Terminal,FDH105001,fdh,,,,,
T1002066,terminal,Aerial Terminal,FDH105003,fdh,,,,,
T1002056,terminal,Aerial Terminal,FDH105003,fdh,,,,,
T1002024,terminal,Aerial Terminal,FDH105001,fdh,,,,,
T1002056,terminal,Aerial Terminal,FDH105003,fdh,,,,,
T1002032,terminal,Aerial Terminal,FDH105003,fdh,,,,,
T1002296,terminal,MST,FDH105003,fdh,,,,,
T1002065,terminal,Aerial Terminal,FDH105003,fdh,,,,,
T1002065,terminal,Aerial Terminal,FDH105003,fdh,,,,,
T1002296,terminal,MST,FDH105003,fdh,,,,,
T1002296,terminal,MST,FDH105003,fdh,,,,,
T1002294,terminal,MST,FDH105003,fdh,,,,,
T1002066,terminal,Aerial Terminal,FDH105003,fdh,,,,,
T1002056,terminal,Aerial Terminal,FDH105003,fdh,,,,,
T1002056,terminal,Aerial Terminal,FDH105003,fdh,,,,,
T1002294,terminal,MST,FDH105003,fdh,,,,,
T1002065,terminal,Aerial Terminal,FDH105003,fdh,,,,,
T1002031,terminal,Aerial Terminal,FDH105003,fdh,,,,,
T1002296,terminal,MST,FDH105003,fdh,,,,,
T1002065,terminal,Aerial Terminal,FDH105003,fdh,,,,,
T1002102,terminal,Aerial Terminal,FDH105005,fdh,,,,,
T1002294,terminal,MST,FDH105003,fdh,,,,,
T1002296,terminal,MST,FDH105003,fdh,,,,,
T1002056,terminal,Aerial Terminal,FDH105003,fdh,,,,,
T1002060,terminal,Aerial Terminal,FDH105003,fdh,,,,,
T1002335,terminal,MST,FDH105005,fdh,,,,,
T1002292,terminal,MST,FDH105001,fdh,,,,,
T1002295,terminal,MST,FDH105003,fdh,,,,,
T1002031,terminal,Aerial Terminal,FDH105003,fdh,,,,,
T1002065,terminal,Aerial Terminal,FDH105003,fdh,,,,,
T1002025,terminal,Aerial Terminal,FDH105001,fdh,,,,,
T1002294,terminal,MST,FDH105003,fdh,,,,,
T1002295,terminal,MST,FDH105003,fdh,,,,,
T1002335,terminal,MST,FDH105005,fdh,,,,,
T1002025,terminal,Aerial Terminal,FDH105001,fdh,,,,,
T1002065,terminal,Aerial Terminal,FDH105003,fdh,,,,,
T1002065,terminal,Aerial Terminal,FDH105003,fdh,,,,,
T1002292,terminal,MST,FDH105001,fdh,,,,,
T1002031,terminal,Aerial Terminal,FDH105003,fdh,,,,,
T1002294,terminal,MST,FDH105003,fdh,,,,,
T1002295,terminal,MST,FDH105003,fdh,,,,,
T1002025,terminal,Aerial Terminal,FDH105001,fdh,,,,,
T1002025,terminal,Aerial Terminal,FDH105001,fdh,,,,,
T1002031,terminal,Aerial Terminal,FDH105003,fdh,,,,,
T1002065,terminal,Aerial Terminal,FDH105003,fdh,,,,,
T1002067,terminal,Aerial Terminal,FDH105003,fdh,,,,,
T1002025,terminal,Aerial Terminal,FDH105001,fdh,,,,,
T1002295,terminal,MST,FDH105003,fdh,,,,,
T1002070,terminal,Aerial Terminal,FDH105003,fdh,,,,,
T1002294,terminal,MST,FDH105003,fdh,,,,,
T1002060,terminal,Aerial Terminal,FDH105003,fdh,,,,,
T1002295,terminal,MST,FDH105003,fdh,,,,,
T1002060,terminal,Aerial Terminal,FDH105003,fdh,,,,,
T1002067,terminal,Aerial Terminal,FDH105003,fdh,,,,,
T1002025,terminal,Aerial Terminal,FDH105001,fdh,,,,,
T1002060,terminal,Aerial Terminal,FDH105003,fdh,,,,,
T1002410,terminal,Aerial Terminal,FDH105007,fdh,,,,,
T1002006,terminal,MST,FDH105003,fdh,,,,,
T1002102,terminal,Aerial Terminal,FDH105005,fdh,,,,,
T1002070,terminal,Aerial Terminal,FDH105003,fdh,,,,,
T1002070,terminal,Aerial Terminal,FDH105003,fdh,,,,,
T1002070,terminal,Aerial Terminal,FDH105003,fdh,,,,,
T1002006,terminal,MST,FDH105003,fdh,,,,,
T1002006,terminal,MST,FDH105003,fdh,,,,,
T1002006,terminal,MST,FDH105003,fdh,,,,,
T1002006,terminal,MST,FDH105003,fdh,,,,,
T1002067,terminal,Aerial Terminal,FDH105003,fdh,,,,,
T1002067,terminal,Aerial Terminal,FDH105003,fdh,,,,,
T1002292,terminal,MST,FDH105001,fdh,,,,,
T1002000,terminal,MST,FDH105003,fdh,,,,,
T1002310,terminal,MST,FDH105003,fdh,,,,,
T1002335,terminal,MST,FDH105005,fdh,,,,,
T1002334,terminal,MST,FDH105005,fdh,,,,,
T1002067,terminal,Aerial Terminal,FDH105003,fdh,,,,,
T1002031,terminal,Aerial Terminal,FDH105003,fdh,,,,,
T1002028,terminal,Aerial Terminal,FDH105001,fdh,,,,,
T1002000,terminal,MST,FDH105003,fdh,,,,,
T1002292,terminal,MST,FDH105001,fdh,,,,,
T1002026,terminal,Aerial Terminal,FDH105001,fdh,,,,,
T1002026,terminal,Aerial Terminal,FDH105001,fdh,,,,,
T1002310,terminal,MST,FDH105003,fdh,,,,,
T1002026,terminal,Aerial Terminal,FDH105001,fdh,,,,,
T1002026,terminal,Aerial Terminal,FDH105001,fdh,,,,,
T1002026,terminal,Aerial Terminal,FDH105001,fdh,,,,,
T1002310,terminal,MST,FDH105003,fdh,,,,,
T1002026,terminal,Aerial Terminal,FDH105001,fdh,,,,,
T1002026,terminal,Aerial Terminal,FDH105001,fdh,,,,,
T1002026,terminal,Aerial Terminal,FDH105001,fdh,,,,,
T1002298,terminal,MST,FDH105003,fdh,,,,,
T1002026,terminal,Aerial Terminal,FDH105001,fdh,,,,,
T1002026,terminal,Aerial Terminal,FDH105001,fdh,,,,,
T1002026,terminal,Aerial Terminal,FDH105001,fdh,,,,,
T1002027,terminal,Aerial Terminal,FDH105001,fdh,,,,,
T1002027,terminal,Aerial Terminal,FDH105001,fdh,,,,,
T1002310,terminal,MST,FDH105003,fdh,,,,,
T1002030,terminal,Aerial Terminal,FDH105001,fdh,,,,,
T1002027,terminal,Aerial Terminal,FDH105001,fdh,,,,,
T1002027,terminal,Aerial Terminal,FDH105001,fdh,,,,,
T1002027,terminal,Aerial Terminal,FDH105001,fdh,,,,,
T1002027,terminal,Aerial Terminal,FDH105001,fdh,,,,,
T1002027,terminal,Aerial Terminal,FDH105001,fdh,,,,,
T1002027,terminal,Aerial Terminal,FDH105001,fdh,,,,,
T1002027,terminal,Aerial Terminal,FDH105001,fdh,,,,,
T1002000,terminal,MST,FDH105003,fdh,,,,,
T1002027,terminal,Aerial Terminal,FDH105001,fdh,,,,,
T1002027,terminal,Aerial Terminal,FDH105001,fdh,,,,,
T1002298,terminal,MST,FDH105003,fdh,,,,,
T1002310,terminal,MST,FDH105003,fdh,,,,,
T1002000,terminal,MST,FDH105003,fdh,,,,,
T1002060,terminal,Aerial Terminal,FDH105003,fdh,,,,,
T1002310,terminal,MST,FDH105003,fdh,,,,,
T1002000,terminal,MST,FDH105003,fdh,,,,,
T1002060,terminal,Aerial Terminal,FDH105003,fdh,,,,,
T1002298,terminal,MST,FDH105003,fdh,,,,,
T1002310,terminal,MST,FDH105003,fdh,,,,,
T1002000,terminal,MST,FDH105003,fdh,,,,,
T1002000,terminal,MST,FDH105003,fdh,,,,,
T1002310,terminal,MST,FDH105003,fdh,,,,,
T1002000,terminal,MST,FDH105003,fdh,,,,,
T1002298,terminal,MST,FDH105003,fdh,,,,,
T1002310,terminal,MST,FDH105003,fdh,,,,,
T1002001,terminal,MST,FDH105003,fdh,,,,,
T1002310,terminal,MST,FDH105003,fdh,,,,,
T1002000,terminal,MST,FDH105003,fdh,,,,,
T1002001,terminal,MST,FDH105003,fdh,,,,,
T1002005,terminal,MST,FDH105003,fdh,,,,,
T1002309,terminal,MST,FDH105003,fdh,,,,,
T1002001,terminal,MST,FDH105003,fdh,,,,,
T1002005,terminal,MST,FDH105003,fdh,,,,,
T1002311,terminal,MST,FDH105003,fdh,,,,,
T1002005,terminal,MST,FDH105003,fdh,,,,,
T1002293,terminal,MST,FDH105001,fdh,,,,,
T1002005,terminal,MST,FDH105003,fdh,,,,,
T1002001,terminal,MST,FDH105003,fdh,,,,,
T1002060,terminal,Aerial Terminal,FDH105003,fdh,,,,,
T1002311,terminal,MST,FDH105003,fdh,,,,,
T1002028,terminal,Aerial Terminal,FDH105001,fdh,,,,,
T1002002,terminal,Aerial Terminal,FDH105003,fdh,,,,,
T1002311,terminal,MST,FDH105003,fdh,,,,,
T1002001,terminal,MST,FDH105003,fdh,,,,,
T1002001,terminal,MST,FDH105003,fdh,,,,,
T1002005,terminal,MST,FDH105003,fdh,,,,,
T1002299,terminal,MST,FDH105003,fdh,,,,,
T1002005,terminal,MST,FDH105003,fdh,,,,,
T1002311,terminal,MST,FDH105003,fdh,,,,,
T1002005,terminal,MST,FDH105003,fdh,,,,,
T1002299,terminal,MST,FDH105003,fdh,,,,,
T1002002,terminal,Aerial Terminal,FDH105003,fdh,,,,,
T1002002,terminal,Aerial Terminal,FDH105003,fdh,,,,,
T1002293,terminal,MST,FDH105001,fdh,,,,,
T1002059,terminal,Aerial Terminal,FDH105003,fdh,,,,,
T1002002,terminal,Aerial Terminal,FDH105003,fdh,,,,,
T1002029,terminal,Aerial Terminal,FDH105001,fdh,,,,,
T1002299,terminal,MST,FDH105003,fdh,,,,,
T1002028,terminal,Aerial Terminal,FDH105001,fdh,,,,,
T1002299,terminal,MST,FDH105003,fdh,,,,,
T1002029,terminal,Aerial Terminal,FDH105001,fdh,,,,,
T1002291,terminal,MST,FDH105001,fdh,,,,,
T1002299,terminal,MST,FDH105003,fdh,,,,,
T1002002,terminal,Aerial Terminal,FDH105003,fdh,,,,,
T1002029,terminal,Aerial Terminal,FDH105001,fdh,,,,,
T1002003,terminal,Aerial Terminal,FDH105001,fdh,,,,,
T1002311,terminal,MST,FDH105003,fdh,,,,,
T1002291,terminal,MST,FDH105001,fdh,,,,,
T1002291,terminal,MST,FDH105001,fdh,,,,,
T1002003,terminal,Aerial Terminal,FDH105001,fdh,,,,,
T1002003,terminal,Aerial Terminal,FDH105001,fdh,,,,,
T1002003,terminal,Aerial Terminal,FDH105001,fdh,,,,,
T1002299,terminal,MST,FDH105003,fdh,,,,,
T1002029,terminal,Aerial Terminal,FDH105001,fdh,,,,,
T1002034,terminal,Aerial Terminal,FDH105001,fdh,,,,,
T1002003,terminal,Aerial Terminal,FDH105001,fdh,,,,,
T1002034,terminal,Aerial Terminal,FDH105001,fdh,,,,,
T1002003,terminal,Aerial Terminal,FDH105001,fdh,,,,,
T1002174,terminal,Aerial Terminal,FDH105007,fdh,,,,,
T1002004,terminal,Aerial Terminal,FDH105001,fdh,,,,,
T1002291,terminal,MST,FDH105001,fdh,,,,,
T1002291,terminal,MST,FDH105001,fdh,,,,,
T1002059,terminal,Aerial Terminal,FDH105003,fdh,,,,,
T1002291,terminal,MST,FDH105001,fdh,,,,,
T1002003,terminal,Aerial Terminal,FDH105001,fdh,,,,,
T1002003,terminal,Aerial Terminal,FDH105001,fdh,,,,,
T1002029,terminal,Aerial Terminal,FDH105001,fdh,,,,,
T1002029,terminal,Aerial Terminal,FDH105001,fdh,,,,,
T1002059,terminal,Aerial Terminal,FDH105003,fdh,,,,,
T1002004,terminal,Aerial Terminal,FDH105001,fdh,,,,,
T1002004,terminal,Aerial Terminal,FDH105001,fdh,,,,,
T1002059,terminal,Aerial Terminal,FDH105003,fdh,,,,,
T1002068,terminal,Aerial Terminal,FDH105003,fdh,,,,,
T1002003,terminal,Aerial Terminal,FDH105001,fdh,,,,,
T1002290,terminal,MST,FDH105001,fdh,,,,,
T1002014,terminal,Aerial Terminal,FDH105001,fdh,,,,,
T1002014,terminal,Aerial Terminal,FDH105001,fdh,,,,,
T1002059,terminal,Aerial Terminal,FDH105003,fdh,,,,,
T1002290,terminal,MST,FDH105001,fdh,,,,,
T1002382,terminal,MST,FDH105008,fdh,,,,,
T1002314,terminal,MST,FDH105003,fdh,,,,,
T1002314,terminal,MST,FDH105003,fdh,,,,,
T1002057,terminal,Aerial Terminal,FDH105003,fdh,,,,,
T1002057,terminal,Aerial Terminal,FDH105003,fdh,,,,,
T1002057,terminal,Aerial Terminal,FDH105003,fdh,,,,,
T1002014,terminal,Aerial Terminal,FDH105001,fdh,,,,,
T1002290,terminal,MST,FDH105001,fdh,,,,,
T1002014,terminal,Aerial Terminal,FDH105001,fdh,,,,,
T1002290,terminal,MST,FDH105001,fdh,,,,,
T1002014,terminal,Aerial Terminal,FDH105001,fdh,,,,,
T1002014,terminal,Aerial Terminal,FDH105001,fdh,,,,,
T1002003,terminal,Aerial Terminal,FDH105001,fdh,,,,,
T1002314,terminal,MST,FDH105003,fdh,,,,,
T1002068,terminal,Aerial Terminal,FDH105003,fdh,,,,,
T1002014,terminal,Aerial Terminal,FDH105001,fdh,,,,,
T1002057,terminal,Aerial Terminal,FDH105003,fdh,,,,,
T1002062,terminal,Aerial Terminal,FDH105003,fdh,,,,,
T1002290,terminal,MST,FDH105001,fdh,,,,,
T1002057,terminal,Aerial Terminal,FDH105003,fdh,,,,,
T1002057,terminal,Aerial Terminal,FDH105003,fdh,,,,,
T1002174,terminal,Aerial Terminal,FDH105007,fdh,,,,,
T1002314,terminal,MST,FDH105003,fdh,,,,,
T1002314,terminal,MST,FDH105003,fdh,,,,,
T1002004,terminal,Aerial Terminal,FDH105001,fdh,,,,,
T1002014,terminal,Aerial Terminal,FDH105001,fdh,,,,,
T1002013,terminal,Aerial Terminal,FDH105001,fdh,,,,,
T1002068,terminal,Aerial Terminal,FDH105003,fdh,,,,,
T1002013,terminal,Aerial Terminal,FDH105001,fdh,,,,,
T1002013,terminal,Aerial Terminal,FDH105001,fdh,,,,,
T1002062,terminal,Aerial Terminal,FDH105003,fdh,,,,,
T1002290,terminal,MST,FDH105001,fdh,,,,,
T1002013,terminal,Aerial Terminal,FDH105001,fdh,,,,,
T1002313,terminal,MST,FDH105003,fdh,,,,,
T1002313,terminal,MST,FDH105003,fdh,,,,,
T1002179,terminal,Aerial Terminal,FDH105007,fdh,,,,,
T1002178,terminal,Aerial Terminal,FDH105007,fdh,,,,,
T1002313,terminal,MST,FDH105003,fdh,,,,,
T1002175,terminal,Aerial Terminal,FDH105007,fdh,,,,,
T1002013,terminal,Aerial Terminal,FDH105001,fdh,,,,,
T1002313,terminal,MST,FDH105003,fdh,,,,,
T1002173,terminal,Aerial Terminal,FDH105007,fdh,,,,,
T1002013,terminal,Aerial Terminal,FDH105001,fdh,,,,,
T1002177,terminal,Aerial Terminal,FDH105007,fdh,,,,,
T1002013,terminal,Aerial Terminal,FDH105001,fdh,,,,,
T1002396,terminal,Aerial Terminal,FDH105007,fdh,,,,,
T1002013,terminal,Aerial Terminal,FDH105001,fdh,,,,,
T1002064,terminal,Aerial Terminal,FDH105003,fdh,,,,,
T1002068,terminal,Aerial Terminal,FDH105003,fdh,,,,,
T1002068,terminal,Aerial Terminal,FDH105003,fdh,,,,,
T1002013,terminal,Aerial Terminal,FDH105001,fdh,,,,,
T1002063,terminal,Aerial Terminal,FDH105003,fdh,,,,,
T1002175,terminal,Aerial Terminal,FDH105007,fdh,,,,,
T1002064,terminal,Aerial Terminal,FDH105003,fdh,,,,,
T1002171,terminal,Aerial Terminal,FDH105007,fdh,,,,,
T1002289,terminal,MST,FDH105001,fdh,,,,,
T1002064,terminal,Aerial Terminal,FDH105003,fdh,,,,,
T1002171,terminal,Aerial Terminal,FDH105007,fdh,,,,,
T1002012,terminal,Aerial Terminal,FDH105001,fdh,,,,,
T1002289,terminal,MST,FDH105001,fdh,,,,,
T1002289,terminal,MST,FDH105001,fdh,,,,,
T1002013,terminal,Aerial Terminal,FDH105001,fdh,,,,,
T1002012,terminal,Aerial Terminal,FDH105001,fdh,,,,,
T1002289,terminal,MST,FDH105001,fdh,,,,,
T1002012,terminal,Aerial Terminal,FDH105001,fdh,,,,,
T1002411,terminal,Aerial Terminal,FDH105007,fdh,,,,,
T1002289,terminal,MST,FDH105001,fdh,,,,,
T1002289,terminal,MST,FDH105001,fdh,,,,,
T1002064,terminal,Aerial Terminal,FDH105003,fdh,,,,,
T1002063,terminal,Aerial Terminal,FDH105003,fdh,,,,,
T1002012,terminal,Aerial Terminal,FDH105001,fdh,,,,,
T1002064,terminal,Aerial Terminal,FDH105003,fdh,,,,,
T1002289,terminal,MST,FDH105001,fdh,,,,,
T1002064,terminal,Aerial Terminal,FDH105003,fdh,,,,,
T1002012,terminal,Aerial Terminal,FDH105001,fdh,,,,,
T1002176,terminal,Aerial Terminal,FDH105007,fdh,,,,,
T1002064,terminal,Aerial Terminal,FDH105003,fdh,,,,,
T1002289,terminal,MST,FDH105001,fdh,,,,,
T1002289,terminal,MST,FDH105001,fdh,,,,,
T1002176,terminal,Aerial Terminal,FDH105007,fdh,,,,,
T1002289,terminal,MST,FDH105001,fdh,,,,,
T1002363,terminal,MST,FDH105008,fdh,,,,,
T1002175,terminal,Aerial Terminal,FDH105007,fdh,,,,,
T1002172,terminal,Aerial Terminal,FDH105007,fdh,,,,,
T1002363,terminal,MST,FDH105008,fdh,,,,,
T1002288,terminal,MST,FDH105001,fdh,,,,,
T1002288,terminal,MST,FDH105001,fdh,,,,,
T1002381,terminal,MST,FDH105008,fdh,,,,,
T1002236,terminal,Aerial Terminal,FDH105008,fdh,,,,,
T1002287,terminal,MST,FDH105001,fdh,,,,,
T1002288,terminal,MST,FDH105001,fdh,,,,,
T1002170,terminal,Aerial Terminal,FDH105007,fdh,,,,,
T1002288,terminal,MST,FDH105001,fdh,,,,,
T1002287,terminal,MST,FDH105001,fdh,,,,,
T1002287,terminal,MST,FDH105001,fdh,,,,,
T1002010,terminal,Aerial Terminal,FDH105001,fdh,,,,,
T1002007,terminal,Aerial Terminal,FDH105001,fdh,,,,,
T1002363,terminal,MST,FDH105008,fdh,,,,,
T1002287,terminal,MST,FDH105001,fdh,,,,,
T1002236,terminal,Aerial Terminal,FDH105008,fdh,,,,,
T1002007,terminal,Aerial Terminal,FDH105001,fdh,,,,,
T1002007,terminal,Aerial Terminal,FDH105001,fdh,,,,,
T1002287,terminal,MST,FDH105001,fdh,,,,,
T1002287,terminal,MST,FDH105001,fdh,,,,,
T1002232,terminal,Aerial Terminal,FDH105008,fdh,,,,,
T1002010,terminal,Aerial Terminal,FDH105001,fdh,,,,,
T1002170,terminal,Aerial Terminal,FDH105007,fdh,,,,,
T1002287,terminal,MST,FDH105001,fdh,,,,,
T1002236,terminal,Aerial Terminal,FDH105008,fdh,,,,,
T1002287,terminal,MST,FDH105001,fdh,,,,,
T1002007,terminal,Aerial Terminal,FDH105001,fdh,,,,,
T1002287,terminal,MST,FDH105001,fdh,,,,,
T1002236,terminal,Aerial Terminal,FDH105008,fdh,,,,,
T1002007,terminal,Aerial Terminal,FDH105001,fdh,,,,,
T1002236,terminal,Aerial Terminal,FDH105008,fdh,,,,,
T1002010,terminal,Aerial Terminal,FDH105001,fdh,,,,,
T1002234,terminal,Aerial Terminal,FDH105008,fdh,,,,,
T1002234,terminal,Aerial Terminal,FDH105008,fdh,,,,,
T1002232,terminal,Aerial Terminal,FDH105008,fdh,,,,,
T1002235,terminal,Aerial Terminal,FDH105008,fdh,,,,,
T1002235,terminal,Aerial Terminal,FDH105008,fdh,,,,,
T1002232,terminal,Aerial Terminal,FDH105008,fdh,,,,,
T1002235,terminal,Aerial Terminal,FDH105008,fdh,,,,,
T1002232,terminal,Aerial Terminal,FDH105008,fdh,,,,,
T1002235,terminal,Aerial Terminal,FDH105008,fdh,,,,,
T1002170,terminal,Aerial Terminal,FDH105007,fdh,,,,,
T1002232,terminal,Aerial Terminal,FDH105008,fdh,,,,,
T1002010,terminal,Aerial Terminal,FDH105001,fdh,,,,,
T1002008,terminal,Aerial Terminal,FDH105001,fdh,,,,,
T1002235,terminal,Aerial Terminal,FDH105008,fdh,,,,,
T1002010,terminal,Aerial Terminal,FDH105001,fdh,,,,,
T1002010,terminal,Aerial Terminal,FDH105001,fdh,,,,,
T1002233,terminal,Aerial Terminal,FDH105008,fdh,,,,,
T1002010,terminal,Aerial Terminal,FDH105001,fdh,,,,,
T1002233,terminal,Aerial Terminal,FDH105008,fdh,,,,,
T1002233,terminal,Aerial Terminal,FDH105008,fdh,,,,,
T1002233,terminal,Aerial Terminal,FDH105008,fdh,,,,,
T1002233,terminal,Aerial Terminal,FDH105008,fdh,,,,,
T1002069,terminal,Aerial Terminal,FDH105003,fdh,,,,,
T1002007,terminal,Aerial Terminal,FDH105001,fdh,,,,,
T1002233,terminal,Aerial Terminal,FDH105008,fdh,,,,,
T1002008,terminal,Aerial Terminal,FDH105001,fdh,,,,,
T1002008,terminal,Aerial Terminal,FDH105001,fdh,,,,,
T1002069,terminal,Aerial Terminal,FDH105003,fdh,,,,,
T1002169,terminal,Aerial Terminal,FDH105007,fdh,,,,,
T1002101,terminal,Aerial Terminal,FDH105005,fdh,,,,,
T1002008,terminal,Aerial Terminal,FDH105001,fdh,,,,,
T1002256,terminal,Aerial Terminal,FDH105008,fdh,,,,,
T1002169,terminal,Aerial Terminal,FDH105007,fdh,,,,,
T1002179,terminal,Aerial Terminal,FDH105007,fdh,,,,,
T1002169,terminal,Aerial Terminal,FDH105007,fdh,,,,,
T1002348,terminal,MST,FDH105007,fdh,,,,,
T1002069,terminal,Aerial Terminal,FDH105003,fdh,,,,,
T1002169,terminal,Aerial Terminal,FDH105007,fdh,,,,,
T1002096,terminal,Aerial Terminal,FDH105005,fdh,,,,,
T1002009,terminal,Aerial Terminal,FDH105001,fdh,,,,,
T1002009,terminal,Aerial Terminal,FDH105001,fdh,,,,,
T1002009,terminal,Aerial Terminal,FDH105001,fdh,,,,,
T1002169,terminal,Aerial Terminal,FDH105007,fdh,,,,,
T1002207,terminal,Aerial Terminal,FDH105008,fdh,,,,,
T1002101,terminal,Aerial Terminal,FDH105005,fdh,,,,,
T1002166,terminal,Aerial Terminal,FDH105004,fdh,,,,,
T1002348,terminal,MST,FDH105007,fdh,,,,,
T1002204,terminal,Aerial Terminal,FDH105008,fdh,,,,,
T1002205,terminal,Aerial Terminal,FDH105008,fdh,,,,,
T1002353,terminal,MST,FDH105007,fdh,,,,,
T1002166,terminal,Aerial Terminal,FDH105004,fdh,,,,,
T1002396,terminal,Aerial Terminal,FDH105007,fdh,,,,,
T1002204,terminal,Aerial Terminal,FDH105008,fdh,,,,,
T1002166,terminal,Aerial Terminal,FDH105004,fdh,,,,,
T1002091,terminal,Aerial Terminal,FDH105005,fdh,,,,,
T1002168,terminal,Aerial Terminal,FDH105004,fdh,,,,,
T1002168,terminal,Aerial Terminal,FDH105004,fdh,,,,,
T1002011,terminal,Aerial Terminal,FDH105008,fdh,,,,,
T1002168,terminal,Aerial Terminal,FDH105004,fdh,,,,,
T1002091,terminal,Aerial Terminal,FDH105005,fdh,,,,,
T1002353,terminal,MST,FDH105007,fdh,,,,,
T1002168,terminal,Aerial Terminal,FDH105004,fdh,,,,,
T1002353,terminal,MST,FDH105007,fdh,,,,,
T1002353,terminal,MST,FDH105007,fdh,,,,,
T1002347,terminal,MST,FDH105004,fdh,,,,,
T1002090,terminal,Aerial Terminal,FDH105005,fdh,,,,,
T1002168,terminal,Aerial Terminal,FDH105004,fdh,,,,,
T1002229,terminal,Aerial Terminal,FDH105008,fdh,,,,,
T1002098,terminal,Aerial Terminal,FDH105005,fdh,,,,,
T1002104,terminal,Aerial Terminal,FDH105005,fdh,,,,,
T1002097,terminal,Aerial Terminal,FDH105005,fdh,,,,,
T1002207,terminal,Aerial Terminal,FDH105008,fdh,,,,,
T1002103,terminal,Aerial Terminal,FDH105005,fdh,,,,,
T1002246,terminal,Aerial Terminal,FDH105008,fdh,,,,,
T1002099,terminal,Aerial Terminal,FDH105005,fdh,,,,,
T1002105,terminal,Aerial Terminal,FDH105005,fdh,,,,,
T1002231,terminal,Aerial Terminal,FDH105008,fdh,,,,,
T1002199,terminal,Aerial Terminal,FDH105008,fdh,,,,,
T1002104,terminal,Aerial Terminal,FDH105005,fdh,,,,,
T1002104,terminal,Aerial Terminal,FDH105005,fdh,,,,,
T1002347,terminal,MST,FDH105004,fdh,,,,,
T1002197,terminal,Aerial Terminal,FDH105008,fdh,,,,,
T1002103,terminal,Aerial Terminal,FDH105005,fdh,,,,,
T1002167,terminal,Aerial Terminal,FDH105004,fdh,,,,,
T1002011,terminal,Aerial Terminal,FDH105008,fdh,,,,,
T1002210,terminal,Aerial Terminal,FDH105008,fdh,,,,,
T1002203,terminal,Aerial Terminal,FDH105008,fdh,,,,,
T1002203,terminal,Aerial Terminal,FDH105008,fdh,,,,,
T1002210,terminal,Aerial Terminal,FDH105008,fdh,,,,,
T1002210,terminal,Aerial Terminal,FDH105008,fdh,,,,,
T1002095,terminal,MST,FDH105005,fdh,,,,,
T1002099,terminal,Aerial Terminal,FDH105005,fdh,,,,,
T1002416,terminal,Aerial Terminal,FDH105005,fdh,,,,,
T1002098,terminal,Aerial Terminal,FDH105005,fdh,,,,,
T1002106,terminal,Aerial Terminal,FDH105005,fdh,,,,,
T1002099,terminal,Aerial Terminal,FDH105005,fdh,,,,,
T1002105,terminal,Aerial Terminal,FDH105005,fdh,,,,,
T1002383,terminal,MST,FDH105008,fdh,,,,,
T1002228,terminal,Aerial Terminal,FDH105008,fdh,,,,,
T1002347,terminal,MST,FDH105004,fdh,,,,,
T1002390,terminal,MST,FDH105008,fdh,,,,,
T1002167,terminal,Aerial Terminal,FDH105004,fdh,,,,,
T1002164,terminal,Aerial Terminal,FDH105005,fdh,,,,,
T1002383,terminal,MST,FDH105008,fdh,,,,,
T1002230,terminal,Aerial Terminal,FDH105008,fdh,,,,,
T1002090,terminal,Aerial Terminal,FDH105005,fdh,,,,,
T1002417,terminal,Aerial Terminal,FDH105005,fdh,,,,,
T1002210,terminal,Aerial Terminal,FDH105008,fdh,,,,,
T1002416,terminal,Aerial Terminal,FDH105005,fdh,,,,,
T1002110,terminal,Aerial Terminal,FDH105005,fdh,,,,,
T1002209,terminal,Aerial Terminal,FDH105008,fdh,,,,,
T1002104,terminal,Aerial Terminal,FDH105005,fdh,,,,,
T1002383,terminal,MST,FDH105008,fdh,,,,,
T1002417,terminal,Aerial Terminal,FDH105005,fdh,,,,,
T1002390,terminal,MST,FDH105008,fdh,,,,,
T1002197,terminal,Aerial Terminal,FDH105008,fdh,,,,,
T1002417,terminal,Aerial Terminal,FDH105005,fdh,,,,,
T1002229,terminal,Aerial Terminal,FDH105008,fdh,,,,,
T1002089,terminal,Aerial Terminal,FDH105005,fdh,,,,,
T1002417,terminal,Aerial Terminal,FDH105005,fdh,,,,,
T1002100,terminal,Aerial Terminal,FDH105005,fdh,,,,,
T1002417,terminal,Aerial Terminal,FDH105005,fdh,,,,,
T1002347,terminal,MST,FDH105004,fdh,,,,,
T1002383,terminal,MST,FDH105008,fdh,,,,,
T1002417,terminal,Aerial Terminal,FDH105005,fdh,,,,,
T1002417,terminal,Aerial Terminal,FDH105005,fdh,,,,,
T1002097,terminal,Aerial Terminal,FDH105005,fdh,,,,,
T1002198,terminal,Aerial Terminal,FDH105008,fdh,,,,,
T1002417,terminal,Aerial Terminal,FDH105005,fdh,,,,,
T1002347,terminal,MST,FDH105004,fdh,,,,,
T1002417,terminal,Aerial Terminal,FDH105005,fdh,,,,,
T1002109,terminal,Aerial Terminal,FDH105005,fdh,,,,,
T1002417,terminal,Aerial Terminal,FDH105005,fdh,,,,,
T1002090,terminal,Aerial Terminal,FDH105005,fdh,,,,,
T1002209,terminal,Aerial Terminal,FDH105008,fdh,,,,,
T1002165,terminal,Aerial Terminal,FDH105005,fdh,,,,,
T1002163,terminal,Aerial Terminal,FDH105004,fdh,,,,,
T1002417,terminal,Aerial Terminal,FDH105005,fdh,,,,,
T1002109,terminal,Aerial Terminal,FDH105005,fdh,,,,,
T1002384,terminal,MST,FDH105008,fdh,,,,,
T1002094,terminal,MST,FDH105005,fdh,,,,,
T1002200,terminal,Aerial Terminal,FDH105008,fdh,,,,,
T1002163,terminal,Aerial Terminal,FDH105004,fdh,,,,,
T1002231,terminal,Aerial Terminal,FDH105008,fdh,,,,,
T1002093,terminal,MST,FDH105005,fdh,,,,,
T1002247,terminal,Aerial Terminal,FDH105008,fdh,,,,,
T1002163,terminal,Aerial Terminal,FDH105004,fdh,,,,,
T1002201,terminal,Aerial Terminal,FDH105008,fdh,,,,,
T1002109,terminal,Aerial Terminal,FDH105005,fdh,,,,,
T1002093,terminal,MST,FDH105005,fdh,,,,,
T1002247,terminal,Aerial Terminal,FDH105008,fdh,,,,,
T1002248,terminal,Aerial Terminal,FDH105008,fdh,,,,,
T1002093,terminal,MST,FDH105005,fdh,,,,,
T1002108,terminal,Aerial Terminal,FDH105005,fdh,,,,,
T1002202,terminal,Aerial Terminal,FDH105008,fdh,,,,,
T1002108,terminal,Aerial Terminal,FDH105005,fdh,,,,,
T1002208,terminal,Aerial Terminal,FDH105008,fdh,,,,,
T1002248,terminal,Aerial Terminal,FDH105008,fdh,,,,,
T1002208,terminal,Aerial Terminal,FDH105008,fdh,,,,,
T1002092,terminal,MST,FDH105005,fdh,,,,,
T1002188,terminal,Aerial Terminal,FDH105008,fdh,,,,,
T1002248,terminal,Aerial Terminal,FDH105008,fdh,,,,,
T1002188,terminal,Aerial Terminal,FDH105008,fdh,,,,,
T1002188,terminal,Aerial Terminal,FDH105008,fdh,,,,,
T1002208,terminal,Aerial Terminal,FDH105008,fdh,,,,,
T1002188,terminal,Aerial Terminal,FDH105008,fdh,,,,,
T1002188,terminal,Aerial Terminal,FDH105008,fdh,,,,,
T1002188,terminal,Aerial Terminal,FDH105008,fdh,,,,,
T1002238,terminal,Aerial Terminal,FDH105009,fdh,,,,,
T1002188,terminal,Aerial Terminal,FDH105008,fdh,,,,,
T1002188,terminal,Aerial Terminal,FDH105008,fdh,,,,,
T1002092,terminal,MST,FDH105005,fdh,,,,,
T1002208,terminal,Aerial Terminal,FDH105008,fdh,,,,,
T1002188,terminal,Aerial Terminal,FDH105008,fdh,,,,,
T1002238,terminal,Aerial Terminal,FDH105009,fdh,,,,,
T1002238,terminal,Aerial Terminal,FDH105009,fdh,,,,,
T1002249,terminal,Aerial Terminal,FDH105008,fdh,,,,,
T1002249,terminal,Aerial Terminal,FDH105008,fdh,,,,,
T1002092,terminal,MST,FDH105005,fdh,,,,,
T1002107,terminal,Aerial Terminal,FDH105005,fdh,,,,,
T1002362,terminal,MST,FDH105008,fdh,,,,,
T1002249,terminal,Aerial Terminal,FDH105008,fdh,,,,,
T1002107,terminal,Aerial Terminal,FDH105005,fdh,,,,,
T1002107,terminal,Aerial Terminal,FDH105005,fdh,,,,,
T1002328,terminal,MST,FDH105004,fdh,,,,,
T1002328,terminal,MST,FDH105004,fdh,,,,,
T1002328,terminal,MST,FDH105004,fdh,,,,,
T1002328,terminal,MST,FDH105004,fdh,,,,,
T1002196,terminal,Aerial Terminal,FDH105008,fdh,,,,,
T1002250,terminal,Aerial Terminal,FDH105008,fdh,,,,,
T1002332,terminal,MST,FDH105004,fdh,,,,,
T1002323,terminal,MST,FDH105004,fdh,,,,,
T1002328,terminal,MST,FDH105004,fdh,,,,,
T1002072,terminal,Aerial Terminal,FDH105004,fdh,,,,,
T1002323,terminal,MST,FDH105004,fdh,,,,,
T1002196,terminal,Aerial Terminal,FDH105008,fdh,,,,,
T1002323,terminal,MST,FDH105004,fdh,,,,,
T1002237,terminal,Aerial Terminal,FDH105009,fdh,,,,,
T1002237,terminal,Aerial Terminal,FDH105009,fdh,,,,,
T1002337,terminal,MST,FDH105005,fdh,,,,,
T1002072,terminal,Aerial Terminal,FDH105004,fdh,,,,,
T1002332,terminal,MST,FDH105004,fdh,,,,,
T1002250,terminal,Aerial Terminal,FDH105008,fdh,,,,,
T1002323,terminal,MST,FDH105004,fdh,,,,,
T1002328,terminal,MST,FDH105004,fdh,,,,,
T1002337,terminal,MST,FDH105005,fdh,,,,,
T1002237,terminal,Aerial Terminal,FDH105009,fdh,,,,,
T1002237,terminal,Aerial Terminal,FDH105009,fdh,,,,,
T1002323,terminal,MST,FDH105004,fdh,,,,,
T1002328,terminal,MST,FDH105004,fdh,,,,,
T1002333,terminal,MST,FDH105004,fdh,,,,,
T1002333,terminal,MST,FDH105004,fdh,,,,,
T1002336,terminal,MST,FDH105005,fdh,,,,,
T1002329,terminal,MST,FDH105004,fdh,,,,,
T1002072,terminal,Aerial Terminal,FDH105004,fdh,,,,,
T1002240,terminal,Aerial Terminal,FDH105009,fdh,,,,,
T1002318,terminal,MST,FDH105004,fdh,,,,,
T1002240,terminal,Aerial Terminal,FDH105009,fdh,,,,,
T1002361,terminal,MST,FDH105008,fdh,,,,,
T1002337,terminal,MST,FDH105005,fdh,,,,,
T1002251,terminal,Aerial Terminal,FDH105009,fdh,,,,,
T1002329,terminal,MST,FDH105004,fdh,,,,,
T1002318,terminal,MST,FDH105004,fdh,,,,,
T1002360,terminal,MST,FDH105008,fdh,,,,,
T1002242,terminal,Aerial Terminal,FDH105009,fdh,,,,,
T1002329,terminal,MST,FDH105004,fdh,,,,,
T1002318,terminal,MST,FDH105004,fdh,,,,,
T1002324,terminal,MST,FDH105004,fdh,,,,,
T1002385,terminal,MST,FDH105009,fdh,,,,,
T1002243,terminal,Aerial Terminal,FDH105009,fdh,,,,,
T1002245,terminal,Aerial Terminal,FDH105009,fdh,,,,,
T1002115,terminal,Aerial Terminal,FDH105005,fdh,,,,,
T1002337,terminal,MST,FDH105005,fdh,,,,,
T1002329,terminal,MST,FDH105004,fdh,,,,,
T1002329,terminal,MST,FDH105004,fdh,,,,,
T1002240,terminal,Aerial Terminal,FDH105009,fdh,,,,,
T1002241,terminal,Aerial Terminal,FDH105009,fdh,,,,,
T1002243,terminal,Aerial Terminal,FDH105009,fdh,,,,,
T1002337,terminal,MST,FDH105005,fdh,,,,,
T1002116,terminal,Aerial Terminal,FDH105005,fdh,,,,,
T1002333,terminal,MST,FDH105004,fdh,,,,,
T1002336,terminal,MST,FDH105005,fdh,,,,,
T1002241,terminal,Aerial Terminal,FDH105009,fdh,,,,,
T1002116,terminal,Aerial Terminal,FDH105005,fdh,,,,,
T1002385,terminal,MST,FDH105009,fdh,,,,,
T1002239,terminal,Aerial Terminal,FDH105009,fdh,,,,,
T1002241,terminal,Aerial Terminal,FDH105009,fdh,,,,,
T1002073,terminal,Aerial Terminal,FDH105004,fdh,,,,,
T1002385,terminal,MST,FDH105009,fdh,,,,,
T1002114,terminal,Aerial Terminal,FDH105005,fdh,,,,,
T1002318,terminal,MST,FDH105004,fdh,,,,,
T1002242,terminal,Aerial Terminal,FDH105009,fdh,,,,,
T1002385,terminal,MST,FDH105009,fdh,,,,,
T1002244,terminal,Aerial Terminal,FDH105009,fdh,,,,,
T1002073,terminal,Aerial Terminal,FDH105004,fdh,,,,,
T1002318,terminal,MST,FDH105004,fdh,,,,,
T1002242,terminal,Aerial Terminal,FDH105009,fdh,,,,,
T1002319,terminal,MST,FDH105004,fdh,,,,,
T1002336,terminal,MST,FDH105005,fdh,,,,,
T1002389,terminal,MST,FDH105009,fdh,,,,,
T1002243,terminal,Aerial Terminal,FDH105009,fdh,,,,,
T1002116,terminal,Aerial Terminal,FDH105005,fdh,,,,,
T1002316,terminal,MST,FDH105004,fdh,,,,,
T1002114,terminal,Aerial Terminal,FDH105005,fdh,,,,,
T1002319,terminal,MST,FDH105004,fdh,,,,,
T1002251,terminal,Aerial Terminal,FDH105009,fdh,,,,,
T1002319,terminal,MST,FDH105004,fdh,,,,,
T1002316,terminal,MST,FDH105004,fdh,,,,,
T1002114,terminal,Aerial Terminal,FDH105005,fdh,,,,,
T1002319,terminal,MST,FDH105004,fdh,,,,,
T1002317,terminal,MST,FDH105004,fdh,,,,,
T1002317,terminal,MST,FDH105004,fdh,,,,,
T1002317,terminal,MST,FDH105004,fdh,,,,,
T1002113,terminal,Aerial Terminal,FDH105005,fdh,,,,,
T1002113,terminal,Aerial Terminal,FDH105005,fdh,,,,,
T1002194,terminal,Aerial Terminal,FDH105008,fdh,,,,,
T1002317,terminal,MST,FDH105004,fdh,,,,,
T1002113,terminal,Aerial Terminal,FDH105005,fdh,,,,,
T1002113,terminal,Aerial Terminal,FDH105005,fdh,,,,,
T1002113,terminal,Aerial Terminal,FDH105005,fdh,,,,,
T1002317,terminal,MST,FDH105004,fdh,,,,,
T1002112,terminal,Aerial Terminal,FDH105005,fdh,,,,,
T1002320,terminal,MST,FDH105004,fdh,,,,,
T1002194,terminal,Aerial Terminal,FDH105008,fdh,,,,,
T1002087,terminal,Aerial Terminal,FDH105004,fdh,,,,,
T1002117,terminal,Aerial Terminal,FDH105005,fdh,,,,,
T1002112,terminal,Aerial Terminal,FDH105005,fdh,,,,,
T1002112,terminal,Aerial Terminal,FDH105005,fdh,,,,,
T1002252,terminal,Aerial Terminal,FDH105009,fdh,,,,,
T1002112,terminal,Aerial Terminal,FDH105005,fdh,,,,,
T1002320,terminal,MST,FDH105004,fdh,,,,,
T1002112,terminal,Aerial Terminal,FDH105005,fdh,,,,,
T1002111,terminal,Aerial Terminal,FDH105005,fdh,,,,,
T1002320,terminal,MST,FDH105004,fdh,,,,,
T1002111,terminal,Aerial Terminal,FDH105005,fdh,,,,,
T1002387,terminal,MST,FDH105009,fdh,,,,,
T1002253,terminal,Aerial Terminal,FDH105009,fdh,,,,,
T1002111,terminal,Aerial Terminal,FDH105005,fdh,,,,,
T1002074,terminal,Aerial Terminal,FDH105004,fdh,,,,,
T1002320,terminal,MST,FDH105004,fdh,,,,,
T1002073,terminal,Aerial Terminal,FDH105004,fdh,,,,,
T1002118,terminal,Aerial Terminal,FDH105005,fdh,,,,,
T1002320,terminal,MST,FDH105004,fdh,,,,,
T1002073,terminal,Aerial Terminal,FDH105004,fdh,,,,,
T1002195,terminal,Aerial Terminal,FDH105008,fdh,,,,,
T1002074,terminal,Aerial Terminal,FDH105004,fdh,,,,,
T1002253,terminal,Aerial Terminal,FDH105009,fdh,,,,,
T1002321,terminal,MST,FDH105004,fdh,,,,,
T1002315,terminal,MST,FDH105004,fdh,,,,,
T1002111,terminal,Aerial Terminal,FDH105005,fdh,,,,,
T1002321,terminal,MST,FDH105004,fdh,,,,,
T1002074,terminal,Aerial Terminal,FDH105004,fdh,,,,,
T1002075,terminal,Aerial Terminal,FDH105004,fdh,,,,,
T1002338,terminal,MST,FDH105005,fdh,,,,,
T1002086,terminal,Aerial Terminal,FDH105004,fdh,,,,,
T1002075,terminal,Aerial Terminal,FDH105004,fdh,,,,,
T1002321,terminal,MST,FDH105004,fdh,,,,,
T1002321,terminal,MST,FDH105004,fdh,,,,,
T1002131,terminal,Aerial Terminal,FDH105005,fdh,,,,,
T1002321,terminal,MST,FDH105004,fdh,,,,,
T1002119,terminal,Aerial Terminal,FDH105005,fdh,,,,,
T1002322,terminal,MST,FDH105004,fdh,,,,,
T1002325,terminal,MST,FDH105004,fdh,,,,,
T1002338,terminal,MST,FDH105005,fdh,,,,,
T1002322,terminal,MST,FDH105004,fdh,,,,,
T1002325,terminal,MST,FDH105004,fdh,,,,,
T1002325,terminal,MST,FDH105004,fdh,,,,,
T1002325,terminal,MST,FDH105004,fdh,,,,,
T1002380,terminal,MST,FDH105009,fdh,,,,,
T1002325,terminal,MST,FDH105004,fdh,,,,,
T1002322,terminal,MST,FDH105004,fdh,,,,,
T1002325,terminal,MST,FDH105004,fdh,,,,,
T1002327,terminal,MST,FDH105004,fdh,,,,,
T1002119,terminal,Aerial Terminal,FDH105005,fdh,,,,,
T1002322,terminal,MST,FDH105004,fdh,,,,,
T1002327,terminal,MST,FDH105004,fdh,,,,,
T1002327,terminal,MST,FDH105004,fdh,,,,,
T1002076,terminal,Aerial Terminal,FDH105004,fdh,,,,,
T1002327,terminal,MST,FDH105004,fdh,,,,,
T1002326,terminal,MST,FDH105004,fdh,,,,,
T1002322,terminal,MST,FDH105004,fdh,,,,,
T1002326,terminal,MST,FDH105004,fdh,,,,,
T1002326,terminal,MST,FDH105004,fdh,,,,,
T1002326,terminal,MST,FDH105004,fdh,,,,,
T1002076,terminal,Aerial Terminal,FDH105004,fdh,,,,,
T1002120,terminal,Aerial Terminal,FDH105005,fdh,,,,,
T1002326,terminal,MST,FDH105004,fdh,,,,,
T1002254,terminal,Aerial Terminal,FDH105009,fdh,,,,,
T1002326,terminal,MST,FDH105004,fdh,,,,,
T1002078,terminal,Aerial Terminal,FDH105004,fdh,,,,,
T1002326,terminal,MST,FDH105004,fdh,,,,,
T1002326,terminal,MST,FDH105004,fdh,,,,,
T1002078,terminal,Aerial Terminal,FDH105004,fdh,,,,,
T1002326,terminal,MST,FDH105004,fdh,,,,,
T1002322,terminal,MST,FDH105004,fdh,,,,,
T1002078,terminal,Aerial Terminal,FDH105004,fdh,,,,,
T1002326,terminal,MST,FDH105004,fdh,,,,,
T1002120,terminal,Aerial Terminal,FDH105005,fdh,,,,,
T1002120,terminal,Aerial Terminal,FDH105005,fdh,,,,,
T1002120,terminal,Aerial Terminal,FDH105005,fdh,,,,,
T1002322,terminal,MST,FDH105004,fdh,,,,,
T1002080,terminal,Aerial Terminal,FDH105004,fdh,,,,,
T1002080,terminal,Aerial Terminal,FDH105004,fdh,,,,,
T1002120,terminal,Aerial Terminal,FDH105005,fdh,,,,,
T1002080,terminal,Aerial Terminal,FDH105004,fdh,,,,,
T1002193,terminal,Aerial Terminal,FDH105008,fdh,,,,,
T1002379,terminal,MST,FDH105009,fdh,,,,,
T1002081,terminal,Aerial Terminal,FDH105004,fdh,,,,,
T1002193,terminal,Aerial Terminal,FDH105008,fdh,,,,,
T1002388,terminal,MST,FDH105009,fdh,,,,,
T1002081,terminal,Aerial Terminal,FDH105004,fdh,,,,,
T1002081,terminal,Aerial Terminal,FDH105004,fdh,,,,,
T1002079,terminal,Aerial Terminal,FDH105004,fdh,,,,,
T1002338,terminal,MST,FDH105005,fdh,,,,,
T1002079,terminal,Aerial Terminal,FDH105004,fdh,,,,,
T1002355,terminal,MST,FDH105008,fdh,,,,,
T1002079,terminal,Aerial Terminal,FDH105004,fdh,,,,,
T1002079,terminal,Aerial Terminal,FDH105004,fdh,,,,,
T1002121,terminal,Aerial Terminal,FDH105005,fdh,,,,,
T1002079,terminal,Aerial Terminal,FDH105004,fdh,,,,,
T1002079,terminal,Aerial Terminal,FDH105004,fdh,,,,,
T1002355,terminal,MST,FDH105008,fdh,,,,,
T1002079,terminal,Aerial Terminal,FDH105004,fdh,,,,,
T1002355,terminal,MST,FDH105008,fdh,,,,,
T1002355,terminal,MST,FDH105008,fdh,,,,,
T1002121,terminal,Aerial Terminal,FDH105005,fdh,,,,,
T1002355,terminal,MST,FDH105008,fdh,,,,,
T1002088,terminal,Aerial Terminal,FDH105004,fdh,,,,,
T1002355,terminal,MST,FDH105008,fdh,,,,,
T1002085,terminal,Aerial Terminal,FDH105004,fdh,,,,,
T1002355,terminal,MST,FDH105008,fdh,,,,,
T1002085,terminal,Aerial Terminal,FDH105004,fdh,,,,,
T1002085,terminal,Aerial Terminal,FDH105004,fdh,,,,,
T1002085,terminal,Aerial Terminal,FDH105004,fdh,,,,,
T1002355,terminal,MST,FDH105008,fdh,,,,,
T1002082,terminal,Aerial Terminal,FDH105004,fdh,,,,,
T1002122,terminal,MST,FDH105005,fdh,,,,,
T1002082,terminal,Aerial Terminal,FDH105004,fdh,,,,,
T1002082,terminal,Aerial Terminal,FDH105004,fdh,,,,,
T1002082,terminal,Aerial Terminal,FDH105004,fdh,,,,,
T1002082,terminal,Aerial Terminal,FDH105004,fdh,,,,,
T1002082,terminal,Aerial Terminal,FDH105004,fdh,,,,,
T1002122,terminal,MST,FDH105005,fdh,,,,,
T1002082,terminal,Aerial Terminal,FDH105004,fdh,,,,,
T1002082,terminal,Aerial Terminal,FDH105004,fdh,,,,,
T1002083,terminal,Aerial Terminal,FDH105004,fdh,,,,,
T1002083,terminal,Aerial Terminal,FDH105004,fdh,,,,,
T1002192,terminal,Aerial Terminal,FDH105008,fdh,,,,,
T1002083,terminal,Aerial Terminal,FDH105004,fdh,,,,,
T1002359,terminal,MST,FDH105008,fdh,,,,,
T1002122,terminal,MST,FDH105005,fdh,,,,,
T1002083,terminal,Aerial Terminal,FDH105004,fdh,,,,,
T1002083,terminal,Aerial Terminal,FDH105004,fdh,,,,,
T1002359,terminal,MST,FDH105008,fdh,,,,,
T1002083,terminal,Aerial Terminal,FDH105004,fdh,,,,,
T1002122,terminal,MST,FDH105005,fdh,,,,,
T1002083,terminal,Aerial Terminal,FDH105004,fdh,,,,,
T1002077,terminal,Aerial Terminal,FDH105004,fdh,,,,,
T1002083,terminal,Aerial Terminal,FDH105004,fdh,,,,,
T1002359,terminal,MST,FDH105008,fdh,,,,,
T1002123,terminal,MST,FDH105005,fdh,,,,,
T1002084,terminal,Aerial Terminal,FDH105004,fdh,,,,,
T1002123,terminal,MST,FDH105005,fdh,,,,,
T1002084,terminal,Aerial Terminal,FDH105004,fdh,,,,,
T1002084,terminal,Aerial Terminal,FDH105004,fdh,,,,,
T1002123,terminal,MST,FDH105005,fdh,,,,,
T1002077,terminal,Aerial Terminal,FDH105004,fdh,,,,,
T1002084,terminal,Aerial Terminal,FDH105004,fdh,,,,,
T1002192,terminal,Aerial Terminal,FDH105008,fdh,,,,,
T1002123,terminal,MST,FDH105005,fdh,,,,,
T1002123,terminal,MST,FDH105005,fdh,,,,,
T1002191,terminal,Aerial Terminal,FDH105008,fdh,,,,,
T1002084,terminal,Aerial Terminal,FDH105004,fdh,,,,,
T1002124,terminal,MST,FDH105005,fdh,,,,,
T1002084,terminal,Aerial Terminal,FDH105004,fdh,,,,,
T1002084,terminal,Aerial Terminal,FDH105004,fdh,,,,,
T1002206,terminal,Aerial Terminal,FDH105008,fdh,,,,,
T1002191,terminal,Aerial Terminal,FDH105008,fdh,,,,,
T1002255,terminal,MST,FDH105009,fdh,,,,,
T1002124,terminal,MST,FDH105005,fdh,,,,,
T1002084,terminal,Aerial Terminal,FDH105004,fdh,,,,,
T1002206,terminal,Aerial Terminal,FDH105008,fdh,,,,,
T1002191,terminal,Aerial Terminal,FDH105008,fdh,,,,,
T1002124,terminal,MST,FDH105005,fdh,,,,,
T1002206,terminal,Aerial Terminal,FDH105008,fdh,,,,,
T1002125,terminal,MST,FDH105005,fdh,,,,,
T1002330,terminal,MST,FDH105004,fdh,,,,,
T1002125,terminal,MST,FDH105005,fdh,,,,,
T1002330,terminal,MST,FDH105004,fdh,,,,,
T1002125,terminal,MST,FDH105005,fdh,,,,,
T1002356,terminal,MST,FDH105008,fdh,,,,,
T1002356,terminal,MST,FDH105008,fdh,,,,,
T1002125,terminal,MST,FDH105005,fdh,,,,,
T1002356,terminal,MST,FDH105008,fdh,,,,,
T1002356,terminal,MST,FDH105008,fdh,,,,,
T1002330,terminal,MST,FDH105004,fdh,,,,,
T1002126,terminal,MST,FDH105005,fdh,,,,,
T1002356,terminal,MST,FDH105008,fdh,,,,,
T1002330,terminal,MST,FDH105004,fdh,,,,,
T1002356,terminal,MST,FDH105008,fdh,,,,,
T1002356,terminal,MST,FDH105008,fdh,,,,,
T1002356,terminal,MST,FDH105008,fdh,,,,,
T1002330,terminal,MST,FDH105004,fdh,,,,,
T1002126,terminal,MST,FDH105005,fdh,,,,,
T1002356,terminal,MST,FDH105008,fdh,,,,,
T1002330,terminal,MST,FDH105004,fdh,,,,,
T1002190,terminal,Aerial Terminal,FDH105008,fdh,,,,,
T1002126,terminal,MST,FDH105005,fdh,,,,,
T1002331,terminal,MST,FDH105004,fdh,,,,,
T1002127,terminal,MST,FDH105005,fdh,,,,,
T1002190,terminal,Aerial Terminal,FDH105008,fdh,,,,,
T1002127,terminal,MST,FDH105005,fdh,,,,,
T1002357,terminal,MST,FDH105008,fdh,,,,,
T1002331,terminal,MST,FDH105004,fdh,,,,,
T1002127,terminal,MST,FDH105005,fdh,,,,,
T1002331,terminal,MST,FDH105004,fdh,,,,,
T1002331,terminal,MST,FDH105004,fdh,,,,,
T1002127,terminal,MST,FDH105005,fdh,,,,,
T1002331,terminal,MST,FDH105004,fdh,,,,,
T1002331,terminal,MST,FDH105004,fdh,,,,,
T1002138,terminal,Aerial Terminal,FDH105006,fdh,,,,,
T1002357,terminal,MST,FDH105008,fdh,,,,,
T1002128,terminal,MST,FDH105005,fdh,,,,,
T1002128,terminal,MST,FDH105005,fdh,,,,,
T1002284,terminal,MST,FDH105009,fdh,,,,,
T1002138,terminal,Aerial Terminal,FDH105006,fdh,,,,,
T1002358,terminal,MST,FDH105008,fdh,,,,,
T1002402,terminal,MST,FDH105009,fdh,,,,,
T1002138,terminal,Aerial Terminal,FDH105006,fdh,,,,,
T1002358,terminal,MST,FDH105008,fdh,,,,,
T1002138,terminal,Aerial Terminal,FDH105006,fdh,,,,,
T1002340,terminal,MST,FDH105006,fdh,,,,,
T1002340,terminal,MST,FDH105006,fdh,,,,,
T1002129,terminal,MST,FDH105005,fdh,,,,,
T1002189,terminal,Aerial Terminal,FDH105008,fdh,,,,,
T1002340,terminal,MST,FDH105006,fdh,,,,,
T1002129,terminal,MST,FDH105005,fdh,,,,,
T1002340,terminal,MST,FDH105006,fdh,,,,,
T1002189,terminal,Aerial Terminal,FDH105008,fdh,,,,,
T1002129,terminal,MST,FDH105005,fdh,,,,,
T1002340,terminal,MST,FDH105006,fdh,,,,,
T1002130,terminal,MST,FDH105005,fdh,,,,,
T1002189,terminal,Aerial Terminal,FDH105008,fdh,,,,,
T1002340,terminal,MST,FDH105006,fdh,,,,,
T1002130,terminal,MST,FDH105005,fdh,,,,,
T1002137,terminal,Aerial Terminal,FDH105006,fdh,,,,,
T1002339,terminal,MST,FDH105006,fdh,,,,,
T1002339,terminal,MST,FDH105006,fdh,,,,,
T1002343,terminal,MST,FDH105006,fdh,,,,,
T1002343,terminal,MST,FDH105006,fdh,,,,,
T1002343,terminal,MST,FDH105006,fdh,,,,,
T1002343,terminal,MST,FDH105006,fdh,,,,,
T1002343,terminal,MST,FDH105006,fdh,,,,,
T1002339,terminal,MST,FDH105006,fdh,,,,,
T1002342,terminal,MST,FDH105006,fdh,,,,,
T1002342,terminal,MST,FDH105006,fdh,,,,,
T1002342,terminal,MST,FDH105006,fdh,,,,,
T1002342,terminal,MST,FDH105006,fdh,,,,,
T1002342,terminal,MST,FDH105006,fdh,,,,,
T1002346,terminal,MST,FDH105006,fdh,,,,,
T1002342,terminal,MST,FDH105006,fdh,,,,,
T1002342,terminal,MST,FDH105006,fdh,,,,,
T1002346,terminal,MST,FDH105006,fdh,,,,,
T1002341,terminal,MST,FDH105006,fdh,,,,,
T1002341,terminal,MST,FDH105006,fdh,,,,,
T1002364,terminal,Aerial Terminal,FDH105010,fdh,,,,,
T1002341,terminal,MST,FDH105006,fdh,,,,,
T1002341,terminal,MST,FDH105006,fdh,,,,,
T1002346,terminal,MST,FDH105006,fdh,,,,,
T1002364,terminal,Aerial Terminal,FDH105010,fdh,,,,,
T1002401,terminal,MST,FDH105009,fdh,,,,,
T1002341,terminal,MST,FDH105006,fdh,,,,,
T1002341,terminal,MST,FDH105006,fdh,,,,,
T1002346,terminal,MST,FDH105006,fdh,,,,,
T1002365,terminal,Aerial Terminal,FDH105010,fdh,,,,,
T1002346,terminal,MST,FDH105006,fdh,,,,,
T1002401,terminal,MST,FDH105009,fdh,,,,,
T1002365,terminal,Aerial Terminal,FDH105010,fdh,,,,,
T1002393,terminal,MST,FDH105009,fdh,,,,,
T1002365,terminal,Aerial Terminal,FDH105010,fdh,,,,,
T1002364,terminal,Aerial Terminal,FDH105010,fdh,,,,,
T1002400,terminal,MST,FDH105009,fdh,,,,,
T1002136,terminal,Aerial Terminal,FDH105006,fdh,,,,,
T1002364,terminal,Aerial Terminal,FDH105010,fdh,,,,,
T1002403,terminal,MST,FDH105009,fdh,,,,,
T1002404,terminal,MST,FDH105009,fdh,,,,,
T1002152,terminal,Aerial Terminal,FDH105006,fdh,,,,,
T1002136,terminal,Aerial Terminal,FDH105006,fdh,,,,,
T1002364,terminal,Aerial Terminal,FDH105010,fdh,,,,,
T1002403,terminal,MST,FDH105009,fdh,,,,,
T1002216,terminal,MST,FDH105010,fdh,,,,,
T1002215,terminal,Aerial Terminal,FDH105010,fdh,,,,,
T1002216,terminal,MST,FDH105010,fdh,,,,,
T1002403,terminal,MST,FDH105009,fdh,,,,,
T1002152,terminal,Aerial Terminal,FDH105006,fdh,,,,,
T1002136,terminal,Aerial Terminal,FDH105006,fdh,,,,,
T1002152,terminal,Aerial Terminal,FDH105006,fdh,,,,,
T1002152,terminal,Aerial Terminal,FDH105006,fdh,,,,,
T1002399,terminal,MST,FDH105009,fdh,,,,,
T1002215,terminal,Aerial Terminal,FDH105010,fdh,,,,,
T1002259,terminal,Aerial Terminal,FDH105009,fdh,,,,,
T1002152,terminal,Aerial Terminal,FDH105006,fdh,,,,,
T1002152,terminal,Aerial Terminal,FDH105006,fdh,,,,,
T1002216,terminal,MST,FDH105010,fdh,,,,,
T1002152,terminal,Aerial Terminal,FDH105006,fdh,,,,,
T1002399,terminal,MST,FDH105009,fdh,,,,,
T1002215,terminal,Aerial Terminal,FDH105010,fdh,,,,,
T1002153,terminal,Aerial Terminal,FDH105006,fdh,,,,,
T1002399,terminal,MST,FDH105009,fdh,,,,,
T1002153,terminal,Aerial Terminal,FDH105006,fdh,,,,,
T1002220,terminal,MST,FDH105010,fdh,,,,,
T1002153,terminal,Aerial Terminal,FDH105006,fdh,,,,,
T1002215,terminal,Aerial Terminal,FDH105010,fdh,,,,,
T1002153,terminal,Aerial Terminal,FDH105006,fdh,,,,,
T1002220,terminal,MST,FDH105010,fdh,,,,,
T1002154,terminal,Aerial Terminal,FDH105006,fdh,,,,,
T1002211,terminal,MST,FDH105010,fdh,,,,,
T1002154,terminal,Aerial Terminal,FDH105006,fdh,,,,,
T1002154,terminal,Aerial Terminal,FDH105006,fdh,,,,,
T1002221,terminal,MST,FDH105010,fdh,,,,,
T1002214,terminal,Aerial Terminal,FDH105010,fdh,,,,,
T1002154,terminal,Aerial Terminal,FDH105006,fdh,,,,,
T1002221,terminal,MST,FDH105010,fdh,,,,,
T1002155,terminal,Aerial Terminal,FDH105006,fdh,,,,,
T1002219,terminal,Aerial Terminal,FDH105010,fdh,,,,,
T1002413,terminal,MST,FDH105010,fdh,,,,,
T1002413,terminal,MST,FDH105010,fdh,,,,,
T1002214,terminal,Aerial Terminal,FDH105010,fdh,,,,,
T1002214,terminal,Aerial Terminal,FDH105010,fdh,,,,,
T1002155,terminal,Aerial Terminal,FDH105006,fdh,,,,,
T1002211,terminal,MST,FDH105010,fdh,,,,,
T1002214,terminal,Aerial Terminal,FDH105010,fdh,,,,,
T1002155,terminal,Aerial Terminal,FDH105006,fdh,,,,,
T1002214,terminal,Aerial Terminal,FDH105010,fdh,,,,,
T1002413,terminal,MST,FDH105010,fdh,,,,,
T1002155,terminal,Aerial Terminal,FDH105006,fdh,,,,,
T1002214,terminal,Aerial Terminal,FDH105010,fdh,,,,,
T1002211,terminal,MST,FDH105010,fdh,,,,,
T1002211,terminal,MST,FDH105010,fdh,,,,,
T1002135,terminal,Aerial Terminal,FDH105006,fdh,,,,,
T1002135,terminal,Aerial Terminal,FDH105006,fdh,,,,,
T1002221,terminal,MST,FDH105010,fdh,,,,,
T1002155,terminal,Aerial Terminal,FDH105006,fdh,,,,,
T1002221,terminal,MST,FDH105010,fdh,,,,,
T1002214,terminal,Aerial Terminal,FDH105010,fdh,,,,,
T1002413,terminal,MST,FDH105010,fdh,,,,,
T1002221,terminal,MST,FDH105010,fdh,,,,,
T1002221,terminal,MST,FDH105010,fdh,,,,,
T1002413,terminal,MST,FDH105010,fdh,,,,,
T1002213,terminal,MST,FDH105010,fdh,,,,,
T1002219,terminal,Aerial Terminal,FDH105010,fdh,,,,,
T1002213,terminal,MST,FDH105010,fdh,,,,,
T1002156,terminal,Aerial Terminal,FDH105006,fdh,,,,,
T1002211,terminal,MST,FDH105010,fdh,,,,,
T1002211,terminal,MST,FDH105010,fdh,,,,,
T1002413,terminal,MST,FDH105010,fdh,,,,,
T1002413,terminal,MST,FDH105010,fdh,,,,,
T1002211,terminal,MST,FDH105010,fdh,,,,,
T1002213,terminal,MST,FDH105010,fdh,,,,,
T1002213,terminal,MST,FDH105010,fdh,,,,,
T1002211,terminal,MST,FDH105010,fdh,,,,,
T1002367,terminal,MST,FDH105010,fdh,,,,,
T1002213,terminal,MST,FDH105010,fdh,,,,,
T1002213,terminal,MST,FDH105010,fdh,,,,,
T1002213,terminal,MST,FDH105010,fdh,,,,,
T1002211,terminal,MST,FDH105010,fdh,,,,,
T1002260,terminal,Aerial Terminal,FDH105009,fdh,,,,,
T1002156,terminal,Aerial Terminal,FDH105006,fdh,,,,,
T1002156,terminal,Aerial Terminal,FDH105006,fdh,,,,,
T1002367,terminal,MST,FDH105010,fdh,,,,,
T1002156,terminal,Aerial Terminal,FDH105006,fdh,,,,,
T1002260,terminal,Aerial Terminal,FDH105009,fdh,,,,,
T1002156,terminal,Aerial Terminal,FDH105006,fdh,,,,,
T1002344,terminal,MST,FDH105006,fdh,,,,,
T1002135,terminal,Aerial Terminal,FDH105006,fdh,,,,,
T1002344,terminal,MST,FDH105006,fdh,,,,,
T1002366,terminal,MST,FDH105010,fdh,,,,,
T1002150,terminal,Aerial Terminal,FDH105006,fdh,,,,,
T1002150,terminal,Aerial Terminal,FDH105006,fdh,,,,,
T1002150,terminal,Aerial Terminal,FDH105006,fdh,,,,,
T1002150,terminal,Aerial Terminal,FDH105006,fdh,,,,,
T1002150,terminal,Aerial Terminal,FDH105006,fdh,,,,,
T1002366,terminal,MST,FDH105010,fdh,,,,,
T1002150,terminal,Aerial Terminal,FDH105006,fdh,,,,,
T1002149,terminal,Aerial Terminal,FDH105006,fdh,,,,,
T1002134,terminal,Aerial Terminal,FDH105006,fdh,,,,,
T1002149,terminal,Aerial Terminal,FDH105006,fdh,,,,,
T1002148,terminal,Aerial Terminal,FDH105006,fdh,,,,,
T1002148,terminal,Aerial Terminal,FDH105006,fdh,,,,,
T1002145,terminal,Aerial Terminal,FDH105006,fdh,,,,,
T1002145,terminal,Aerial Terminal,FDH105006,fdh,,,,,
T1002146,terminal,Aerial Terminal,FDH105006,fdh,,,,,
T1002145,terminal,Aerial Terminal,FDH105006,fdh,,,,,
T1002146,terminal,Aerial Terminal,FDH105006,fdh,,,,,
T1002145,terminal,Aerial Terminal,FDH105006,fdh,,,,,
T1002143,terminal,Aerial Terminal,FDH105006,fdh,,,,,
T1002157,terminal,Aerial Terminal,FDH105006,fdh,,,,,
T1002144,terminal,Aerial Terminal,FDH105006,fdh,,,,,
T1002143,terminal,Aerial Terminal,FDH105006,fdh,,,,,
T1002143,terminal,Aerial Terminal,FDH105006,fdh,,,,,
T1002149,terminal,Aerial Terminal,FDH105006,fdh,,,,,
T1002145,terminal,Aerial Terminal,FDH105006,fdh,,,,,
T1002158,terminal,Aerial Terminal,FDH105006,fdh,,,,,
T1002144,terminal,Aerial Terminal,FDH105006,fdh,,,,,
T1002144,terminal,Aerial Terminal,FDH105006,fdh,,,,,
T1002147,terminal,Aerial Terminal,FDH105006,fdh,,,,,
T1002158,terminal,Aerial Terminal,FDH105006,fdh,,,,,
T1002132,terminal,Aerial Terminal,FDH105006,fdh,,,,,
T1002133,terminal,Aerial Terminal,FDH105006,fdh,,,,,
T1002371,terminal,MST,FDH105010,fdh,,,,,
T1002162,terminal,Aerial Terminal,FDH105006,fdh,,,,,
T1002157,terminal,Aerial Terminal,FDH105006,fdh,,,,,
T1002374,terminal,MST,FDH105010,fdh,,,,,
T1002218,terminal,Aerial Terminal,FDH105010,fdh,,,,,
T1002218,terminal,Aerial Terminal,FDH105010,fdh,,,,,
T1002374,terminal,MST,FDH105010,fdh,,,,,
T1002224,terminal,Aerial Terminal,FDH105010,fdh,,,,,
T1002261,terminal,Aerial Terminal,FDH105009,fdh,,,,,
T1002149,terminal,Aerial Terminal,FDH105006,fdh,,,,,
T1002224,terminal,Aerial Terminal,FDH105010,fdh,,,,,
T1002345,terminal,MST,FDH105006,fdh,,,,,
T1002261,terminal,Aerial Terminal,FDH105009,fdh,,,,,
T1002151,terminal,Aerial Terminal,FDH105006,fdh,,,,,
T1002261,terminal,Aerial Terminal,FDH105009,fdh,,,,,
T1002142,terminal,Aerial Terminal,FDH105006,fdh,,,,,
T1002373,terminal,MST,FDH105010,fdh,,,,,
T1002345,terminal,MST,FDH105006,fdh,,,,,
T1002345,terminal,MST,FDH105006,fdh,,,,,
T1002345,terminal,MST,FDH105006,fdh,,,,,
T1002345,terminal,MST,FDH105006,fdh,,,,,
T1002345,terminal,MST,FDH105006,fdh,,,,,
T1002141,terminal,Aerial Terminal,FDH105006,fdh,,,,,
T1002141,terminal,Aerial Terminal,FDH105006,fdh,,,,,
T1002161,terminal,Aerial Terminal,FDH105006,fdh,,,,,
T1002161,terminal,Aerial Terminal,FDH105006,fdh,,,,,
T1002160,terminal,Aerial Terminal,FDH105006,fdh,,,,,
T1002160,terminal,Aerial Terminal,FDH105006,fdh,,,,,
T1002160,terminal,Aerial Terminal,FDH105006,fdh,,,,,
T1002160,terminal,Aerial Terminal,FDH105006,fdh,,,,,
T1002160,terminal,Aerial Terminal,FDH105006,fdh,,,,,
T1002227,terminal,Aerial Terminal,FDH105010,fdh,,,,,
T1002161,terminal,Aerial Terminal,FDH105006,fdh,,,,,
T1002159,terminal,Aerial Terminal,FDH105006,fdh,,,,,
T1002217,terminal,Aerial Terminal,FDH105010,fdh,,,,,
T1002161,terminal,Aerial Terminal,FDH105006,fdh,,,,,
T1002227,terminal,Aerial Terminal,FDH105010,fdh,,,,,
T1002368,terminal,MST,FDH105010,fdh,,,,,
T1002159,terminal,Aerial Terminal,FDH105006,fdh,,,,,
T1002159,terminal,Aerial Terminal,FDH105006,fdh,,,,,
T1002161,terminal,Aerial Terminal,FDH105006,fdh,,,,,
T1002161,terminal,Aerial Terminal,FDH105006,fdh,,,,,
T1002159,terminal,Aerial Terminal,FDH105006,fdh,,,,,
T1002159,terminal,Aerial Terminal,FDH105006,fdh,,,,,
T1002227,terminal,Aerial Terminal,FDH105010,fdh,,,,,
T1002414,terminal,MST,FDH105006,fdh,,,,,
T1002368,terminal,MST,FDH105010,fdh,,,,,
T1002368,terminal,MST,FDH105010,fdh,,,,,
T1002368,terminal,MST,FDH105010,fdh,,,,,
T1002368,terminal,MST,FDH105010,fdh,,,,,
T1002278,terminal,MST,FDH105009,fdh,,,,,
T1002278,terminal,MST,FDH105009,fdh,,,,,
T1002368,terminal,MST,FDH105010,fdh,,,,,
T1002368,terminal,MST,FDH105010,fdh,,,,,
T1002140,terminal,Aerial Terminal,FDH105006,fdh,,,,,
T1002368,terminal,MST,FDH105010,fdh,,,,,
T1002226,terminal,Aerial Terminal,FDH105010,fdh,,,,,
T1002352,terminal,MST,FDH105009,fdh,,,,,
T1002278,terminal,MST,FDH105009,fdh,,,,,
T1002223,terminal,Aerial Terminal,FDH105010,fdh,,,,,
T1002223,terminal,Aerial Terminal,FDH105010,fdh,,,,,
T1002278,terminal,MST,FDH105009,fdh,,,,,
T1002262,terminal,Aerial Terminal,FDH105009,fdh,,,,,
T1002223,terminal,Aerial Terminal,FDH105010,fdh,,,,,
T1002139,terminal,Aerial Terminal,FDH105006,fdh,,,,,
T1002139,terminal,Aerial Terminal,FDH105006,fdh,,,,,
T1002370,terminal,MST,FDH105010,fdh,,,,,
T1002377,terminal,MST,FDH105010,fdh,,,,,
T1002376,terminal,MST,FDH105010,fdh,,,,,
T1002372,terminal,MST,FDH105010,fdh,,,,,
T1002370,terminal,MST,FDH105010,fdh,,,,,
T1002377,terminal,MST,FDH105010,fdh,,,,,
T1002225,terminal,Aerial Terminal,FDH105010,fdh,,,,,
T1002377,terminal,MST,FDH105010,fdh,,,,,
T1002376,terminal,MST,FDH105010,fdh,,,,,
T1002372,terminal,MST,FDH105010,fdh,,,,,
T1002370,terminal,MST,FDH105010,fdh,,,,,
T1002370,terminal,MST,FDH105010,fdh,,,,,
T1002370,terminal,MST,FDH105010,fdh,,,,,
T1002370,terminal,MST,FDH105010,fdh,,,,,
T1002370,terminal,MST,FDH105010,fdh,,,,,
T1002370,terminal,MST,FDH105010,fdh,,,,,
T1002370,terminal,MST,FDH105010,fdh,,,,,
T1002370,terminal,MST,FDH105010,fdh,,,,,
T1002262,terminal,Aerial Terminal,FDH105009,fdh,,,,,
T1002372,terminal,MST,FDH105010,fdh,,,,,
T1002369,terminal,MST,FDH105010,fdh,,,,,
T1002369,terminal,MST,FDH105010,fdh,,,,,
T1002369,terminal,MST,FDH105010,fdh,,,,,
T1002276,terminal,MST,FDH105010,fdh,,,,,
T1002369,terminal,MST,FDH105010,fdh,,,,,
T1002369,terminal,MST,FDH105010,fdh,,,,,
T1002369,terminal,MST,FDH105010,fdh,,,,,
T1002378,terminal,MST,FDH105010,fdh,,,,,
T1002378,terminal,MST,FDH105010,fdh,,,,,
T1002415,terminal,Aerial Terminal,FDH105009,fdh,,,,,
T1002276,terminal,MST,FDH105010,fdh,,,,,
T1002378,terminal,MST,FDH105010,fdh,,,,,
T1002375,terminal,MST,FDH105010,fdh,,,,,
T1002263,terminal,Aerial Terminal,FDH105009,fdh,,,,,
T1002212,terminal,MST,FDH105010,fdh,,,,,
T1002212,terminal,MST,FDH105010,fdh,,,,,
T1002257,terminal,Aerial Terminal,FDH105010,fdh,,,,,
T1002212,terminal,MST,FDH105010,fdh,,,,,
T1002271,terminal,Aerial Terminal,FDH105010,fdh,,,,,
T1002257,terminal,Aerial Terminal,FDH105010,fdh,,,,,
T1002270,terminal,Aerial Terminal,FDH105010,fdh,,,,,
T1002257,terminal,Aerial Terminal,FDH105010,fdh,,,,,
T1002270,terminal,Aerial Terminal,FDH105010,fdh,,,,,
T1002257,terminal,Aerial Terminal,FDH105010,fdh,,,,,
T1002274,terminal,Aerial Terminal,FDH105010,fdh,,,,,
T1002398,terminal,Aerial Terminal,FDH105009,fdh,,,,,
T1002415,terminal,Aerial Terminal,FDH105009,fdh,,,,,
T1002268,terminal,Aerial Terminal,FDH105010,fdh,,,,,
T1002267,terminal,Aerial Terminal,FDH105010,fdh,,,,,
T1002272,terminal,Aerial Terminal,FDH105010,fdh,,,,,
T1002398,terminal,Aerial Terminal,FDH105009,fdh,,,,,
T1002273,terminal,Aerial Terminal,FDH105010,fdh,,,,,
T1002274,terminal,Aerial Terminal,FDH105010,fdh,,,,,
T1002281,terminal,Aerial Terminal,FDH105009,fdh,,,,,
T1002279,terminal,Aerial Terminal,FDH105009,fdh,,,,,
T1002264,terminal,Aerial Terminal,FDH105009,fdh,,,,,
T1002264,terminal,Aerial Terminal,FDH105009,fdh,,,,,
T1002279,terminal,Aerial Terminal,FDH105009,fdh,,,,,
T1002264,terminal,Aerial Terminal,FDH105009,fdh,,,,,
T1002267,terminal,Aerial Terminal,FDH105010,fdh,,,,,
T1002267,terminal,Aerial Terminal,FDH105010,fdh,,,,,
T1002266,terminal,Aerial Terminal,FDH105010,fdh,,,,,
T1002272,terminal,Aerial Terminal,FDH105010,fdh,,,,,
T1002273,terminal,Aerial Terminal,FDH105010,fdh,,,,,
T1002268,terminal,Aerial Terminal,FDH105010,fdh,,,,,
T1002271,terminal,Aerial Terminal,FDH105010,fdh,,,,,
T1002280,terminal,Aerial Terminal,FDH105009,fdh,,,,,
T1002273,terminal,Aerial Terminal,FDH105010,fdh,,,,,
T1002280,terminal,Aerial Terminal,FDH105009,fdh,,,,,
T1002266,terminal,Aerial Terminal,FDH105010,fdh,,,,,
T1002270,terminal,Aerial Terminal,FDH105010,fdh,,,,,
T1002282,terminal,Aerial Terminal,FDH105009,fdh,,,,,
T1002265,terminal,Aerial Terminal,FDH105010,fdh,,,,,
T1002265,terminal,Aerial Terminal,FDH105010,fdh,,,,,
T1002397,terminal,Aerial Terminal,FDH105009,fdh,,,,,
T1002257,terminal,Aerial Terminal,FDH105010,fdh,,,,,
T1002272,terminal,Aerial Terminal,FDH105010,fdh,,,,,
T1002269,terminal,Aerial Terminal,FDH105010,fdh,,,,,
T1002258,terminal,Aerial Terminal,FDH105009,fdh,,,,,
T1002258,terminal,Aerial Terminal,FDH105009,fdh,,,,,
T1002258,terminal,Aerial Terminal,FDH105009,fdh,,,,,
T1002258,terminal,Aerial Terminal,FDH105009,fdh,,,,,
T1002283,terminal,MST,FDH105009,fdh,,,,,
T1002750,terminal,Aerial Terminal,FDH107002,fdh,,,,,
T1002750,terminal,Aerial Terminal,FDH107002,fdh,,,,,
T1002751,terminal,Aerial Terminal,FDH107002,fdh,,,,,
T1002751,terminal,Aerial Terminal,FDH107002,fdh,,,,,
T1002751,terminal,Aerial Terminal,FDH107002,fdh,,,,,
T1002751,terminal,Aerial Terminal,FDH107002,fdh,,,,,
T1002751,terminal,Aerial Terminal,FDH107002,fdh,,,,,
T1002752,terminal,Aerial Terminal,FDH107002,fdh,,,,,
T1002752,terminal,Aerial Terminal,FDH107002,fdh,,,,,
T1002752,terminal,Aerial Terminal,FDH107002,fdh,,,,,
T1002752,terminal,Aerial Terminal,FDH107002,fdh,,,,,
T1002753,terminal,Aerial Terminal,FDH107002,fdh,,,,,
T1002753,terminal,Aerial Terminal,FDH107002,fdh,,,,,
T1002753,terminal,Aerial Terminal,FDH107002,fdh,,,,,
T1002753,terminal,Aerial Terminal,FDH107002,fdh,,,,,
T1002753,terminal,Aerial Terminal,FDH107002,fdh,,,,,
T1002753,terminal,Aerial Terminal,FDH107002,fdh,,,,,
T1002753,terminal,Aerial Terminal,FDH107002,fdh,,,,,
T1002754,terminal,Aerial Terminal,FDH107002,fdh,,,,,
T1002754,terminal,Aerial Terminal,FDH107002,fdh,,,,,
T1002754,terminal,Aerial Terminal,FDH107002,fdh,,,,,
T1002755,terminal,Aerial Terminal,FDH107002,fdh,,,,,
T1002755,terminal,Aerial Terminal,FDH107002,fdh,,,,,
T1002755,terminal,Aerial Terminal,FDH107002,fdh,,,,,
T1002756,terminal,Aerial Terminal,FDH107002,fdh,,,,,
T1002756,terminal,Aerial Terminal,FDH107002,fdh,,,,,
T1002756,terminal,Aerial Terminal,FDH107002,fdh,,,,,
T1002796,terminal,MST,FDH107002,fdh,,,,,
T1002757,terminal,Aerial Terminal,FDH107002,fdh,,,,,
T1002757,terminal,Aerial Terminal,FDH107002,fdh,,,,,
T1002757,terminal,Aerial Terminal,FDH107002,fdh,,,,,
T1002750,terminal,Aerial Terminal,FDH107002,fdh,,,,,
T1002750,terminal,Aerial Terminal,FDH107002,fdh,,,,,
T1002750,terminal,Aerial Terminal,FDH107002,fdh,,,,,
T1002750,terminal,Aerial Terminal,FDH107002,fdh,,,,,
T1002775,terminal,Aerial Terminal,FDH107003,fdh,,,,,
T1002775,terminal,Aerial Terminal,FDH107003,fdh,,,,,
T1002775,terminal,Aerial Terminal,FDH107003,fdh,,,,,
T1002776,terminal,Aerial Terminal,FDH107003,fdh,,,,,
T1002776,terminal,Aerial Terminal,FDH107003,fdh,,,,,
T1002776,terminal,Aerial Terminal,FDH107003,fdh,,,,,
T1002776,terminal,Aerial Terminal,FDH107003,fdh,,,,,
T1002776,terminal,Aerial Terminal,FDH107003,fdh,,,,,
T1002777,terminal,Aerial Terminal,FDH107003,fdh,,,,,
T1002777,terminal,Aerial Terminal,FDH107003,fdh,,,,,
T1002777,terminal,Aerial Terminal,FDH107003,fdh,,,,,
T1002778,terminal,MST,FDH107003,fdh,,,,,
T1002779,terminal,Aerial Terminal,FDH107003,fdh,,,,,
T1002779,terminal,Aerial Terminal,FDH107003,fdh,,,,,
T1002780,terminal,Aerial Terminal,FDH107003,fdh,,,,,
T1002780,terminal,Aerial Terminal,FDH107003,fdh,,,,,
T1002781,terminal,MST,FDH107003,fdh,,,,,
T1002782,terminal,MST,FDH107003,fdh,,,,,
T1002782,terminal,MST,FDH107003,fdh,,,,,
T1002774,terminal,Aerial Terminal,FDH107003,fdh,,,,,
T1002774,terminal,Aerial Terminal,FDH107003,fdh,,,,,
T1002758,terminal,MST,FDH107002,fdh,,,,,
T1002783,terminal,Aerial Terminal,FDH107002,fdh,,,,,
T1002783,terminal,Aerial Terminal,FDH107002,fdh,,,,,
T1002783,terminal,Aerial Terminal,FDH107002,fdh,,,,,
T1002759,terminal,Aerial Terminal,FDH107002,fdh,,,,,
T1002771,terminal,Aerial Terminal,FDH107002,fdh,,,,,
T1002962,terminal,MST,FDH107002,fdh,,,,,
T1002771,terminal,Aerial Terminal,FDH107002,fdh,,,,,
T1002772,terminal,Aerial Terminal,FDH107003,fdh,,,,,
T1002773,terminal,Aerial Terminal,FDH107003,fdh,,,,,
T1002760,terminal,Aerial Terminal,FDH107002,fdh,,,,,
T1002760,terminal,Aerial Terminal,FDH107002,fdh,,,,,
T1002760,terminal,Aerial Terminal,FDH107002,fdh,,,,,
T1002770,terminal,Aerial Terminal,FDH107002,fdh,,,,,
T1002770,terminal,Aerial Terminal,FDH107002,fdh,,,,,
T1002769,terminal,Aerial Terminal,FDH107002,fdh,,,,,
T1002767,terminal,Aerial Terminal,FDH107002,fdh,,,,,
T1002768,terminal,Aerial Terminal,FDH107002,fdh,,,,,
T1002766,terminal,Aerial Terminal,FDH107002,fdh,,,,,
T1002766,terminal,Aerial Terminal,FDH107002,fdh,,,,,
T1002765,terminal,Aerial Terminal,FDH107002,fdh,,,,,
T1002764,terminal,Aerial Terminal,FDH107002,fdh,,,,,
T1002763,terminal,Aerial Terminal,FDH107002,fdh,,,,,
T1002763,terminal,Aerial Terminal,FDH107002,fdh,,,,,
T1002763,terminal,Aerial Terminal,FDH107002,fdh,,,,,
T1002762,terminal,Aerial Terminal,FDH107002,fdh,,,,,
T1002762,terminal,Aerial Terminal,FDH107002,fdh,,,,,
T1002761,terminal,Aerial Terminal,FDH107002,fdh,,,,,
T1002750,terminal,Aerial Terminal,FDH107002,fdh,,,,,
T1002799,terminal,Aerial Terminal,FDH107001,fdh,,,,,
T1002803,terminal,MST,FDH107001,fdh,,,,,
T1002802,terminal,Aerial Terminal,FDH107001,fdh,,,,,
T1002798,terminal,Aerial Terminal,FDH107001,fdh,,,,,
T1002792,terminal,MST,FDH107001,fdh,,,,,
T1002802,terminal,Aerial Terminal,FDH107001,fdh,,,,,
T1002802,terminal,Aerial Terminal,FDH107001,fdh,,,,,
T1002808,terminal,MST,FDH107001,fdh,,,,,
T1002804,terminal,MST,FDH107001,fdh,,,,,
T1002792,terminal,MST,FDH107001,fdh,,,,,
T1002804,terminal,MST,FDH107001,fdh,,,,,
T1002785,terminal,Aerial Terminal,FDH107001,fdh,,,,,
T1002792,terminal,MST,FDH107001,fdh,,,,,
T1002804,terminal,MST,FDH107001,fdh,,,,,
T1002794,terminal,MST,FDH107004,fdh,,,,,
T1002804,terminal,MST,FDH107001,fdh,,,,,
T1002792,terminal,MST,FDH107001,fdh,,,,,
T1002803,terminal,MST,FDH107001,fdh,,,,,
T1002811,terminal,Aerial Terminal,FDH107001,fdh,,,,,
T1002809,terminal,MST,FDH107001,fdh,,,,,
T1002793,terminal,MST,FDH107004,fdh,,,,,
T1002784,terminal,Aerial Terminal,FDH107004,fdh,,,,,
T1002784,terminal,Aerial Terminal,FDH107004,fdh,,,,,
T1002811,terminal,Aerial Terminal,FDH107001,fdh,,,,,
T1002811,terminal,Aerial Terminal,FDH107001,fdh,,,,,
T1002792,terminal,MST,FDH107001,fdh,,,,,
T1002789,terminal,Aerial Terminal,FDH107001,fdh,,,,,
T1002793,terminal,MST,FDH107004,fdh,,,,,
T1002792,terminal,MST,FDH107001,fdh,,,,,
T1002955,terminal,MST,FDH107004,fdh,,,,,
T1002789,terminal,Aerial Terminal,FDH107001,fdh,,,,,
T1002814,terminal,Aerial Terminal,FDH107001,fdh,,,,,
T1002795,terminal,Aerial Terminal,FDH107001,fdh,,,,,
T1002789,terminal,Aerial Terminal,FDH107001,fdh,,,,,
T1002789,terminal,Aerial Terminal,FDH107001,fdh,,,,,
T1002803,terminal,MST,FDH107001,fdh,,,,,
T1002788,terminal,MST,FDH107004,fdh,,,,,
T1002805,terminal,Aerial Terminal,FDH107001,fdh,,,,,
T1002805,terminal,Aerial Terminal,FDH107001,fdh,,,,,
T1002805,terminal,Aerial Terminal,FDH107001,fdh,,,,,
T1002805,terminal,Aerial Terminal,FDH107001,fdh,,,,,
T1002798,terminal,Aerial Terminal,FDH107001,fdh,,,,,
T1002798,terminal,Aerial Terminal,FDH107001,fdh,,,,,
T1002798,terminal,Aerial Terminal,FDH107001,fdh,,,,,
T1002798,terminal,Aerial Terminal,FDH107001,fdh,,,,,
T1002798,terminal,Aerial Terminal,FDH107001,fdh,,,,,
T1002798,terminal,Aerial Terminal,FDH107001,fdh,,,,,
T1002798,terminal,Aerial Terminal,FDH107001,fdh,,,,,
T1002798,terminal,Aerial Terminal,FDH107001,fdh,,,,,
T1002798,terminal,Aerial Terminal,FDH107001,fdh,,,,,
T1002813,terminal,Aerial Terminal,FDH107001,fdh,,,,,
T1002813,terminal,Aerial Terminal,FDH107001,fdh,,,,,
T1002813,terminal,Aerial Terminal,FDH107001,fdh,,,,,
T1002813,terminal,Aerial Terminal,FDH107001,fdh,,,,,
T1002803,terminal,MST,FDH107001,fdh,,,,,
T1002791,terminal,Aerial Terminal,FDH107001,fdh,,,,,
T1002791,terminal,Aerial Terminal,FDH107001,fdh,,,,,
T1002791,terminal,Aerial Terminal,FDH107001,fdh,,,,,
T1002797,terminal,Aerial Terminal,FDH107001,fdh,,,,,
T1002797,terminal,Aerial Terminal,FDH107001,fdh,,,,,
T1002797,terminal,Aerial Terminal,FDH107001,fdh,,,,,
T1002798,terminal,Aerial Terminal,FDH107001,fdh,,,,,
T1002810,terminal,Aerial Terminal,FDH107001,fdh,,,,,
T1002810,terminal,Aerial Terminal,FDH107001,fdh,,,,,
T1002810,terminal,Aerial Terminal,FDH107001,fdh,,,,,
T1002810,terminal,Aerial Terminal,FDH107001,fdh,,,,,
T1002795,terminal,Aerial Terminal,FDH107001,fdh,,,,,
T1002806,terminal,MST,FDH107001,fdh,,,,,
T1002795,terminal,Aerial Terminal,FDH107001,fdh,,,,,
T1002810,terminal,Aerial Terminal,FDH107001,fdh,,,,,
T1002795,terminal,Aerial Terminal,FDH107001,fdh,,,,,
T1002806,terminal,MST,FDH107001,fdh,,,,,
T1002788,terminal,MST,FDH107004,fdh,,,,,
T1002787,terminal,MST,FDH107004,fdh,,,,,
T1002800,terminal,Aerial Terminal,FDH107001,fdh,,,,,
T1002806,terminal,MST,FDH107001,fdh,,,,,
T1002800,terminal,Aerial Terminal,FDH107001,fdh,,,,,
T1002806,terminal,MST,FDH107001,fdh,,,,,
T1002807,terminal,MST,FDH107001,fdh,,,,,
T1002801,terminal,Aerial Terminal,FDH107001,fdh,,,,,
T1002801,terminal,Aerial Terminal,FDH107001,fdh,,,,,
T1002801,terminal,Aerial Terminal,FDH107001,fdh,,,,,
T1002802,terminal,Aerial Terminal,FDH107001,fdh,,,,,
T1002812,terminal,Aerial Terminal,FDH107001,fdh,,,,,
T1002812,terminal,Aerial Terminal,FDH107001,fdh,,,,,
T1002812,terminal,Aerial Terminal,FDH107001,fdh,,,,,
T1002812,terminal,Aerial Terminal,FDH107001,fdh,,,,,
T1002812,terminal,Aerial Terminal,FDH107001,fdh,,,,,
T1002812,terminal,Aerial Terminal,FDH107001,fdh,,,,,
T1002812,terminal,Aerial Terminal,FDH107001,fdh,,,,,
T1002812,terminal,Aerial Terminal,FDH107001,fdh,,,,,
T1002801,terminal,Aerial Terminal,FDH107001,fdh,,,,,
T1002801,terminal,Aerial Terminal,FDH107001,fdh,,,,,
T1002801,terminal,Aerial Terminal,FDH107001,fdh,,,,,
T1002801,terminal,Aerial Terminal,FDH107001,fdh,,,,,
T1002801,terminal,Aerial Terminal,FDH107001,fdh,,,,,
T1002801,terminal,Aerial Terminal,FDH107001,fdh,,,,,
T1002801,terminal,Aerial Terminal,FDH107001,fdh,,,,,
T1002807,terminal,MST,FDH107001,fdh,,,,,
T1002786,terminal,Aerial Terminal,FDH107001,fdh,,,,,
T1002786,terminal,Aerial Terminal,FDH107001,fdh,,,,,
T1002807,terminal,MST,FDH107001,fdh,,,,,
T1002803,terminal,MST,FDH107001,fdh,,,,,
T1002790,terminal,MST,FDH107001,fdh,,,,,
T1002807,terminal,MST,FDH107001,fdh,,,,,
T1002851,terminal,MST,FDH107001,fdh,,,,,
T1002787,terminal,MST,FDH107004,fdh,,,,,
T1002789,terminal,Aerial Terminal,FDH107001,fdh,,,,,
T1002790,terminal,MST,FDH107001,fdh,,,,,
T1002807,terminal,MST,FDH107001,fdh,,,,,
T1002794,terminal,MST,FDH107004,fdh,,,,,
T1002833,terminal,MST,FDH107003,fdh,,,,,
T1002833,terminal,MST,FDH107003,fdh,,,,,
T1002833,terminal,MST,FDH107003,fdh,,,,,
T1002827,terminal,Aerial Terminal,FDH107003,fdh,,,,,
T1002827,terminal,Aerial Terminal,FDH107003,fdh,,,,,
T1002826,terminal,Aerial Terminal,FDH107003,fdh,,,,,
T1002826,terminal,Aerial Terminal,FDH107003,fdh,,,,,
T1002825,terminal,Aerial Terminal,FDH107003,fdh,,,,,
T1002825,terminal,Aerial Terminal,FDH107003,fdh,,,,,
T1002832,terminal,Aerial Terminal,FDH107003,fdh,,,,,
T1002832,terminal,Aerial Terminal,FDH107003,fdh,,,,,
T1002832,terminal,Aerial Terminal,FDH107003,fdh,,,,,
T1002819,terminal,MST,FDH107003,fdh,,,,,
T1002819,terminal,MST,FDH107003,fdh,,,,,
T1002823,terminal,Aerial Terminal,FDH107003,fdh,,,,,
T1002823,terminal,Aerial Terminal,FDH107003,fdh,,,,,
T1002823,terminal,Aerial Terminal,FDH107003,fdh,,,,,
T1002823,terminal,Aerial Terminal,FDH107003,fdh,,,,,
T1002823,terminal,Aerial Terminal,FDH107003,fdh,,,,,
T1002822,terminal,Aerial Terminal,FDH107004,fdh,,,,,
T1002823,terminal,Aerial Terminal,FDH107003,fdh,,,,,
T1002823,terminal,Aerial Terminal,FDH107003,fdh,,,,,
T1002820,terminal,MST,FDH107003,fdh,,,,,
T1002821,terminal,MST,FDH107003,fdh,,,,,
T1002821,terminal,MST,FDH107003,fdh,,,,,
T1002838,terminal,MST,FDH107003,fdh,,,,,
T1002848,terminal,Aerial Terminal,FDH107003,fdh,,,,,
T1002828,terminal,MST,FDH107003,fdh,,,,,
T1002828,terminal,MST,FDH107003,fdh,,,,,
T1002828,terminal,MST,FDH107003,fdh,,,,,
T1002828,terminal,MST,FDH107003,fdh,,,,,
T1002837,terminal,MST,FDH107003,fdh,,,,,
T1002837,terminal,MST,FDH107003,fdh,,,,,
T1002823,terminal,Aerial Terminal,FDH107003,fdh,,,,,
T1002822,terminal,Aerial Terminal,FDH107004,fdh,,,,,
T1002822,terminal,Aerial Terminal,FDH107004,fdh,,,,,
T1002819,terminal,MST,FDH107003,fdh,,,,,
T1002819,terminal,MST,FDH107003,fdh,,,,,
T1002819,terminal,MST,FDH107003,fdh,,,,,
T1002819,terminal,MST,FDH107003,fdh,,,,,
T1002819,terminal,MST,FDH107003,fdh,,,,,
T1002819,terminal,MST,FDH107003,fdh,,,,,
T1002819,terminal,MST,FDH107003,fdh,,,,,
T1002819,terminal,MST,FDH107003,fdh,,,,,
T1002818,terminal,Aerial Terminal,FDH107003,fdh,,,,,
T1002818,terminal,Aerial Terminal,FDH107003,fdh,,,,,
T1002818,terminal,Aerial Terminal,FDH107003,fdh,,,,,
T1002817,terminal,Aerial Terminal,FDH107003,fdh,,,,,
T1002816,terminal,Aerial Terminal,FDH107003,fdh,,,,,
T1002816,terminal,Aerial Terminal,FDH107003,fdh,,,,,
T1002815,terminal,Aerial Terminal,FDH107003,fdh,,,,,
T1002847,terminal,Aerial Terminal,FDH107003,fdh,,,,,
T1002817,terminal,Aerial Terminal,FDH107003,fdh,,,,,
T1002829,terminal,MST,FDH107003,fdh,,,,,
T1002829,terminal,MST,FDH107003,fdh,,,,,
T1002829,terminal,MST,FDH107003,fdh,,,,,
T1002829,terminal,MST,FDH107003,fdh,,,,,
T1002829,terminal,MST,FDH107003,fdh,,,,,
T1002830,terminal,MST,FDH107003,fdh,,,,,
T1002830,terminal,MST,FDH107003,fdh,,,,,
T1002830,terminal,MST,FDH107003,fdh,,,,,
T1002830,terminal,MST,FDH107003,fdh,,,,,
T1002830,terminal,MST,FDH107003,fdh,,,,,
T1002830,terminal,MST,FDH107003,fdh,,,,,
T1002831,terminal,MST,FDH107003,fdh,,,,,
T1002831,terminal,MST,FDH107003,fdh,,,,,
T1002831,terminal,MST,FDH107003,fdh,,,,,
T1002824,terminal,Aerial Terminal,FDH107003,fdh,,,,,
T1002824,terminal,Aerial Terminal,FDH107003,fdh,,,,,
T1002844,terminal,Aerial Terminal,FDH107003,fdh,,,,,
T1002844,terminal,Aerial Terminal,FDH107003,fdh,,,,,
T1002845,terminal,Aerial Terminal,FDH107003,fdh,,,,,
T1002845,terminal,Aerial Terminal,FDH107003,fdh,,,,,
T1002845,terminal,Aerial Terminal,FDH107003,fdh,,,,,
T1002845,terminal,Aerial Terminal,FDH107003,fdh,,,,,
T1002845,terminal,Aerial Terminal,FDH107003,fdh,,,,,
T1002845,terminal,Aerial Terminal,FDH107003,fdh,,,,,
T1002958,terminal,MST,FDH107003,fdh,,,,,
T1002958,terminal,MST,FDH107003,fdh,,,,,
T1002958,terminal,MST,FDH107003,fdh,,,,,
T1002958,terminal,MST,FDH107003,fdh,,,,,
T1002846,terminal,MST,FDH107003,fdh,,,,,
T1002846,terminal,MST,FDH107003,fdh,,,,,
T1002846,terminal,MST,FDH107003,fdh,,,,,
T1002846,terminal,MST,FDH107003,fdh,,,,,
T1002846,terminal,MST,FDH107003,fdh,,,,,
T1002844,terminal,Aerial Terminal,FDH107003,fdh,,,,,
T1002841,terminal,Aerial Terminal,FDH107001,fdh,,,,,
T1002840,terminal,MST,FDH107001,fdh,,,,,
T1002840,terminal,MST,FDH107001,fdh,,,,,
T1002842,terminal,Aerial Terminal,FDH107001,fdh,,,,,
T1002953,terminal,Aerial Terminal,FDH107001,fdh,,,,,
T1002953,terminal,Aerial Terminal,FDH107001,fdh,,,,,
T1002839,terminal,MST,FDH107001,fdh,,,,,
T1002836,terminal,MST,FDH107003,fdh,,,,,
T1002835,terminal,MST,FDH107003,fdh,,,,,
T1002835,terminal,MST,FDH107003,fdh,,,,,
T1002849,terminal,MST,FDH107003,fdh,,,,,
T1002834,terminal,MST,FDH107003,fdh,,,,,
T1002843,terminal,MST,FDH107003,fdh,,,,,
T1002837,terminal,MST,FDH107003,fdh,,,,,
T1002958,terminal,MST,FDH107003,fdh,,,,,
T1002958,terminal,MST,FDH107003,fdh,,,,,
T1002850,terminal,MST,FDH107001,fdh,,,,,
T1002851,terminal,MST,FDH107001,fdh,,,,,
T1002764,terminal,Aerial Terminal,FDH107002,fdh,,,,,
T1002827,terminal,Aerial Terminal,FDH107003,fdh,,,,,
T1002764,terminal,Aerial Terminal,FDH107002,fdh,,,,,
T1002802,terminal,Aerial Terminal,FDH107001,fdh,,,,,
T1002800,terminal,Aerial Terminal,FDH107001,fdh,,,,,
T1002800,terminal,Aerial Terminal,FDH107001,fdh,,,,,
T1002793,terminal,MST,FDH107004,fdh,,,,,
T1002812,terminal,Aerial Terminal,FDH107001,fdh,,,,,
T1002955,terminal,MST,FDH107004,fdh,,,,,
T1002954,terminal,Aerial Terminal,FDH107001,fdh,,,,,
T1002875,terminal,Aerial Terminal,FDH107005,fdh,,,,,
T1002934,terminal,Aerial Terminal,FDH107005,fdh,,,,,
T1002863,terminal,MST,FDH107006,fdh,,,,,
T1002854,terminal,Aerial Terminal,FDH107005,fdh,,,,,
T1002854,terminal,Aerial Terminal,FDH107005,fdh,,,,,
T1002854,terminal,Aerial Terminal,FDH107005,fdh,,,,,
T1002864,terminal,Aerial Terminal,FDH107006,fdh,,,,,
T1002861,terminal,Aerial Terminal,FDH107005,fdh,,,,,
T1002861,terminal,Aerial Terminal,FDH107005,fdh,,,,,
T1002872,terminal,MST,FDH107005,fdh,,,,,
T1002876,terminal,Aerial Terminal,FDH107005,fdh,,,,,
T1002876,terminal,Aerial Terminal,FDH107005,fdh,,,,,
T1002950,terminal,MST,FDH107006,fdh,,,,,
T1002877,terminal,Aerial Terminal,FDH107006,fdh,,,,,
T1002878,terminal,Aerial Terminal,FDH107006,fdh,,,,,
T1002878,terminal,Aerial Terminal,FDH107006,fdh,,,,,
T1002879,terminal,Aerial Terminal,FDH107006,fdh,,,,,
T1002880,terminal,Aerial Terminal,FDH107004,fdh,,,,,
T1002878,terminal,Aerial Terminal,FDH107006,fdh,,,,,
T1002890,terminal,Aerial Terminal,FDH107004,fdh,,,,,
T1002895,terminal,Aerial Terminal,FDH107004,fdh,,,,,
T1002892,terminal,Aerial Terminal,FDH107004,fdh,,,,,
T1002892,terminal,Aerial Terminal,FDH107004,fdh,,,,,
T1002890,terminal,Aerial Terminal,FDH107004,fdh,,,,,
T1002890,terminal,Aerial Terminal,FDH107004,fdh,,,,,
T1002892,terminal,Aerial Terminal,FDH107004,fdh,,,,,
T1002891,terminal,Aerial Terminal,FDH107004,fdh,,,,,
T1002889,terminal,Aerial Terminal,FDH107004,fdh,,,,,
T1002893,terminal,MST,FDH107004,fdh,,,,,
T1002893,terminal,MST,FDH107004,fdh,,,,,
T1002894,terminal,MST,FDH107004,fdh,,,,,
T1002894,terminal,MST,FDH107004,fdh,,,,,
T1002887,terminal,Aerial Terminal,FDH107004,fdh,,,,,
T1002887,terminal,Aerial Terminal,FDH107004,fdh,,,,,
T1002887,terminal,Aerial Terminal,FDH107004,fdh,,,,,
T1002888,terminal,Aerial Terminal,FDH107004,fdh,,,,,
T1002887,terminal,Aerial Terminal,FDH107004,fdh,,,,,
T1002886,terminal,Aerial Terminal,FDH107004,fdh,,,,,
T1002885,terminal,Aerial Terminal,FDH107004,fdh,,,,,
T1002885,terminal,Aerial Terminal,FDH107004,fdh,,,,,
T1002883,terminal,Aerial Terminal,FDH107004,fdh,,,,,
T1002883,terminal,Aerial Terminal,FDH107004,fdh,,,,,
T1002883,terminal,Aerial Terminal,FDH107004,fdh,,,,,
T1002882,terminal,Aerial Terminal,FDH107004,fdh,,,,,
T1002882,terminal,Aerial Terminal,FDH107004,fdh,,,,,
T1002882,terminal,Aerial Terminal,FDH107004,fdh,,,,,
T1002882,terminal,Aerial Terminal,FDH107004,fdh,,,,,
T1002882,terminal,Aerial Terminal,FDH107004,fdh,,,,,
T1002951,terminal,Aerial Terminal,FDH107004,fdh,,,,,
T1002951,terminal,Aerial Terminal,FDH107004,fdh,,,,,
T1002951,terminal,Aerial Terminal,FDH107004,fdh,,,,,
T1002951,terminal,Aerial Terminal,FDH107004,fdh,,,,,
T1002881,terminal,Aerial Terminal,FDH107004,fdh,,,,,
T1002881,terminal,Aerial Terminal,FDH107004,fdh,,,,,
T1002881,terminal,Aerial Terminal,FDH107004,fdh,,,,,
T1002881,terminal,Aerial Terminal,FDH107004,fdh,,,,,
T1002951,terminal,Aerial Terminal,FDH107004,fdh,,,,,
T1002951,terminal,Aerial Terminal,FDH107004,fdh,,,,,
T1002884,terminal,Aerial Terminal,FDH107004,fdh,,,,,
T1002896,terminal,Aerial Terminal,FDH107004,fdh,,,,,
T1002893,terminal,MST,FDH107004,fdh,,,,,
T1002893,terminal,MST,FDH107004,fdh,,,,,
T1002893,terminal,MST,FDH107004,fdh,,,,,
T1002905,terminal,Aerial Terminal,FDH107005,fdh,,,,,
T1002963,terminal,MST,FDH107005,fdh,,,,,
T1002860,terminal,Aerial Terminal,FDH107005,fdh,,,,,
T1002857,terminal,MST,FDH107005,fdh,,,,,
T1002857,terminal,MST,FDH107005,fdh,,,,,
T1002853,terminal,MST,FDH107005,fdh,,,,,
T1002853,terminal,MST,FDH107005,fdh,,,,,
T1002862,terminal,MST,FDH107005,fdh,,,,,
T1002858,terminal,MST,FDH107005,fdh,,,,,
T1002871,terminal,MST,FDH107005,fdh,,,,,
T1002869,terminal,Aerial Terminal,FDH107005,fdh,,,,,
T1002857,terminal,MST,FDH107005,fdh,,,,,
T1002857,terminal,MST,FDH107005,fdh,,,,,
T1002853,terminal,MST,FDH107005,fdh,,,,,
T1002867,terminal,MST,FDH107005,fdh,,,,,
T1002859,terminal,MST,FDH107005,fdh,,,,,
T1002859,terminal,MST,FDH107005,fdh,,,,,
T1002852,terminal,MST,FDH107005,fdh,,,,,
T1002852,terminal,MST,FDH107005,fdh,,,,,
T1002852,terminal,MST,FDH107005,fdh,,,,,
T1002852,terminal,MST,FDH107005,fdh,,,,,
T1002860,terminal,Aerial Terminal,FDH107005,fdh,,,,,
T1002860,terminal,Aerial Terminal,FDH107005,fdh,,,,,
T1002902,terminal,Aerial Terminal,FDH107005,fdh,,,,,
T1002858,terminal,MST,FDH107005,fdh,,,,,
T1002858,terminal,MST,FDH107005,fdh,,,,,
T1002857,terminal,MST,FDH107005,fdh,,,,,
T1002866,terminal,Aerial Terminal,FDH107005,fdh,,,,,
T1002870,terminal,MST,FDH107005,fdh,,,,,
T1002865,terminal,Aerial Terminal,FDH107005,fdh,,,,,
T1002862,terminal,MST,FDH107005,fdh,,,,,
T1002862,terminal,MST,FDH107005,fdh,,,,,
T1002855,terminal,MST,FDH107005,fdh,,,,,
T1002855,terminal,MST,FDH107005,fdh,,,,,
T1002855,terminal,MST,FDH107005,fdh,,,,,
T1002855,terminal,MST,FDH107005,fdh,,,,,
T1002858,terminal,MST,FDH107005,fdh,,,,,
T1002853,terminal,MST,FDH107005,fdh,,,,,
T1002868,terminal,Aerial Terminal,FDH107005,fdh,,,,,
T1002952,terminal,Aerial Terminal,FDH107005,fdh,,,,,
T1002908,terminal,Aerial Terminal,FDH107005,fdh,,,,,
T1002868,terminal,Aerial Terminal,FDH107005,fdh,,,,,
T1002868,terminal,Aerial Terminal,FDH107005,fdh,,,,,
T1002897,terminal,Aerial Terminal,FDH107005,fdh,,,,,
T1002897,terminal,Aerial Terminal,FDH107005,fdh,,,,,
T1002898,terminal,Aerial Terminal,FDH107005,fdh,,,,,
T1002952,terminal,Aerial Terminal,FDH107005,fdh,,,,,
T1002909,terminal,MST,FDH107005,fdh,,,,,
T1002909,terminal,MST,FDH107005,fdh,,,,,
T1002899,terminal,Aerial Terminal,FDH107005,fdh,,,,,
T1002899,terminal,Aerial Terminal,FDH107005,fdh,,,,,
T1002899,terminal,Aerial Terminal,FDH107005,fdh,,,,,
T1002899,terminal,Aerial Terminal,FDH107005,fdh,,,,,
T1002901,terminal,Aerial Terminal,FDH107005,fdh,,,,,
T1002897,terminal,Aerial Terminal,FDH107005,fdh,,,,,
T1002907,terminal,Aerial Terminal,FDH107005,fdh,,,,,
T1002870,terminal,MST,FDH107005,fdh,,,,,
T1002870,terminal,MST,FDH107005,fdh,,,,,
T1002870,terminal,MST,FDH107005,fdh,,,,,
T1002908,terminal,Aerial Terminal,FDH107005,fdh,,,,,
T1002908,terminal,Aerial Terminal,FDH107005,fdh,,,,,
T1002871,terminal,MST,FDH107005,fdh,,,,,
T1002963,terminal,MST,FDH107005,fdh,,,,,
T1002900,terminal,Aerial Terminal,FDH107005,fdh,,,,,
T1002900,terminal,Aerial Terminal,FDH107005,fdh,,,,,
T1002861,terminal,Aerial Terminal,FDH107005,fdh,,,,,
T1002861,terminal,Aerial Terminal,FDH107005,fdh,,,,,
T1002869,terminal,Aerial Terminal,FDH107005,fdh,,,,,
T1002869,terminal,Aerial Terminal,FDH107005,fdh,,,,,
T1002865,terminal,Aerial Terminal,FDH107005,fdh,,,,,
T1002865,terminal,Aerial Terminal,FDH107005,fdh,,,,,
T1002865,terminal,Aerial Terminal,FDH107005,fdh,,,,,
T1002963,terminal,MST,FDH107005,fdh,,,,,
T1002860,terminal,Aerial Terminal,FDH107005,fdh,,,,,
T1002902,terminal,Aerial Terminal,FDH107005,fdh,,,,,
T1002902,terminal,Aerial Terminal,FDH107005,fdh,,,,,
T1002868,terminal,Aerial Terminal,FDH107005,fdh,,,,,
T1002868,terminal,Aerial Terminal,FDH107005,fdh,,,,,
T1002868,terminal,Aerial Terminal,FDH107005,fdh,,,,,
T1002872,terminal,MST,FDH107005,fdh,,,,,
T1002872,terminal,MST,FDH107005,fdh,,,,,
T1002872,terminal,MST,FDH107005,fdh,,,,,
T1002872,terminal,MST,FDH107005,fdh,,,,,
T1002903,terminal,Aerial Terminal,FDH107005,fdh,,,,,
T1002903,terminal,Aerial Terminal,FDH107005,fdh,,,,,
T1002903,terminal,Aerial Terminal,FDH107005,fdh,,,,,
T1002903,terminal,Aerial Terminal,FDH107005,fdh,,,,,
T1002904,terminal,Aerial Terminal,FDH107005,fdh,,,,,
T1002904,terminal,Aerial Terminal,FDH107005,fdh,,,,,
T1002904,terminal,Aerial Terminal,FDH107005,fdh,,,,,
T1002904,terminal,Aerial Terminal,FDH107005,fdh,,,,,
T1002904,terminal,Aerial Terminal,FDH107005,fdh,,,,,
T1002904,terminal,Aerial Terminal,FDH107005,fdh,,,,,
T1002904,terminal,Aerial Terminal,FDH107005,fdh,,,,,
T1002904,terminal,Aerial Terminal,FDH107005,fdh,,,,,
T1002905,terminal,Aerial Terminal,FDH107005,fdh,,,,,
T1002905,terminal,Aerial Terminal,FDH107005,fdh,,,,,
T1002905,terminal,Aerial Terminal,FDH107005,fdh,,,,,
T1002906,terminal,Aerial Terminal,FDH107005,fdh,,,,,
T1002853,terminal,MST,FDH107005,fdh,,,,,
T1002906,terminal,Aerial Terminal,FDH107005,fdh,,,,,
T1002872,terminal,MST,FDH107005,fdh,,,,,
T1002910,terminal,Aerial Terminal,FDH107006,fdh,,,,,
T1002910,terminal,Aerial Terminal,FDH107006,fdh,,,,,
T1002910,terminal,Aerial Terminal,FDH107006,fdh,,,,,
T1002914,terminal,Aerial Terminal,FDH107006,fdh,,,,,
T1002912,terminal,Aerial Terminal,FDH107006,fdh,,,,,
T1002914,terminal,Aerial Terminal,FDH107006,fdh,,,,,
T1002914,terminal,Aerial Terminal,FDH107006,fdh,,,,,
T1002914,terminal,Aerial Terminal,FDH107006,fdh,,,,,
T1002915,terminal,Aerial Terminal,FDH107006,fdh,,,,,
T1002915,terminal,Aerial Terminal,FDH107006,fdh,,,,,
T1002921,terminal,MST,FDH107006,fdh,,,,,
T1002921,terminal,MST,FDH107006,fdh,,,,,
T1002921,terminal,MST,FDH107006,fdh,,,,,
T1002921,terminal,MST,FDH107006,fdh,,,,,
T1002921,terminal,MST,FDH107006,fdh,,,,,
T1002863,terminal,MST,FDH107006,fdh,,,,,
T1002863,terminal,MST,FDH107006,fdh,,,,,
T1002926,terminal,Aerial Terminal,FDH107006,fdh,,,,,
T1002920,terminal,Aerial Terminal,FDH107006,fdh,,,,,
T1002920,terminal,Aerial Terminal,FDH107006,fdh,,,,,
T1002919,terminal,Aerial Terminal,FDH107006,fdh,,,,,
T1002919,terminal,Aerial Terminal,FDH107006,fdh,,,,,
T1002916,terminal,Aerial Terminal,FDH107006,fdh,,,,,
T1002916,terminal,Aerial Terminal,FDH107006,fdh,,,,,
T1002916,terminal,Aerial Terminal,FDH107006,fdh,,,,,
T1002916,terminal,Aerial Terminal,FDH107006,fdh,,,,,
T1002916,terminal,Aerial Terminal,FDH107006,fdh,,,,,
T1002917,terminal,Aerial Terminal,FDH107006,fdh,,,,,
T1002917,terminal,Aerial Terminal,FDH107006,fdh,,,,,
T1002925,terminal,MST,FDH107006,fdh,,,,,
T1002925,terminal,MST,FDH107006,fdh,,,,,
T1002924,terminal,MST,FDH107006,fdh,,,,,
T1002925,terminal,MST,FDH107006,fdh,,,,,
T1002925,terminal,MST,FDH107006,fdh,,,,,
T1002925,terminal,MST,FDH107006,fdh,,,,,
T1002916,terminal,Aerial Terminal,FDH107006,fdh,,,,,
T1002916,terminal,Aerial Terminal,FDH107006,fdh,,,,,
T1002918,terminal,Aerial Terminal,FDH107006,fdh,,,,,
T1002856,terminal,Aerial Terminal,FDH107006,fdh,,,,,
T1002856,terminal,Aerial Terminal,FDH107006,fdh,,,,,
T1002918,terminal,Aerial Terminal,FDH107006,fdh,,,,,
T1002917,terminal,Aerial Terminal,FDH107006,fdh,,,,,
T1002917,terminal,Aerial Terminal,FDH107006,fdh,,,,,
T1002917,terminal,Aerial Terminal,FDH107006,fdh,,,,,
T1002917,terminal,Aerial Terminal,FDH107006,fdh,,,,,
T1002917,terminal,Aerial Terminal,FDH107006,fdh,,,,,
T1002920,terminal,Aerial Terminal,FDH107006,fdh,,,,,
T1002920,terminal,Aerial Terminal,FDH107006,fdh,,,,,
T1002926,terminal,Aerial Terminal,FDH107006,fdh,,,,,
T1002874,terminal,Aerial Terminal,FDH107006,fdh,,,,,
T1002926,terminal,Aerial Terminal,FDH107006,fdh,,,,,
T1002926,terminal,Aerial Terminal,FDH107006,fdh,,,,,
T1002926,terminal,Aerial Terminal,FDH107006,fdh,,,,,
T1002915,terminal,Aerial Terminal,FDH107006,fdh,,,,,
T1002915,terminal,Aerial Terminal,FDH107006,fdh,,,,,
T1002915,terminal,Aerial Terminal,FDH107006,fdh,,,,,
T1002913,terminal,Aerial Terminal,FDH107006,fdh,,,,,
T1002913,terminal,Aerial Terminal,FDH107006,fdh,,,,,
T1002912,terminal,Aerial Terminal,FDH107006,fdh,,,,,
T1002912,terminal,Aerial Terminal,FDH107006,fdh,,,,,
T1002912,terminal,Aerial Terminal,FDH107006,fdh,,,,,
T1002912,terminal,Aerial Terminal,FDH107006,fdh,,,,,
T1002911,terminal,Aerial Terminal,FDH107006,fdh,,,,,
T1002864,terminal,Aerial Terminal,FDH107006,fdh,,,,,
T1002922,terminal,MST,FDH107006,fdh,,,,,
T1002922,terminal,MST,FDH107006,fdh,,,,,
T1002923,terminal,MST,FDH107006,fdh,,,,,
T1002923,terminal,MST,FDH107006,fdh,,,,,
T1002923,terminal,MST,FDH107006,fdh,,,,,
T1002923,terminal,MST,FDH107006,fdh,,,,,
T1002950,terminal,MST,FDH107006,fdh,,,,,
T1002950,terminal,MST,FDH107006,fdh,,,,,
T1002921,terminal,MST,FDH107006,fdh,,,,,
T1002863,terminal,MST,FDH107006,fdh,,,,,
T1002911,terminal,Aerial Terminal,FDH107006,fdh,,,,,
T1002873,terminal,Aerial Terminal,FDH107006,fdh,,,,,
T1002873,terminal,Aerial Terminal,FDH107006,fdh,,,,,
T1002874,terminal,Aerial Terminal,FDH107006,fdh,,,,,
T1002926,terminal,Aerial Terminal,FDH107006,fdh,,,,,
T1002922,terminal,MST,FDH107006,fdh,,,,,
T1002922,terminal,MST,FDH107006,fdh,,,,,
T1002922,terminal,MST,FDH107006,fdh,,,,,
T1002922,terminal,MST,FDH107006,fdh,,,,,
T1002922,terminal,MST,FDH107006,fdh,,,,,
T1002920,terminal,Aerial Terminal,FDH107006,fdh,,,,,
T1002920,terminal,Aerial Terminal,FDH107006,fdh,,,,,
T1002920,terminal,Aerial Terminal,FDH107006,fdh,,,,,
T1002920,terminal,Aerial Terminal,FDH107006,fdh,,,,,
T1002919,terminal,Aerial Terminal,FDH107006,fdh,,,,,
T1002919,terminal,Aerial Terminal,FDH107006,fdh,,,,,
T1002919,terminal,Aerial Terminal,FDH107006,fdh,,,,,
T1002919,terminal,Aerial Terminal,FDH107006,fdh,,,,,
T1002925,terminal,MST,FDH107006,fdh,,,,,
T1002925,terminal,MST,FDH107006,fdh,,,,,
T1002924,terminal,MST,FDH107006,fdh,,,,,
T1002918,terminal,Aerial Terminal,FDH107006,fdh,,,,,
T1002918,terminal,Aerial Terminal,FDH107006,fdh,,,,,
T1002918,terminal,Aerial Terminal,FDH107006,fdh,,,,,
T1002856,terminal,Aerial Terminal,FDH107006,fdh,,,,,
T1002856,terminal,Aerial Terminal,FDH107006,fdh,,,,,
T1002856,terminal,Aerial Terminal,FDH107006,fdh,,,,,
T1002924,terminal,MST,FDH107006,fdh,,,,,
T1002921,terminal,MST,FDH107006,fdh,,,,,
T1002924,terminal,MST,FDH107006,fdh,,,,,
T1002922,terminal,MST,FDH107006,fdh,,,,,
T1002920,terminal,Aerial Terminal,FDH107006,fdh,,,,,
T1002919,terminal,Aerial Terminal,FDH107006,fdh,,,,,
T1002917,terminal,Aerial Terminal,FDH107006,fdh,,,,,
T1002917,terminal,Aerial Terminal,FDH107006,fdh,,,,,
T1002924,terminal,MST,FDH107006,fdh,,,,,
T1002924,terminal,MST,FDH107006,fdh,,,,,
T1002917,terminal,Aerial Terminal,FDH107006,fdh,,,,,
T1002874,terminal,Aerial Terminal,FDH107006,fdh,,,,,
T1002911,terminal,Aerial Terminal,FDH107006,fdh,,,,,
T1002950,terminal,MST,FDH107006,fdh,,,,,
T1002917,terminal,Aerial Terminal,FDH107006,fdh,,,,,
T1002856,terminal,Aerial Terminal,FDH107006,fdh,,,,,
T1002924,terminal,MST,FDH107006,fdh,,,,,
T1002924,terminal,MST,FDH107006,fdh,,,,,
T1002937,terminal,Aerial Terminal,FDH107005,fdh,,,,,
T1002934,terminal,Aerial Terminal,FDH107005,fdh,,,,,
T1002875,terminal,Aerial Terminal,FDH107005,fdh,,,,,
T1002928,terminal,MST,FDH107006,fdh,,,,,
T1002932,terminal,Aerial Terminal,FDH107005,fdh,,,,,
T1002945,terminal,MST,FDH107006,fdh,,,,,
T1002945,terminal,MST,FDH107006,fdh,,,,,
T1002946,terminal,MST,FDH107005,fdh,,,,,
T1002948,terminal,Aerial Terminal,FDH107006,fdh,,,,,
T1002929,terminal,MST,FDH107006,fdh,,,,,
T1002929,terminal,MST,FDH107006,fdh,,,,,
T1002929,terminal,MST,FDH107006,fdh,,,,,
T1002929,terminal,MST,FDH107006,fdh,,,,,
T1002929,terminal,MST,FDH107006,fdh,,,,,
T1002929,terminal,MST,FDH107006,fdh,,,,,
T1002948,terminal,Aerial Terminal,FDH107006,fdh,,,,,
T1002948,terminal,Aerial Terminal,FDH107006,fdh,,,,,
T1002942,terminal,Aerial Terminal,FDH107006,fdh,,,,,
T1002942,terminal,Aerial Terminal,FDH107006,fdh,,,,,
T1002941,terminal,Aerial Terminal,FDH107006,fdh,,,,,
T1002941,terminal,Aerial Terminal,FDH107006,fdh,,,,,
T1002945,terminal,MST,FDH107006,fdh,,,,,
T1002927,terminal,Aerial Terminal,FDH107005,fdh,,,,,
T1002927,terminal,Aerial Terminal,FDH107005,fdh,,,,,
T1002927,terminal,Aerial Terminal,FDH107005,fdh,,,,,
T1002931,terminal,Aerial Terminal,FDH107005,fdh,,,,,
T1002931,terminal,Aerial Terminal,FDH107005,fdh,,,,,
T1002930,terminal,Aerial Terminal,FDH107005,fdh,,,,,
T1002930,terminal,Aerial Terminal,FDH107005,fdh,,,,,
T1002930,terminal,Aerial Terminal,FDH107005,fdh,,,,,
T1002930,terminal,Aerial Terminal,FDH107005,fdh,,,,,
T1002930,terminal,Aerial Terminal,FDH107005,fdh,,,,,
T1002854,terminal,Aerial Terminal,FDH107005,fdh,,,,,
T1002854,terminal,Aerial Terminal,FDH107005,fdh,,,,,
T1002935,terminal,Aerial Terminal,FDH107005,fdh,,,,,
T1002935,terminal,Aerial Terminal,FDH107005,fdh,,,,,
T1002936,terminal,Aerial Terminal,FDH107005,fdh,,,,,
T1002936,terminal,Aerial Terminal,FDH107005,fdh,,,,,
T1002936,terminal,Aerial Terminal,FDH107005,fdh,,,,,
T1002937,terminal,Aerial Terminal,FDH107005,fdh,,,,,
T1002934,terminal,Aerial Terminal,FDH107005,fdh,,,,,
T1002933,terminal,Aerial Terminal,FDH107005,fdh,,,,,
T1002933,terminal,Aerial Terminal,FDH107005,fdh,,,,,
T1002933,terminal,Aerial Terminal,FDH107005,fdh,,,,,
T1002933,terminal,Aerial Terminal,FDH107005,fdh,,,,,
T1002934,terminal,Aerial Terminal,FDH107005,fdh,,,,,
T1002932,terminal,Aerial Terminal,FDH107005,fdh,,,,,
T1002933,terminal,Aerial Terminal,FDH107005,fdh,,,,,
T1002932,terminal,Aerial Terminal,FDH107005,fdh,,,,,
T1002940,terminal,Aerial Terminal,FDH107006,fdh,,,,,
T1002939,terminal,Aerial Terminal,FDH107006,fdh,,,,,
T1002945,terminal,MST,FDH107006,fdh,,,,,
T1002945,terminal,MST,FDH107006,fdh,,,,,
T1002938,terminal,Aerial Terminal,FDH107006,fdh,,,,,
T1002938,terminal,Aerial Terminal,FDH107006,fdh,,,,,
T1002947,terminal,Aerial Terminal,FDH107006,fdh,,,,,
T1002944,terminal,Aerial Terminal,FDH107006,fdh,,,,,
T1002930,terminal,Aerial Terminal,FDH107005,fdh,,,,,
T1002944,terminal,Aerial Terminal,FDH107006,fdh,,,,,
T1002938,terminal,Aerial Terminal,FDH107006,fdh,,,,,
T1002943,terminal,Aerial Terminal,FDH107006,fdh,,,,,
T1002943,terminal,Aerial Terminal,FDH107006,fdh,,,,,
T1002928,terminal,MST,FDH107006,fdh,,,,,
T1002938,terminal,Aerial Terminal,FDH107006,fdh,,,,,
T1002949,terminal,MST,FDH107005,fdh,,,,,
T1002949,terminal,MST,FDH107005,fdh,,,,,
T1002945,terminal,MST,FDH107006,fdh,,,,,
T1002909,terminal,MST,FDH107005,fdh,,,,,
T1002956,terminal,MST,FDH107003,fdh,,,,,
T1002956,terminal,MST,FDH107003,fdh,,,,,
T1002957,terminal,MST,FDH107006,fdh,,,,,
T1002871,terminal,MST,FDH107005,fdh,,,,,
T1002959,terminal,Aerial Terminal,FDH107006,fdh,,,,,
T1002890,terminal,Aerial Terminal,FDH107004,fdh,,,,,
T1002849,terminal,MST,FDH107003,fdh,,,,,
T1002960,terminal,Aerial Terminal,FDH107002,fdh,,,,,
T1002960,terminal,Aerial Terminal,FDH107002,fdh,,,,,
T1002961,terminal,Aerial Terminal,FDH107002,fdh,,,,,
T1002889,terminal,Aerial Terminal,FDH107004,fdh,,,,,
T1002891,terminal,Aerial Terminal,FDH107004,fdh,,,,,
T1001909,terminal,Aerial Terminal,FDH104015,fdh,,,,,
T1001907,terminal,MST,FDH104017,fdh,,,,,
T1001904,terminal,Aerial Terminal,FDH104015,fdh,,,,,
T1001903,terminal,MST,FDH104015,fdh,,,,,
T1001903,terminal,MST,FDH104015,fdh,,,,,
T1001903,terminal,MST,FDH104015,fdh,,,,,
T1001903,terminal,MST,FDH104015,fdh,,,,,
T1001903,terminal,MST,FDH104015,fdh,,,,,
T1001903,terminal,MST,FDH104015,fdh,,,,,
T1001903,terminal,MST,FDH104015,fdh,,,,,
T1001903,terminal,MST,FDH104015,fdh,,,,,
T1001903,terminal,MST,FDH104015,fdh,,,,,
T1001902,terminal,Aerial Terminal,FDH104015,fdh,,,,,
T1001902,terminal,Aerial Terminal,FDH104015,fdh,,,,,
T1001900,terminal,Aerial Terminal,FDH104015,fdh,,,,,
T1001899,terminal,Aerial Terminal,FDH104017,fdh,,,,,
T1001898,terminal,MST,FDH104014,fdh,,,,,
T1001893,terminal,Aerial Terminal,FDH104015,fdh,,,,,
T1001892,terminal,MST,FDH104015,fdh,,,,,
T1001892,terminal,MST,FDH104015,fdh,,,,,
T1001891,terminal,Aerial Terminal,FDH104016,fdh,,,,,
T1001891,terminal,Aerial Terminal,FDH104016,fdh,,,,,
T1001891,terminal,Aerial Terminal,FDH104016,fdh,,,,,
T1001891,terminal,Aerial Terminal,FDH104016,fdh,,,,,
T1001891,terminal,Aerial Terminal,FDH104016,fdh,,,,,
T1001891,terminal,Aerial Terminal,FDH104016,fdh,,,,,
T1001891,terminal,Aerial Terminal,FDH104016,fdh,,,,,
T1001813,terminal,Aerial Terminal,FDH104016,fdh,,,,,
T1001886,terminal,Aerial Terminal,FDH104015,fdh,,,,,
T1001886,terminal,Aerial Terminal,FDH104015,fdh,,,,,
T1001885,terminal,MST,FDH104015,fdh,,,,,
T1001885,terminal,MST,FDH104015,fdh,,,,,
T1001885,terminal,MST,FDH104015,fdh,,,,,
T1001885,terminal,MST,FDH104015,fdh,,,,,
T1001885,terminal,MST,FDH104015,fdh,,,,,
T1001885,terminal,MST,FDH104015,fdh,,,,,
T1001881,terminal,MST,FDH104017,fdh,,,,,
T1001881,terminal,MST,FDH104017,fdh,,,,,
T1001880,terminal,MST,FDH104015,fdh,,,,,
T1001876,terminal,MST,FDH104015,fdh,,,,,
T1001876,terminal,MST,FDH104015,fdh,,,,,
T1001876,terminal,MST,FDH104015,fdh,,,,,
T1001876,terminal,MST,FDH104015,fdh,,,,,
T1001875,terminal,MST,FDH104015,fdh,,,,,
T1001875,terminal,MST,FDH104015,fdh,,,,,
T1001866,terminal,MST,FDH104015,fdh,,,,,
T1001865,terminal,MST,FDH104012,fdh,,,,,
T1001865,terminal,MST,FDH104012,fdh,,,,,
T1001865,terminal,MST,FDH104012,fdh,,,,,
T1001865,terminal,MST,FDH104012,fdh,,,,,
T1001864,terminal,Aerial Terminal,FDH104017,fdh,,,,,
T1001844,terminal,Aerial Terminal,FDH104015,fdh,,,,,
T1001843,terminal,Aerial Terminal,FDH104017,fdh,,,,,
T1001842,terminal,Aerial Terminal,FDH104015,fdh,,,,,
T1001842,terminal,Aerial Terminal,FDH104015,fdh,,,,,
T1001841,terminal,Aerial Terminal,FDH104017,fdh,,,,,
T1001840,terminal,Aerial Terminal,FDH104017,fdh,,,,,
T1001822,terminal,MST,FDH104014,fdh,,,,,
T1001821,terminal,Aerial Terminal,FDH104016,fdh,,,,,
T1001820,terminal,Aerial Terminal,FDH104017,fdh,,,,,
T1001817,terminal,Aerial Terminal,FDH104015,fdh,,,,,
T1001816,terminal,Aerial Terminal,FDH104016,fdh,,,,,
T1001816,terminal,Aerial Terminal,FDH104016,fdh,,,,,
T1001816,terminal,Aerial Terminal,FDH104016,fdh,,,,,
T1001816,terminal,Aerial Terminal,FDH104016,fdh,,,,,
T1001816,terminal,Aerial Terminal,FDH104016,fdh,,,,,
T1001816,terminal,Aerial Terminal,FDH104016,fdh,,,,,
T1001816,terminal,Aerial Terminal,FDH104016,fdh,,,,,
T1001816,terminal,Aerial Terminal,FDH104016,fdh,,,,,
T1001816,terminal,Aerial Terminal,FDH104016,fdh,,,,,
T1001816,terminal,Aerial Terminal,FDH104016,fdh,,,,,
T1001816,terminal,Aerial Terminal,FDH104016,fdh,,,,,
T1001815,terminal,Aerial Terminal,FDH104016,fdh,,,,,
T1001815,terminal,Aerial Terminal,FDH104016,fdh,,,,,
T1001815,terminal,Aerial Terminal,FDH104016,fdh,,,,,
T1001815,terminal,Aerial Terminal,FDH104016,fdh,,,,,
T1001815,terminal,Aerial Terminal,FDH104016,fdh,,,,,
T1001815,terminal,Aerial Terminal,FDH104016,fdh,,,,,
T1001815,terminal,Aerial Terminal,FDH104016,fdh,,,,,
T1001815,terminal,Aerial Terminal,FDH104016,fdh,,,,,
T1001815,terminal,Aerial Terminal,FDH104016,fdh,,,,,
T1001815,terminal,Aerial Terminal,FDH104016,fdh,,,,,
T1001815,terminal,Aerial Terminal,FDH104016,fdh,,,,,
T1001814,terminal,Aerial Terminal,FDH104016,fdh,,,,,
T1001814,terminal,Aerial Terminal,FDH104016,fdh,,,,,
T1001814,terminal,Aerial Terminal,FDH104016,fdh,,,,,
T1001814,terminal,Aerial Terminal,FDH104016,fdh,,,,,
T1001814,terminal,Aerial Terminal,FDH104016,fdh,,,,,
T1001814,terminal,Aerial Terminal,FDH104016,fdh,,,,,
T1001814,terminal,Aerial Terminal,FDH104016,fdh,,,,,
T1001814,terminal,Aerial Terminal,FDH104016,fdh,,,,,
T1001814,terminal,Aerial Terminal,FDH104016,fdh,,,,,
T1001814,terminal,Aerial Terminal,FDH104016,fdh,,,,,
T1001814,terminal,Aerial Terminal,FDH104016,fdh,,,,,
T1001813,terminal,Aerial Terminal,FDH104016,fdh,,,,,
T1001813,terminal,Aerial Terminal,FDH104016,fdh,,,,,
T1001813,terminal,Aerial Terminal,FDH104016,fdh,,,,,
T1001813,terminal,Aerial Terminal,FDH104016,fdh,,,,,
T1001813,terminal,Aerial Terminal,FDH104016,fdh,,,,,
T1001813,terminal,Aerial Terminal,FDH104016,fdh,,,,,
T1001813,terminal,Aerial Terminal,FDH104016,fdh,,,,,
T1001813,terminal,Aerial Terminal,FDH104016,fdh,,,,,
T1001813,terminal,Aerial Terminal,FDH104016,fdh,,,,,
T1001813,terminal,Aerial Terminal,FDH104016,fdh,,,,,
T1001810,terminal,Aerial Terminal,FDH104016,fdh,,,,,
T1001803,terminal,MST,FDH104014,fdh,,,,,
T1001801,terminal,Aerial Terminal,FDH104017,fdh,,,,,
T1001793,terminal,Aerial Terminal,FDH104017,fdh,,,,,
T1001769,terminal,Aerial Terminal,FDH104011,fdh,,,,,
T1001769,terminal,Aerial Terminal,FDH104011,fdh,,,,,
T1001769,terminal,Aerial Terminal,FDH104011,fdh,,,,,
T1001784,terminal,Aerial Terminal,FDH104015,fdh,,,,,
T1001783,terminal,MST,FDH104017,fdh,,,,,
T1001781,terminal,Aerial Terminal,FDH104013,fdh,,,,,
T1001780,terminal,Aerial Terminal,FDH104011,fdh,,,,,
T1001780,terminal,Aerial Terminal,FDH104011,fdh,,,,,
T1001780,terminal,Aerial Terminal,FDH104011,fdh,,,,,
T1001780,terminal,Aerial Terminal,FDH104011,fdh,,,,,
T1001780,terminal,Aerial Terminal,FDH104011,fdh,,,,,
T1001780,terminal,Aerial Terminal,FDH104011,fdh,,,,,
T1001780,terminal,Aerial Terminal,FDH104011,fdh,,,,,
T1001780,terminal,Aerial Terminal,FDH104011,fdh,,,,,
T1001780,terminal,Aerial Terminal,FDH104011,fdh,,,,,
T1001780,terminal,Aerial Terminal,FDH104011,fdh,,,,,
T1001779,terminal,Aerial Terminal,FDH104011,fdh,,,,,
T1001779,terminal,Aerial Terminal,FDH104011,fdh,,,,,
T1001779,terminal,Aerial Terminal,FDH104011,fdh,,,,,
T1001779,terminal,Aerial Terminal,FDH104011,fdh,,,,,
T1001778,terminal,Aerial Terminal,FDH104011,fdh,,,,,
T1001778,terminal,Aerial Terminal,FDH104011,fdh,,,,,
T1001777,terminal,MST,FDH104013,fdh,,,,,
T1001777,terminal,MST,FDH104013,fdh,,,,,
T1001777,terminal,MST,FDH104013,fdh,,,,,
T1001775,terminal,Aerial Terminal,FDH104014,fdh,,,,,
T1001775,terminal,Aerial Terminal,FDH104014,fdh,,,,,
T1001773,terminal,Aerial Terminal,FDH104012,fdh,,,,,
T1001773,terminal,Aerial Terminal,FDH104012,fdh,,,,,
T1001771,terminal,MST,FDH104010,fdh,,,,,
T1001770,terminal,MST,FDH104010,fdh,,,,,
T1001770,terminal,MST,FDH104010,fdh,,,,,
T1001766,terminal,MST,FDH104011,fdh,,,,,
T1001764,terminal,Aerial Terminal,FDH104011,fdh,,,,,
T1001762,terminal,MST,FDH104011,fdh,,,,,
T1001759,terminal,Aerial Terminal,FDH104012,fdh,,,,,
T1001757,terminal,MST,FDH104013,fdh,,,,,
T1001757,terminal,MST,FDH104013,fdh,,,,,
T1001757,terminal,MST,FDH104013,fdh,,,,,
T1001754,terminal,Aerial Terminal,FDH104013,fdh,,,,,
T1001754,terminal,Aerial Terminal,FDH104013,fdh,,,,,
T1001746,terminal,Aerial Terminal,FDH104012,fdh,,,,,
T1001745,terminal,Aerial Terminal,FDH104012,fdh,,,,,
T1001744,terminal,Aerial Terminal,FDH104012,fdh,,,,,
T1001741,terminal,MST,FDH104012,fdh,,,,,
T1001736,terminal,Aerial Terminal,FDH104010,fdh,,,,,
T1001732,terminal,Aerial Terminal,FDH104010,fdh,,,,,
T1001728,terminal,MST,FDH104010,fdh,,,,,
T1001723,terminal,Aerial Terminal,FDH104010,fdh,,,,,
T1001721,terminal,MST,FDH104010,fdh,,,,,
T1001716,terminal,MST,FDH104012,fdh,,,,,
T1001710,terminal,MST,FDH104011,fdh,,,,,
T1001709,terminal,Aerial Terminal,FDH104011,fdh,,,,,
T1001709,terminal,Aerial Terminal,FDH104011,fdh,,,,,
T1001709,terminal,Aerial Terminal,FDH104011,fdh,,,,,
T1001709,terminal,Aerial Terminal,FDH104011,fdh,,,,,
T1001709,terminal,Aerial Terminal,FDH104011,fdh,,,,,
T1001708,terminal,Aerial Terminal,FDH104012,fdh,,,,,
T1001705,terminal,Aerial Terminal,FDH104013,fdh,,,,,
T1001704,terminal,Aerial Terminal,FDH104012,fdh,,,,,
T1001700,terminal,Aerial Terminal,FDH104010,fdh,,,,,
T1001698,terminal,MST,FDH104010,fdh,,,,,
T1001698,terminal,MST,FDH104010,fdh,,,,,
T1001696,terminal,MST,FDH104010,fdh,,,,,
T1001696,terminal,MST,FDH104010,fdh,,,,,
T1001696,terminal,MST,FDH104010,fdh,,,,,
T1001696,terminal,MST,FDH104010,fdh,,,,,
T1001694,terminal,Aerial Terminal,FDH104013,fdh,,,,,
T1001694,terminal,Aerial Terminal,FDH104013,fdh,,,,,
T1001692,terminal,Aerial Terminal,FDH104013,fdh,,,,,
T1001691,terminal,MST,FDH104013,fdh,,,,,
T1001691,terminal,MST,FDH104013,fdh,,,,,
T1001691,terminal,MST,FDH104013,fdh,,,,,
T1001690,terminal,Aerial Terminal,FDH104014,fdh,,,,,
T1001683,terminal,MST,FDH104006,fdh,,,,,
T1001683,terminal,MST,FDH104006,fdh,,,,,
T1001616,terminal,Aerial Terminal,FDH104008,fdh,,,,,
T1001668,terminal,Aerial Terminal,FDH104006,fdh,,,,,
T1001655,terminal,Aerial Terminal,FDH104007,fdh,,,,,
T1001654,terminal,Aerial Terminal,FDH104007,fdh,,,,,
T1001647,terminal,Aerial Terminal,FDH104009,fdh,,,,,
T1001645,terminal,MST,FDH104009,fdh,,,,,
T1001644,terminal,Aerial Terminal,FDH104009,fdh,,,,,
T1001639,terminal,Aerial Terminal,FDH104006,fdh,,,,,
T1001628,terminal,MST,FDH104007,fdh,,,,,
T1001628,terminal,MST,FDH104007,fdh,,,,,
T1001628,terminal,MST,FDH104007,fdh,,,,,
T1001628,terminal,MST,FDH104007,fdh,,,,,
T1001628,terminal,MST,FDH104007,fdh,,,,,
T1001628,terminal,MST,FDH104007,fdh,,,,,
T1001628,terminal,MST,FDH104007,fdh,,,,,
T1001623,terminal,Aerial Terminal,FDH104008,fdh,,,,,
T1001618,terminal,Aerial Terminal,FDH104008,fdh,,,,,
T1001618,terminal,Aerial Terminal,FDH104008,fdh,,,,,
T1001618,terminal,Aerial Terminal,FDH104008,fdh,,,,,
T1001618,terminal,Aerial Terminal,FDH104008,fdh,,,,,
T1001618,terminal,Aerial Terminal,FDH104008,fdh,,,,,
T1001618,terminal,Aerial Terminal,FDH104008,fdh,,,,,
T1001618,terminal,Aerial Terminal,FDH104008,fdh,,,,,
T1001617,terminal,Aerial Terminal,FDH104006,fdh,,,,,
T1001616,terminal,Aerial Terminal,FDH104008,fdh,,,,,
T1001616,terminal,Aerial Terminal,FDH104008,fdh,,,,,
T1001615,terminal,MST,FDH104008,fdh,,,,,
T1001615,terminal,MST,FDH104008,fdh,,,,,
T1001615,terminal,MST,FDH104008,fdh,,,,,
T1001615,terminal,MST,FDH104008,fdh,,,,,
T1001615,terminal,MST,FDH104008,fdh,,,,,
T1001615,terminal,MST,FDH104008,fdh,,,,,
T1001615,terminal,MST,FDH104008,fdh,,,,,
T1001615,terminal,MST,FDH104008,fdh,,,,,
T1001615,terminal,MST,FDH104008,fdh,,,,,
T1001614,terminal,MST,FDH104006,fdh,,,,,
T1001614,terminal,MST,FDH104006,fdh,,,,,
T1001614,terminal,MST,FDH104006,fdh,,,,,
T1001614,terminal,MST,FDH104006,fdh,,,,,
T1001614,terminal,MST,FDH104006,fdh,,,,,
T1001614,terminal,MST,FDH104006,fdh,,,,,
T1001614,terminal,MST,FDH104006,fdh,,,,,
T1001614,terminal,MST,FDH104006,fdh,,,,,
T1001614,terminal,MST,FDH104006,fdh,,,,,
T1001614,terminal,MST,FDH104006,fdh,,,,,
T1001613,terminal,MST,FDH104006,fdh,,,,,
T1001613,terminal,MST,FDH104006,fdh,,,,,
T1001613,terminal,MST,FDH104006,fdh,,,,,
T1001613,terminal,MST,FDH104006,fdh,,,,,
T1001613,terminal,MST,FDH104006,fdh,,,,,
T1001612,terminal,Aerial Terminal,FDH104009,fdh,,,,,
T1001612,terminal,Aerial Terminal,FDH104009,fdh,,,,,
T1001625,terminal,Aerial Terminal,FDH104009,fdh,,,,,
T1001612,terminal,Aerial Terminal,FDH104009,fdh,,,,,
T1001611,terminal,Aerial Terminal,FDH104009,fdh,,,,,
T1001610,terminal,Aerial Terminal,FDH104009,fdh,,,,,
T1001610,terminal,Aerial Terminal,FDH104009,fdh,,,,,
T1001609,terminal,Aerial Terminal,FDH104009,fdh,,,,,
T1001609,terminal,Aerial Terminal,FDH104009,fdh,,,,,
T1001609,terminal,Aerial Terminal,FDH104009,fdh,,,,,
T1001609,terminal,Aerial Terminal,FDH104009,fdh,,,,,
T1001609,terminal,Aerial Terminal,FDH104009,fdh,,,,,
T1001608,terminal,Aerial Terminal,FDH104008,fdh,,,,,
T1001608,terminal,Aerial Terminal,FDH104008,fdh,,,,,
T1001608,terminal,Aerial Terminal,FDH104008,fdh,,,,,
T1001608,terminal,Aerial Terminal,FDH104008,fdh,,,,,
T1001607,terminal,Aerial Terminal,FDH104008,fdh,,,,,
T1001607,terminal,Aerial Terminal,FDH104008,fdh,,,,,
T1001607,terminal,Aerial Terminal,FDH104008,fdh,,,,,
T1001607,terminal,Aerial Terminal,FDH104008,fdh,,,,,
T1001607,terminal,Aerial Terminal,FDH104008,fdh,,,,,
T1001607,terminal,Aerial Terminal,FDH104008,fdh,,,,,
T1001576,terminal,MST,FDH104003,fdh,,,,,
T1001606,terminal,MST,FDH104003,fdh,,,,,
T1001606,terminal,MST,FDH104003,fdh,,,,,
T1001606,terminal,MST,FDH104003,fdh,,,,,
T1001606,terminal,MST,FDH104003,fdh,,,,,
T1001606,terminal,MST,FDH104003,fdh,,,,,
T1001606,terminal,MST,FDH104003,fdh,,,,,
T1001606,terminal,MST,FDH104003,fdh,,,,,
T1001606,terminal,MST,FDH104003,fdh,,,,,
T1001606,terminal,MST,FDH104003,fdh,,,,,
T1001606,terminal,MST,FDH104003,fdh,,,,,
T1001576,terminal,MST,FDH104003,fdh,,,,,
T1001603,terminal,MST,FDH104003,fdh,,,,,
T1001603,terminal,MST,FDH104003,fdh,,,,,
T1001588,terminal,MST,FDH104003,fdh,,,,,
T1001603,terminal,MST,FDH104003,fdh,,,,,
T1001603,terminal,MST,FDH104003,fdh,,,,,
T1001603,terminal,MST,FDH104003,fdh,,,,,
T1001603,terminal,MST,FDH104003,fdh,,,,,
T1001603,terminal,MST,FDH104003,fdh,,,,,
T1001603,terminal,MST,FDH104003,fdh,,,,,
T1001603,terminal,MST,FDH104003,fdh,,,,,
T1001603,terminal,MST,FDH104003,fdh,,,,,
T1001602,terminal,MST,FDH104002,fdh,,,,,
T1001602,terminal,MST,FDH104002,fdh,,,,,
T1001602,terminal,MST,FDH104002,fdh,,,,,
T1001602,terminal,MST,FDH104002,fdh,,,,,
T1001602,terminal,MST,FDH104002,fdh,,,,,
T1001602,terminal,MST,FDH104002,fdh,,,,,
T1001602,terminal,MST,FDH104002,fdh,,,,,
T1001602,terminal,MST,FDH104002,fdh,,,,,
T1001601,terminal,Aerial Terminal,FDH104017,fdh,,,,,
T1001600,terminal,Aerial Terminal,FDH104004,fdh,,,,,
T1001600,terminal,Aerial Terminal,FDH104004,fdh,,,,,
T1001597,terminal,MST,FDH104004,fdh,,,,,
T1001592,terminal,MST,FDH104005,fdh,,,,,
T1001591,terminal,Aerial Terminal,FDH104005,fdh,,,,,
T1001591,terminal,Aerial Terminal,FDH104005,fdh,,,,,
T1001577,terminal,MST,FDH104001,fdh,,,,,
T1001577,terminal,MST,FDH104001,fdh,,,,,
T1001577,terminal,MST,FDH104001,fdh,,,,,
T1001591,terminal,Aerial Terminal,FDH104005,fdh,,,,,
T1001591,terminal,Aerial Terminal,FDH104005,fdh,,,,,
T1001591,terminal,Aerial Terminal,FDH104005,fdh,,,,,
T1001591,terminal,Aerial Terminal,FDH104005,fdh,,,,,
T1001575,terminal,MST,FDH104004,fdh,,,,,
T1001574,terminal,Aerial Terminal,FDH104004,fdh,,,,,
T1001574,terminal,Aerial Terminal,FDH104004,fdh,,,,,
T1001574,terminal,Aerial Terminal,FDH104004,fdh,,,,,
T1001573,terminal,MST,FDH104001,fdh,,,,,
T1001572,terminal,Aerial Terminal,FDH104001,fdh,,,,,
T1001570,terminal,Aerial Terminal,FDH104005,fdh,,,,,
T1001568,terminal,Aerial Terminal,FDH104004,fdh,,,,,
T1001567,terminal,Aerial Terminal,FDH104004,fdh,,,,,
T1001567,terminal,Aerial Terminal,FDH104004,fdh,,,,,
T1001567,terminal,Aerial Terminal,FDH104004,fdh,,,,,
T1001567,terminal,Aerial Terminal,FDH104004,fdh,,,,,
T1001560,terminal,Aerial Terminal,FDH104002,fdh,,,,,
T1001560,terminal,Aerial Terminal,FDH104002,fdh,,,,,
T1001558,terminal,MST,FDH104003,fdh,,,,,
T1001557,terminal,MST,FDH104003,fdh,,,,,
T1001556,terminal,MST,FDH104003,fdh,,,,,
T1001554,terminal,MST,FDH104003,fdh,,,,,
T1001554,terminal,MST,FDH104003,fdh,,,,,
T1001553,terminal,MST,FDH104001,fdh,,,,,
T1001553,terminal,MST,FDH104001,fdh,,,,,
T1001553,terminal,MST,FDH104001,fdh,,,,,
T1001553,terminal,MST,FDH104001,fdh,,,,,
T1001552,terminal,Aerial Terminal,FDH104005,fdh,,,,,
T1001552,terminal,Aerial Terminal,FDH104005,fdh,,,,,
T1001551,terminal,Aerial Terminal,FDH104004,fdh,,,,,
T1001549,terminal,MST,FDH104001,fdh,,,,,
T1001549,terminal,MST,FDH104001,fdh,,,,,
T1001546,terminal,Aerial Terminal,FDH104001,fdh,,,,,
T1001546,terminal,Aerial Terminal,FDH104001,fdh,,,,,
T1001546,terminal,Aerial Terminal,FDH104001,fdh,,,,,
T1001545,terminal,Aerial Terminal,FDH104007,fdh,,,,,
T1001544,terminal,Aerial Terminal,FDH104003,fdh,,,,,
T1001544,terminal,Aerial Terminal,FDH104003,fdh,,,,,
T1001542,terminal,Aerial Terminal,FDH104004,fdh,,,,,
T1001542,terminal,Aerial Terminal,FDH104004,fdh,,,,,
T1001538,terminal,Aerial Terminal,FDH104004,fdh,,,,,
T1001536,terminal,Aerial Terminal,FDH104002,fdh,,,,,
T1001531,terminal,MST,FDH104003,fdh,,,,,
T1001530,terminal,Aerial Terminal,FDH104004,fdh,,,,,
T1001530,terminal,Aerial Terminal,FDH104004,fdh,,,,,
T1001530,terminal,Aerial Terminal,FDH104004,fdh,,,,,
T1001528,terminal,Aerial Terminal,FDH104003,fdh,,,,,
T1001527,terminal,MST,FDH104003,fdh,,,,,
T1001524,terminal,Aerial Terminal,FDH104005,fdh,,,,,
T1001519,terminal,Aerial Terminal,FDH104003,fdh,,,,,
T1001911,terminal,MST,FDH104001,fdh,,,,,
T1001511,terminal,MST,FDH104001,fdh,,,,,
T1001511,terminal,MST,FDH104001,fdh,,,,,
T1001511,terminal,MST,FDH104001,fdh,,,,,
T1001511,terminal,MST,FDH104001,fdh,,,,,
T1001511,terminal,MST,FDH104001,fdh,,,,,
T1001511,terminal,MST,FDH104001,fdh,,,,,
T1001511,terminal,MST,FDH104001,fdh,,,,,
T1001511,terminal,MST,FDH104001,fdh,,,,,
T1001510,terminal,Aerial Terminal,FDH104005,fdh,,,,,
T1001510,terminal,Aerial Terminal,FDH104005,fdh,,,,,
T1001510,terminal,Aerial Terminal,FDH104005,fdh,,,,,
T1001510,terminal,Aerial Terminal,FDH104005,fdh,,,,,
T1001510,terminal,Aerial Terminal,FDH104005,fdh,,,,,
T1001510,terminal,Aerial Terminal,FDH104005,fdh,,,,,
T1001510,terminal,Aerial Terminal,FDH104005,fdh,,,,,
T1001509,terminal,Aerial Terminal,FDH104005,fdh,,,,,
T1001509,terminal,Aerial Terminal,FDH104005,fdh,,,,,
T1001509,terminal,Aerial Terminal,FDH104005,fdh,,,,,
T1001509,terminal,Aerial Terminal,FDH104005,fdh,,,,,
T1001509,terminal,Aerial Terminal,FDH104005,fdh,,,,,
T1001508,terminal,Aerial Terminal,FDH104004,fdh,,,,,
T1001508,terminal,Aerial Terminal,FDH104004,fdh,,,,,
T1001507,terminal,MST,FDH104001,fdh,,,,,
T1001507,terminal,MST,FDH104001,fdh,,,,,
T1001507,terminal,MST,FDH104001,fdh,,,,,
T1001507,terminal,MST,FDH104001,fdh,,,,,
T1001507,terminal,MST,FDH104001,fdh,,,,,
T1001507,terminal,MST,FDH104001,fdh,,,,,
T1001507,terminal,MST,FDH104001,fdh,,,,,
T1001506,terminal,MST,FDH104001,fdh,,,,,
T1001690,terminal,Aerial Terminal,FDH104014,fdh,,,,,
T1001818,terminal,Aerial Terminal,FDH104015,fdh,,,,,
T1001772,terminal,Aerial Terminal,FDH104012,fdh,,,,,
T1001698,terminal,MST,FDH104010,fdh,,,,,
T1001697,terminal,Aerial Terminal,FDH104011,fdh,,,,,
T1001678,terminal,Aerial Terminal,FDH104006,fdh,,,,,
T1001657,terminal,Aerial Terminal,FDH104006,fdh,,,,,
T1001594,terminal,Aerial Terminal,FDH104001,fdh,,,,,
T1001537,terminal,Aerial Terminal,FDH104002,fdh,,,,,
T1001887,terminal,Aerial Terminal,FDH104017,fdh,,,,,
T1001882,terminal,Aerial Terminal,FDH104017,fdh,,,,,
T1001871,terminal,MST,FDH104015,fdh,,,,,
T1001853,terminal,Aerial Terminal,FDH104017,fdh,,,,,
T1001826,terminal,Aerial Terminal,FDH104016,fdh,,,,,
T1001804,terminal,Aerial Terminal,FDH104017,fdh,,,,,
T1001657,terminal,Aerial Terminal,FDH104006,fdh,,,,,
T1001564,terminal,Aerial Terminal,FDH104002,fdh,,,,,
T1001558,terminal,MST,FDH104003,fdh,,,,,
T1001760,terminal,Aerial Terminal,FDH104011,fdh,,,,,
T1001550,terminal,MST,FDH104004,fdh,,,,,
T1001508,terminal,Aerial Terminal,FDH104004,fdh,,,,,
T1001849,terminal,MST,FDH104017,fdh,,,,,
T1001792,terminal,Aerial Terminal,FDH104017,fdh,,,,,
T1001750,terminal,Aerial Terminal,FDH104013,fdh,,,,,
T1001706,terminal,Aerial Terminal,FDH104013,fdh,,,,,
T1001693,terminal,Aerial Terminal,FDH104013,fdh,,,,,
T1001680,terminal,Aerial Terminal,FDH104008,fdh,,,,,
T1001675,terminal,Aerial Terminal,FDH104007,fdh,,,,,
T1001672,terminal,Aerial Terminal,FDH104009,fdh,,,,,
T1001634,terminal,Aerial Terminal,FDH104007,fdh,,,,,
T1001521,terminal,MST,FDH104001,fdh,,,,,
T1001503,terminal,Aerial Terminal,FDH104001,fdh,,,,,
T1001881,terminal,MST,FDH104017,fdh,,,,,
T1001787,terminal,MST,FDH104014,fdh,,,,,
T1001772,terminal,Aerial Terminal,FDH104012,fdh,,,,,
T1001712,terminal,Aerial Terminal,FDH104011,fdh,,,,,
T1001688,terminal,Aerial Terminal,FDH104009,fdh,,,,,
T1001583,terminal,MST,FDH104004,fdh,,,,,
T1001503,terminal,Aerial Terminal,FDH104001,fdh,,,,,
T1001908,terminal,MST,FDH104012,fdh,,,,,
T1001908,terminal,MST,FDH104012,fdh,,,,,
T1001650,terminal,Aerial Terminal,FDH104007,fdh,,,,,
T1001596,terminal,MST,FDH104004,fdh,,,,,
T1001523,terminal,Aerial Terminal,FDH104001,fdh,,,,,
T1001508,terminal,Aerial Terminal,FDH104004,fdh,,,,,
T1001502,terminal,Aerial Terminal,FDH104002,fdh,,,,,
T1001872,terminal,MST,FDH104015,fdh,,,,,
T1001871,terminal,MST,FDH104015,fdh,,,,,
T1001775,terminal,Aerial Terminal,FDH104014,fdh,,,,,
T1001535,terminal,MST,FDH104004,fdh,,,,,
T1001897,terminal,Aerial Terminal,FDH104015,fdh,,,,,
T1001896,terminal,MST,FDH104015,fdh,,,,,
T1001830,terminal,MST,FDH104017,fdh,,,,,
T1001584,terminal,MST,FDH104004,fdh,,,,,
T1001895,terminal,MST,FDH104015,fdh,,,,,
T1001508,terminal,Aerial Terminal,FDH104004,fdh,,,,,
T1001506,terminal,MST,FDH104001,fdh,,,,,
T1001791,terminal,Aerial Terminal,FDH104017,fdh,,,,,
T1001882,terminal,Aerial Terminal,FDH104017,fdh,,,,,
T1001828,terminal,Aerial Terminal,FDH104014,fdh,,,,,
T1001683,terminal,MST,FDH104006,fdh,,,,,
T1001667,terminal,Aerial Terminal,FDH104007,fdh,,,,,
T1001659,terminal,Aerial Terminal,FDH104006,fdh,,,,,
T1001619,terminal,Aerial Terminal,FDH104007,fdh,,,,,
T1001587,terminal,MST,FDH104003,fdh,,,,,
T1001578,terminal,Aerial Terminal,FDH104004,fdh,,,,,
T1001564,terminal,Aerial Terminal,FDH104002,fdh,,,,,
T1001552,terminal,Aerial Terminal,FDH104005,fdh,,,,,
T1001915,terminal,MST,FDH104017,fdh,,,,,
T1001884,terminal,Aerial Terminal,FDH104017,fdh,,,,,
T1001871,terminal,MST,FDH104015,fdh,,,,,
T1001817,terminal,Aerial Terminal,FDH104015,fdh,,,,,
T1001718,terminal,MST,FDH104012,fdh,,,,,
T1001669,terminal,MST,FDH104008,fdh,,,,,
T1001656,terminal,Aerial Terminal,FDH104006,fdh,,,,,
T1001588,terminal,MST,FDH104003,fdh,,,,,
T1001546,terminal,Aerial Terminal,FDH104001,fdh,,,,,
T1001911,terminal,MST,FDH104001,fdh,,,,,
T1001850,terminal,Aerial Terminal,FDH104017,fdh,,,,,
T1001844,terminal,Aerial Terminal,FDH104015,fdh,,,,,
T1001713,terminal,MST,FDH104011,fdh,,,,,
T1001566,terminal,MST,FDH104002,fdh,,,,,
T1001565,terminal,Aerial Terminal,FDH104002,fdh,,,,,
T1001565,terminal,Aerial Terminal,FDH104002,fdh,,,,,
T1001517,terminal,Aerial Terminal,FDH104002,fdh,,,,,
T1001890,terminal,Aerial Terminal,FDH104017,fdh,,,,,
T1001886,terminal,Aerial Terminal,FDH104015,fdh,,,,,
T1001811,terminal,Aerial Terminal,FDH104015,fdh,,,,,
T1001727,terminal,MST,FDH104010,fdh,,,,,
T1001536,terminal,Aerial Terminal,FDH104002,fdh,,,,,
T1001911,terminal,MST,FDH104001,fdh,,,,,
T1001502,terminal,Aerial Terminal,FDH104002,fdh,,,,,
T1001825,terminal,Aerial Terminal,FDH104014,fdh,,,,,
T1001778,terminal,Aerial Terminal,FDH104011,fdh,,,,,
T1001695,terminal,MST,FDH104011,fdh,,,,,
T1001872,terminal,MST,FDH104015,fdh,,,,,
T1001846,terminal,Aerial Terminal,FDH104016,fdh,,,,,
T1001782,terminal,Aerial Terminal,FDH104008,fdh,,,,,
T1001740,terminal,Aerial Terminal,FDH104012,fdh,,,,,
T1001706,terminal,Aerial Terminal,FDH104013,fdh,,,,,
T1001672,terminal,Aerial Terminal,FDH104009,fdh,,,,,
T1001662,terminal,Aerial Terminal,FDH104009,fdh,,,,,
T1001645,terminal,MST,FDH104009,fdh,,,,,
T1001552,terminal,Aerial Terminal,FDH104005,fdh,,,,,
T1001503,terminal,Aerial Terminal,FDH104001,fdh,,,,,
T1001904,terminal,Aerial Terminal,FDH104015,fdh,,,,,
T1001661,terminal,MST,FDH104008,fdh,,,,,
T1001641,terminal,Aerial Terminal,FDH104008,fdh,,,,,
T1001569,terminal,MST,FDH104004,fdh,,,,,
T1001680,terminal,Aerial Terminal,FDH104008,fdh,,,,,
T1001553,terminal,MST,FDH104001,fdh,,,,,
T1001736,terminal,Aerial Terminal,FDH104010,fdh,,,,,
T1001695,terminal,MST,FDH104011,fdh,,,,,
T1001689,terminal,MST,FDH104008,fdh,,,,,
T1001541,terminal,Aerial Terminal,FDH104004,fdh,,,,,
T1001517,terminal,Aerial Terminal,FDH104002,fdh,,,,,
T1001502,terminal,Aerial Terminal,FDH104002,fdh,,,,,
T1001904,terminal,Aerial Terminal,FDH104015,fdh,,,,,
T1001877,terminal,Aerial Terminal,FDH104016,fdh,,,,,
T1001862,terminal,Aerial Terminal,FDH104017,fdh,,,,,
T1001822,terminal,MST,FDH104014,fdh,,,,,
T1001763,terminal,Aerial Terminal,FDH104011,fdh,,,,,
T1001632,terminal,Aerial Terminal,FDH104007,fdh,,,,,
T1001623,terminal,Aerial Terminal,FDH104008,fdh,,,,,
T1001714,terminal,Aerial Terminal,FDH104011,fdh,,,,,
T1001852,terminal,MST,FDH104017,fdh,,,,,
T1001773,terminal,Aerial Terminal,FDH104012,fdh,,,,,
T1001710,terminal,MST,FDH104011,fdh,,,,,
T1001704,terminal,Aerial Terminal,FDH104012,fdh,,,,,
T1001679,terminal,Aerial Terminal,FDH104006,fdh,,,,,
T1001636,terminal,Aerial Terminal,FDH104006,fdh,,,,,
T1001521,terminal,MST,FDH104001,fdh,,,,,
T1001722,terminal,Aerial Terminal,FDH104002,fdh,,,,,
T1001895,terminal,MST,FDH104015,fdh,,,,,
T1001863,terminal,Aerial Terminal,FDH104016,fdh,,,,,
T1001853,terminal,Aerial Terminal,FDH104017,fdh,,,,,
T1001833,terminal,Aerial Terminal,FDH104017,fdh,,,,,
T1001811,terminal,Aerial Terminal,FDH104015,fdh,,,,,
T1001565,terminal,Aerial Terminal,FDH104002,fdh,,,,,
T1001540,terminal,Aerial Terminal,FDH104004,fdh,,,,,
T1001508,terminal,Aerial Terminal,FDH104004,fdh,,,,,
T1001722,terminal,Aerial Terminal,FDH104002,fdh,,,,,
T1001875,terminal,MST,FDH104015,fdh,,,,,
T1001665,terminal,Aerial Terminal,FDH104007,fdh,,,,,
T1001541,terminal,Aerial Terminal,FDH104004,fdh,,,,,
T1001503,terminal,Aerial Terminal,FDH104001,fdh,,,,,
T1001897,terminal,Aerial Terminal,FDH104015,fdh,,,,,
T1001882,terminal,Aerial Terminal,FDH104017,fdh,,,,,
T1001882,terminal,Aerial Terminal,FDH104017,fdh,,,,,
T1001873,terminal,Aerial Terminal,FDH104015,fdh,,,,,
T1001831,terminal,Aerial Terminal,FDH104017,fdh,,,,,
T1001742,terminal,Aerial Terminal,FDH104012,fdh,,,,,
T1001734,terminal,Aerial Terminal,FDH104010,fdh,,,,,
T1001694,terminal,Aerial Terminal,FDH104013,fdh,,,,,
T1001868,terminal,Aerial Terminal,FDH104017,fdh,,,,,
T1001662,terminal,Aerial Terminal,FDH104009,fdh,,,,,
T1001548,terminal,Aerial Terminal,FDH104001,fdh,,,,,
T1001887,terminal,Aerial Terminal,FDH104017,fdh,,,,,
T1001777,terminal,MST,FDH104013,fdh,,,,,
T1001752,terminal,Aerial Terminal,FDH104013,fdh,,,,,
T1001691,terminal,MST,FDH104013,fdh,,,,,
T1001565,terminal,Aerial Terminal,FDH104002,fdh,,,,,
T1001539,terminal,Aerial Terminal,FDH104004,fdh,,,,,
T1001679,terminal,Aerial Terminal,FDH104006,fdh,,,,,
T1001670,terminal,Aerial Terminal,FDH104008,fdh,,,,,
T1001666,terminal,Aerial Terminal,FDH104007,fdh,,,,,
T1001640,terminal,Aerial Terminal,FDH104008,fdh,,,,,
T1001556,terminal,MST,FDH104003,fdh,,,,,
T1001535,terminal,MST,FDH104004,fdh,,,,,
T1001820,terminal,Aerial Terminal,FDH104017,fdh,,,,,
T1001811,terminal,Aerial Terminal,FDH104015,fdh,,,,,
T1001776,terminal,Aerial Terminal,FDH104012,fdh,,,,,
T1001662,terminal,Aerial Terminal,FDH104009,fdh,,,,,
T1001656,terminal,Aerial Terminal,FDH104006,fdh,,,,,
T1001540,terminal,Aerial Terminal,FDH104004,fdh,,,,,
T1001901,terminal,Aerial Terminal,FDH104015,fdh,,,,,
T1001900,terminal,Aerial Terminal,FDH104015,fdh,,,,,
T1001864,terminal,Aerial Terminal,FDH104017,fdh,,,,,
T1001839,terminal,Aerial Terminal,FDH104016,fdh,,,,,
T1001788,terminal,Aerial Terminal,FDH104016,fdh,,,,,
T1001776,terminal,Aerial Terminal,FDH104012,fdh,,,,,
T1001669,terminal,MST,FDH104008,fdh,,,,,
T1001879,terminal,Aerial Terminal,FDH104016,fdh,,,,,
T1001848,terminal,Aerial Terminal,FDH104017,fdh,,,,,
T1001840,terminal,Aerial Terminal,FDH104017,fdh,,,,,
T1001734,terminal,Aerial Terminal,FDH104010,fdh,,,,,
T1001876,terminal,MST,FDH104015,fdh,,,,,
T1001695,terminal,MST,FDH104011,fdh,,,,,
T1001508,terminal,Aerial Terminal,FDH104004,fdh,,,,,
T1001899,terminal,Aerial Terminal,FDH104017,fdh,,,,,
T1001899,terminal,Aerial Terminal,FDH104017,fdh,,,,,
T1001883,terminal,Aerial Terminal,FDH104016,fdh,,,,,
T1001775,terminal,Aerial Terminal,FDH104014,fdh,,,,,
T1001772,terminal,Aerial Terminal,FDH104012,fdh,,,,,
T1001727,terminal,MST,FDH104010,fdh,,,,,
T1001683,terminal,MST,FDH104006,fdh,,,,,
T1001638,terminal,Aerial Terminal,FDH104006,fdh,,,,,
T1001810,terminal,Aerial Terminal,FDH104016,fdh,,,,,
T1001681,terminal,Aerial Terminal,FDH104008,fdh,,,,,
T1001651,terminal,Aerial Terminal,FDH104007,fdh,,,,,
T1001603,terminal,MST,FDH104003,fdh,,,,,
T1001582,terminal,MST,FDH104004,fdh,,,,,
T1001572,terminal,Aerial Terminal,FDH104001,fdh,,,,,
T1001564,terminal,Aerial Terminal,FDH104002,fdh,,,,,
T1001564,terminal,Aerial Terminal,FDH104002,fdh,,,,,
T1001536,terminal,Aerial Terminal,FDH104002,fdh,,,,,
T1001534,terminal,MST,FDH104002,fdh,,,,,
T1001503,terminal,Aerial Terminal,FDH104001,fdh,,,,,
T1001899,terminal,Aerial Terminal,FDH104017,fdh,,,,,
T1001898,terminal,MST,FDH104014,fdh,,,,,
T1001829,terminal,Aerial Terminal,FDH104014,fdh,,,,,
T1001794,terminal,Aerial Terminal,FDH104017,fdh,,,,,
T1001778,terminal,Aerial Terminal,FDH104011,fdh,,,,,
T1001666,terminal,Aerial Terminal,FDH104007,fdh,,,,,
T1001584,terminal,MST,FDH104004,fdh,,,,,
T1001539,terminal,Aerial Terminal,FDH104004,fdh,,,,,
T1001851,terminal,Aerial Terminal,FDH104017,fdh,,,,,
T1001839,terminal,Aerial Terminal,FDH104016,fdh,,,,,
T1001868,terminal,Aerial Terminal,FDH104017,fdh,,,,,
T1001583,terminal,MST,FDH104004,fdh,,,,,
T1001581,terminal,MST,FDH104004,fdh,,,,,
T1001502,terminal,Aerial Terminal,FDH104002,fdh,,,,,
T1001879,terminal,Aerial Terminal,FDH104016,fdh,,,,,
T1001764,terminal,Aerial Terminal,FDH104011,fdh,,,,,
T1001761,terminal,Aerial Terminal,FDH104011,fdh,,,,,
T1001707,terminal,Aerial Terminal,FDH104013,fdh,,,,,
T1001676,terminal,Aerial Terminal,FDH104007,fdh,,,,,
T1001567,terminal,Aerial Terminal,FDH104004,fdh,,,,,
T1001547,terminal,Aerial Terminal,FDH104001,fdh,,,,,
T1001848,terminal,Aerial Terminal,FDH104017,fdh,,,,,
T1001837,terminal,Aerial Terminal,FDH104014,fdh,,,,,
T1001819,terminal,Aerial Terminal,FDH104016,fdh,,,,,
T1001752,terminal,Aerial Terminal,FDH104013,fdh,,,,,
T1001890,terminal,Aerial Terminal,FDH104017,fdh,,,,,
T1001887,terminal,Aerial Terminal,FDH104017,fdh,,,,,
T1001884,terminal,Aerial Terminal,FDH104017,fdh,,,,,
T1001846,terminal,Aerial Terminal,FDH104016,fdh,,,,,
T1001679,terminal,Aerial Terminal,FDH104006,fdh,,,,,
T1001510,terminal,Aerial Terminal,FDH104005,fdh,,,,,
T1001502,terminal,Aerial Terminal,FDH104002,fdh,,,,,
T1001834,terminal,Aerial Terminal,FDH104017,fdh,,,,,
T1001715,terminal,Aerial Terminal,FDH104011,fdh,,,,,
T1001677,terminal,Aerial Terminal,FDH104007,fdh,,,,,
T1001541,terminal,Aerial Terminal,FDH104004,fdh,,,,,
T1001604,terminal,Aerial Terminal,FDH104007,fdh,,,,,
T1001761,terminal,Aerial Terminal,FDH104011,fdh,,,,,
T1001686,terminal,Aerial Terminal,FDH104008,fdh,,,,,
T1001654,terminal,Aerial Terminal,FDH104007,fdh,,,,,
T1001892,terminal,MST,FDH104015,fdh,,,,,
T1001889,terminal,MST,FDH104015,fdh,,,,,
T1001684,terminal,Aerial Terminal,FDH104006,fdh,,,,,
T1001583,terminal,MST,FDH104004,fdh,,,,,
T1001572,terminal,Aerial Terminal,FDH104001,fdh,,,,,
T1001899,terminal,Aerial Terminal,FDH104017,fdh,,,,,
T1001681,terminal,Aerial Terminal,FDH104008,fdh,,,,,
T1001680,terminal,Aerial Terminal,FDH104008,fdh,,,,,
T1001547,terminal,Aerial Terminal,FDH104001,fdh,,,,,
T1001748,terminal,MST,FDH104013,fdh,,,,,
T1001707,terminal,Aerial Terminal,FDH104013,fdh,,,,,
T1001702,terminal,Aerial Terminal,FDH104010,fdh,,,,,
T1001677,terminal,Aerial Terminal,FDH104007,fdh,,,,,
T1001566,terminal,MST,FDH104002,fdh,,,,,
T1001529,terminal,MST,FDH104004,fdh,,,,,
T1001706,terminal,Aerial Terminal,FDH104013,fdh,,,,,
T1001639,terminal,Aerial Terminal,FDH104006,fdh,,,,,
T1001583,terminal,MST,FDH104004,fdh,,,,,
T1001535,terminal,MST,FDH104004,fdh,,,,,
T1001846,terminal,Aerial Terminal,FDH104016,fdh,,,,,
T1001751,terminal,Aerial Terminal,FDH104013,fdh,,,,,
T1001702,terminal,Aerial Terminal,FDH104010,fdh,,,,,
T1001678,terminal,Aerial Terminal,FDH104006,fdh,,,,,
T1001549,terminal,MST,FDH104001,fdh,,,,,
T1001901,terminal,Aerial Terminal,FDH104015,fdh,,,,,
T1001870,terminal,Aerial Terminal,FDH104017,fdh,,,,,
T1001850,terminal,Aerial Terminal,FDH104017,fdh,,,,,
T1001836,terminal,MST,FDH104017,fdh,,,,,
T1001811,terminal,Aerial Terminal,FDH104015,fdh,,,,,
T1001711,terminal,Aerial Terminal,FDH104011,fdh,,,,,
T1001673,terminal,Aerial Terminal,FDH104009,fdh,,,,,
T1001633,terminal,MST,FDH104007,fdh,,,,,
T1001570,terminal,Aerial Terminal,FDH104005,fdh,,,,,
T1001566,terminal,MST,FDH104002,fdh,,,,,
T1001873,terminal,Aerial Terminal,FDH104015,fdh,,,,,
T1001833,terminal,Aerial Terminal,FDH104017,fdh,,,,,
T1001729,terminal,Aerial Terminal,FDH104010,fdh,,,,,
T1001556,terminal,MST,FDH104003,fdh,,,,,
T1001525,terminal,MST,FDH104003,fdh,,,,,
T1001722,terminal,Aerial Terminal,FDH104002,fdh,,,,,
T1001688,terminal,Aerial Terminal,FDH104009,fdh,,,,,
T1001679,terminal,Aerial Terminal,FDH104006,fdh,,,,,
T1001679,terminal,Aerial Terminal,FDH104006,fdh,,,,,
T1001510,terminal,Aerial Terminal,FDH104005,fdh,,,,,
T1001893,terminal,Aerial Terminal,FDH104015,fdh,,,,,
T1001730,terminal,Aerial Terminal,FDH104010,fdh,,,,,
T1001665,terminal,Aerial Terminal,FDH104007,fdh,,,,,
T1001543,terminal,MST,FDH104004,fdh,,,,,
T1001518,terminal,MST,FDH104004,fdh,,,,,
T1001821,terminal,Aerial Terminal,FDH104016,fdh,,,,,
T1001812,terminal,MST,FDH104015,fdh,,,,,
T1001684,terminal,Aerial Terminal,FDH104006,fdh,,,,,
T1001683,terminal,MST,FDH104006,fdh,,,,,
T1001673,terminal,Aerial Terminal,FDH104009,fdh,,,,,
T1001697,terminal,Aerial Terminal,FDH104011,fdh,,,,,
T1001663,terminal,MST,FDH104008,fdh,,,,,
T1001595,terminal,Aerial Terminal,FDH104001,fdh,,,,,
T1001681,terminal,Aerial Terminal,FDH104008,fdh,,,,,
T1001557,terminal,MST,FDH104003,fdh,,,,,
T1001877,terminal,Aerial Terminal,FDH104016,fdh,,,,,
T1001689,terminal,MST,FDH104008,fdh,,,,,
T1001685,terminal,Aerial Terminal,FDH104006,fdh,,,,,
T1001654,terminal,Aerial Terminal,FDH104007,fdh,,,,,
T1001587,terminal,MST,FDH104003,fdh,,,,,
T1001566,terminal,MST,FDH104002,fdh,,,,,
T1001565,terminal,Aerial Terminal,FDH104002,fdh,,,,,
T1001649,terminal,Aerial Terminal,FDH104009,fdh,,,,,
T1001511,terminal,MST,FDH104001,fdh,,,,,
T1001567,terminal,Aerial Terminal,FDH104004,fdh,,,,,
T1001511,terminal,MST,FDH104001,fdh,,,,,
T1001774,terminal,Aerial Terminal,FDH104014,fdh,,,,,
T1001584,terminal,MST,FDH104004,fdh,,,,,
T1001543,terminal,MST,FDH104004,fdh,,,,,
T1001856,terminal,MST,FDH104017,fdh,,,,,
T1001840,terminal,Aerial Terminal,FDH104017,fdh,,,,,
T1001696,terminal,MST,FDH104010,fdh,,,,,
T1001689,terminal,MST,FDH104008,fdh,,,,,
T1001881,terminal,MST,FDH104017,fdh,,,,,
T1001847,terminal,Aerial Terminal,FDH104014,fdh,,,,,
T1001688,terminal,Aerial Terminal,FDH104009,fdh,,,,,
T1001678,terminal,Aerial Terminal,FDH104006,fdh,,,,,
T1001674,terminal,Aerial Terminal,FDH104009,fdh,,,,,
T1001570,terminal,Aerial Terminal,FDH104005,fdh,,,,,
T1001878,terminal,Aerial Terminal,FDH104016,fdh,,,,,
T1001778,terminal,Aerial Terminal,FDH104011,fdh,,,,,
T1001703,terminal,Aerial Terminal,FDH104010,fdh,,,,,
T1001687,terminal,Aerial Terminal,FDH104009,fdh,,,,,
T1001668,terminal,Aerial Terminal,FDH104006,fdh,,,,,
T1001571,terminal,Aerial Terminal,FDH104001,fdh,,,,,
T1001561,terminal,MST,FDH104003,fdh,,,,,
T1001870,terminal,Aerial Terminal,FDH104017,fdh,,,,,
T1001762,terminal,MST,FDH104011,fdh,,,,,
T1001732,terminal,Aerial Terminal,FDH104010,fdh,,,,,
T1001701,terminal,Aerial Terminal,FDH104010,fdh,,,,,
T1001693,terminal,Aerial Terminal,FDH104013,fdh,,,,,
T1001667,terminal,Aerial Terminal,FDH104007,fdh,,,,,
T1001584,terminal,MST,FDH104004,fdh,,,,,
T1001502,terminal,Aerial Terminal,FDH104002,fdh,,,,,
T1001899,terminal,Aerial Terminal,FDH104017,fdh,,,,,
T1001872,terminal,MST,FDH104015,fdh,,,,,
T1001847,terminal,Aerial Terminal,FDH104014,fdh,,,,,
T1001723,terminal,Aerial Terminal,FDH104010,fdh,,,,,
T1001686,terminal,Aerial Terminal,FDH104008,fdh,,,,,
T1001872,terminal,MST,FDH104015,fdh,,,,,
T1001755,terminal,Aerial Terminal,FDH104013,fdh,,,,,
T1001513,terminal,Aerial Terminal,FDH104001,fdh,,,,,
T1001512,terminal,MST,FDH104001,fdh,,,,,
T1001506,terminal,MST,FDH104001,fdh,,,,,
T1001896,terminal,MST,FDH104015,fdh,,,,,
T1001887,terminal,Aerial Terminal,FDH104017,fdh,,,,,
T1001881,terminal,MST,FDH104017,fdh,,,,,
T1001827,terminal,Aerial Terminal,FDH104016,fdh,,,,,
T1001677,terminal,Aerial Terminal,FDH104007,fdh,,,,,
T1001564,terminal,Aerial Terminal,FDH104002,fdh,,,,,
T1001779,terminal,Aerial Terminal,FDH104011,fdh,,,,,
T1001777,terminal,MST,FDH104013,fdh,,,,,
T1001682,terminal,Aerial Terminal,FDH104009,fdh,,,,,
T1001682,terminal,Aerial Terminal,FDH104009,fdh,,,,,
T1001858,terminal,Aerial Terminal,FDH104016,fdh,,,,,
T1001747,terminal,MST,FDH104012,fdh,,,,,
T1001681,terminal,Aerial Terminal,FDH104008,fdh,,,,,
T1001719,terminal,Aerial Terminal,FDH104010,fdh,,,,,
T1001691,terminal,MST,FDH104013,fdh,,,,,
T1001529,terminal,MST,FDH104004,fdh,,,,,
T1001863,terminal,Aerial Terminal,FDH104016,fdh,,,,,
T1001725,terminal,MST,FDH104010,fdh,,,,,
T1001707,terminal,Aerial Terminal,FDH104013,fdh,,,,,
T1001862,terminal,Aerial Terminal,FDH104017,fdh,,,,,
T1001689,terminal,MST,FDH104008,fdh,,,,,
T1001878,terminal,Aerial Terminal,FDH104016,fdh,,,,,
T1001684,terminal,Aerial Terminal,FDH104006,fdh,,,,,
T1001569,terminal,MST,FDH104004,fdh,,,,,
T1001554,terminal,MST,FDH104003,fdh,,,,,
T1001898,terminal,MST,FDH104014,fdh,,,,,
T1001892,terminal,MST,FDH104015,fdh,,,,,
T1001888,terminal,Aerial Terminal,FDH104015,fdh,,,,,
T1001883,terminal,Aerial Terminal,FDH104016,fdh,,,,,
T1001608,terminal,Aerial Terminal,FDH104008,fdh,,,,,
T1001878,terminal,Aerial Terminal,FDH104016,fdh,,,,,
T1001867,terminal,Aerial Terminal,FDH104016,fdh,,,,,
T1001796,terminal,Aerial Terminal,FDH104017,fdh,,,,,
T1001544,terminal,Aerial Terminal,FDH104003,fdh,,,,,
T1001817,terminal,Aerial Terminal,FDH104015,fdh,,,,,
T1001854,terminal,Aerial Terminal,FDH104017,fdh,,,,,
T1001844,terminal,Aerial Terminal,FDH104015,fdh,,,,,
T1001782,terminal,Aerial Terminal,FDH104008,fdh,,,,,
T1001682,terminal,Aerial Terminal,FDH104009,fdh,,,,,
T1001644,terminal,Aerial Terminal,FDH104009,fdh,,,,,
T1001554,terminal,MST,FDH104003,fdh,,,,,
T1001892,terminal,MST,FDH104015,fdh,,,,,
T1001782,terminal,Aerial Terminal,FDH104008,fdh,,,,,
T1001748,terminal,MST,FDH104013,fdh,,,,,
T1001713,terminal,MST,FDH104011,fdh,,,,,
T1001677,terminal,Aerial Terminal,FDH104007,fdh,,,,,
T1001643,terminal,Aerial Terminal,FDH104008,fdh,,,,,
T1001587,terminal,MST,FDH104003,fdh,,,,,
T1001906,terminal,MST,FDH104017,fdh,,,,,
T1001878,terminal,Aerial Terminal,FDH104016,fdh,,,,,
T1001874,terminal,Aerial Terminal,FDH104017,fdh,,,,,
T1001673,terminal,Aerial Terminal,FDH104009,fdh,,,,,
T1001898,terminal,MST,FDH104014,fdh,,,,,
T1001565,terminal,Aerial Terminal,FDH104002,fdh,,,,,
T1001850,terminal,Aerial Terminal,FDH104017,fdh,,,,,
T1001729,terminal,Aerial Terminal,FDH104010,fdh,,,,,
T1001712,terminal,Aerial Terminal,FDH104011,fdh,,,,,
T1001707,terminal,Aerial Terminal,FDH104013,fdh,,,,,
T1001691,terminal,MST,FDH104013,fdh,,,,,
T1001674,terminal,Aerial Terminal,FDH104009,fdh,,,,,
T1001643,terminal,Aerial Terminal,FDH104008,fdh,,,,,
T1001597,terminal,MST,FDH104004,fdh,,,,,
T1001700,terminal,Aerial Terminal,FDH104010,fdh,,,,,
T1001689,terminal,MST,FDH104008,fdh,,,,,
T1001877,terminal,Aerial Terminal,FDH104016,fdh,,,,,
T1001684,terminal,Aerial Terminal,FDH104006,fdh,,,,,
T1001705,terminal,Aerial Terminal,FDH104013,fdh,,,,,
T1001657,terminal,Aerial Terminal,FDH104006,fdh,,,,,
T1001564,terminal,Aerial Terminal,FDH104002,fdh,,,,,
T1001904,terminal,Aerial Terminal,FDH104015,fdh,,,,,
T1001712,terminal,Aerial Terminal,FDH104011,fdh,,,,,
T1001710,terminal,MST,FDH104011,fdh,,,,,
T1001640,terminal,Aerial Terminal,FDH104008,fdh,,,,,
T1001569,terminal,MST,FDH104004,fdh,,,,,
T1001817,terminal,Aerial Terminal,FDH104015,fdh,,,,,
T1001806,terminal,Aerial Terminal,FDH104015,fdh,,,,,
T1001514,terminal,Aerial Terminal,FDH104001,fdh,,,,,
T1001558,terminal,MST,FDH104003,fdh,,,,,
T1001837,terminal,Aerial Terminal,FDH104014,fdh,,,,,
T1001706,terminal,Aerial Terminal,FDH104013,fdh,,,,,
T1001628,terminal,MST,FDH104007,fdh,,,,,
T1001534,terminal,MST,FDH104002,fdh,,,,,
T1001528,terminal,Aerial Terminal,FDH104003,fdh,,,,,
T1001778,terminal,Aerial Terminal,FDH104011,fdh,,,,,
T1001675,terminal,Aerial Terminal,FDH104007,fdh,,,,,
T1001582,terminal,MST,FDH104004,fdh,,,,,
T1001695,terminal,MST,FDH104011,fdh,,,,,
T1001668,terminal,Aerial Terminal,FDH104006,fdh,,,,,
T1001633,terminal,MST,FDH104007,fdh,,,,,
T1001686,terminal,Aerial Terminal,FDH104008,fdh,,,,,
T1001685,terminal,Aerial Terminal,FDH104006,fdh,,,,,
T1001870,terminal,Aerial Terminal,FDH104017,fdh,,,,,
T1001867,terminal,Aerial Terminal,FDH104016,fdh,,,,,
T1001708,terminal,Aerial Terminal,FDH104012,fdh,,,,,
T1001673,terminal,Aerial Terminal,FDH104009,fdh,,,,,
T1001884,terminal,Aerial Terminal,FDH104017,fdh,,,,,
T1001756,terminal,MST,FDH104013,fdh,,,,,
T1001849,terminal,MST,FDH104017,fdh,,,,,
T1001676,terminal,Aerial Terminal,FDH104007,fdh,,,,,
T1001668,terminal,Aerial Terminal,FDH104006,fdh,,,,,
T1001531,terminal,MST,FDH104003,fdh,,,,,
T1001767,terminal,Aerial Terminal,FDH104012,fdh,,,,,
T1001687,terminal,Aerial Terminal,FDH104009,fdh,,,,,
T1001683,terminal,MST,FDH104006,fdh,,,,,
T1001594,terminal,Aerial Terminal,FDH104001,fdh,,,,,
T1001749,terminal,Aerial Terminal,FDH104013,fdh,,,,,
T1001692,terminal,Aerial Terminal,FDH104013,fdh,,,,,
T1001877,terminal,Aerial Terminal,FDH104016,fdh,,,,,
T1001700,terminal,Aerial Terminal,FDH104010,fdh,,,,,
T1001700,terminal,Aerial Terminal,FDH104010,fdh,,,,,
T1001699,terminal,Aerial Terminal,FDH104010,fdh,,,,,
T1001688,terminal,Aerial Terminal,FDH104009,fdh,,,,,
T1001652,terminal,Aerial Terminal,FDH104007,fdh,,,,,
T1001749,terminal,Aerial Terminal,FDH104013,fdh,,,,,
T1001703,terminal,Aerial Terminal,FDH104010,fdh,,,,,
T1001694,terminal,Aerial Terminal,FDH104013,fdh,,,,,
T1001597,terminal,MST,FDH104004,fdh,,,,,
T1001596,terminal,MST,FDH104004,fdh,,,,,
T1001584,terminal,MST,FDH104004,fdh,,,,,
T1001758,terminal,Aerial Terminal,FDH104013,fdh,,,,,
T1001711,terminal,Aerial Terminal,FDH104011,fdh,,,,,
T1001641,terminal,Aerial Terminal,FDH104008,fdh,,,,,
T1001845,terminal,Aerial Terminal,FDH104014,fdh,,,,,
T1001778,terminal,Aerial Terminal,FDH104011,fdh,,,,,
T1001763,terminal,Aerial Terminal,FDH104011,fdh,,,,,
T1001724,terminal,Aerial Terminal,FDH104010,fdh,,,,,
T1001582,terminal,MST,FDH104004,fdh,,,,,
T1001684,terminal,Aerial Terminal,FDH104006,fdh,,,,,
T1001910,terminal,Aerial Terminal,FDH104015,fdh,,,,,
T1001658,terminal,Aerial Terminal,FDH104006,fdh,,,,,
T1001539,terminal,Aerial Terminal,FDH104004,fdh,,,,,
T1001747,terminal,MST,FDH104012,fdh,,,,,
T1001812,terminal,MST,FDH104015,fdh,,,,,
T1001776,terminal,Aerial Terminal,FDH104012,fdh,,,,,
T1001697,terminal,Aerial Terminal,FDH104011,fdh,,,,,
T1001913,terminal,MST,FDH104001,fdh,,,,,
T1001707,terminal,Aerial Terminal,FDH104013,fdh,,,,,
T1001692,terminal,Aerial Terminal,FDH104013,fdh,,,,,
T1001518,terminal,MST,FDH104004,fdh,,,,,
T1001841,terminal,Aerial Terminal,FDH104017,fdh,,,,,
T1001747,terminal,MST,FDH104012,fdh,,,,,
T1001693,terminal,Aerial Terminal,FDH104013,fdh,,,,,
T1001799,terminal,MST,FDH104015,fdh,,,,,
T1001692,terminal,Aerial Terminal,FDH104013,fdh,,,,,
T1001672,terminal,Aerial Terminal,FDH104009,fdh,,,,,
T1001819,terminal,Aerial Terminal,FDH104016,fdh,,,,,
T1001699,terminal,Aerial Terminal,FDH104010,fdh,,,,,
T1001528,terminal,Aerial Terminal,FDH104003,fdh,,,,,
T1001887,terminal,Aerial Terminal,FDH104017,fdh,,,,,
T1001710,terminal,MST,FDH104011,fdh,,,,,
T1001834,terminal,Aerial Terminal,FDH104017,fdh,,,,,
T1001584,terminal,MST,FDH104004,fdh,,,,,
T1001649,terminal,Aerial Terminal,FDH104009,fdh,,,,,
T1001557,terminal,MST,FDH104003,fdh,,,,,
T1001887,terminal,Aerial Terminal,FDH104017,fdh,,,,,
T1001863,terminal,Aerial Terminal,FDH104016,fdh,,,,,
T1001717,terminal,MST,FDH104012,fdh,,,,,
T1001605,terminal,MST,FDH104003,fdh,,,,,
T1001874,terminal,Aerial Terminal,FDH104017,fdh,,,,,
T1001845,terminal,Aerial Terminal,FDH104014,fdh,,,,,
T1001668,terminal,Aerial Terminal,FDH104006,fdh,,,,,
T1001584,terminal,MST,FDH104004,fdh,,,,,
T1001557,terminal,MST,FDH104003,fdh,,,,,
T1001895,terminal,MST,FDH104015,fdh,,,,,
T1001890,terminal,Aerial Terminal,FDH104017,fdh,,,,,
T1001861,terminal,Aerial Terminal,FDH104015,fdh,,,,,
T1001818,terminal,Aerial Terminal,FDH104015,fdh,,,,,
T1001714,terminal,Aerial Terminal,FDH104011,fdh,,,,,
T1001702,terminal,Aerial Terminal,FDH104010,fdh,,,,,
T1001575,terminal,MST,FDH104004,fdh,,,,,
T1001527,terminal,MST,FDH104003,fdh,,,,,
T1001649,terminal,Aerial Terminal,FDH104009,fdh,,,,,
T1001688,terminal,Aerial Terminal,FDH104009,fdh,,,,,
T1001581,terminal,MST,FDH104004,fdh,,,,,
T1001693,terminal,Aerial Terminal,FDH104013,fdh,,,,,
T1001669,terminal,MST,FDH104008,fdh,,,,,
T1001547,terminal,Aerial Terminal,FDH104001,fdh,,,,,
T1001884,terminal,Aerial Terminal,FDH104017,fdh,,,,,
T1001731,terminal,Aerial Terminal,FDH104010,fdh,,,,,
T1001664,terminal,Aerial Terminal,FDH104007,fdh,,,,,
T1001558,terminal,MST,FDH104003,fdh,,,,,
T1001518,terminal,MST,FDH104004,fdh,,,,,
T1001856,terminal,MST,FDH104017,fdh,,,,,
T1001842,terminal,Aerial Terminal,FDH104015,fdh,,,,,
T1001703,terminal,Aerial Terminal,FDH104010,fdh,,,,,
T1001848,terminal,Aerial Terminal,FDH104017,fdh,,,,,
T1001676,terminal,Aerial Terminal,FDH104007,fdh,,,,,
T1001742,terminal,Aerial Terminal,FDH104012,fdh,,,,,
T1001724,terminal,Aerial Terminal,FDH104010,fdh,,,,,
T1001684,terminal,Aerial Terminal,FDH104006,fdh,,,,,
T1001525,terminal,MST,FDH104003,fdh,,,,,
T1001731,terminal,Aerial Terminal,FDH104010,fdh,,,,,
T1001731,terminal,Aerial Terminal,FDH104010,fdh,,,,,
T1001704,terminal,Aerial Terminal,FDH104012,fdh,,,,,
T1001694,terminal,Aerial Terminal,FDH104013,fdh,,,,,
T1001895,terminal,MST,FDH104015,fdh,,,,,
T1001775,terminal,Aerial Terminal,FDH104014,fdh,,,,,
T1001697,terminal,Aerial Terminal,FDH104011,fdh,,,,,
T1001579,terminal,Aerial Terminal,FDH104017,fdh,,,,,
T1001573,terminal,MST,FDH104001,fdh,,,,,
T1001572,terminal,Aerial Terminal,FDH104001,fdh,,,,,
T1001913,terminal,MST,FDH104001,fdh,,,,,
T1001586,terminal,MST,FDH104003,fdh,,,,,
T1001824,terminal,Aerial Terminal,FDH104014,fdh,,,,,
T1001604,terminal,Aerial Terminal,FDH104007,fdh,,,,,
T1001838,terminal,MST,FDH104012,fdh,,,,,
T1001701,terminal,Aerial Terminal,FDH104010,fdh,,,,,
T1001888,terminal,Aerial Terminal,FDH104015,fdh,,,,,
T1001721,terminal,MST,FDH104010,fdh,,,,,
T1001669,terminal,MST,FDH104008,fdh,,,,,
T1001800,terminal,Aerial Terminal,FDH104017,fdh,,,,,
T1001756,terminal,MST,FDH104013,fdh,,,,,
T1001693,terminal,Aerial Terminal,FDH104013,fdh,,,,,
T1001652,terminal,Aerial Terminal,FDH104007,fdh,,,,,
T1001584,terminal,MST,FDH104004,fdh,,,,,
T1001898,terminal,MST,FDH104014,fdh,,,,,
T1001893,terminal,Aerial Terminal,FDH104015,fdh,,,,,
T1001880,terminal,MST,FDH104015,fdh,,,,,
T1001714,terminal,Aerial Terminal,FDH104011,fdh,,,,,
T1001671,terminal,Aerial Terminal,FDH104008,fdh,,,,,
T1001594,terminal,Aerial Terminal,FDH104001,fdh,,,,,
T1001572,terminal,Aerial Terminal,FDH104001,fdh,,,,,
T1001502,terminal,Aerial Terminal,FDH104002,fdh,,,,,
T1001886,terminal,Aerial Terminal,FDH104015,fdh,,,,,
T1001581,terminal,MST,FDH104004,fdh,,,,,
T1001705,terminal,Aerial Terminal,FDH104013,fdh,,,,,
T1001701,terminal,Aerial Terminal,FDH104010,fdh,,,,,
T1001701,terminal,Aerial Terminal,FDH104010,fdh,,,,,
T1001675,terminal,Aerial Terminal,FDH104007,fdh,,,,,
T1001851,terminal,Aerial Terminal,FDH104017,fdh,,,,,
T1001625,terminal,Aerial Terminal,FDH104009,fdh,,,,,
T1001777,terminal,MST,FDH104013,fdh,,,,,
T1001877,terminal,Aerial Terminal,FDH104016,fdh,,,,,
T1001720,terminal,MST,FDH104010,fdh,,,,,
T1001705,terminal,Aerial Terminal,FDH104013,fdh,,,,,
T1001694,terminal,Aerial Terminal,FDH104013,fdh,,,,,
T1001773,terminal,Aerial Terminal,FDH104012,fdh,,,,,
T1001595,terminal,Aerial Terminal,FDH104001,fdh,,,,,
T1001515,terminal,MST,FDH104001,fdh,,,,,
T1001515,terminal,MST,FDH104001,fdh,,,,,
T1001513,terminal,Aerial Terminal,FDH104001,fdh,,,,,
T1001512,terminal,MST,FDH104001,fdh,,,,,
T1001510,terminal,Aerial Terminal,FDH104005,fdh,,,,,
T1001505,terminal,MST,FDH104001,fdh,,,,,
T1001504,terminal,Aerial Terminal,FDH104001,fdh,,,,,
T1001734,terminal,Aerial Terminal,FDH104010,fdh,,,,,
T1001683,terminal,MST,FDH104006,fdh,,,,,
T1001605,terminal,MST,FDH104003,fdh,,,,,
T1001526,terminal,MST,FDH104003,fdh,,,,,
T1001708,terminal,Aerial Terminal,FDH104012,fdh,,,,,
T1001746,terminal,Aerial Terminal,FDH104012,fdh,,,,,
T1001685,terminal,Aerial Terminal,FDH104006,fdh,,,,,
T1001688,terminal,Aerial Terminal,FDH104009,fdh,,,,,
T1001526,terminal,MST,FDH104003,fdh,,,,,
T1001526,terminal,MST,FDH104003,fdh,,,,,
T1001556,terminal,MST,FDH104003,fdh,,,,,
T1001847,terminal,Aerial Terminal,FDH104014,fdh,,,,,
T1001751,terminal,Aerial Terminal,FDH104013,fdh,,,,,
T1001693,terminal,Aerial Terminal,FDH104013,fdh,,,,,
T1001692,terminal,Aerial Terminal,FDH104013,fdh,,,,,
T1001541,terminal,Aerial Terminal,FDH104004,fdh,,,,,
T1001818,terminal,Aerial Terminal,FDH104015,fdh,,,,,
T1001774,terminal,Aerial Terminal,FDH104014,fdh,,,,,
T1001768,terminal,MST,FDH104013,fdh,,,,,
T1001753,terminal,Aerial Terminal,FDH104013,fdh,,,,,
T1001571,terminal,Aerial Terminal,FDH104001,fdh,,,,,
T1001570,terminal,Aerial Terminal,FDH104005,fdh,,,,,
T1001515,terminal,MST,FDH104001,fdh,,,,,
T1001912,terminal,Aerial Terminal,FDH104002,fdh,,,,,
T1001884,terminal,Aerial Terminal,FDH104017,fdh,,,,,
T1001683,terminal,MST,FDH104006,fdh,,,,,
T1001685,terminal,Aerial Terminal,FDH104006,fdh,,,,,
T1001857,terminal,MST,FDH104017,fdh,,,,,
T1001650,terminal,Aerial Terminal,FDH104007,fdh,,,,,
T1001812,terminal,MST,FDH104015,fdh,,,,,
T1001778,terminal,Aerial Terminal,FDH104011,fdh,,,,,
T1001772,terminal,Aerial Terminal,FDH104012,fdh,,,,,
T1001764,terminal,Aerial Terminal,FDH104011,fdh,,,,,
T1001551,terminal,Aerial Terminal,FDH104004,fdh,,,,,
T1001548,terminal,Aerial Terminal,FDH104001,fdh,,,,,
T1001541,terminal,Aerial Terminal,FDH104004,fdh,,,,,
T1001515,terminal,MST,FDH104001,fdh,,,,,
T1001515,terminal,MST,FDH104001,fdh,,,,,
T1001511,terminal,MST,FDH104001,fdh,,,,,
T1001504,terminal,Aerial Terminal,FDH104001,fdh,,,,,
T1001502,terminal,Aerial Terminal,FDH104002,fdh,,,,,
T1001691,terminal,MST,FDH104013,fdh,,,,,
T1001874,terminal,Aerial Terminal,FDH104017,fdh,,,,,
T1001694,terminal,Aerial Terminal,FDH104013,fdh,,,,,
T1001650,terminal,Aerial Terminal,FDH104007,fdh,,,,,
T1001706,terminal,Aerial Terminal,FDH104013,fdh,,,,,
T1001663,terminal,MST,FDH104008,fdh,,,,,
T1001544,terminal,Aerial Terminal,FDH104003,fdh,,,,,
T1001687,terminal,Aerial Terminal,FDH104009,fdh,,,,,
T1001639,terminal,Aerial Terminal,FDH104006,fdh,,,,,
T1001720,terminal,MST,FDH104010,fdh,,,,,
T1001692,terminal,Aerial Terminal,FDH104013,fdh,,,,,
T1001674,terminal,Aerial Terminal,FDH104009,fdh,,,,,
T1001895,terminal,MST,FDH104015,fdh,,,,,
T1001889,terminal,MST,FDH104015,fdh,,,,,
T1001864,terminal,Aerial Terminal,FDH104017,fdh,,,,,
T1001852,terminal,MST,FDH104017,fdh,,,,,
T1001807,terminal,Aerial Terminal,FDH104015,fdh,,,,,
T1001761,terminal,Aerial Terminal,FDH104011,fdh,,,,,
T1001726,terminal,MST,FDH104010,fdh,,,,,
T1001715,terminal,Aerial Terminal,FDH104011,fdh,,,,,
T1001513,terminal,Aerial Terminal,FDH104001,fdh,,,,,
T1001838,terminal,MST,FDH104012,fdh,,,,,
T1001597,terminal,MST,FDH104004,fdh,,,,,
T1001520,terminal,Aerial Terminal,FDH104007,fdh,,,,,
T1001904,terminal,Aerial Terminal,FDH104015,fdh,,,,,
T1001698,terminal,MST,FDH104010,fdh,,,,,
T1001658,terminal,Aerial Terminal,FDH104006,fdh,,,,,
T1001683,terminal,MST,FDH104006,fdh,,,,,
T1001869,terminal,MST,FDH104017,fdh,,,,,
T1001851,terminal,Aerial Terminal,FDH104017,fdh,,,,,
T1001711,terminal,Aerial Terminal,FDH104011,fdh,,,,,
T1001590,terminal,MST,FDH104001,fdh,,,,,
T1001571,terminal,Aerial Terminal,FDH104001,fdh,,,,,
T1001559,terminal,Aerial Terminal,FDH104002,fdh,,,,,
T1001527,terminal,MST,FDH104003,fdh,,,,,
T1001532,terminal,MST,FDH104001,fdh,,,,,
T1001514,terminal,Aerial Terminal,FDH104001,fdh,,,,,
T1001906,terminal,MST,FDH104017,fdh,,,,,
T1001843,terminal,Aerial Terminal,FDH104017,fdh,,,,,
T1001859,terminal,Aerial Terminal,FDH104016,fdh,,,,,
T1001772,terminal,Aerial Terminal,FDH104012,fdh,,,,,
T1001598,terminal,Aerial Terminal,FDH104004,fdh,,,,,
T1001914,terminal,Aerial Terminal,FDH104001,fdh,,,,,
T1001580,terminal,MST,FDH104004,fdh,,,,,
T1001573,terminal,MST,FDH104001,fdh,,,,,
T1001548,terminal,Aerial Terminal,FDH104001,fdh,,,,,
T1001537,terminal,Aerial Terminal,FDH104002,fdh,,,,,
T1001522,terminal,Aerial Terminal,FDH104001,fdh,,,,,
T1001547,terminal,Aerial Terminal,FDH104001,fdh,,,,,
T1001705,terminal,Aerial Terminal,FDH104013,fdh,,,,,
T1001696,terminal,MST,FDH104010,fdh,,,,,
T1001556,terminal,MST,FDH104003,fdh,,,,,
T1001659,terminal,Aerial Terminal,FDH104006,fdh,,,,,
T1001539,terminal,Aerial Terminal,FDH104004,fdh,,,,,
T1001857,terminal,MST,FDH104017,fdh,,,,,
T1001824,terminal,Aerial Terminal,FDH104014,fdh,,,,,
T1001894,terminal,Aerial Terminal,FDH104015,fdh,,,,,
T1001880,terminal,MST,FDH104015,fdh,,,,,
T1001831,terminal,Aerial Terminal,FDH104017,fdh,,,,,
T1001658,terminal,Aerial Terminal,FDH104006,fdh,,,,,
T1001590,terminal,MST,FDH104001,fdh,,,,,
T1001589,terminal,MST,FDH104001,fdh,,,,,
T1001575,terminal,MST,FDH104004,fdh,,,,,
T1001573,terminal,MST,FDH104001,fdh,,,,,
T1001516,terminal,MST,FDH104001,fdh,,,,,
T1001912,terminal,Aerial Terminal,FDH104002,fdh,,,,,
T1001767,terminal,Aerial Terminal,FDH104012,fdh,,,,,
T1001908,terminal,MST,FDH104012,fdh,,,,,
T1001896,terminal,MST,FDH104015,fdh,,,,,
T1001889,terminal,MST,FDH104015,fdh,,,,,
T1001589,terminal,MST,FDH104001,fdh,,,,,
T1001536,terminal,Aerial Terminal,FDH104002,fdh,,,,,
T1001521,terminal,MST,FDH104001,fdh,,,,,
T1001506,terminal,MST,FDH104001,fdh,,,,,
T1001701,terminal,Aerial Terminal,FDH104010,fdh,,,,,
T1001638,terminal,Aerial Terminal,FDH104006,fdh,,,,,
T1001765,terminal,Aerial Terminal,FDH104012,fdh,,,,,
T1001854,terminal,Aerial Terminal,FDH104017,fdh,,,,,
T1001869,terminal,MST,FDH104017,fdh,,,,,
T1001756,terminal,MST,FDH104013,fdh,,,,,
T1001720,terminal,MST,FDH104010,fdh,,,,,
T1001901,terminal,Aerial Terminal,FDH104015,fdh,,,,,
T1001897,terminal,Aerial Terminal,FDH104015,fdh,,,,,
T1001897,terminal,Aerial Terminal,FDH104015,fdh,,,,,
T1001866,terminal,MST,FDH104015,fdh,,,,,
T1001812,terminal,MST,FDH104015,fdh,,,,,
T1001678,terminal,Aerial Terminal,FDH104006,fdh,,,,,
T1001540,terminal,Aerial Terminal,FDH104004,fdh,,,,,
T1001513,terminal,Aerial Terminal,FDH104001,fdh,,,,,
T1001562,terminal,Aerial Terminal,FDH104004,fdh,,,,,
T1001586,terminal,MST,FDH104003,fdh,,,,,
T1001545,terminal,Aerial Terminal,FDH104007,fdh,,,,,
T1001732,terminal,Aerial Terminal,FDH104010,fdh,,,,,
T1001854,terminal,Aerial Terminal,FDH104017,fdh,,,,,
T1001860,terminal,Aerial Terminal,FDH104016,fdh,,,,,
T1001856,terminal,MST,FDH104017,fdh,,,,,
T1001755,terminal,Aerial Terminal,FDH104013,fdh,,,,,
T1001599,terminal,Aerial Terminal,FDH104002,fdh,,,,,
T1001590,terminal,MST,FDH104001,fdh,,,,,
T1001516,terminal,MST,FDH104001,fdh,,,,,
T1001515,terminal,MST,FDH104001,fdh,,,,,
T1001515,terminal,MST,FDH104001,fdh,,,,,
T1001513,terminal,Aerial Terminal,FDH104001,fdh,,,,,
T1001508,terminal,Aerial Terminal,FDH104004,fdh,,,,,
T1001898,terminal,MST,FDH104014,fdh,,,,,
T1001896,terminal,MST,FDH104015,fdh,,,,,
T1001634,terminal,Aerial Terminal,FDH104007,fdh,,,,,
T1001583,terminal,MST,FDH104004,fdh,,,,,
T1001515,terminal,MST,FDH104001,fdh,,,,,
T1001515,terminal,MST,FDH104001,fdh,,,,,
T1001562,terminal,Aerial Terminal,FDH104004,fdh,,,,,
T1001908,terminal,MST,FDH104012,fdh,,,,,
T1001906,terminal,MST,FDH104017,fdh,,,,,
T1001869,terminal,MST,FDH104017,fdh,,,,,
T1001520,terminal,Aerial Terminal,FDH104007,fdh,,,,,
T1001878,terminal,Aerial Terminal,FDH104016,fdh,,,,,
T1001767,terminal,Aerial Terminal,FDH104012,fdh,,,,,
T1001660,terminal,Aerial Terminal,FDH104008,fdh,,,,,
T1001589,terminal,MST,FDH104001,fdh,,,,,
T1001543,terminal,MST,FDH104004,fdh,,,,,
T1001533,terminal,MST,FDH104002,fdh,,,,,
T1001517,terminal,Aerial Terminal,FDH104002,fdh,,,,,
T1001516,terminal,MST,FDH104001,fdh,,,,,
T1001515,terminal,MST,FDH104001,fdh,,,,,
T1001532,terminal,MST,FDH104001,fdh,,,,,
T1001514,terminal,Aerial Terminal,FDH104001,fdh,,,,,
T1001508,terminal,Aerial Terminal,FDH104004,fdh,,,,,
T1001581,terminal,MST,FDH104004,fdh,,,,,
T1001818,terminal,Aerial Terminal,FDH104015,fdh,,,,,
T1001817,terminal,Aerial Terminal,FDH104015,fdh,,,,,
T1001786,terminal,Aerial Terminal,FDH104014,fdh,,,,,
T1001779,terminal,Aerial Terminal,FDH104011,fdh,,,,,
T1001774,terminal,Aerial Terminal,FDH104014,fdh,,,,,
T1001773,terminal,Aerial Terminal,FDH104012,fdh,,,,,
T1001697,terminal,Aerial Terminal,FDH104011,fdh,,,,,
T1001646,terminal,MST,FDH104009,fdh,,,,,
T1001583,terminal,MST,FDH104004,fdh,,,,,
T1001573,terminal,MST,FDH104001,fdh,,,,,
T1001534,terminal,MST,FDH104002,fdh,,,,,
T1001532,terminal,MST,FDH104001,fdh,,,,,
T1001514,terminal,Aerial Terminal,FDH104001,fdh,,,,,
T1001456,terminal,Aerial Terminal,FDH104002,fdh,,,,,
T1001912,terminal,Aerial Terminal,FDH104002,fdh,,,,,
T1001860,terminal,Aerial Terminal,FDH104016,fdh,,,,,
T1001905,terminal,MST,FDH104012,fdh,,,,,
T1001717,terminal,MST,FDH104012,fdh,,,,,
T1001787,terminal,MST,FDH104014,fdh,,,,,
T1001765,terminal,Aerial Terminal,FDH104012,fdh,,,,,
T1001875,terminal,MST,FDH104015,fdh,,,,,
T1001647,terminal,Aerial Terminal,FDH104009,fdh,,,,,
T1001637,terminal,Aerial Terminal,FDH104006,fdh,,,,,
T1001630,terminal,MST,FDH104006,fdh,,,,,
T1001594,terminal,Aerial Terminal,FDH104001,fdh,,,,,
T1001590,terminal,MST,FDH104001,fdh,,,,,
T1001590,terminal,MST,FDH104001,fdh,,,,,
T1001590,terminal,MST,FDH104001,fdh,,,,,
T1001589,terminal,MST,FDH104001,fdh,,,,,
T1001588,terminal,MST,FDH104003,fdh,,,,,
T1001512,terminal,MST,FDH104001,fdh,,,,,
T1001503,terminal,Aerial Terminal,FDH104001,fdh,,,,,
T1001912,terminal,Aerial Terminal,FDH104002,fdh,,,,,
T1001907,terminal,MST,FDH104017,fdh,,,,,
T1001540,terminal,Aerial Terminal,FDH104004,fdh,,,,,
T1001894,terminal,Aerial Terminal,FDH104015,fdh,,,,,
T1001886,terminal,Aerial Terminal,FDH104015,fdh,,,,,
T1001855,terminal,Aerial Terminal,FDH104015,fdh,,,,,
T1001817,terminal,Aerial Terminal,FDH104015,fdh,,,,,
T1001789,terminal,Aerial Terminal,FDH104014,fdh,,,,,
T1001778,terminal,Aerial Terminal,FDH104011,fdh,,,,,
T1001773,terminal,Aerial Terminal,FDH104012,fdh,,,,,
T1001667,terminal,Aerial Terminal,FDH104007,fdh,,,,,
T1001635,terminal,Aerial Terminal,FDH104007,fdh,,,,,
T1001632,terminal,Aerial Terminal,FDH104007,fdh,,,,,
T1001596,terminal,MST,FDH104004,fdh,,,,,
T1001535,terminal,MST,FDH104004,fdh,,,,,
T1001516,terminal,MST,FDH104001,fdh,,,,,
T1001505,terminal,MST,FDH104001,fdh,,,,,
T1001901,terminal,Aerial Terminal,FDH104015,fdh,,,,,
T1001589,terminal,MST,FDH104001,fdh,,,,,
T1001589,terminal,MST,FDH104001,fdh,,,,,
T1001577,terminal,MST,FDH104001,fdh,,,,,
T1001538,terminal,Aerial Terminal,FDH104004,fdh,,,,,
T1001516,terminal,MST,FDH104001,fdh,,,,,
T1001516,terminal,MST,FDH104001,fdh,,,,,
T1001503,terminal,Aerial Terminal,FDH104001,fdh,,,,,
T1001869,terminal,MST,FDH104017,fdh,,,,,
T1001836,terminal,MST,FDH104017,fdh,,,,,
T1001773,terminal,Aerial Terminal,FDH104012,fdh,,,,,
T1001715,terminal,Aerial Terminal,FDH104011,fdh,,,,,
T1001700,terminal,Aerial Terminal,FDH104010,fdh,,,,,
T1001595,terminal,Aerial Terminal,FDH104001,fdh,,,,,
T1001589,terminal,MST,FDH104001,fdh,,,,,
T1001574,terminal,Aerial Terminal,FDH104004,fdh,,,,,
T1001565,terminal,Aerial Terminal,FDH104002,fdh,,,,,
T1001513,terminal,Aerial Terminal,FDH104001,fdh,,,,,
T1001805,terminal,MST,FDH104017,fdh,,,,,
T1001818,terminal,Aerial Terminal,FDH104015,fdh,,,,,
T1001757,terminal,MST,FDH104013,fdh,,,,,
T1001671,terminal,Aerial Terminal,FDH104008,fdh,,,,,
T1001590,terminal,MST,FDH104001,fdh,,,,,
T1001589,terminal,MST,FDH104001,fdh,,,,,
T1001565,terminal,Aerial Terminal,FDH104002,fdh,,,,,
T1001516,terminal,MST,FDH104001,fdh,,,,,
T1001513,terminal,Aerial Terminal,FDH104001,fdh,,,,,
T1001562,terminal,Aerial Terminal,FDH104004,fdh,,,,,
T1001582,terminal,MST,FDH104004,fdh,,,,,
T1001571,terminal,Aerial Terminal,FDH104001,fdh,,,,,
T1001569,terminal,MST,FDH104004,fdh,,,,,
T1001516,terminal,MST,FDH104001,fdh,,,,,
T1001563,terminal,Aerial Terminal,FDH104001,fdh,,,,,
T1001514,terminal,Aerial Terminal,FDH104001,fdh,,,,,
T1001911,terminal,MST,FDH104001,fdh,,,,,
T1001911,terminal,MST,FDH104001,fdh,,,,,
T1001604,terminal,Aerial Terminal,FDH104007,fdh,,,,,
T1001894,terminal,Aerial Terminal,FDH104015,fdh,,,,,
T1001880,terminal,MST,FDH104015,fdh,,,,,
T1001811,terminal,Aerial Terminal,FDH104015,fdh,,,,,
T1001775,terminal,Aerial Terminal,FDH104014,fdh,,,,,
T1001661,terminal,MST,FDH104008,fdh,,,,,
T1001590,terminal,MST,FDH104001,fdh,,,,,
T1001590,terminal,MST,FDH104001,fdh,,,,,
T1001574,terminal,Aerial Terminal,FDH104004,fdh,,,,,
T1001911,terminal,MST,FDH104001,fdh,,,,,
T1001510,terminal,Aerial Terminal,FDH104005,fdh,,,,,
T1001505,terminal,MST,FDH104001,fdh,,,,,
T1001505,terminal,MST,FDH104001,fdh,,,,,
T1001653,terminal,Aerial Terminal,FDH104007,fdh,,,,,
T1001861,terminal,Aerial Terminal,FDH104015,fdh,,,,,
T1001897,terminal,Aerial Terminal,FDH104015,fdh,,,,,
T1001875,terminal,MST,FDH104015,fdh,,,,,
T1001825,terminal,Aerial Terminal,FDH104014,fdh,,,,,
T1001595,terminal,Aerial Terminal,FDH104001,fdh,,,,,
T1001590,terminal,MST,FDH104001,fdh,,,,,
T1001589,terminal,MST,FDH104001,fdh,,,,,
T1001571,terminal,Aerial Terminal,FDH104001,fdh,,,,,
T1001561,terminal,MST,FDH104003,fdh,,,,,
T1001560,terminal,Aerial Terminal,FDH104002,fdh,,,,,
T1001551,terminal,Aerial Terminal,FDH104004,fdh,,,,,
T1001535,terminal,MST,FDH104004,fdh,,,,,
T1001524,terminal,Aerial Terminal,FDH104005,fdh,,,,,
T1001522,terminal,Aerial Terminal,FDH104001,fdh,,,,,
T1001516,terminal,MST,FDH104001,fdh,,,,,
T1001514,terminal,Aerial Terminal,FDH104001,fdh,,,,,
T1001506,terminal,MST,FDH104001,fdh,,,,,
T1001913,terminal,MST,FDH104001,fdh,,,,,
T1001502,terminal,Aerial Terminal,FDH104002,fdh,,,,,
T1001456,terminal,Aerial Terminal,FDH104002,fdh,,,,,
T1001562,terminal,Aerial Terminal,FDH104004,fdh,,,,,
T1001901,terminal,Aerial Terminal,FDH104015,fdh,,,,,
T1001678,terminal,Aerial Terminal,FDH104006,fdh,,,,,
T1001666,terminal,Aerial Terminal,FDH104007,fdh,,,,,
T1001589,terminal,MST,FDH104001,fdh,,,,,
T1001585,terminal,MST,FDH104003,fdh,,,,,
T1001584,terminal,MST,FDH104004,fdh,,,,,
T1001584,terminal,MST,FDH104004,fdh,,,,,
T1001564,terminal,Aerial Terminal,FDH104002,fdh,,,,,
T1001516,terminal,MST,FDH104001,fdh,,,,,
T1001514,terminal,Aerial Terminal,FDH104001,fdh,,,,,
T1001907,terminal,MST,FDH104017,fdh,,,,,
T1001772,terminal,Aerial Terminal,FDH104012,fdh,,,,,
T1001766,terminal,MST,FDH104011,fdh,,,,,
T1001737,terminal,Aerial Terminal,FDH104010,fdh,,,,,
T1001666,terminal,Aerial Terminal,FDH104007,fdh,,,,,
T1001642,terminal,Aerial Terminal,FDH104008,fdh,,,,,
T1001551,terminal,Aerial Terminal,FDH104004,fdh,,,,,
T1001541,terminal,Aerial Terminal,FDH104004,fdh,,,,,
T1001563,terminal,Aerial Terminal,FDH104001,fdh,,,,,
T1001653,terminal,Aerial Terminal,FDH104007,fdh,,,,,
T1001653,terminal,Aerial Terminal,FDH104007,fdh,,,,,
T1001904,terminal,Aerial Terminal,FDH104015,fdh,,,,,
T1001894,terminal,Aerial Terminal,FDH104015,fdh,,,,,
T1001832,terminal,Aerial Terminal,FDH104017,fdh,,,,,
T1001823,terminal,Aerial Terminal,FDH104014,fdh,,,,,
T1001740,terminal,Aerial Terminal,FDH104012,fdh,,,,,
T1001704,terminal,Aerial Terminal,FDH104012,fdh,,,,,
T1001590,terminal,MST,FDH104001,fdh,,,,,
T1001582,terminal,MST,FDH104004,fdh,,,,,
T1001550,terminal,MST,FDH104004,fdh,,,,,
T1001512,terminal,MST,FDH104001,fdh,,,,,
T1001512,terminal,MST,FDH104001,fdh,,,,,
T1001913,terminal,MST,FDH104001,fdh,,,,,
T1001504,terminal,Aerial Terminal,FDH104001,fdh,,,,,
T1001659,terminal,Aerial Terminal,FDH104006,fdh,,,,,
T1001676,terminal,Aerial Terminal,FDH104007,fdh,,,,,
T1001648,terminal,Aerial Terminal,FDH104009,fdh,,,,,
T1001894,terminal,Aerial Terminal,FDH104015,fdh,,,,,
T1001893,terminal,Aerial Terminal,FDH104015,fdh,,,,,
T1001888,terminal,Aerial Terminal,FDH104015,fdh,,,,,
T1001809,terminal,Aerial Terminal,FDH104014,fdh,,,,,
T1001775,terminal,Aerial Terminal,FDH104014,fdh,,,,,
T1001743,terminal,Aerial Terminal,FDH104012,fdh,,,,,
T1001621,terminal,Aerial Terminal,FDH104006,fdh,,,,,
T1001583,terminal,MST,FDH104004,fdh,,,,,
T1001575,terminal,MST,FDH104004,fdh,,,,,
T1001572,terminal,Aerial Terminal,FDH104001,fdh,,,,,
T1001516,terminal,MST,FDH104001,fdh,,,,,
T1001513,terminal,Aerial Terminal,FDH104001,fdh,,,,,
T1001868,terminal,Aerial Terminal,FDH104017,fdh,,,,,
T1001631,terminal,MST,FDH104006,fdh,,,,,
T1001594,terminal,Aerial Terminal,FDH104001,fdh,,,,,
T1001564,terminal,Aerial Terminal,FDH104002,fdh,,,,,
T1001509,terminal,Aerial Terminal,FDH104005,fdh,,,,,
T1001504,terminal,Aerial Terminal,FDH104001,fdh,,,,,
T1001672,terminal,Aerial Terminal,FDH104009,fdh,,,,,
T1001593,terminal,Aerial Terminal,FDH104007,fdh,,,,,
T1001589,terminal,MST,FDH104001,fdh,,,,,
T1001575,terminal,MST,FDH104004,fdh,,,,,
T1001569,terminal,MST,FDH104004,fdh,,,,,
T1001895,terminal,MST,FDH104015,fdh,,,,,
T1001654,terminal,Aerial Terminal,FDH104007,fdh,,,,,
T1001522,terminal,Aerial Terminal,FDH104001,fdh,,,,,
T1001539,terminal,Aerial Terminal,FDH104004,fdh,,,,,
T1001902,terminal,Aerial Terminal,FDH104015,fdh,,,,,
T1001892,terminal,MST,FDH104015,fdh,,,,,
T1001868,terminal,Aerial Terminal,FDH104017,fdh,,,,,
T1001808,terminal,Aerial Terminal,FDH104014,fdh,,,,,
T1001655,terminal,Aerial Terminal,FDH104007,fdh,,,,,
T1001584,terminal,MST,FDH104004,fdh,,,,,
T1001561,terminal,MST,FDH104003,fdh,,,,,
T1001547,terminal,Aerial Terminal,FDH104001,fdh,,,,,
T1001563,terminal,Aerial Terminal,FDH104001,fdh,,,,,
T1001514,terminal,Aerial Terminal,FDH104001,fdh,,,,,
T1001514,terminal,Aerial Terminal,FDH104001,fdh,,,,,
T1001627,terminal,Aerial Terminal,FDH104009,fdh,,,,,
T1001909,terminal,Aerial Terminal,FDH104015,fdh,,,,,
T1001900,terminal,Aerial Terminal,FDH104015,fdh,,,,,
T1001890,terminal,Aerial Terminal,FDH104017,fdh,,,,,
T1001778,terminal,Aerial Terminal,FDH104011,fdh,,,,,
T1001670,terminal,Aerial Terminal,FDH104008,fdh,,,,,
T1001620,terminal,Aerial Terminal,FDH104006,fdh,,,,,
T1001549,terminal,MST,FDH104001,fdh,,,,,
T1001502,terminal,Aerial Terminal,FDH104002,fdh,,,,,
T1001866,terminal,MST,FDH104015,fdh,,,,,
T1001812,terminal,MST,FDH104015,fdh,,,,,
T1001798,terminal,Aerial Terminal,FDH104017,fdh,,,,,
T1001708,terminal,Aerial Terminal,FDH104012,fdh,,,,,
T1001549,terminal,MST,FDH104001,fdh,,,,,
T1001541,terminal,Aerial Terminal,FDH104004,fdh,,,,,
T1001537,terminal,Aerial Terminal,FDH104002,fdh,,,,,
T1001456,terminal,Aerial Terminal,FDH104002,fdh,,,,,
T1001676,terminal,Aerial Terminal,FDH104007,fdh,,,,,
T1001904,terminal,Aerial Terminal,FDH104015,fdh,,,,,
T1001894,terminal,Aerial Terminal,FDH104015,fdh,,,,,
T1001870,terminal,Aerial Terminal,FDH104017,fdh,,,,,
T1001790,terminal,Aerial Terminal,FDH104014,fdh,,,,,
T1001645,terminal,MST,FDH104009,fdh,,,,,
T1001637,terminal,Aerial Terminal,FDH104006,fdh,,,,,
T1001583,terminal,MST,FDH104004,fdh,,,,,
T1001572,terminal,Aerial Terminal,FDH104001,fdh,,,,,
T1001559,terminal,Aerial Terminal,FDH104002,fdh,,,,,
T1001559,terminal,Aerial Terminal,FDH104002,fdh,,,,,
T1001542,terminal,Aerial Terminal,FDH104004,fdh,,,,,
T1001509,terminal,Aerial Terminal,FDH104005,fdh,,,,,
T1001861,terminal,Aerial Terminal,FDH104015,fdh,,,,,
T1001597,terminal,MST,FDH104004,fdh,,,,,
T1001904,terminal,Aerial Terminal,FDH104015,fdh,,,,,
T1001879,terminal,Aerial Terminal,FDH104016,fdh,,,,,
T1001772,terminal,Aerial Terminal,FDH104012,fdh,,,,,
T1001699,terminal,Aerial Terminal,FDH104010,fdh,,,,,
T1001688,terminal,Aerial Terminal,FDH104009,fdh,,,,,
T1001592,terminal,MST,FDH104005,fdh,,,,,
T1001571,terminal,Aerial Terminal,FDH104001,fdh,,,,,
T1001565,terminal,Aerial Terminal,FDH104002,fdh,,,,,
T1001873,terminal,Aerial Terminal,FDH104015,fdh,,,,,
T1001689,terminal,MST,FDH104008,fdh,,,,,
T1001575,terminal,MST,FDH104004,fdh,,,,,
T1001648,terminal,Aerial Terminal,FDH104009,fdh,,,,,
T1001896,terminal,MST,FDH104015,fdh,,,,,
T1001873,terminal,Aerial Terminal,FDH104015,fdh,,,,,
T1001828,terminal,Aerial Terminal,FDH104014,fdh,,,,,
T1001776,terminal,Aerial Terminal,FDH104012,fdh,,,,,
T1001774,terminal,Aerial Terminal,FDH104014,fdh,,,,,
T1001735,terminal,Aerial Terminal,FDH104010,fdh,,,,,
T1001686,terminal,Aerial Terminal,FDH104008,fdh,,,,,
T1001665,terminal,Aerial Terminal,FDH104007,fdh,,,,,
T1001591,terminal,Aerial Terminal,FDH104005,fdh,,,,,
T1001548,terminal,Aerial Terminal,FDH104001,fdh,,,,,
T1001563,terminal,Aerial Terminal,FDH104001,fdh,,,,,
T1001880,terminal,MST,FDH104015,fdh,,,,,
T1001874,terminal,Aerial Terminal,FDH104017,fdh,,,,,
T1001817,terminal,Aerial Terminal,FDH104015,fdh,,,,,
T1001738,terminal,Aerial Terminal,FDH104010,fdh,,,,,
T1001703,terminal,Aerial Terminal,FDH104010,fdh,,,,,
T1001588,terminal,MST,FDH104003,fdh,,,,,
T1001514,terminal,Aerial Terminal,FDH104001,fdh,,,,,
T1001597,terminal,MST,FDH104004,fdh,,,,,
T1001902,terminal,Aerial Terminal,FDH104015,fdh,,,,,
T1001880,terminal,MST,FDH104015,fdh,,,,,
T1001852,terminal,MST,FDH104017,fdh,,,,,
T1001829,terminal,Aerial Terminal,FDH104014,fdh,,,,,
T1001818,terminal,Aerial Terminal,FDH104015,fdh,,,,,
T1001571,terminal,Aerial Terminal,FDH104001,fdh,,,,,
T1001506,terminal,MST,FDH104001,fdh,,,,,
T1001913,terminal,MST,FDH104001,fdh,,,,,
T1001901,terminal,Aerial Terminal,FDH104015,fdh,,,,,
T1001889,terminal,MST,FDH104015,fdh,,,,,
T1001739,terminal,Aerial Terminal,FDH104012,fdh,,,,,
T1001711,terminal,Aerial Terminal,FDH104011,fdh,,,,,
T1001690,terminal,Aerial Terminal,FDH104014,fdh,,,,,
T1001898,terminal,MST,FDH104014,fdh,,,,,
T1001895,terminal,MST,FDH104015,fdh,,,,,
T1001879,terminal,Aerial Terminal,FDH104016,fdh,,,,,
T1001812,terminal,MST,FDH104015,fdh,,,,,
T1001774,terminal,Aerial Terminal,FDH104014,fdh,,,,,
T1001752,terminal,Aerial Terminal,FDH104013,fdh,,,,,
T1001708,terminal,Aerial Terminal,FDH104012,fdh,,,,,
T1001661,terminal,MST,FDH104008,fdh,,,,,
T1001622,terminal,Aerial Terminal,FDH104006,fdh,,,,,
T1001902,terminal,Aerial Terminal,FDH104015,fdh,,,,,
T1001901,terminal,Aerial Terminal,FDH104015,fdh,,,,,
T1001900,terminal,Aerial Terminal,FDH104015,fdh,,,,,
T1001797,terminal,Aerial Terminal,FDH104017,fdh,,,,,
T1001719,terminal,Aerial Terminal,FDH104010,fdh,,,,,
T1001713,terminal,MST,FDH104011,fdh,,,,,
T1001712,terminal,Aerial Terminal,FDH104011,fdh,,,,,
T1001626,terminal,Aerial Terminal,FDH104009,fdh,,,,,
T1001599,terminal,Aerial Terminal,FDH104002,fdh,,,,,
T1001552,terminal,Aerial Terminal,FDH104005,fdh,,,,,
T1001524,terminal,Aerial Terminal,FDH104005,fdh,,,,,
T1001900,terminal,Aerial Terminal,FDH104015,fdh,,,,,
T1001883,terminal,Aerial Terminal,FDH104016,fdh,,,,,
T1001832,terminal,Aerial Terminal,FDH104017,fdh,,,,,
T1001818,terminal,Aerial Terminal,FDH104015,fdh,,,,,
T1001773,terminal,Aerial Terminal,FDH104012,fdh,,,,,
T1001772,terminal,Aerial Terminal,FDH104012,fdh,,,,,
T1001739,terminal,Aerial Terminal,FDH104012,fdh,,,,,
T1001671,terminal,Aerial Terminal,FDH104008,fdh,,,,,
T1001907,terminal,MST,FDH104017,fdh,,,,,
T1001597,terminal,MST,FDH104004,fdh,,,,,
T1001680,terminal,Aerial Terminal,FDH104008,fdh,,,,,
T1001563,terminal,Aerial Terminal,FDH104001,fdh,,,,,
T1001910,terminal,Aerial Terminal,FDH104015,fdh,,,,,
T1001862,terminal,Aerial Terminal,FDH104017,fdh,,,,,
T1001827,terminal,Aerial Terminal,FDH104016,fdh,,,,,
T1001685,terminal,Aerial Terminal,FDH104006,fdh,,,,,
T1001655,terminal,Aerial Terminal,FDH104007,fdh,,,,,
T1001651,terminal,Aerial Terminal,FDH104007,fdh,,,,,
T1001577,terminal,MST,FDH104001,fdh,,,,,
T1001560,terminal,Aerial Terminal,FDH104002,fdh,,,,,
T1001509,terminal,Aerial Terminal,FDH104005,fdh,,,,,
T1001835,terminal,Aerial Terminal,FDH104017,fdh,,,,,
T1001817,terminal,Aerial Terminal,FDH104015,fdh,,,,,
T1001699,terminal,Aerial Terminal,FDH104010,fdh,,,,,
T1001624,terminal,Aerial Terminal,FDH104008,fdh,,,,,
T1001576,terminal,MST,FDH104003,fdh,,,,,
T1001591,terminal,Aerial Terminal,FDH104005,fdh,,,,,
T1001550,terminal,MST,FDH104004,fdh,,,,,
T1001722,terminal,Aerial Terminal,FDH104002,fdh,,,,,
T1001722,terminal,Aerial Terminal,FDH104002,fdh,,,,,
T1001818,terminal,Aerial Terminal,FDH104015,fdh,,,,,
T1001795,terminal,Aerial Terminal,FDH104017,fdh,,,,,
T1001773,terminal,Aerial Terminal,FDH104012,fdh,,,,,
T1001689,terminal,MST,FDH104008,fdh,,,,,
T1001651,terminal,Aerial Terminal,FDH104007,fdh,,,,,
T1001595,terminal,Aerial Terminal,FDH104001,fdh,,,,,
T1001914,terminal,Aerial Terminal,FDH104001,fdh,,,,,
T1001573,terminal,MST,FDH104001,fdh,,,,,
T1001909,terminal,Aerial Terminal,FDH104015,fdh,,,,,
T1001900,terminal,Aerial Terminal,FDH104015,fdh,,,,,
T1001894,terminal,Aerial Terminal,FDH104015,fdh,,,,,
T1001817,terminal,Aerial Terminal,FDH104015,fdh,,,,,
T1001914,terminal,Aerial Terminal,FDH104001,fdh,,,,,
T1001575,terminal,MST,FDH104004,fdh,,,,,
T1001564,terminal,Aerial Terminal,FDH104002,fdh,,,,,
T1001560,terminal,Aerial Terminal,FDH104002,fdh,,,,,
T1001550,terminal,MST,FDH104004,fdh,,,,,
T1001549,terminal,MST,FDH104001,fdh,,,,,
T1001722,terminal,Aerial Terminal,FDH104002,fdh,,,,,
T1001812,terminal,MST,FDH104015,fdh,,,,,
T1001695,terminal,MST,FDH104011,fdh,,,,,
T1001690,terminal,Aerial Terminal,FDH104014,fdh,,,,,
T1001546,terminal,Aerial Terminal,FDH104001,fdh,,,,,
T1001536,terminal,Aerial Terminal,FDH104002,fdh,,,,,
T1001902,terminal,Aerial Terminal,FDH104015,fdh,,,,,
T1001855,terminal,Aerial Terminal,FDH104015,fdh,,,,,
T1001777,terminal,MST,FDH104013,fdh,,,,,
T1001680,terminal,Aerial Terminal,FDH104008,fdh,,,,,
T1001596,terminal,MST,FDH104004,fdh,,,,,
T1001914,terminal,Aerial Terminal,FDH104001,fdh,,,,,
T1001577,terminal,MST,FDH104001,fdh,,,,,
T1001574,terminal,Aerial Terminal,FDH104004,fdh,,,,,
T1001513,terminal,Aerial Terminal,FDH104001,fdh,,,,,
T1001505,terminal,MST,FDH104001,fdh,,,,,
T1001843,terminal,Aerial Terminal,FDH104017,fdh,,,,,
T1001817,terminal,Aerial Terminal,FDH104015,fdh,,,,,
T1001776,terminal,Aerial Terminal,FDH104012,fdh,,,,,
T1001774,terminal,Aerial Terminal,FDH104014,fdh,,,,,
T1001687,terminal,Aerial Terminal,FDH104009,fdh,,,,,
T1001664,terminal,Aerial Terminal,FDH104007,fdh,,,,,
T1001565,terminal,Aerial Terminal,FDH104002,fdh,,,,,
T1001536,terminal,Aerial Terminal,FDH104002,fdh,,,,,
T1001519,terminal,Aerial Terminal,FDH104003,fdh,,,,,
T1001503,terminal,Aerial Terminal,FDH104001,fdh,,,,,
T1001777,terminal,MST,FDH104013,fdh,,,,,
T1001506,terminal,MST,FDH104001,fdh,,,,,
T1001901,terminal,Aerial Terminal,FDH104015,fdh,,,,,
T1001785,terminal,Aerial Terminal,FDH104014,fdh,,,,,
T1001750,terminal,Aerial Terminal,FDH104013,fdh,,,,,
T1001574,terminal,Aerial Terminal,FDH104004,fdh,,,,,
T1001573,terminal,MST,FDH104001,fdh,,,,,
T1001545,terminal,Aerial Terminal,FDH104007,fdh,,,,,
T1001456,terminal,Aerial Terminal,FDH104002,fdh,,,,,
T1001811,terminal,Aerial Terminal,FDH104015,fdh,,,,,
T1001715,terminal,Aerial Terminal,FDH104011,fdh,,,,,
T1001670,terminal,Aerial Terminal,FDH104008,fdh,,,,,
T1001559,terminal,Aerial Terminal,FDH104002,fdh,,,,,
T1001456,terminal,Aerial Terminal,FDH104002,fdh,,,,,
T1001866,terminal,MST,FDH104015,fdh,,,,,
T1001665,terminal,Aerial Terminal,FDH104007,fdh,,,,,
T1001596,terminal,MST,FDH104004,fdh,,,,,
T1001529,terminal,MST,FDH104004,fdh,,,,,
T1001812,terminal,MST,FDH104015,fdh,,,,,
T1001776,terminal,Aerial Terminal,FDH104012,fdh,,,,,
T1001774,terminal,Aerial Terminal,FDH104014,fdh,,,,,
T1001774,terminal,Aerial Terminal,FDH104014,fdh,,,,,
T1001697,terminal,Aerial Terminal,FDH104011,fdh,,,,,
T1001635,terminal,Aerial Terminal,FDH104007,fdh,,,,,
T1001570,terminal,Aerial Terminal,FDH104005,fdh,,,,,
T1001566,terminal,MST,FDH104002,fdh,,,,,
T1001508,terminal,Aerial Terminal,FDH104004,fdh,,,,,
T1001456,terminal,Aerial Terminal,FDH104002,fdh,,,,,
T1001899,terminal,Aerial Terminal,FDH104017,fdh,,,,,
T1001883,terminal,Aerial Terminal,FDH104016,fdh,,,,,
T1001715,terminal,Aerial Terminal,FDH104011,fdh,,,,,
T1001687,terminal,Aerial Terminal,FDH104009,fdh,,,,,
T1001677,terminal,Aerial Terminal,FDH104007,fdh,,,,,
T1001670,terminal,Aerial Terminal,FDH104008,fdh,,,,,
T1001541,terminal,Aerial Terminal,FDH104004,fdh,,,,,
T1001504,terminal,Aerial Terminal,FDH104001,fdh,,,,,
T1001503,terminal,Aerial Terminal,FDH104001,fdh,,,,,
T1001772,terminal,Aerial Terminal,FDH104012,fdh,,,,,
T1001762,terminal,MST,FDH104011,fdh,,,,,
T1001508,terminal,Aerial Terminal,FDH104004,fdh,,,,,
T1001812,terminal,MST,FDH104015,fdh,,,,,
T1001779,terminal,Aerial Terminal,FDH104011,fdh,,,,,
T1001663,terminal,MST,FDH104008,fdh,,,,,
T1001652,terminal,Aerial Terminal,FDH104007,fdh,,,,,
T1001506,terminal,MST,FDH104001,fdh,,,,,
T1001912,terminal,Aerial Terminal,FDH104002,fdh,,,,,
T1001733,terminal,MST,FDH104010,fdh,,,,,
T1001883,terminal,Aerial Terminal,FDH104016,fdh,,,,,
T1001879,terminal,Aerial Terminal,FDH104016,fdh,,,,,
T1001867,terminal,Aerial Terminal,FDH104016,fdh,,,,,
T1001835,terminal,Aerial Terminal,FDH104017,fdh,,,,,
T1001818,terminal,Aerial Terminal,FDH104015,fdh,,,,,
T1001711,terminal,Aerial Terminal,FDH104011,fdh,,,,,
T1001686,terminal,Aerial Terminal,FDH104008,fdh,,,,,
T1001667,terminal,Aerial Terminal,FDH104007,fdh,,,,,
T1001655,terminal,Aerial Terminal,FDH104007,fdh,,,,,
T1001596,terminal,MST,FDH104004,fdh,,,,,
T1001583,terminal,MST,FDH104004,fdh,,,,,
T1001550,terminal,MST,FDH104004,fdh,,,,,
T1001540,terminal,Aerial Terminal,FDH104004,fdh,,,,,
T1001597,terminal,MST,FDH104004,fdh,,,,,
T1001910,terminal,Aerial Terminal,FDH104015,fdh,,,,,
T1001871,terminal,MST,FDH104015,fdh,,,,,
T1001817,terminal,Aerial Terminal,FDH104015,fdh,,,,,
T1001682,terminal,Aerial Terminal,FDH104009,fdh,,,,,
T1001664,terminal,Aerial Terminal,FDH104007,fdh,,,,,
T1001509,terminal,Aerial Terminal,FDH104005,fdh,,,,,
T1001503,terminal,Aerial Terminal,FDH104001,fdh,,,,,
T1001904,terminal,Aerial Terminal,FDH104015,fdh,,,,,
T1001902,terminal,Aerial Terminal,FDH104015,fdh,,,,,
T1001897,terminal,Aerial Terminal,FDH104015,fdh,,,,,
T1001896,terminal,MST,FDH104015,fdh,,,,,
T1001882,terminal,Aerial Terminal,FDH104017,fdh,,,,,
T1001858,terminal,Aerial Terminal,FDH104016,fdh,,,,,
T1001826,terminal,Aerial Terminal,FDH104016,fdh,,,,,
T1001771,terminal,MST,FDH104010,fdh,,,,,
T1001564,terminal,Aerial Terminal,FDH104002,fdh,,,,,
T1001889,terminal,MST,FDH104015,fdh,,,,,
T1001811,terminal,Aerial Terminal,FDH104015,fdh,,,,,
T1001687,terminal,Aerial Terminal,FDH104009,fdh,,,,,
T1001506,terminal,MST,FDH104001,fdh,,,,,
T1001853,terminal,Aerial Terminal,FDH104017,fdh,,,,,
T1001682,terminal,Aerial Terminal,FDH104009,fdh,,,,,
T1001636,terminal,Aerial Terminal,FDH104006,fdh,,,,,
T1001536,terminal,Aerial Terminal,FDH104002,fdh,,,,,
T1001902,terminal,Aerial Terminal,FDH104015,fdh,,,,,
T1001892,terminal,MST,FDH104015,fdh,,,,,
T1001890,terminal,Aerial Terminal,FDH104017,fdh,,,,,
T1001889,terminal,MST,FDH104015,fdh,,,,,
T1001811,terminal,Aerial Terminal,FDH104015,fdh,,,,,
T1001685,terminal,Aerial Terminal,FDH104006,fdh,,,,,
T1001506,terminal,MST,FDH104001,fdh,,,,,
T1001722,terminal,Aerial Terminal,FDH104002,fdh,,,,,
T1001858,terminal,Aerial Terminal,FDH104016,fdh,,,,,
T1001736,terminal,Aerial Terminal,FDH104010,fdh,,,,,
T1001860,terminal,Aerial Terminal,FDH104016,fdh,,,,,
T1001859,terminal,Aerial Terminal,FDH104016,fdh,,,,,
T1001695,terminal,MST,FDH104011,fdh,,,,,
T1001674,terminal,Aerial Terminal,FDH104009,fdh,,,,,
T1001914,terminal,Aerial Terminal,FDH104001,fdh,,,,,
T1001588,terminal,MST,FDH104003,fdh,,,,,
T1001582,terminal,MST,FDH104004,fdh,,,,,
T1001577,terminal,MST,FDH104001,fdh,,,,,
T1001561,terminal,MST,FDH104003,fdh,,,,,
T1001504,terminal,Aerial Terminal,FDH104001,fdh,,,,,
T1001845,terminal,Aerial Terminal,FDH104014,fdh,,,,,
T1001818,terminal,Aerial Terminal,FDH104015,fdh,,,,,
T1001715,terminal,Aerial Terminal,FDH104011,fdh,,,,,
T1001714,terminal,Aerial Terminal,FDH104011,fdh,,,,,
T1001690,terminal,Aerial Terminal,FDH104014,fdh,,,,,
T1001557,terminal,MST,FDH104003,fdh,,,,,
T1001536,terminal,Aerial Terminal,FDH104002,fdh,,,,,
T1001509,terminal,Aerial Terminal,FDH104005,fdh,,,,,
T1001506,terminal,MST,FDH104001,fdh,,,,,
T1001503,terminal,Aerial Terminal,FDH104001,fdh,,,,,
T1001896,terminal,MST,FDH104015,fdh,,,,,
T1001823,terminal,Aerial Terminal,FDH104014,fdh,,,,,
T1001531,terminal,MST,FDH104003,fdh,,,,,
T1001867,terminal,Aerial Terminal,FDH104016,fdh,,,,,
T1001812,terminal,MST,FDH104015,fdh,,,,,
T1001697,terminal,Aerial Terminal,FDH104011,fdh,,,,,
T1001642,terminal,Aerial Terminal,FDH104008,fdh,,,,,
T1001561,terminal,MST,FDH104003,fdh,,,,,
T1001849,terminal,MST,FDH104017,fdh,,,,,
T1001776,terminal,Aerial Terminal,FDH104012,fdh,,,,,
T1001742,terminal,Aerial Terminal,FDH104012,fdh,,,,,
T1001629,terminal,MST,FDH104006,fdh,,,,,
T1001599,terminal,Aerial Terminal,FDH104002,fdh,,,,,
T1001581,terminal,MST,FDH104004,fdh,,,,,
T1001591,terminal,Aerial Terminal,FDH104005,fdh,,,,,
T1001548,terminal,Aerial Terminal,FDH104001,fdh,,,,,
T1001509,terminal,Aerial Terminal,FDH104005,fdh,,,,,
T1001504,terminal,Aerial Terminal,FDH104001,fdh,,,,,
T1001890,terminal,Aerial Terminal,FDH104017,fdh,,,,,
T1001776,terminal,Aerial Terminal,FDH104012,fdh,,,,,
T1001775,terminal,Aerial Terminal,FDH104014,fdh,,,,,
T1001571,terminal,Aerial Terminal,FDH104001,fdh,,,,,
T1001542,terminal,Aerial Terminal,FDH104004,fdh,,,,,
T1001818,terminal,Aerial Terminal,FDH104015,fdh,,,,,
T1001690,terminal,Aerial Terminal,FDH104014,fdh,,,,,
T1001681,terminal,Aerial Terminal,FDH104008,fdh,,,,,
T1001649,terminal,Aerial Terminal,FDH104009,fdh,,,,,
T1001646,terminal,MST,FDH104009,fdh,,,,,
T1001541,terminal,Aerial Terminal,FDH104004,fdh,,,,,
T1001535,terminal,MST,FDH104004,fdh,,,,,
T1001535,terminal,MST,FDH104004,fdh,,,,,
T1001524,terminal,Aerial Terminal,FDH104005,fdh,,,,,
T1001524,terminal,Aerial Terminal,FDH104005,fdh,,,,,
T1001811,terminal,Aerial Terminal,FDH104015,fdh,,,,,
T1001775,terminal,Aerial Terminal,FDH104014,fdh,,,,,
T1001763,terminal,Aerial Terminal,FDH104011,fdh,,,,,
T1001714,terminal,Aerial Terminal,FDH104011,fdh,,,,,
T1001713,terminal,MST,FDH104011,fdh,,,,,
T1001696,terminal,MST,FDH104010,fdh,,,,,
T1001683,terminal,MST,FDH104006,fdh,,,,,
T1001647,terminal,Aerial Terminal,FDH104009,fdh,,,,,
T1001567,terminal,Aerial Terminal,FDH104004,fdh,,,,,
T1001722,terminal,Aerial Terminal,FDH104002,fdh,,,,,
T1001859,terminal,Aerial Terminal,FDH104016,fdh,,,,,
T1001855,terminal,Aerial Terminal,FDH104015,fdh,,,,,
T1001772,terminal,Aerial Terminal,FDH104012,fdh,,,,,
T1001599,terminal,Aerial Terminal,FDH104002,fdh,,,,,
T1001551,terminal,Aerial Terminal,FDH104004,fdh,,,,,
T1001722,terminal,Aerial Terminal,FDH104002,fdh,,,,,
T1001886,terminal,Aerial Terminal,FDH104015,fdh,,,,,
T1001830,terminal,MST,FDH104017,fdh,,,,,
T1001811,terminal,Aerial Terminal,FDH104015,fdh,,,,,
T1001760,terminal,Aerial Terminal,FDH104011,fdh,,,,,
T1001693,terminal,Aerial Terminal,FDH104013,fdh,,,,,
T1001692,terminal,Aerial Terminal,FDH104013,fdh,,,,,
T1001660,terminal,Aerial Terminal,FDH104008,fdh,,,,,
T1001656,terminal,Aerial Terminal,FDH104006,fdh,,,,,
T1001549,terminal,MST,FDH104001,fdh,,,,,
T1001543,terminal,MST,FDH104004,fdh,,,,,
T1001536,terminal,Aerial Terminal,FDH104002,fdh,,,,,
T1001733,terminal,MST,FDH104010,fdh,,,,,
T1001900,terminal,Aerial Terminal,FDH104015,fdh,,,,,
T1001779,terminal,Aerial Terminal,FDH104011,fdh,,,,,
T1001774,terminal,Aerial Terminal,FDH104014,fdh,,,,,
T1001710,terminal,MST,FDH104011,fdh,,,,,
T1001700,terminal,Aerial Terminal,FDH104010,fdh,,,,,
T1001660,terminal,Aerial Terminal,FDH104008,fdh,,,,,
T1001536,terminal,Aerial Terminal,FDH104002,fdh,,,,,
T1002500,terminal,Aerial Terminal,FDH106001,fdh,,,,,
T1002501,terminal,MST,FDH106001,fdh,,,,,
T1002502,terminal,Aerial Terminal,FDH106001,fdh,,,,,
T1002503,terminal,Aerial Terminal,FDH106001,fdh,,,,,
T1002503,terminal,Aerial Terminal,FDH106001,fdh,,,,,
T1002504,terminal,Aerial Terminal,FDH106001,fdh,,,,,
T1002504,terminal,Aerial Terminal,FDH106001,fdh,,,,,
T1002505,terminal,Aerial Terminal,FDH106001,fdh,,,,,
T1002505,terminal,Aerial Terminal,FDH106001,fdh,,,,,
T1002506,terminal,Aerial Terminal,FDH106001,fdh,,,,,
T1002506,terminal,Aerial Terminal,FDH106001,fdh,,,,,
T1002506,terminal,Aerial Terminal,FDH106001,fdh,,,,,
T1002507,terminal,Aerial Terminal,FDH106001,fdh,,,,,
T1002507,terminal,Aerial Terminal,FDH106001,fdh,,,,,
T1002507,terminal,Aerial Terminal,FDH106001,fdh,,,,,
T1002507,terminal,Aerial Terminal,FDH106001,fdh,,,,,
T1002507,terminal,Aerial Terminal,FDH106001,fdh,,,,,
T1002508,terminal,Aerial Terminal,FDH106001,fdh,,,,,
T1002508,terminal,Aerial Terminal,FDH106001,fdh,,,,,
T1002508,terminal,Aerial Terminal,FDH106001,fdh,,,,,
T1002508,terminal,Aerial Terminal,FDH106001,fdh,,,,,
T1002509,terminal,Aerial Terminal,FDH106001,fdh,,,,,
T1002509,terminal,Aerial Terminal,FDH106001,fdh,,,,,
T1002510,terminal,Aerial Terminal,FDH106001,fdh,,,,,
T1002511,terminal,Aerial Terminal,FDH106001,fdh,,,,,
T1002511,terminal,Aerial Terminal,FDH106001,fdh,,,,,
T1002511,terminal,Aerial Terminal,FDH106001,fdh,,,,,
T1002511,terminal,Aerial Terminal,FDH106001,fdh,,,,,
T1002512,terminal,Aerial Terminal,FDH106001,fdh,,,,,
T1002512,terminal,Aerial Terminal,FDH106001,fdh,,,,,
T1002512,terminal,Aerial Terminal,FDH106001,fdh,,,,,
T1002512,terminal,Aerial Terminal,FDH106001,fdh,,,,,
T1002512,terminal,Aerial Terminal,FDH106001,fdh,,,,,
T1002513,terminal,Aerial Terminal,FDH106001,fdh,,,,,
T1002513,terminal,Aerial Terminal,FDH106001,fdh,,,,,
T1002513,terminal,Aerial Terminal,FDH106001,fdh,,,,,
T1002514,terminal,Aerial Terminal,FDH106001,fdh,,,,,
T1002514,terminal,Aerial Terminal,FDH106001,fdh,,,,,
T1002514,terminal,Aerial Terminal,FDH106001,fdh,,,,,
T1002514,terminal,Aerial Terminal,FDH106001,fdh,,,,,
T1002514,terminal,Aerial Terminal,FDH106001,fdh,,,,,
T1002515,terminal,Aerial Terminal,FDH106001,fdh,,,,,
T1002515,terminal,Aerial Terminal,FDH106001,fdh,,,,,
T1002515,terminal,Aerial Terminal,FDH106001,fdh,,,,,
T1002515,terminal,Aerial Terminal,FDH106001,fdh,,,,,
T1002515,terminal,Aerial Terminal,FDH106001,fdh,,,,,
T1002515,terminal,Aerial Terminal,FDH106001,fdh,,,,,
T1002515,terminal,Aerial Terminal,FDH106001,fdh,,,,,
T1002516,terminal,Aerial Terminal,FDH106001,fdh,,,,,
T1002516,terminal,Aerial Terminal,FDH106001,fdh,,,,,
T1002517,terminal,Aerial Terminal,FDH106001,fdh,,,,,
T1002517,terminal,Aerial Terminal,FDH106001,fdh,,,,,
T1002517,terminal,Aerial Terminal,FDH106001,fdh,,,,,
T1002518,terminal,Aerial Terminal,FDH106001,fdh,,,,,
T1002519,terminal,Aerial Terminal,FDH106001,fdh,,,,,
T1002519,terminal,Aerial Terminal,FDH106001,fdh,,,,,
T1002520,terminal,Aerial Terminal,FDH106001,fdh,,,,,
T1002521,terminal,Aerial Terminal,FDH106001,fdh,,,,,
T1002521,terminal,Aerial Terminal,FDH106001,fdh,,,,,
T1002522,terminal,Aerial Terminal,FDH106001,fdh,,,,,
T1002523,terminal,Aerial Terminal,FDH106001,fdh,,,,,
T1002523,terminal,Aerial Terminal,FDH106001,fdh,,,,,
T1002523,terminal,Aerial Terminal,FDH106001,fdh,,,,,
T1002523,terminal,Aerial Terminal,FDH106001,fdh,,,,,
T1002523,terminal,Aerial Terminal,FDH106001,fdh,,,,,
T1002523,terminal,Aerial Terminal,FDH106001,fdh,,,,,
T1002524,terminal,Aerial Terminal,FDH106001,fdh,,,,,
T1002524,terminal,Aerial Terminal,FDH106001,fdh,,,,,
T1002525,terminal,Aerial Terminal,FDH106001,fdh,,,,,
T1002526,terminal,Aerial Terminal,FDH106001,fdh,,,,,
T1002527,terminal,Aerial Terminal,FDH106001,fdh,,,,,
T1002527,terminal,Aerial Terminal,FDH106001,fdh,,,,,
T1002527,terminal,Aerial Terminal,FDH106001,fdh,,,,,
T1002527,terminal,Aerial Terminal,FDH106001,fdh,,,,,
T1002528,terminal,Aerial Terminal,FDH106001,fdh,,,,,
T1002528,terminal,Aerial Terminal,FDH106001,fdh,,,,,
T1002528,terminal,Aerial Terminal,FDH106001,fdh,,,,,
T1002529,terminal,Aerial Terminal,FDH106001,fdh,,,,,
T1002529,terminal,Aerial Terminal,FDH106001,fdh,,,,,
T1002529,terminal,Aerial Terminal,FDH106001,fdh,,,,,
T1002529,terminal,Aerial Terminal,FDH106001,fdh,,,,,
T1002530,terminal,Aerial Terminal,FDH106001,fdh,,,,,
T1002530,terminal,Aerial Terminal,FDH106001,fdh,,,,,
T1002530,terminal,Aerial Terminal,FDH106001,fdh,,,,,
T1002530,terminal,Aerial Terminal,FDH106001,fdh,,,,,
T1002531,terminal,Aerial Terminal,FDH106001,fdh,,,,,
T1002531,terminal,Aerial Terminal,FDH106001,fdh,,,,,
T1002532,terminal,Aerial Terminal,FDH106001,fdh,,,,,
T1002532,terminal,Aerial Terminal,FDH106001,fdh,,,,,
T1002533,terminal,Aerial Terminal,FDH106001,fdh,,,,,
T1002534,terminal,Aerial Terminal,FDH106001,fdh,,,,,
T1002535,terminal,Aerial Terminal,FDH106001,fdh,,,,,
T1002535,terminal,Aerial Terminal,FDH106001,fdh,,,,,
T1002535,terminal,Aerial Terminal,FDH106001,fdh,,,,,
T1002535,terminal,Aerial Terminal,FDH106001,fdh,,,,,
T1002535,terminal,Aerial Terminal,FDH106001,fdh,,,,,
T1002535,terminal,Aerial Terminal,FDH106001,fdh,,,,,
T1002535,terminal,Aerial Terminal,FDH106001,fdh,,,,,
T1002535,terminal,Aerial Terminal,FDH106001,fdh,,,,,
T1002535,terminal,Aerial Terminal,FDH106001,fdh,,,,,
T1002536,terminal,Aerial Terminal,FDH106001,fdh,,,,,
T1002536,terminal,Aerial Terminal,FDH106001,fdh,,,,,
T1002536,terminal,Aerial Terminal,FDH106001,fdh,,,,,
T1002536,terminal,Aerial Terminal,FDH106001,fdh,,,,,
T1002536,terminal,Aerial Terminal,FDH106001,fdh,,,,,
T1002537,terminal,Aerial Terminal,FDH106001,fdh,,,,,
T1002538,terminal,Aerial Terminal,FDH106001,fdh,,,,,
T1002538,terminal,Aerial Terminal,FDH106001,fdh,,,,,
T1002538,terminal,Aerial Terminal,FDH106001,fdh,,,,,
T1002538,terminal,Aerial Terminal,FDH106001,fdh,,,,,
T1002539,terminal,Aerial Terminal,FDH106001,fdh,,,,,
T1002539,terminal,Aerial Terminal,FDH106001,fdh,,,,,
T1002539,terminal,Aerial Terminal,FDH106001,fdh,,,,,
T1002539,terminal,Aerial Terminal,FDH106001,fdh,,,,,
T1002539,terminal,Aerial Terminal,FDH106001,fdh,,,,,
T1002539,terminal,Aerial Terminal,FDH106001,fdh,,,,,
T1002540,terminal,Aerial Terminal,FDH106001,fdh,,,,,
T1002540,terminal,Aerial Terminal,FDH106001,fdh,,,,,
T1002540,terminal,Aerial Terminal,FDH106001,fdh,,,,,
T1002541,terminal,Aerial Terminal,FDH106001,fdh,,,,,
T1002541,terminal,Aerial Terminal,FDH106001,fdh,,,,,
T1002541,terminal,Aerial Terminal,FDH106001,fdh,,,,,
T1002541,terminal,Aerial Terminal,FDH106001,fdh,,,,,
T1002542,terminal,Aerial Terminal,FDH106001,fdh,,,,,
T1002542,terminal,Aerial Terminal,FDH106001,fdh,,,,,
T1002542,terminal,Aerial Terminal,FDH106001,fdh,,,,,
T1002542,terminal,Aerial Terminal,FDH106001,fdh,,,,,
T1002543,terminal,Aerial Terminal,FDH106005,fdh,,,,,
T1002543,terminal,Aerial Terminal,FDH106005,fdh,,,,,
T1002544,terminal,Aerial Terminal,FDH106005,fdh,,,,,
T1002544,terminal,Aerial Terminal,FDH106005,fdh,,,,,
T1002545,terminal,Aerial Terminal,FDH106005,fdh,,,,,
T1002545,terminal,Aerial Terminal,FDH106005,fdh,,,,,
T1002545,terminal,Aerial Terminal,FDH106005,fdh,,,,,
T1002546,terminal,Aerial Terminal,FDH106005,fdh,,,,,
T1002546,terminal,Aerial Terminal,FDH106005,fdh,,,,,
T1002546,terminal,Aerial Terminal,FDH106005,fdh,,,,,
T1002547,terminal,Aerial Terminal,FDH106005,fdh,,,,,
T1002547,terminal,Aerial Terminal,FDH106005,fdh,,,,,
T1002547,terminal,Aerial Terminal,FDH106005,fdh,,,,,
T1002547,terminal,Aerial Terminal,FDH106005,fdh,,,,,
T1002548,terminal,Aerial Terminal,FDH106005,fdh,,,,,
T1002548,terminal,Aerial Terminal,FDH106005,fdh,,,,,
T1002548,terminal,Aerial Terminal,FDH106005,fdh,,,,,
T1002548,terminal,Aerial Terminal,FDH106005,fdh,,,,,
T1002549,terminal,Aerial Terminal,FDH106005,fdh,,,,,
T1002549,terminal,Aerial Terminal,FDH106005,fdh,,,,,
T1002549,terminal,Aerial Terminal,FDH106005,fdh,,,,,
T1002549,terminal,Aerial Terminal,FDH106005,fdh,,,,,
T1002550,terminal,Aerial Terminal,FDH106005,fdh,,,,,
T1002550,terminal,Aerial Terminal,FDH106005,fdh,,,,,
T1002550,terminal,Aerial Terminal,FDH106005,fdh,,,,,
T1002551,terminal,Aerial Terminal,FDH106005,fdh,,,,,
T1002551,terminal,Aerial Terminal,FDH106005,fdh,,,,,
T1002551,terminal,Aerial Terminal,FDH106005,fdh,,,,,
T1002551,terminal,Aerial Terminal,FDH106005,fdh,,,,,
T1002552,terminal,Aerial Terminal,FDH106005,fdh,,,,,
T1002552,terminal,Aerial Terminal,FDH106005,fdh,,,,,
T1002553,terminal,Aerial Terminal,FDH106005,fdh,,,,,
T1002553,terminal,Aerial Terminal,FDH106005,fdh,,,,,
T1002553,terminal,Aerial Terminal,FDH106005,fdh,,,,,
T1002553,terminal,Aerial Terminal,FDH106005,fdh,,,,,
T1002554,terminal,Aerial Terminal,FDH106005,fdh,,,,,
T1002554,terminal,Aerial Terminal,FDH106005,fdh,,,,,
T1002555,terminal,Aerial Terminal,FDH106005,fdh,,,,,
T1002555,terminal,Aerial Terminal,FDH106005,fdh,,,,,
T1002557,terminal,MST,FDH106005,fdh,,,,,
T1002557,terminal,MST,FDH106005,fdh,,,,,
T1002557,terminal,MST,FDH106005,fdh,,,,,
T1002556,terminal,MST,FDH106005,fdh,,,,,
T1002557,terminal,MST,FDH106005,fdh,,,,,
T1002557,terminal,MST,FDH106005,fdh,,,,,
T1002557,terminal,MST,FDH106005,fdh,,,,,
T1002557,terminal,MST,FDH106005,fdh,,,,,
T1002557,terminal,MST,FDH106005,fdh,,,,,
T1002557,terminal,MST,FDH106005,fdh,,,,,
T1002556,terminal,MST,FDH106005,fdh,,,,,
T1002556,terminal,MST,FDH106005,fdh,,,,,
T1002557,terminal,MST,FDH106005,fdh,,,,,
T1002558,terminal,MST,FDH106005,fdh,,,,,
T1002558,terminal,MST,FDH106005,fdh,,,,,
T1002559,terminal,Aerial Terminal,FDH106005,fdh,,,,,
T1002560,terminal,Aerial Terminal,FDH106005,fdh,,,,,
T1002560,terminal,Aerial Terminal,FDH106005,fdh,,,,,
T1002561,terminal,Aerial Terminal,FDH106005,fdh,,,,,
T1002561,terminal,Aerial Terminal,FDH106005,fdh,,,,,
T1002562,terminal,Aerial Terminal,FDH106005,fdh,,,,,
T1002562,terminal,Aerial Terminal,FDH106005,fdh,,,,,
T1002562,terminal,Aerial Terminal,FDH106005,fdh,,,,,
T1002563,terminal,Aerial Terminal,FDH106005,fdh,,,,,
T1002563,terminal,Aerial Terminal,FDH106005,fdh,,,,,
T1002564,terminal,Aerial Terminal,FDH106005,fdh,,,,,
T1002564,terminal,Aerial Terminal,FDH106005,fdh,,,,,
T1002565,terminal,Aerial Terminal,FDH106005,fdh,,,,,
T1002565,terminal,Aerial Terminal,FDH106005,fdh,,,,,
T1002566,terminal,Aerial Terminal,FDH106005,fdh,,,,,
T1002567,terminal,MST,FDH106005,fdh,,,,,
T1002567,terminal,MST,FDH106005,fdh,,,,,
T1002568,terminal,Aerial Terminal,FDH106005,fdh,,,,,
T1002569,terminal,MST,FDH106005,fdh,,,,,
T1002569,terminal,MST,FDH106005,fdh,,,,,
T1002569,terminal,MST,FDH106005,fdh,,,,,
T1002569,terminal,MST,FDH106005,fdh,,,,,
T1002569,terminal,MST,FDH106005,fdh,,,,,
T1002570,terminal,MST,FDH106005,fdh,,,,,
T1002570,terminal,MST,FDH106005,fdh,,,,,
T1002570,terminal,MST,FDH106005,fdh,,,,,
T1002570,terminal,MST,FDH106005,fdh,,,,,
T1002571,terminal,Aerial Terminal,FDH106005,fdh,,,,,
T1002571,terminal,Aerial Terminal,FDH106005,fdh,,,,,
T1002571,terminal,Aerial Terminal,FDH106005,fdh,,,,,
T1002571,terminal,Aerial Terminal,FDH106005,fdh,,,,,
T1002571,terminal,Aerial Terminal,FDH106005,fdh,,,,,
T1002571,terminal,Aerial Terminal,FDH106005,fdh,,,,,
T1002571,terminal,Aerial Terminal,FDH106005,fdh,,,,,
T1002572,terminal,Aerial Terminal,FDH106005,fdh,,,,,
T1002572,terminal,Aerial Terminal,FDH106005,fdh,,,,,
T1002572,terminal,Aerial Terminal,FDH106005,fdh,,,,,
T1002573,terminal,Aerial Terminal,FDH106005,fdh,,,,,
T1002573,terminal,Aerial Terminal,FDH106005,fdh,,,,,
T1002573,terminal,Aerial Terminal,FDH106005,fdh,,,,,
T1002574,terminal,MST,FDH106005,fdh,,,,,
T1002574,terminal,MST,FDH106005,fdh,,,,,
T1002574,terminal,MST,FDH106005,fdh,,,,,
T1002575,terminal,Aerial Terminal,FDH106005,fdh,,,,,
T1002575,terminal,Aerial Terminal,FDH106005,fdh,,,,,
T1002575,terminal,Aerial Terminal,FDH106005,fdh,,,,,
T1002576,terminal,Aerial Terminal,FDH106004,fdh,,,,,
T1002576,terminal,Aerial Terminal,FDH106004,fdh,,,,,
T1002577,terminal,MST,FDH106004,fdh,,,,,
T1002577,terminal,MST,FDH106004,fdh,,,,,
T1002577,terminal,MST,FDH106004,fdh,,,,,
T1002577,terminal,MST,FDH106004,fdh,,,,,
T1002577,terminal,MST,FDH106004,fdh,,,,,
T1002578,terminal,Aerial Terminal,FDH106004,fdh,,,,,
T1002578,terminal,Aerial Terminal,FDH106004,fdh,,,,,
T1002578,terminal,Aerial Terminal,FDH106004,fdh,,,,,
T1002579,terminal,MST,FDH106004,fdh,,,,,
T1002579,terminal,MST,FDH106004,fdh,,,,,
T1002580,terminal,Aerial Terminal,FDH106004,fdh,,,,,
T1002580,terminal,Aerial Terminal,FDH106004,fdh,,,,,
T1002580,terminal,Aerial Terminal,FDH106004,fdh,,,,,
T1002581,terminal,MST,FDH106004,fdh,,,,,
T1002581,terminal,MST,FDH106004,fdh,,,,,
T1002581,terminal,MST,FDH106004,fdh,,,,,
T1002581,terminal,MST,FDH106004,fdh,,,,,
T1002581,terminal,MST,FDH106004,fdh,,,,,
T1002581,terminal,MST,FDH106004,fdh,,,,,
T1002581,terminal,MST,FDH106004,fdh,,,,,
T1002581,terminal,MST,FDH106004,fdh,,,,,
T1002583,terminal,Aerial Terminal,FDH106004,fdh,,,,,
T1002582,terminal,MST,FDH106004,fdh,,,,,
T1002583,terminal,Aerial Terminal,FDH106004,fdh,,,,,
T1002582,terminal,MST,FDH106004,fdh,,,,,
T1002582,terminal,MST,FDH106004,fdh,,,,,
T1002583,terminal,Aerial Terminal,FDH106004,fdh,,,,,
T1002583,terminal,Aerial Terminal,FDH106004,fdh,,,,,
T1002583,terminal,Aerial Terminal,FDH106004,fdh,,,,,
T1002584,terminal,MST,FDH106004,fdh,,,,,
T1002584,terminal,MST,FDH106004,fdh,,,,,
T1002584,terminal,MST,FDH106004,fdh,,,,,
T1002584,terminal,MST,FDH106004,fdh,,,,,
T1002584,terminal,MST,FDH106004,fdh,,,,,
T1002585,terminal,Aerial Terminal,FDH106004,fdh,,,,,
T1002585,terminal,Aerial Terminal,FDH106004,fdh,,,,,
T1002586,terminal,Aerial Terminal,FDH106004,fdh,,,,,
T1002586,terminal,Aerial Terminal,FDH106004,fdh,,,,,
T1002586,terminal,Aerial Terminal,FDH106004,fdh,,,,,
T1002586,terminal,Aerial Terminal,FDH106004,fdh,,,,,
T1002586,terminal,Aerial Terminal,FDH106004,fdh,,,,,
T1002587,terminal,Aerial Terminal,FDH106004,fdh,,,,,
T1002587,terminal,Aerial Terminal,FDH106004,fdh,,,,,
T1002587,terminal,Aerial Terminal,FDH106004,fdh,,,,,
T1002588,terminal,Aerial Terminal,FDH106004,fdh,,,,,
T1002588,terminal,Aerial Terminal,FDH106004,fdh,,,,,
T1002588,terminal,Aerial Terminal,FDH106004,fdh,,,,,
T1002588,terminal,Aerial Terminal,FDH106004,fdh,,,,,
T1002588,terminal,Aerial Terminal,FDH106004,fdh,,,,,
T1002588,terminal,Aerial Terminal,FDH106004,fdh,,,,,
T1002589,terminal,Aerial Terminal,FDH106004,fdh,,,,,
T1002589,terminal,Aerial Terminal,FDH106004,fdh,,,,,
T1002589,terminal,Aerial Terminal,FDH106004,fdh,,,,,
T1002589,terminal,Aerial Terminal,FDH106004,fdh,,,,,
T1002590,terminal,Aerial Terminal,FDH106004,fdh,,,,,
T1002590,terminal,Aerial Terminal,FDH106004,fdh,,,,,
T1002590,terminal,Aerial Terminal,FDH106004,fdh,,,,,
T1002590,terminal,Aerial Terminal,FDH106004,fdh,,,,,
T1002590,terminal,Aerial Terminal,FDH106004,fdh,,,,,
T1002590,terminal,Aerial Terminal,FDH106004,fdh,,,,,
T1002590,terminal,Aerial Terminal,FDH106004,fdh,,,,,
T1002591,terminal,Aerial Terminal,FDH106004,fdh,,,,,
T1002591,terminal,Aerial Terminal,FDH106004,fdh,,,,,
T1002591,terminal,Aerial Terminal,FDH106004,fdh,,,,,
T1002591,terminal,Aerial Terminal,FDH106004,fdh,,,,,
T1002591,terminal,Aerial Terminal,FDH106004,fdh,,,,,
T1002591,terminal,Aerial Terminal,FDH106004,fdh,,,,,
T1002592,terminal,Aerial Terminal,FDH106004,fdh,,,,,
T1002592,terminal,Aerial Terminal,FDH106004,fdh,,,,,
T1002592,terminal,Aerial Terminal,FDH106004,fdh,,,,,
T1002593,terminal,Aerial Terminal,FDH106004,fdh,,,,,
T1002593,terminal,Aerial Terminal,FDH106004,fdh,,,,,
T1002593,terminal,Aerial Terminal,FDH106004,fdh,,,,,
T1002593,terminal,Aerial Terminal,FDH106004,fdh,,,,,
T1002593,terminal,Aerial Terminal,FDH106004,fdh,,,,,
T1002594,terminal,Aerial Terminal,FDH106004,fdh,,,,,
T1002594,terminal,Aerial Terminal,FDH106004,fdh,,,,,
T1002594,terminal,Aerial Terminal,FDH106004,fdh,,,,,
T1002595,terminal,MST,FDH106004,fdh,,,,,
T1002595,terminal,MST,FDH106004,fdh,,,,,
T1002595,terminal,MST,FDH106004,fdh,,,,,
T1002595,terminal,MST,FDH106004,fdh,,,,,
T1002595,terminal,MST,FDH106004,fdh,,,,,
T1002596,terminal,MST,FDH106004,fdh,,,,,
T1002596,terminal,MST,FDH106004,fdh,,,,,
T1002596,terminal,MST,FDH106004,fdh,,,,,
T1002596,terminal,MST,FDH106004,fdh,,,,,
T1002597,terminal,Aerial Terminal,FDH106004,fdh,,,,,
T1002597,terminal,Aerial Terminal,FDH106004,fdh,,,,,
T1002597,terminal,Aerial Terminal,FDH106004,fdh,,,,,
T1002598,terminal,Aerial Terminal,FDH106004,fdh,,,,,
T1002599,terminal,Aerial Terminal,FDH106004,fdh,,,,,
T1002599,terminal,Aerial Terminal,FDH106004,fdh,,,,,
T1002599,terminal,Aerial Terminal,FDH106004,fdh,,,,,
T1002599,terminal,Aerial Terminal,FDH106004,fdh,,,,,
T1002599,terminal,Aerial Terminal,FDH106004,fdh,,,,,
T1002599,terminal,Aerial Terminal,FDH106004,fdh,,,,,
T1002600,terminal,MST,FDH106004,fdh,,,,,
T1002600,terminal,MST,FDH106004,fdh,,,,,
T1002600,terminal,MST,FDH106004,fdh,,,,,
T1002600,terminal,MST,FDH106004,fdh,,,,,
T1002600,terminal,MST,FDH106004,fdh,,,,,
T1002601,terminal,Aerial Terminal,FDH106004,fdh,,,,,
T1002601,terminal,Aerial Terminal,FDH106004,fdh,,,,,
T1002601,terminal,Aerial Terminal,FDH106004,fdh,,,,,
T1002602,terminal,Aerial Terminal,FDH106004,fdh,,,,,
T1002602,terminal,Aerial Terminal,FDH106004,fdh,,,,,
T1002602,terminal,Aerial Terminal,FDH106004,fdh,,,,,
T1002602,terminal,Aerial Terminal,FDH106004,fdh,,,,,
T1002602,terminal,Aerial Terminal,FDH106004,fdh,,,,,
T1002602,terminal,Aerial Terminal,FDH106004,fdh,,,,,
T1002602,terminal,Aerial Terminal,FDH106004,fdh,,,,,
T1002603,terminal,Aerial Terminal,FDH106004,fdh,,,,,
T1002603,terminal,Aerial Terminal,FDH106004,fdh,,,,,
T1002604,terminal,Aerial Terminal,FDH106002,fdh,,,,,
T1002604,terminal,Aerial Terminal,FDH106002,fdh,,,,,
T1002605,terminal,Aerial Terminal,FDH106002,fdh,,,,,
T1002605,terminal,Aerial Terminal,FDH106002,fdh,,,,,
T1002606,terminal,MST,FDH106002,fdh,,,,,
T1002606,terminal,MST,FDH106002,fdh,,,,,
T1002607,terminal,Aerial Terminal,FDH106002,fdh,,,,,
T1002608,terminal,MST,FDH106002,fdh,,,,,
T1002608,terminal,MST,FDH106002,fdh,,,,,
T1002609,terminal,MST,FDH106002,fdh,,,,,
T1002610,terminal,Aerial Terminal,FDH106002,fdh,,,,,
T1002611,terminal,Aerial Terminal,FDH106002,fdh,,,,,
T1002612,terminal,MST,FDH106002,fdh,,,,,
T1002613,terminal,Aerial Terminal,FDH106002,fdh,,,,,
T1002613,terminal,Aerial Terminal,FDH106002,fdh,,,,,
T1002614,terminal,Aerial Terminal,FDH106002,fdh,,,,,
T1002615,terminal,Aerial Terminal,FDH106002,fdh,,,,,
T1002615,terminal,Aerial Terminal,FDH106002,fdh,,,,,
T1002616,terminal,MST,FDH106002,fdh,,,,,
T1002616,terminal,MST,FDH106002,fdh,,,,,
T1002616,terminal,MST,FDH106002,fdh,,,,,
T1002616,terminal,MST,FDH106002,fdh,,,,,
T1002616,terminal,MST,FDH106002,fdh,,,,,
T1002617,terminal,MST,FDH106002,fdh,,,,,
T1002625,terminal,MST,FDH106002,fdh,,,,,
T1002617,terminal,MST,FDH106002,fdh,,,,,
T1002617,terminal,MST,FDH106002,fdh,,,,,
T1002689,terminal,MST,FDH106002,fdh,,,,,
T1002689,terminal,MST,FDH106002,fdh,,,,,
T1002689,terminal,MST,FDH106002,fdh,,,,,
T1002619,terminal,MST,FDH106002,fdh,,,,,
T1002619,terminal,MST,FDH106002,fdh,,,,,
T1002619,terminal,MST,FDH106002,fdh,,,,,
T1002619,terminal,MST,FDH106002,fdh,,,,,
T1002619,terminal,MST,FDH106002,fdh,,,,,
T1002629,terminal,MST,FDH106002,fdh,,,,,
T1002688,terminal,MST,FDH106002,fdh,,,,,
T1002688,terminal,MST,FDH106002,fdh,,,,,
T1002688,terminal,MST,FDH106002,fdh,,,,,
T1002621,terminal,MST,FDH106002,fdh,,,,,
T1002621,terminal,MST,FDH106002,fdh,,,,,
T1002621,terminal,MST,FDH106002,fdh,,,,,
T1002621,terminal,MST,FDH106002,fdh,,,,,
T1002621,terminal,MST,FDH106002,fdh,,,,,
T1002622,terminal,Aerial Terminal,FDH106002,fdh,,,,,
T1002622,terminal,Aerial Terminal,FDH106002,fdh,,,,,
T1002623,terminal,Aerial Terminal,FDH106002,fdh,,,,,
T1002624,terminal,Aerial Terminal,FDH106002,fdh,,,,,
T1002624,terminal,Aerial Terminal,FDH106002,fdh,,,,,
T1002624,terminal,Aerial Terminal,FDH106002,fdh,,,,,
T1002625,terminal,MST,FDH106002,fdh,,,,,
T1002625,terminal,MST,FDH106002,fdh,,,,,
T1002690,terminal,MST,FDH106002,fdh,,,,,
T1002626,terminal,Aerial Terminal,FDH106002,fdh,,,,,
T1002626,terminal,Aerial Terminal,FDH106002,fdh,,,,,
T1002626,terminal,Aerial Terminal,FDH106002,fdh,,,,,
T1002627,terminal,Aerial Terminal,FDH106002,fdh,,,,,
T1002627,terminal,Aerial Terminal,FDH106002,fdh,,,,,
T1002627,terminal,Aerial Terminal,FDH106002,fdh,,,,,
T1002627,terminal,Aerial Terminal,FDH106002,fdh,,,,,
T1002628,terminal,Aerial Terminal,FDH106002,fdh,,,,,
T1002628,terminal,Aerial Terminal,FDH106002,fdh,,,,,
T1002629,terminal,MST,FDH106002,fdh,,,,,
T1002629,terminal,MST,FDH106002,fdh,,,,,
T1002629,terminal,MST,FDH106002,fdh,,,,,
T1002629,terminal,MST,FDH106002,fdh,,,,,
T1002629,terminal,MST,FDH106002,fdh,,,,,
T1002629,terminal,MST,FDH106002,fdh,,,,,
T1002629,terminal,MST,FDH106002,fdh,,,,,
T1002629,terminal,MST,FDH106002,fdh,,,,,
T1002630,terminal,Aerial Terminal,FDH106002,fdh,,,,,
T1002630,terminal,Aerial Terminal,FDH106002,fdh,,,,,
T1002630,terminal,Aerial Terminal,FDH106002,fdh,,,,,
T1002631,terminal,Aerial Terminal,FDH106002,fdh,,,,,
T1002631,terminal,Aerial Terminal,FDH106002,fdh,,,,,
T1002631,terminal,Aerial Terminal,FDH106002,fdh,,,,,
T1002632,terminal,Aerial Terminal,FDH106002,fdh,,,,,
T1002632,terminal,Aerial Terminal,FDH106002,fdh,,,,,
T1002633,terminal,Aerial Terminal,FDH106002,fdh,,,,,
T1002633,terminal,Aerial Terminal,FDH106002,fdh,,,,,
T1002633,terminal,Aerial Terminal,FDH106002,fdh,,,,,
T1002634,terminal,Aerial Terminal,FDH106002,fdh,,,,,
T1002635,terminal,Aerial Terminal,FDH106002,fdh,,,,,
T1002635,terminal,Aerial Terminal,FDH106002,fdh,,,,,
T1002635,terminal,Aerial Terminal,FDH106002,fdh,,,,,
T1002636,terminal,Aerial Terminal,FDH106002,fdh,,,,,
T1002636,terminal,Aerial Terminal,FDH106002,fdh,,,,,
T1002636,terminal,Aerial Terminal,FDH106002,fdh,,,,,
T1002637,terminal,Aerial Terminal,FDH106002,fdh,,,,,
T1002637,terminal,Aerial Terminal,FDH106002,fdh,,,,,
T1002637,terminal,Aerial Terminal,FDH106002,fdh,,,,,
T1002638,terminal,Aerial Terminal,FDH106002,fdh,,,,,
T1002638,terminal,Aerial Terminal,FDH106002,fdh,,,,,
T1002638,terminal,Aerial Terminal,FDH106002,fdh,,,,,
T1002639,terminal,Aerial Terminal,FDH106002,fdh,,,,,
T1002639,terminal,Aerial Terminal,FDH106002,fdh,,,,,
T1002639,terminal,Aerial Terminal,FDH106002,fdh,,,,,
T1002639,terminal,Aerial Terminal,FDH106002,fdh,,,,,
T1002639,terminal,Aerial Terminal,FDH106002,fdh,,,,,
T1002640,terminal,Aerial Terminal,FDH106002,fdh,,,,,
T1002641,terminal,Aerial Terminal,FDH106002,fdh,,,,,
T1002641,terminal,Aerial Terminal,FDH106002,fdh,,,,,
T1002641,terminal,Aerial Terminal,FDH106002,fdh,,,,,
T1002641,terminal,Aerial Terminal,FDH106002,fdh,,,,,
T1002641,terminal,Aerial Terminal,FDH106002,fdh,,,,,
T1002642,terminal,Aerial Terminal,FDH106002,fdh,,,,,
T1002642,terminal,Aerial Terminal,FDH106002,fdh,,,,,
T1002642,terminal,Aerial Terminal,FDH106002,fdh,,,,,
T1002643,terminal,Aerial Terminal,FDH106002,fdh,,,,,
T1002643,terminal,Aerial Terminal,FDH106002,fdh,,,,,
T1002643,terminal,Aerial Terminal,FDH106002,fdh,,,,,
T1002644,terminal,MST,FDH106002,fdh,,,,,
T1002644,terminal,MST,FDH106002,fdh,,,,,
T1002691,terminal,MST,FDH106002,fdh,,,,,
T1002691,terminal,MST,FDH106002,fdh,,,,,
T1002691,terminal,MST,FDH106002,fdh,,,,,
T1002644,terminal,MST,FDH106002,fdh,,,,,
T1002644,terminal,MST,FDH106002,fdh,,,,,
T1002645,terminal,Aerial Terminal,FDH106002,fdh,,,,,
T1002645,terminal,Aerial Terminal,FDH106002,fdh,,,,,
T1002646,terminal,Aerial Terminal,FDH106002,fdh,,,,,
T1002647,terminal,Aerial Terminal,FDH106002,fdh,,,,,
T1002648,terminal,Aerial Terminal,FDH106001,fdh,,,,,
T1002648,terminal,Aerial Terminal,FDH106001,fdh,,,,,
T1002648,terminal,Aerial Terminal,FDH106001,fdh,,,,,
T1002649,terminal,Aerial Terminal,FDH106005,fdh,,,,,
T1002650,terminal,Aerial Terminal,FDH106005,fdh,,,,,
T1002651,terminal,Aerial Terminal,FDH106005,fdh,,,,,
T1002652,terminal,Aerial Terminal,FDH106005,fdh,,,,,
T1002652,terminal,Aerial Terminal,FDH106005,fdh,,,,,
T1002653,terminal,Aerial Terminal,FDH106005,fdh,,,,,
T1002653,terminal,Aerial Terminal,FDH106005,fdh,,,,,
T1002653,terminal,Aerial Terminal,FDH106005,fdh,,,,,
T1002654,terminal,Aerial Terminal,FDH106005,fdh,,,,,
T1002654,terminal,Aerial Terminal,FDH106005,fdh,,,,,
T1002655,terminal,Aerial Terminal,FDH106005,fdh,,,,,
T1002656,terminal,Aerial Terminal,FDH106005,fdh,,,,,
T1002657,terminal,Aerial Terminal,FDH106005,fdh,,,,,
T1002658,terminal,Aerial Terminal,FDH106005,fdh,,,,,
T1002659,terminal,Aerial Terminal,FDH106005,fdh,,,,,
T1002659,terminal,Aerial Terminal,FDH106005,fdh,,,,,
T1002659,terminal,Aerial Terminal,FDH106005,fdh,,,,,
T1002660,terminal,Aerial Terminal,FDH106005,fdh,,,,,
T1002661,terminal,MST,FDH106002,fdh,,,,,
T1002661,terminal,MST,FDH106002,fdh,,,,,
T1002661,terminal,MST,FDH106002,fdh,,,,,
T1002661,terminal,MST,FDH106002,fdh,,,,,
T1002661,terminal,MST,FDH106002,fdh,,,,,
T1002686,terminal,MST,FDH106002,fdh,,,,,
T1002686,terminal,MST,FDH106002,fdh,,,,,
T1002662,terminal,MST,FDH106002,fdh,,,,,
T1002662,terminal,MST,FDH106002,fdh,,,,,
T1002662,terminal,MST,FDH106002,fdh,,,,,
T1002662,terminal,MST,FDH106002,fdh,,,,,
T1002663,terminal,Aerial Terminal,FDH106001,fdh,,,,,
T1002663,terminal,Aerial Terminal,FDH106001,fdh,,,,,
T1002663,terminal,Aerial Terminal,FDH106001,fdh,,,,,
T1002663,terminal,Aerial Terminal,FDH106001,fdh,,,,,
T1002665,terminal,Aerial Terminal,FDH106002,fdh,,,,,
T1002664,terminal,Aerial Terminal,FDH106002,fdh,,,,,
T1002665,terminal,Aerial Terminal,FDH106002,fdh,,,,,
T1002665,terminal,Aerial Terminal,FDH106002,fdh,,,,,
T1002666,terminal,Aerial Terminal,FDH106002,fdh,,,,,
T1002667,terminal,Aerial Terminal,FDH106002,fdh,,,,,
T1002668,terminal,Aerial Terminal,FDH106002,fdh,,,,,
T1002669,terminal,Aerial Terminal,FDH106002,fdh,,,,,
T1002670,terminal,Aerial Terminal,FDH106002,fdh,,,,,
T1002671,terminal,Aerial Terminal,FDH106002,fdh,,,,,
T1002671,terminal,Aerial Terminal,FDH106002,fdh,,,,,
T1002672,terminal,Aerial Terminal,FDH106002,fdh,,,,,
T1002672,terminal,Aerial Terminal,FDH106002,fdh,,,,,
T1002672,terminal,Aerial Terminal,FDH106002,fdh,,,,,
T1002673,terminal,Aerial Terminal,FDH106002,fdh,,,,,
T1002673,terminal,Aerial Terminal,FDH106002,fdh,,,,,
T1002674,terminal,Aerial Terminal,FDH106002,fdh,,,,,
T1002674,terminal,Aerial Terminal,FDH106002,fdh,,,,,
T1002675,terminal,Aerial Terminal,FDH106001,fdh,,,,,
T1002676,terminal,Aerial Terminal,FDH106001,fdh,,,,,
T1002676,terminal,Aerial Terminal,FDH106001,fdh,,,,,
T1002676,terminal,Aerial Terminal,FDH106001,fdh,,,,,
T1002676,terminal,Aerial Terminal,FDH106001,fdh,,,,,
T1002676,terminal,Aerial Terminal,FDH106001,fdh,,,,,
T1002677,terminal,Aerial Terminal,FDH106001,fdh,,,,,
T1002677,terminal,Aerial Terminal,FDH106001,fdh,,,,,
T1002677,terminal,Aerial Terminal,FDH106001,fdh,,,,,
T1002677,terminal,Aerial Terminal,FDH106001,fdh,,,,,
T1002678,terminal,Aerial Terminal,FDH106001,fdh,,,,,
T1002679,terminal,Aerial Terminal,FDH106001,fdh,,,,,
T1002680,terminal,Aerial Terminal,FDH106001,fdh,,,,,
T1002681,terminal,Aerial Terminal,FDH106005,fdh,,,,,
T1002681,terminal,Aerial Terminal,FDH106005,fdh,,,,,
T1002682,terminal,Aerial Terminal,FDH106005,fdh,,,,,
T1002683,terminal,Aerial Terminal,FDH106001,fdh,,,,,
T1002683,terminal,Aerial Terminal,FDH106001,fdh,,,,,
T1002683,terminal,Aerial Terminal,FDH106001,fdh,,,,,
T1002684,terminal,Aerial Terminal,FDH106004,fdh,,,,,
T1002684,terminal,Aerial Terminal,FDH106004,fdh,,,,,
T1002684,terminal,Aerial Terminal,FDH106004,fdh,,,,,
T1002684,terminal,Aerial Terminal,FDH106004,fdh,,,,,
T1002684,terminal,Aerial Terminal,FDH106004,fdh,,,,,
T1002643,terminal,Aerial Terminal,FDH106002,fdh,,,,,
T1002643,terminal,Aerial Terminal,FDH106002,fdh,,,,,
T1002687,terminal,MST,FDH106002,fdh,,,,,
T1002685,terminal,MST,FDH106005,fdh,,,,,
T1002620,terminal,MST,FDH106002,fdh,,,,,
T1002623,terminal,Aerial Terminal,FDH106002,fdh,,,,,
T1002669,terminal,Aerial Terminal,FDH106002,fdh,,,,,
T1002644,terminal,MST,FDH106002,fdh,,,,,
T1002535,terminal,Aerial Terminal,FDH106001,fdh,,,,,
T2000341,terminal,Aerial Terminal,FDH201051,fdh,,,,,
T2000269,terminal,Aerial Terminal,FDH201010,fdh,,,,,
T2000468,terminal,Aerial Terminal,FDH201008,fdh,,,,,
T2000274,terminal,Aerial Terminal,FDH201010,fdh,,,,,
T2000273,terminal,Aerial Terminal,FDH201010,fdh,,,,,
T2000273,terminal,Aerial Terminal,FDH201010,fdh,,,,,
T2000272,terminal,Aerial Terminal,FDH201010,fdh,,,,,
T2000272,terminal,Aerial Terminal,FDH201010,fdh,,,,,
T2000269,terminal,Aerial Terminal,FDH201010,fdh,,,,,
T2000468,terminal,Aerial Terminal,FDH201008,fdh,,,,,
T2000260,terminal,Aerial Terminal,FDH201004,fdh,,,,,
T2000835,terminal,Aerial Terminal,FDH202007,fdh,,,,,
T2000288,terminal,Aerial Terminal,FDH201004,fdh,,,,,
T2000288,terminal,Aerial Terminal,FDH201004,fdh,,,,,
T2000288,terminal,Aerial Terminal,FDH201004,fdh,,,,,
T2000286,terminal,Aerial Terminal,FDH201004,fdh,,,,,
T2000286,terminal,Aerial Terminal,FDH201004,fdh,,,,,
T2000285,terminal,Aerial Terminal,FDH201004,fdh,,,,,
T2000043,terminal,MST,FDH202045,fdh,,,,,
T2000043,terminal,MST,FDH202045,fdh,,,,,
T2000043,terminal,MST,FDH202045,fdh,,,,,
T2000043,terminal,MST,FDH202045,fdh,,,,,
T2000043,terminal,MST,FDH202045,fdh,,,,,
T2000046,terminal,Aerial Terminal,FDH202045,fdh,,,,,
T2000046,terminal,Aerial Terminal,FDH202045,fdh,,,,,
T2000047,terminal,Aerial Terminal,FDH202045,fdh,,,,,
T2000047,terminal,Aerial Terminal,FDH202045,fdh,,,,,
T2000047,terminal,Aerial Terminal,FDH202045,fdh,,,,,
T2000047,terminal,Aerial Terminal,FDH202045,fdh,,,,,
T2000047,terminal,Aerial Terminal,FDH202045,fdh,,,,,
T2000690,terminal,Aerial Terminal,FDH201037,fdh,,,,,
T2000594,terminal,Aerial Terminal,FDH201033,fdh,,,,,
T2000139,terminal,Aerial Terminal,FDH202031,fdh,,,,,
T2000152,terminal,Aerial Terminal,FDH202027,fdh,,,,,
T2000698,terminal,MST,FDH201039,fdh,,,,,
T2000715,terminal,Aerial Terminal,FDH201038,fdh,,,,,
T2000699,terminal,Aerial Terminal,FDH201039,fdh,,,,,
T2000203,terminal,Aerial Terminal,FDH201037,fdh,,,,,
T2000711,terminal,Aerial Terminal,FDH201038,fdh,,,,,
T2000713,terminal,Aerial Terminal,FDH201038,fdh,,,,,
T2000710,terminal,Aerial Terminal,FDH201038,fdh,,,,,
T2000712,terminal,Aerial Terminal,FDH201038,fdh,,,,,
T2000692,terminal,MST,FDH201037,fdh,,,,,
T2000713,terminal,Aerial Terminal,FDH201038,fdh,,,,,
T2000646,terminal,Aerial Terminal,FDH201036,fdh,,,,,
T2000665,terminal,Aerial Terminal,FDH201043,fdh,,,,,
T2000666,terminal,Aerial Terminal,FDH201043,fdh,,,,,
T2000027,terminal,Aerial Terminal,FDH201036,fdh,,,,,
T2000668,terminal,Aerial Terminal,FDH201043,fdh,,,,,
T2000665,terminal,Aerial Terminal,FDH201043,fdh,,,,,
T2000027,terminal,Aerial Terminal,FDH201036,fdh,,,,,
T2000715,terminal,Aerial Terminal,FDH201038,fdh,,,,,
T2000711,terminal,Aerial Terminal,FDH201038,fdh,,,,,
T2000722,terminal,Aerial Terminal,FDH201041,fdh,,,,,
T2000449,terminal,Aerial Terminal,FDH201017,fdh,,,,,
T2000541,terminal,MST,FDH201014,fdh,,,,,
T2000422,terminal,Aerial Terminal,FDH201013,fdh,,,,,
T2000422,terminal,Aerial Terminal,FDH201013,fdh,,,,,
T2000422,terminal,Aerial Terminal,FDH201013,fdh,,,,,
T2000547,terminal,Aerial Terminal,FDH201017,fdh,,,,,
T2000541,terminal,MST,FDH201014,fdh,,,,,
T2000245,terminal,Aerial Terminal,FDH201008,fdh,,,,,
T2000355,terminal,Aerial Terminal,FDH201015,fdh,,,,,
T2000245,terminal,Aerial Terminal,FDH201008,fdh,,,,,
T2000479,terminal,Aerial Terminal,FDH201025,fdh,,,,,
T2000415,terminal,Aerial Terminal,FDH201016,fdh,,,,,
T2000822,terminal,MST,FDH201016,fdh,,,,,
T2000416,terminal,Aerial Terminal,FDH201016,fdh,,,,,
T2000415,terminal,Aerial Terminal,FDH201016,fdh,,,,,
T2000379,terminal,MST,FDH201014,fdh,,,,,
T2000475,terminal,Aerial Terminal,FDH201025,fdh,,,,,
T2000384,terminal,Aerial Terminal,FDH201015,fdh,,,,,
T2000390,terminal,Aerial Terminal,FDH201015,fdh,,,,,
T2000825,terminal,Aerial Terminal,FDH201015,fdh,,,,,
T2000594,terminal,Aerial Terminal,FDH201033,fdh,,,,,
T2000395,terminal,Aerial Terminal,FDH201015,fdh,,,,,
T2000390,terminal,Aerial Terminal,FDH201015,fdh,,,,,
T2000435,terminal,Aerial Terminal,FDH201013,fdh,,,,,
T2000432,terminal,Aerial Terminal,FDH201013,fdh,,,,,
T2000438,terminal,Aerial Terminal,FDH201013,fdh,,,,,
T2000438,terminal,Aerial Terminal,FDH201013,fdh,,,,,
T2000378,terminal,MST,FDH201014,fdh,,,,,
T2000378,terminal,MST,FDH201014,fdh,,,,,
T2000378,terminal,MST,FDH201014,fdh,,,,,
T2000378,terminal,MST,FDH201014,fdh,,,,,
T2000378,terminal,MST,FDH201014,fdh,,,,,
T2000379,terminal,MST,FDH201014,fdh,,,,,
T2000379,terminal,MST,FDH201014,fdh,,,,,
T2000377,terminal,MST,FDH201014,fdh,,,,,
T2000268,terminal,Aerial Terminal,FDH201048,fdh,,,,,
T2000272,terminal,Aerial Terminal,FDH201010,fdh,,,,,
T2000278,terminal,Aerial Terminal,FDH201010,fdh,,,,,
T2000766,terminal,MST,FDH201009,fdh,,,,,
T2000255,terminal,Aerial Terminal,FDH201009,fdh,,,,,
T2000254,terminal,Aerial Terminal,FDH201009,fdh,,,,,
T2000762,terminal,MST,FDH201008,fdh,,,,,
T2000216,terminal,Aerial Terminal,FDH202003,fdh,,,,,
T2000502,terminal,Aerial Terminal,FDH202020,fdh,,,,,
T2000010,terminal,Aerial Terminal,FDH202028,fdh,,,,,
T2000765,terminal,MST,FDH202029,fdh,,,,,
T2000143,terminal,Aerial Terminal,FDH202027,fdh,,,,,
T2000740,terminal,Aerial Terminal,FDH202044,fdh,,,,,
T2000499,terminal,Aerial Terminal,FDH202044,fdh,,,,,
T2000386,terminal,Aerial Terminal,FDH202022,fdh,,,,,
T2000095,terminal,Aerial Terminal,FDH202005,fdh,,,,,
T2000034,terminal,Aerial Terminal,FDH201023,fdh,,,,,
T2000034,terminal,Aerial Terminal,FDH201023,fdh,,,,,
T2000036,terminal,Aerial Terminal,FDH201023,fdh,,,,,
T2000035,terminal,Aerial Terminal,FDH201023,fdh,,,,,
T2000031,terminal,Aerial Terminal,FDH201023,fdh,,,,,
T2000810,terminal,Aerial Terminal,FDH201024,fdh,,,,,
T2000033,terminal,Aerial Terminal,FDH201023,fdh,,,,,
T2000033,terminal,Aerial Terminal,FDH201023,fdh,,,,,
T2000780,terminal,MST,FDH202019,fdh,,,,,
T2000604,terminal,Aerial Terminal,FDH201034,fdh,,,,,
T2000556,terminal,Aerial Terminal,FDH201023,fdh,,,,,
T2000557,terminal,MST,FDH201023,fdh,,,,,
T2000037,terminal,Aerial Terminal,FDH201023,fdh,,,,,
T2000558,terminal,Aerial Terminal,FDH201023,fdh,,,,,
T2000036,terminal,Aerial Terminal,FDH201023,fdh,,,,,
T2000036,terminal,Aerial Terminal,FDH201023,fdh,,,,,
T2000038,terminal,Aerial Terminal,FDH201023,fdh,,,,,
T2000037,terminal,Aerial Terminal,FDH201023,fdh,,,,,
T2000566,terminal,Aerial Terminal,FDH201018,fdh,,,,,
T2000564,terminal,Aerial Terminal,FDH201018,fdh,,,,,
T2000567,terminal,Aerial Terminal,FDH201018,fdh,,,,,
T2000567,terminal,Aerial Terminal,FDH201018,fdh,,,,,
T2000811,terminal,Aerial Terminal,FDH201023,fdh,,,,,
T2000562,terminal,Aerial Terminal,FDH201018,fdh,,,,,
T2000563,terminal,Aerial Terminal,FDH201018,fdh,,,,,
T2000563,terminal,Aerial Terminal,FDH201018,fdh,,,,,
T2000560,terminal,Aerial Terminal,FDH201018,fdh,,,,,
T2000378,terminal,MST,FDH201014,fdh,,,,,
T2000378,terminal,MST,FDH201014,fdh,,,,,
T2000561,terminal,Aerial Terminal,FDH201018,fdh,,,,,
T2000035,terminal,Aerial Terminal,FDH201023,fdh,,,,,
T2000559,terminal,Aerial Terminal,FDH201023,fdh,,,,,
T2000035,terminal,Aerial Terminal,FDH201023,fdh,,,,,
T2000573,terminal,Aerial Terminal,FDH201026,fdh,,,,,
T2000378,terminal,MST,FDH201014,fdh,,,,,
T2000572,terminal,Aerial Terminal,FDH201026,fdh,,,,,
T2000421,terminal,Aerial Terminal,FDH201013,fdh,,,,,
T2000570,terminal,Aerial Terminal,FDH201018,fdh,,,,,
T2000378,terminal,MST,FDH201014,fdh,,,,,
T2000573,terminal,Aerial Terminal,FDH201026,fdh,,,,,
T2000569,terminal,Aerial Terminal,FDH201018,fdh,,,,,
T2000566,terminal,Aerial Terminal,FDH201018,fdh,,,,,
T2000569,terminal,Aerial Terminal,FDH201018,fdh,,,,,
T2000566,terminal,Aerial Terminal,FDH201018,fdh,,,,,
T2000809,terminal,Aerial Terminal,FDH201018,fdh,,,,,
T2000630,terminal,Aerial Terminal,FDH201035,fdh,,,,,
T2000568,terminal,Aerial Terminal,FDH201018,fdh,,,,,
T2000568,terminal,Aerial Terminal,FDH201018,fdh,,,,,
T2000630,terminal,Aerial Terminal,FDH201035,fdh,,,,,
T2000630,terminal,Aerial Terminal,FDH201035,fdh,,,,,
T2000580,terminal,Aerial Terminal,FDH201026,fdh,,,,,
T2000630,terminal,Aerial Terminal,FDH201035,fdh,,,,,
T2000418,terminal,Aerial Terminal,FDH201013,fdh,,,,,
T2000578,terminal,Aerial Terminal,FDH201026,fdh,,,,,
T2000630,terminal,Aerial Terminal,FDH201035,fdh,,,,,
T2000579,terminal,Aerial Terminal,FDH201026,fdh,,,,,
T2000574,terminal,Aerial Terminal,FDH201026,fdh,,,,,
T2000577,terminal,Aerial Terminal,FDH201026,fdh,,,,,
T2000578,terminal,Aerial Terminal,FDH201026,fdh,,,,,
T2000576,terminal,Aerial Terminal,FDH201026,fdh,,,,,
T2000806,terminal,Aerial Terminal,FDH201026,fdh,,,,,
T2000627,terminal,Aerial Terminal,FDH201024,fdh,,,,,
T2000575,terminal,Aerial Terminal,FDH201026,fdh,,,,,
T2000033,terminal,Aerial Terminal,FDH201023,fdh,,,,,
T2000033,terminal,Aerial Terminal,FDH201023,fdh,,,,,
T2000627,terminal,Aerial Terminal,FDH201024,fdh,,,,,
T2000582,terminal,MST,FDH201026,fdh,,,,,
T2000583,terminal,Aerial Terminal,FDH201026,fdh,,,,,
T2000583,terminal,Aerial Terminal,FDH201026,fdh,,,,,
T2000581,terminal,Aerial Terminal,FDH201026,fdh,,,,,
T2000032,terminal,Aerial Terminal,FDH201023,fdh,,,,,
T2000580,terminal,Aerial Terminal,FDH201026,fdh,,,,,
T2000630,terminal,Aerial Terminal,FDH201035,fdh,,,,,
T2000581,terminal,Aerial Terminal,FDH201026,fdh,,,,,
T2000589,terminal,Aerial Terminal,FDH201033,fdh,,,,,
T2000552,terminal,Aerial Terminal,FDH201033,fdh,,,,,
T2000804,terminal,Aerial Terminal,FDH201033,fdh,,,,,
T2000572,terminal,Aerial Terminal,FDH201026,fdh,,,,,
T2000574,terminal,Aerial Terminal,FDH201026,fdh,,,,,
T2000379,terminal,MST,FDH201014,fdh,,,,,
T2000737,terminal,Aerial Terminal,FDH201018,fdh,,,,,
T2000584,terminal,MST,FDH201026,fdh,,,,,
T2000584,terminal,MST,FDH201026,fdh,,,,,
T2000574,terminal,Aerial Terminal,FDH201026,fdh,,,,,
T2000805,terminal,Aerial Terminal,FDH201026,fdh,,,,,
T2000584,terminal,MST,FDH201026,fdh,,,,,
T2000599,terminal,Aerial Terminal,FDH201033,fdh,,,,,
T2000584,terminal,MST,FDH201026,fdh,,,,,
T2000585,terminal,Aerial Terminal,FDH201026,fdh,,,,,
T2000585,terminal,Aerial Terminal,FDH201026,fdh,,,,,
T2000571,terminal,Aerial Terminal,FDH201018,fdh,,,,,
T2000807,terminal,MST,FDH201026,fdh,,,,,
T2000599,terminal,Aerial Terminal,FDH201033,fdh,,,,,
T2000586,terminal,Aerial Terminal,FDH201033,fdh,,,,,
T2000555,terminal,Aerial Terminal,FDH201023,fdh,,,,,
T2000555,terminal,Aerial Terminal,FDH201023,fdh,,,,,
T2000556,terminal,Aerial Terminal,FDH201023,fdh,,,,,
T2000038,terminal,Aerial Terminal,FDH201023,fdh,,,,,
T2000565,terminal,Aerial Terminal,FDH201018,fdh,,,,,
T2000600,terminal,Aerial Terminal,FDH201018,fdh,,,,,
T2000564,terminal,Aerial Terminal,FDH201018,fdh,,,,,
T2000565,terminal,Aerial Terminal,FDH201018,fdh,,,,,
T2000601,terminal,Aerial Terminal,FDH201018,fdh,,,,,
T2000602,terminal,Aerial Terminal,FDH201018,fdh,,,,,
T2000600,terminal,Aerial Terminal,FDH201018,fdh,,,,,
T2000600,terminal,Aerial Terminal,FDH201018,fdh,,,,,
T2000379,terminal,MST,FDH201014,fdh,,,,,
T2000571,terminal,Aerial Terminal,FDH201018,fdh,,,,,
T2000626,terminal,Aerial Terminal,FDH201024,fdh,,,,,
T2000626,terminal,Aerial Terminal,FDH201024,fdh,,,,,
T2000625,terminal,Aerial Terminal,FDH201024,fdh,,,,,
T2000625,terminal,Aerial Terminal,FDH201024,fdh,,,,,
T2000622,terminal,Aerial Terminal,FDH201024,fdh,,,,,
T2000625,terminal,Aerial Terminal,FDH201024,fdh,,,,,
T2000626,terminal,Aerial Terminal,FDH201024,fdh,,,,,
T2000629,terminal,Aerial Terminal,FDH201024,fdh,,,,,
T2000030,terminal,Aerial Terminal,FDH201023,fdh,,,,,
T2000028,terminal,Aerial Terminal,FDH201024,fdh,,,,,
T2000622,terminal,Aerial Terminal,FDH201024,fdh,,,,,
T2000622,terminal,Aerial Terminal,FDH201024,fdh,,,,,
T2000029,terminal,Aerial Terminal,FDH201024,fdh,,,,,
T2000029,terminal,Aerial Terminal,FDH201024,fdh,,,,,
T2000265,terminal,Aerial Terminal,FDH201048,fdh,,,,,
T2000265,terminal,Aerial Terminal,FDH201048,fdh,,,,,
T2000265,terminal,Aerial Terminal,FDH201048,fdh,,,,,
T2000266,terminal,Aerial Terminal,FDH201048,fdh,,,,,
T2000261,terminal,Aerial Terminal,FDH201048,fdh,,,,,
T2000029,terminal,Aerial Terminal,FDH201024,fdh,,,,,
T2000319,terminal,Aerial Terminal,FDH201011,fdh,,,,,
T2000319,terminal,Aerial Terminal,FDH201011,fdh,,,,,
T2000319,terminal,Aerial Terminal,FDH201011,fdh,,,,,
T2000320,terminal,Aerial Terminal,FDH201011,fdh,,,,,
T2000530,terminal,Aerial Terminal,FDH201011,fdh,,,,,
T2000320,terminal,Aerial Terminal,FDH201011,fdh,,,,,
T2000029,terminal,Aerial Terminal,FDH201024,fdh,,,,,
T2000531,terminal,Aerial Terminal,FDH201011,fdh,,,,,
T2000320,terminal,Aerial Terminal,FDH201011,fdh,,,,,
T2000531,terminal,Aerial Terminal,FDH201011,fdh,,,,,
T2000627,terminal,Aerial Terminal,FDH201024,fdh,,,,,
T2000534,terminal,Aerial Terminal,FDH201011,fdh,,,,,
T2000533,terminal,Aerial Terminal,FDH201011,fdh,,,,,
T2000628,terminal,Aerial Terminal,FDH201024,fdh,,,,,
T2000532,terminal,Aerial Terminal,FDH201011,fdh,,,,,
T2000532,terminal,Aerial Terminal,FDH201011,fdh,,,,,
T2000532,terminal,Aerial Terminal,FDH201011,fdh,,,,,
T2000634,terminal,Aerial Terminal,FDH201035,fdh,,,,,
T2000627,terminal,Aerial Terminal,FDH201024,fdh,,,,,
T2000628,terminal,Aerial Terminal,FDH201024,fdh,,,,,
T2000627,terminal,Aerial Terminal,FDH201024,fdh,,,,,
T2000627,terminal,Aerial Terminal,FDH201024,fdh,,,,,
T2000628,terminal,Aerial Terminal,FDH201024,fdh,,,,,
T2000629,terminal,Aerial Terminal,FDH201024,fdh,,,,,
T2000628,terminal,Aerial Terminal,FDH201024,fdh,,,,,
T2000627,terminal,Aerial Terminal,FDH201024,fdh,,,,,
T2000628,terminal,Aerial Terminal,FDH201024,fdh,,,,,
T2000626,terminal,Aerial Terminal,FDH201024,fdh,,,,,
T2000628,terminal,Aerial Terminal,FDH201024,fdh,,,,,
T2000717,terminal,Aerial Terminal,FDH201041,fdh,,,,,
T2000718,terminal,Aerial Terminal,FDH201041,fdh,,,,,
T2000629,terminal,Aerial Terminal,FDH201024,fdh,,,,,
T2000626,terminal,Aerial Terminal,FDH201024,fdh,,,,,
T2000609,terminal,Aerial Terminal,FDH201034,fdh,,,,,
T2000609,terminal,Aerial Terminal,FDH201034,fdh,,,,,
T2000609,terminal,Aerial Terminal,FDH201034,fdh,,,,,
T2000431,terminal,MST,FDH201013,fdh,,,,,
T2000430,terminal,MST,FDH201013,fdh,,,,,
T2000633,terminal,MST,FDH201035,fdh,,,,,
T2000633,terminal,MST,FDH201035,fdh,,,,,
T2000431,terminal,MST,FDH201013,fdh,,,,,
T2000420,terminal,Aerial Terminal,FDH201013,fdh,,,,,
T2000379,terminal,MST,FDH201014,fdh,,,,,
T2000379,terminal,MST,FDH201014,fdh,,,,,
T2000421,terminal,Aerial Terminal,FDH201013,fdh,,,,,
T2000428,terminal,Aerial Terminal,FDH201013,fdh,,,,,
T2000427,terminal,Aerial Terminal,FDH201013,fdh,,,,,
T2000426,terminal,Aerial Terminal,FDH201013,fdh,,,,,
T2000420,terminal,Aerial Terminal,FDH201013,fdh,,,,,
T2000419,terminal,Aerial Terminal,FDH201013,fdh,,,,,
T2000420,terminal,Aerial Terminal,FDH201013,fdh,,,,,
T2000594,terminal,Aerial Terminal,FDH201033,fdh,,,,,
T2000594,terminal,Aerial Terminal,FDH201033,fdh,,,,,
T2000280,terminal,Aerial Terminal,FDH201010,fdh,,,,,
T2000576,terminal,Aerial Terminal,FDH201026,fdh,,,,,
T2000278,terminal,Aerial Terminal,FDH201010,fdh,,,,,
T2000530,terminal,Aerial Terminal,FDH201011,fdh,,,,,
T2000455,terminal,Aerial Terminal,FDH202021,fdh,,,,,
T2000463,terminal,Aerial Terminal,FDH202045,fdh,,,,,
T2000463,terminal,Aerial Terminal,FDH202045,fdh,,,,,
T2000463,terminal,Aerial Terminal,FDH202045,fdh,,,,,
T2000463,terminal,Aerial Terminal,FDH202045,fdh,,,,,
T2000463,terminal,Aerial Terminal,FDH202045,fdh,,,,,
T2000463,terminal,Aerial Terminal,FDH202045,fdh,,,,,
T2000463,terminal,Aerial Terminal,FDH202045,fdh,,,,,
T2000463,terminal,Aerial Terminal,FDH202045,fdh,,,,,
T2000463,terminal,Aerial Terminal,FDH202045,fdh,,,,,
T2000464,terminal,Aerial Terminal,FDH202045,fdh,,,,,
T2000465,terminal,Aerial Terminal,FDH202045,fdh,,,,,
T2000466,terminal,Aerial Terminal,FDH202002,fdh,,,,,
T2000487,terminal,Aerial Terminal,FDH202045,fdh,,,,,
T2000041,terminal,Aerial Terminal,FDH202045,fdh,,,,,
T2000146,terminal,Aerial Terminal,FDH202045,fdh,,,,,
T2000832,terminal,Aerial Terminal,FDH201012,fdh,,,,,
T2000530,terminal,Aerial Terminal,FDH201011,fdh,,,,,
T2000048,terminal,Aerial Terminal,FDH202045,fdh,,,,,
T2000048,terminal,Aerial Terminal,FDH202045,fdh,,,,,
T2000048,terminal,Aerial Terminal,FDH202045,fdh,,,,,
T2000048,terminal,Aerial Terminal,FDH202045,fdh,,,,,
T2000045,terminal,Aerial Terminal,FDH202045,fdh,,,,,
T2000045,terminal,Aerial Terminal,FDH202045,fdh,,,,,
T2000045,terminal,Aerial Terminal,FDH202045,fdh,,,,,
T2000045,terminal,Aerial Terminal,FDH202045,fdh,,,,,
T2000045,terminal,Aerial Terminal,FDH202045,fdh,,,,,
T2000048,terminal,Aerial Terminal,FDH202045,fdh,,,,,
T2000048,terminal,Aerial Terminal,FDH202045,fdh,,,,,
T2000003,terminal,Aerial Terminal,FDH202046,fdh,,,,,
T2000003,terminal,Aerial Terminal,FDH202046,fdh,,,,,
T2000003,terminal,Aerial Terminal,FDH202046,fdh,,,,,
T2000003,terminal,Aerial Terminal,FDH202046,fdh,,,,,
T2000003,terminal,Aerial Terminal,FDH202046,fdh,,,,,
T2000003,terminal,Aerial Terminal,FDH202046,fdh,,,,,
T2000003,terminal,Aerial Terminal,FDH202046,fdh,,,,,
T2000004,terminal,Aerial Terminal,FDH202046,fdh,,,,,
T2000004,terminal,Aerial Terminal,FDH202046,fdh,,,,,
T2000004,terminal,Aerial Terminal,FDH202046,fdh,,,,,
T2000003,terminal,Aerial Terminal,FDH202046,fdh,,,,,
T2000003,terminal,Aerial Terminal,FDH202046,fdh,,,,,
T2000004,terminal,Aerial Terminal,FDH202046,fdh,,,,,
T2000004,terminal,Aerial Terminal,FDH202046,fdh,,,,,
T2000004,terminal,Aerial Terminal,FDH202046,fdh,,,,,
T2000004,terminal,Aerial Terminal,FDH202046,fdh,,,,,
T2000049,terminal,Aerial Terminal,FDH202046,fdh,,,,,
T2000049,terminal,Aerial Terminal,FDH202046,fdh,,,,,
T2000049,terminal,Aerial Terminal,FDH202046,fdh,,,,,
T2000049,terminal,Aerial Terminal,FDH202046,fdh,,,,,
T2000049,terminal,Aerial Terminal,FDH202046,fdh,,,,,
T2000049,terminal,Aerial Terminal,FDH202046,fdh,,,,,
T2000005,terminal,Aerial Terminal,FDH202046,fdh,,,,,
T2000005,terminal,Aerial Terminal,FDH202046,fdh,,,,,
T2000005,terminal,Aerial Terminal,FDH202046,fdh,,,,,
T2000005,terminal,Aerial Terminal,FDH202046,fdh,,,,,
T2000005,terminal,Aerial Terminal,FDH202046,fdh,,,,,
T2000049,terminal,Aerial Terminal,FDH202046,fdh,,,,,
T2000050,terminal,Aerial Terminal,FDH202046,fdh,,,,,
T2000050,terminal,Aerial Terminal,FDH202046,fdh,,,,,
T2000050,terminal,Aerial Terminal,FDH202046,fdh,,,,,
T2000730,terminal,Aerial Terminal,FDH201040,fdh,,,,,
T2000719,terminal,MST,FDH201041,fdh,,,,,
T2000714,terminal,Aerial Terminal,FDH201038,fdh,,,,,
T2000726,terminal,Aerial Terminal,FDH201040,fdh,,,,,
T2000699,terminal,Aerial Terminal,FDH201039,fdh,,,,,
T2000709,terminal,Aerial Terminal,FDH201039,fdh,,,,,
T2000698,terminal,MST,FDH201039,fdh,,,,,
T2000716,terminal,MST,FDH201039,fdh,,,,,
T2000684,terminal,Aerial Terminal,FDH201037,fdh,,,,,
T2000697,terminal,Aerial Terminal,FDH201039,fdh,,,,,
T2000695,terminal,Aerial Terminal,FDH201039,fdh,,,,,
T2000690,terminal,Aerial Terminal,FDH201037,fdh,,,,,
T2000699,terminal,Aerial Terminal,FDH201039,fdh,,,,,
T2000203,terminal,Aerial Terminal,FDH201037,fdh,,,,,
T2000686,terminal,Aerial Terminal,FDH201037,fdh,,,,,
T2000686,terminal,Aerial Terminal,FDH201037,fdh,,,,,
T2000686,terminal,Aerial Terminal,FDH201037,fdh,,,,,
T2000685,terminal,Aerial Terminal,FDH201037,fdh,,,,,
T2000203,terminal,Aerial Terminal,FDH201037,fdh,,,,,
T2000698,terminal,MST,FDH201039,fdh,,,,,
T2000691,terminal,Aerial Terminal,FDH201037,fdh,,,,,
T2000690,terminal,Aerial Terminal,FDH201037,fdh,,,,,
T2000700,terminal,Aerial Terminal,FDH201039,fdh,,,,,
T2000686,terminal,Aerial Terminal,FDH201037,fdh,,,,,
T2000691,terminal,Aerial Terminal,FDH201037,fdh,,,,,
T2000690,terminal,Aerial Terminal,FDH201037,fdh,,,,,
T2000693,terminal,Aerial Terminal,FDH201037,fdh,,,,,
T2000790,terminal,Aerial Terminal,FDH201039,fdh,,,,,
T2000708,terminal,MST,FDH201039,fdh,,,,,
T2000699,terminal,Aerial Terminal,FDH201039,fdh,,,,,
T2000700,terminal,Aerial Terminal,FDH201039,fdh,,,,,
T2000203,terminal,Aerial Terminal,FDH201037,fdh,,,,,
T2000683,terminal,Aerial Terminal,FDH201037,fdh,,,,,
T2000686,terminal,Aerial Terminal,FDH201037,fdh,,,,,
T2000695,terminal,Aerial Terminal,FDH201039,fdh,,,,,
T2000687,terminal,Aerial Terminal,FDH201037,fdh,,,,,
T2000692,terminal,MST,FDH201037,fdh,,,,,
T2000690,terminal,Aerial Terminal,FDH201037,fdh,,,,,
T2000700,terminal,Aerial Terminal,FDH201039,fdh,,,,,
T2000699,terminal,Aerial Terminal,FDH201039,fdh,,,,,
T2000697,terminal,Aerial Terminal,FDH201039,fdh,,,,,
T2000696,terminal,Aerial Terminal,FDH201039,fdh,,,,,
T2000699,terminal,Aerial Terminal,FDH201039,fdh,,,,,
T2000684,terminal,Aerial Terminal,FDH201037,fdh,,,,,
T2000694,terminal,Aerial Terminal,FDH201037,fdh,,,,,
T2000703,terminal,Aerial Terminal,FDH201039,fdh,,,,,
T2000692,terminal,MST,FDH201037,fdh,,,,,
T2000685,terminal,Aerial Terminal,FDH201037,fdh,,,,,
T2000683,terminal,Aerial Terminal,FDH201037,fdh,,,,,
T2000701,terminal,Aerial Terminal,FDH201039,fdh,,,,,
T2000701,terminal,Aerial Terminal,FDH201039,fdh,,,,,
T2000697,terminal,Aerial Terminal,FDH201039,fdh,,,,,
T2000701,terminal,Aerial Terminal,FDH201039,fdh,,,,,
T2000708,terminal,MST,FDH201039,fdh,,,,,
T2000696,terminal,Aerial Terminal,FDH201039,fdh,,,,,
T2000686,terminal,Aerial Terminal,FDH201037,fdh,,,,,
T2000682,terminal,Aerial Terminal,FDH201037,fdh,,,,,
T2000684,terminal,Aerial Terminal,FDH201037,fdh,,,,,
T2000682,terminal,Aerial Terminal,FDH201037,fdh,,,,,
T2000203,terminal,Aerial Terminal,FDH201037,fdh,,,,,
T2000693,terminal,Aerial Terminal,FDH201037,fdh,,,,,
T2000685,terminal,Aerial Terminal,FDH201037,fdh,,,,,
T2000690,terminal,Aerial Terminal,FDH201037,fdh,,,,,
T2000691,terminal,Aerial Terminal,FDH201037,fdh,,,,,
T2000684,terminal,Aerial Terminal,FDH201037,fdh,,,,,
T2000693,terminal,Aerial Terminal,FDH201037,fdh,,,,,
T2000706,terminal,Aerial Terminal,FDH201039,fdh,,,,,
T2000686,terminal,Aerial Terminal,FDH201037,fdh,,,,,
T2000655,terminal,Aerial Terminal,FDH201042,fdh,,,,,
T2000663,terminal,Aerial Terminal,FDH201043,fdh,,,,,
T2000798,terminal,Aerial Terminal,FDH201043,fdh,,,,,
T2000675,terminal,Aerial Terminal,FDH201043,fdh,,,,,
T2000658,terminal,Aerial Terminal,FDH201042,fdh,,,,,
T2000654,terminal,Aerial Terminal,FDH201042,fdh,,,,,
T2000650,terminal,Aerial Terminal,FDH201042,fdh,,,,,
T2000642,terminal,MST,FDH201036,fdh,,,,,
T2000671,terminal,MST,FDH201036,fdh,,,,,
T2000658,terminal,Aerial Terminal,FDH201042,fdh,,,,,
T2000798,terminal,Aerial Terminal,FDH201043,fdh,,,,,
T2000658,terminal,Aerial Terminal,FDH201042,fdh,,,,,
T2000646,terminal,Aerial Terminal,FDH201036,fdh,,,,,
T2000663,terminal,Aerial Terminal,FDH201043,fdh,,,,,
T2000659,terminal,Aerial Terminal,FDH201042,fdh,,,,,
T2000675,terminal,Aerial Terminal,FDH201043,fdh,,,,,
T2000794,terminal,Aerial Terminal,FDH201042,fdh,,,,,
T2000792,terminal,Aerial Terminal,FDH201042,fdh,,,,,
T2000653,terminal,Aerial Terminal,FDH201042,fdh,,,,,
T2000651,terminal,MST,FDH201042,fdh,,,,,
T2000660,terminal,Aerial Terminal,FDH201043,fdh,,,,,
T2000656,terminal,Aerial Terminal,FDH201042,fdh,,,,,
T2000649,terminal,Aerial Terminal,FDH201042,fdh,,,,,
T2000673,terminal,Aerial Terminal,FDH201043,fdh,,,,,
T2000665,terminal,Aerial Terminal,FDH201043,fdh,,,,,
T2000657,terminal,Aerial Terminal,FDH201042,fdh,,,,,
T2000797,terminal,Aerial Terminal,FDH201043,fdh,,,,,
T2000651,terminal,MST,FDH201042,fdh,,,,,
T2000027,terminal,Aerial Terminal,FDH201036,fdh,,,,,
T2000797,terminal,Aerial Terminal,FDH201043,fdh,,,,,
T2000650,terminal,Aerial Terminal,FDH201042,fdh,,,,,
T2000670,terminal,Aerial Terminal,FDH201043,fdh,,,,,
T2000664,terminal,Aerial Terminal,FDH201043,fdh,,,,,
T2000670,terminal,Aerial Terminal,FDH201043,fdh,,,,,
T2000668,terminal,Aerial Terminal,FDH201043,fdh,,,,,
T2000662,terminal,Aerial Terminal,FDH201043,fdh,,,,,
T2000796,terminal,Aerial Terminal,FDH201042,fdh,,,,,
T2000663,terminal,Aerial Terminal,FDH201043,fdh,,,,,
T2000662,terminal,Aerial Terminal,FDH201043,fdh,,,,,
T2000672,terminal,Aerial Terminal,FDH201036,fdh,,,,,
T2000669,terminal,Aerial Terminal,FDH201043,fdh,,,,,
T2000683,terminal,Aerial Terminal,FDH201037,fdh,,,,,
T2000671,terminal,MST,FDH201036,fdh,,,,,
T2000649,terminal,Aerial Terminal,FDH201042,fdh,,,,,
T2000792,terminal,Aerial Terminal,FDH201042,fdh,,,,,
T2000796,terminal,Aerial Terminal,FDH201042,fdh,,,,,
T2000673,terminal,Aerial Terminal,FDH201043,fdh,,,,,
T2000675,terminal,Aerial Terminal,FDH201043,fdh,,,,,
T2000643,terminal,Aerial Terminal,FDH201036,fdh,,,,,
T2000658,terminal,Aerial Terminal,FDH201042,fdh,,,,,
T2000675,terminal,Aerial Terminal,FDH201043,fdh,,,,,
T2000795,terminal,Aerial Terminal,FDH201042,fdh,,,,,
T2000664,terminal,Aerial Terminal,FDH201043,fdh,,,,,
T2000674,terminal,Aerial Terminal,FDH201043,fdh,,,,,
T2000656,terminal,Aerial Terminal,FDH201042,fdh,,,,,
T2000673,terminal,Aerial Terminal,FDH201043,fdh,,,,,
T2000661,terminal,Aerial Terminal,FDH201043,fdh,,,,,
T2000679,terminal,Aerial Terminal,FDH201036,fdh,,,,,
T2000652,terminal,Aerial Terminal,FDH201042,fdh,,,,,
T2000662,terminal,Aerial Terminal,FDH201043,fdh,,,,,
T2000794,terminal,Aerial Terminal,FDH201042,fdh,,,,,
T2000679,terminal,Aerial Terminal,FDH201036,fdh,,,,,
T2000652,terminal,Aerial Terminal,FDH201042,fdh,,,,,
T2000651,terminal,MST,FDH201042,fdh,,,,,
T2000644,terminal,Aerial Terminal,FDH201036,fdh,,,,,
T2000794,terminal,Aerial Terminal,FDH201042,fdh,,,,,
T2000646,terminal,Aerial Terminal,FDH201036,fdh,,,,,
T2000644,terminal,Aerial Terminal,FDH201036,fdh,,,,,
T2000658,terminal,Aerial Terminal,FDH201042,fdh,,,,,
T2000657,terminal,Aerial Terminal,FDH201042,fdh,,,,,
T2000667,terminal,Aerial Terminal,FDH201043,fdh,,,,,
T2000657,terminal,Aerial Terminal,FDH201042,fdh,,,,,
T2000670,terminal,Aerial Terminal,FDH201043,fdh,,,,,
T2000653,terminal,Aerial Terminal,FDH201042,fdh,,,,,
T2000794,terminal,Aerial Terminal,FDH201042,fdh,,,,,
T2000650,terminal,Aerial Terminal,FDH201042,fdh,,,,,
T2000672,terminal,Aerial Terminal,FDH201036,fdh,,,,,
T2000643,terminal,Aerial Terminal,FDH201036,fdh,,,,,
T2000668,terminal,Aerial Terminal,FDH201043,fdh,,,,,
T2000665,terminal,Aerial Terminal,FDH201043,fdh,,,,,
T2000797,terminal,Aerial Terminal,FDH201043,fdh,,,,,
T2000653,terminal,Aerial Terminal,FDH201042,fdh,,,,,
T2000797,terminal,Aerial Terminal,FDH201043,fdh,,,,,
T2000649,terminal,Aerial Terminal,FDH201042,fdh,,,,,
T2000795,terminal,Aerial Terminal,FDH201042,fdh,,,,,
T2000640,terminal,Aerial Terminal,FDH201036,fdh,,,,,
T2000680,terminal,Aerial Terminal,FDH201036,fdh,,,,,
T2000674,terminal,Aerial Terminal,FDH201043,fdh,,,,,
T2000668,terminal,Aerial Terminal,FDH201043,fdh,,,,,
T2000668,terminal,Aerial Terminal,FDH201043,fdh,,,,,
T2000661,terminal,Aerial Terminal,FDH201043,fdh,,,,,
T2000653,terminal,Aerial Terminal,FDH201042,fdh,,,,,
T2000676,terminal,Aerial Terminal,FDH201036,fdh,,,,,
T2000671,terminal,MST,FDH201036,fdh,,,,,
T2000654,terminal,Aerial Terminal,FDH201042,fdh,,,,,
T2000656,terminal,Aerial Terminal,FDH201042,fdh,,,,,
T2000674,terminal,Aerial Terminal,FDH201043,fdh,,,,,
T2000027,terminal,Aerial Terminal,FDH201036,fdh,,,,,
T2000641,terminal,Aerial Terminal,FDH201036,fdh,,,,,
T2000642,terminal,MST,FDH201036,fdh,,,,,
T2000664,terminal,Aerial Terminal,FDH201043,fdh,,,,,
T2000027,terminal,Aerial Terminal,FDH201036,fdh,,,,,
T2000659,terminal,Aerial Terminal,FDH201042,fdh,,,,,
T2000797,terminal,Aerial Terminal,FDH201043,fdh,,,,,
T2000650,terminal,Aerial Terminal,FDH201042,fdh,,,,,
T2000643,terminal,Aerial Terminal,FDH201036,fdh,,,,,
T2000661,terminal,Aerial Terminal,FDH201043,fdh,,,,,
T2000667,terminal,Aerial Terminal,FDH201043,fdh,,,,,
T2000650,terminal,Aerial Terminal,FDH201042,fdh,,,,,
T2000795,terminal,Aerial Terminal,FDH201042,fdh,,,,,
T2000791,terminal,Aerial Terminal,FDH201036,fdh,,,,,
T2000670,terminal,Aerial Terminal,FDH201043,fdh,,,,,
T2000689,terminal,Aerial Terminal,FDH201037,fdh,,,,,
T2000647,terminal,Aerial Terminal,FDH201036,fdh,,,,,
T2000644,terminal,Aerial Terminal,FDH201036,fdh,,,,,
T2000644,terminal,Aerial Terminal,FDH201036,fdh,,,,,
T2000647,terminal,Aerial Terminal,FDH201036,fdh,,,,,
T2000678,terminal,Aerial Terminal,FDH201036,fdh,,,,,
T2000669,terminal,Aerial Terminal,FDH201043,fdh,,,,,
T2000652,terminal,Aerial Terminal,FDH201042,fdh,,,,,
T2000642,terminal,MST,FDH201036,fdh,,,,,
T2000649,terminal,Aerial Terminal,FDH201042,fdh,,,,,
T2000650,terminal,Aerial Terminal,FDH201042,fdh,,,,,
T2000643,terminal,Aerial Terminal,FDH201036,fdh,,,,,
T2000668,terminal,Aerial Terminal,FDH201043,fdh,,,,,
T2000671,terminal,MST,FDH201036,fdh,,,,,
T2000652,terminal,Aerial Terminal,FDH201042,fdh,,,,,
T2000654,terminal,Aerial Terminal,FDH201042,fdh,,,,,
T2000656,terminal,Aerial Terminal,FDH201042,fdh,,,,,
T2000667,terminal,Aerial Terminal,FDH201043,fdh,,,,,
T2000656,terminal,Aerial Terminal,FDH201042,fdh,,,,,
T2000640,terminal,Aerial Terminal,FDH201036,fdh,,,,,
T2000675,terminal,Aerial Terminal,FDH201043,fdh,,,,,
T2000669,terminal,Aerial Terminal,FDH201043,fdh,,,,,
T2000669,terminal,Aerial Terminal,FDH201043,fdh,,,,,
T2000793,terminal,Aerial Terminal,FDH201042,fdh,,,,,
T2000793,terminal,Aerial Terminal,FDH201042,fdh,,,,,
T2000653,terminal,Aerial Terminal,FDH201042,fdh,,,,,
T2000652,terminal,Aerial Terminal,FDH201042,fdh,,,,,
T2000661,terminal,Aerial Terminal,FDH201043,fdh,,,,,
T2000688,terminal,Aerial Terminal,FDH201037,fdh,,,,,
T2000704,terminal,Aerial Terminal,FDH201037,fdh,,,,,
T2000675,terminal,Aerial Terminal,FDH201043,fdh,,,,,
T2000646,terminal,Aerial Terminal,FDH201036,fdh,,,,,
T2000658,terminal,Aerial Terminal,FDH201042,fdh,,,,,
T2000674,terminal,Aerial Terminal,FDH201043,fdh,,,,,
T2000663,terminal,Aerial Terminal,FDH201043,fdh,,,,,
T2000674,terminal,Aerial Terminal,FDH201043,fdh,,,,,
T2000667,terminal,Aerial Terminal,FDH201043,fdh,,,,,
T2000660,terminal,Aerial Terminal,FDH201043,fdh,,,,,
T2000640,terminal,Aerial Terminal,FDH201036,fdh,,,,,
T2000655,terminal,Aerial Terminal,FDH201042,fdh,,,,,
T2000658,terminal,Aerial Terminal,FDH201042,fdh,,,,,
T2000794,terminal,Aerial Terminal,FDH201042,fdh,,,,,
T2000649,terminal,Aerial Terminal,FDH201042,fdh,,,,,
T2000679,terminal,Aerial Terminal,FDH201036,fdh,,,,,
T2000797,terminal,Aerial Terminal,FDH201043,fdh,,,,,
T2000670,terminal,Aerial Terminal,FDH201043,fdh,,,,,
T2000646,terminal,Aerial Terminal,FDH201036,fdh,,,,,
T2000796,terminal,Aerial Terminal,FDH201042,fdh,,,,,
T2000673,terminal,Aerial Terminal,FDH201043,fdh,,,,,
T2000676,terminal,Aerial Terminal,FDH201036,fdh,,,,,
T2000664,terminal,Aerial Terminal,FDH201043,fdh,,,,,
T2000689,terminal,Aerial Terminal,FDH201037,fdh,,,,,
T2000674,terminal,Aerial Terminal,FDH201043,fdh,,,,,
T2000027,terminal,Aerial Terminal,FDH201036,fdh,,,,,
T2000641,terminal,Aerial Terminal,FDH201036,fdh,,,,,
T2000643,terminal,Aerial Terminal,FDH201036,fdh,,,,,
T2000665,terminal,Aerial Terminal,FDH201043,fdh,,,,,
T2000667,terminal,Aerial Terminal,FDH201043,fdh,,,,,
T2000656,terminal,Aerial Terminal,FDH201042,fdh,,,,,
T2000659,terminal,Aerial Terminal,FDH201042,fdh,,,,,
T2000657,terminal,Aerial Terminal,FDH201042,fdh,,,,,
T2000650,terminal,Aerial Terminal,FDH201042,fdh,,,,,
T2000650,terminal,Aerial Terminal,FDH201042,fdh,,,,,
T2000666,terminal,Aerial Terminal,FDH201043,fdh,,,,,
T2000667,terminal,Aerial Terminal,FDH201043,fdh,,,,,
T2000653,terminal,Aerial Terminal,FDH201042,fdh,,,,,
T2000664,terminal,Aerial Terminal,FDH201043,fdh,,,,,
T2000652,terminal,Aerial Terminal,FDH201042,fdh,,,,,
T2000644,terminal,Aerial Terminal,FDH201036,fdh,,,,,
T2000645,terminal,Aerial Terminal,FDH201036,fdh,,,,,
T2000732,terminal,Aerial Terminal,FDH201040,fdh,,,,,
T2000598,terminal,Aerial Terminal,FDH201017,fdh,,,,,
T2000598,terminal,Aerial Terminal,FDH201017,fdh,,,,,
T2000404,terminal,Aerial Terminal,FDH201015,fdh,,,,,
T2000404,terminal,Aerial Terminal,FDH201015,fdh,,,,,
T2000404,terminal,Aerial Terminal,FDH201015,fdh,,,,,
T2000404,terminal,Aerial Terminal,FDH201015,fdh,,,,,
T2000730,terminal,Aerial Terminal,FDH201040,fdh,,,,,
T2000610,terminal,Aerial Terminal,FDH201034,fdh,,,,,
T2000447,terminal,Aerial Terminal,FDH201017,fdh,,,,,
T2000608,terminal,Aerial Terminal,FDH201034,fdh,,,,,
T2000548,terminal,Aerial Terminal,FDH201017,fdh,,,,,
T2000548,terminal,Aerial Terminal,FDH201017,fdh,,,,,
T2000549,terminal,Aerial Terminal,FDH201017,fdh,,,,,
T2000606,terminal,Aerial Terminal,FDH201034,fdh,,,,,
T2000613,terminal,Aerial Terminal,FDH201034,fdh,,,,,
T2000607,terminal,Aerial Terminal,FDH201034,fdh,,,,,
T2000607,terminal,Aerial Terminal,FDH201034,fdh,,,,,
T2000631,terminal,Aerial Terminal,FDH201035,fdh,,,,,
T2000416,terminal,Aerial Terminal,FDH201016,fdh,,,,,
T2000632,terminal,MST,FDH201035,fdh,,,,,
T2000470,terminal,Aerial Terminal,FDH201025,fdh,,,,,
T2000755,terminal,Aerial Terminal,FDH201025,fdh,,,,,
T2000632,terminal,MST,FDH201035,fdh,,,,,
T2000472,terminal,Aerial Terminal,FDH201025,fdh,,,,,
T2000473,terminal,Aerial Terminal,FDH201025,fdh,,,,,
T2000471,terminal,Aerial Terminal,FDH201025,fdh,,,,,
T2000472,terminal,Aerial Terminal,FDH201025,fdh,,,,,
T2000474,terminal,Aerial Terminal,FDH201025,fdh,,,,,
T2000631,terminal,Aerial Terminal,FDH201035,fdh,,,,,
T2000474,terminal,Aerial Terminal,FDH201025,fdh,,,,,
T2000474,terminal,Aerial Terminal,FDH201025,fdh,,,,,
T2000631,terminal,Aerial Terminal,FDH201035,fdh,,,,,
T2000787,terminal,Aerial Terminal,FDH201034,fdh,,,,,
T2000620,terminal,Aerial Terminal,FDH201034,fdh,,,,,
T2000619,terminal,Aerial Terminal,FDH201034,fdh,,,,,
T2000374,terminal,Aerial Terminal,FDH201012,fdh,,,,,
T2000769,terminal,MST,FDH201013,fdh,,,,,
T2000769,terminal,MST,FDH201013,fdh,,,,,
T2000768,terminal,MST,FDH201013,fdh,,,,,
T2000768,terminal,MST,FDH201013,fdh,,,,,
T2000435,terminal,Aerial Terminal,FDH201013,fdh,,,,,
T2000769,terminal,MST,FDH201013,fdh,,,,,
T2000769,terminal,MST,FDH201013,fdh,,,,,
T2000436,terminal,Aerial Terminal,FDH201013,fdh,,,,,
T2000688,terminal,Aerial Terminal,FDH201037,fdh,,,,,
T2000688,terminal,Aerial Terminal,FDH201037,fdh,,,,,
T2000631,terminal,Aerial Terminal,FDH201035,fdh,,,,,
T2000783,terminal,MST,FDH201017,fdh,,,,,
T2000783,terminal,MST,FDH201017,fdh,,,,,
T2000598,terminal,Aerial Terminal,FDH201017,fdh,,,,,
T2000404,terminal,Aerial Terminal,FDH201015,fdh,,,,,
T2000446,terminal,Aerial Terminal,FDH201017,fdh,,,,,
T2000445,terminal,Aerial Terminal,FDH201017,fdh,,,,,
T2000547,terminal,Aerial Terminal,FDH201017,fdh,,,,,
T2000542,terminal,Aerial Terminal,FDH201014,fdh,,,,,
T2000416,terminal,Aerial Terminal,FDH201016,fdh,,,,,
T2000620,terminal,Aerial Terminal,FDH201034,fdh,,,,,
T2000385,terminal,Aerial Terminal,FDH201015,fdh,,,,,
T2000357,terminal,Aerial Terminal,FDH201015,fdh,,,,,
T2000621,terminal,Aerial Terminal,FDH201034,fdh,,,,,
T2000620,terminal,Aerial Terminal,FDH201034,fdh,,,,,
T2000620,terminal,Aerial Terminal,FDH201034,fdh,,,,,
T2000423,terminal,Aerial Terminal,FDH201013,fdh,,,,,
T2000768,terminal,MST,FDH201013,fdh,,,,,
F2000340,splice closure,,FDH201032,fdh,,Partial Splice,,TRUNK20182,
T2000768,terminal,MST,FDH201013,fdh,,,,,
F2000340,splice closure,,FDH201032,fdh,,Partial Splice,,TRUNK20182,
F2000341,splice closure,,FDH201032,fdh,,Full Splice,,TRUNK20182,
F2000340,splice closure,,FDH201032,fdh,,Partial Splice,,TRUNK20182,
T2000357,terminal,Aerial Terminal,FDH201015,fdh,,,,,
F2000340,splice closure,,FDH201032,fdh,,Partial Splice,,TRUNK20182,
F2000337,splice closure,,FDH201032,fdh,,Full Splice,,TRUNK20390,
F2000337,splice closure,,FDH201032,fdh,,Full Splice,,TRUNK20390,
F2000339,splice closure,,FDH201032,fdh,,Full Splice,,TRUNK20390,
F2000337,splice closure,,FDH201032,fdh,,Full Splice,,TRUNK20390,
F2000337,splice closure,,FDH201032,fdh,,Full Splice,,TRUNK20390,
F2000338,splice closure,,FDH201032,fdh,,Partial Splice,,TRUNK20390,
T2000356,terminal,Aerial Terminal,FDH201015,fdh,,,,,
T2000424,terminal,Aerial Terminal,FDH201013,fdh,,,,,
T2000768,terminal,MST,FDH201013,fdh,,,,,
T2000357,terminal,Aerial Terminal,FDH201015,fdh,,,,,
T2000768,terminal,MST,FDH201013,fdh,,,,,
T2000704,terminal,Aerial Terminal,FDH201037,fdh,,,,,
T2000688,terminal,Aerial Terminal,FDH201037,fdh,,,,,
T2000635,terminal,Aerial Terminal,FDH201035,fdh,,,,,
T2000635,terminal,Aerial Terminal,FDH201035,fdh,,,,,
T2000634,terminal,Aerial Terminal,FDH201035,fdh,,,,,
T2000634,terminal,Aerial Terminal,FDH201035,fdh,,,,,
T2000620,terminal,Aerial Terminal,FDH201034,fdh,,,,,
T2000034,terminal,Aerial Terminal,FDH201023,fdh,,,,,
T2000430,terminal,MST,FDH201013,fdh,,,,,
T2000437,terminal,MST,FDH201013,fdh,,,,,
T2000419,terminal,Aerial Terminal,FDH201013,fdh,,,,,
T2000419,terminal,Aerial Terminal,FDH201013,fdh,,,,,
T2000423,terminal,Aerial Terminal,FDH201013,fdh,,,,,
T2000420,terminal,Aerial Terminal,FDH201013,fdh,,,,,
T2000443,terminal,Aerial Terminal,FDH201017,fdh,,,,,
T2000356,terminal,Aerial Terminal,FDH201015,fdh,,,,,
T2000356,terminal,Aerial Terminal,FDH201015,fdh,,,,,
T2000434,terminal,Aerial Terminal,FDH201013,fdh,,,,,
T2000743,terminal,Aerial Terminal,FDH201013,fdh,,,,,
T2000444,terminal,Aerial Terminal,FDH201017,fdh,,,,,
T2000443,terminal,Aerial Terminal,FDH201017,fdh,,,,,
T2000743,terminal,Aerial Terminal,FDH201013,fdh,,,,,
T2000426,terminal,Aerial Terminal,FDH201013,fdh,,,,,
T2000394,terminal,Aerial Terminal,FDH201016,fdh,,,,,
T2000393,terminal,Aerial Terminal,FDH201016,fdh,,,,,
T2000440,terminal,Aerial Terminal,FDH201015,fdh,,,,,
T2000399,terminal,Aerial Terminal,FDH201015,fdh,,,,,
T2000437,terminal,MST,FDH201013,fdh,,,,,
T2000437,terminal,MST,FDH201013,fdh,,,,,
T2000425,terminal,Aerial Terminal,FDH201013,fdh,,,,,
T2000428,terminal,Aerial Terminal,FDH201013,fdh,,,,,
T2000426,terminal,Aerial Terminal,FDH201013,fdh,,,,,
T2000425,terminal,Aerial Terminal,FDH201013,fdh,,,,,
F2000336,splice closure,,FDH201032,fdh,,Partial Splice,,TRUNK20181,
T2000225,terminal,Aerial Terminal,FDH202003,fdh,,,,,
T2000233,terminal,Aerial Terminal,FDH202007,fdh,,,,,
T2000619,terminal,Aerial Terminal,FDH201034,fdh,,,,,
T2000442,terminal,Aerial Terminal,FDH201015,fdh,,,,,
T2000619,terminal,Aerial Terminal,FDH201034,fdh,,,,,
T2000619,terminal,Aerial Terminal,FDH201034,fdh,,,,,
T2000632,terminal,MST,FDH201035,fdh,,,,,
T2000632,terminal,MST,FDH201035,fdh,,,,,
T2000392,terminal,Aerial Terminal,FDH201016,fdh,,,,,
T2000393,terminal,Aerial Terminal,FDH201016,fdh,,,,,
T2000379,terminal,MST,FDH201014,fdh,,,,,
T2000241,terminal,Aerial Terminal,FDH202007,fdh,,,,,
T2000383,terminal,Aerial Terminal,FDH201015,fdh,,,,,
T2000383,terminal,Aerial Terminal,FDH201015,fdh,,,,,
T2000385,terminal,Aerial Terminal,FDH201015,fdh,,,,,
T2000388,terminal,Aerial Terminal,FDH201015,fdh,,,,,
T2000384,terminal,Aerial Terminal,FDH201015,fdh,,,,,
T2000384,terminal,Aerial Terminal,FDH201015,fdh,,,,,
T2000389,terminal,Aerial Terminal,FDH201015,fdh,,,,,
T2000391,terminal,Aerial Terminal,FDH201016,fdh,,,,,
T2000392,terminal,Aerial Terminal,FDH201016,fdh,,,,,
T2000391,terminal,Aerial Terminal,FDH201016,fdh,,,,,
T2000356,terminal,Aerial Terminal,FDH201015,fdh,,,,,
T2000361,terminal,Aerial Terminal,FDH201012,fdh,,,,,
T2000362,terminal,Aerial Terminal,FDH201012,fdh,,,,,
T2000365,terminal,Aerial Terminal,FDH201012,fdh,,,,,
T2000363,terminal,Aerial Terminal,FDH201012,fdh,,,,,
T2000364,terminal,Aerial Terminal,FDH201012,fdh,,,,,
T2000139,terminal,Aerial Terminal,FDH202031,fdh,,,,,
T2000223,terminal,Aerial Terminal,FDH202003,fdh,,,,,
T2000136,terminal,Aerial Terminal,FDH202031,fdh,,,,,
T2000308,terminal,Aerial Terminal,FDH201050,fdh,,,,,
T2000225,terminal,Aerial Terminal,FDH202003,fdh,,,,,
T2000379,terminal,MST,FDH201014,fdh,,,,,
T2000358,terminal,MST,FDH201015,fdh,,,,,
T2000623,terminal,Aerial Terminal,FDH201024,fdh,,,,,
T2000625,terminal,Aerial Terminal,FDH201024,fdh,,,,,
T2000623,terminal,Aerial Terminal,FDH201024,fdh,,,,,
T2000623,terminal,Aerial Terminal,FDH201024,fdh,,,,,
T2000624,terminal,Aerial Terminal,FDH201024,fdh,,,,,
T2000625,terminal,Aerial Terminal,FDH201024,fdh,,,,,
T2000623,terminal,Aerial Terminal,FDH201024,fdh,,,,,
T2000624,terminal,Aerial Terminal,FDH201024,fdh,,,,,
T2000625,terminal,Aerial Terminal,FDH201024,fdh,,,,,
T2000623,terminal,Aerial Terminal,FDH201024,fdh,,,,,
T2000623,terminal,Aerial Terminal,FDH201024,fdh,,,,,
T2000623,terminal,Aerial Terminal,FDH201024,fdh,,,,,
T2000624,terminal,Aerial Terminal,FDH201024,fdh,,,,,
T2000264,terminal,Aerial Terminal,FDH201008,fdh,,,,,
T2000249,terminal,Aerial Terminal,FDH201008,fdh,,,,,
T2000251,terminal,Aerial Terminal,FDH201008,fdh,,,,,
T2000202,terminal,Aerial Terminal,FDH201008,fdh,,,,,
T2000246,terminal,Aerial Terminal,FDH201008,fdh,,,,,
T2000250,terminal,Aerial Terminal,FDH201008,fdh,,,,,
T2000264,terminal,Aerial Terminal,FDH201008,fdh,,,,,
T2000250,terminal,Aerial Terminal,FDH201008,fdh,,,,,
T2000264,terminal,Aerial Terminal,FDH201008,fdh,,,,,
T2000326,terminal,Aerial Terminal,FDH201008,fdh,,,,,
T2000250,terminal,Aerial Terminal,FDH201008,fdh,,,,,
T2000800,terminal,Aerial Terminal,FDH201015,fdh,,,,,
T2000248,terminal,Aerial Terminal,FDH201008,fdh,,,,,
T2000396,terminal,Aerial Terminal,FDH201015,fdh,,,,,
T2000396,terminal,Aerial Terminal,FDH201015,fdh,,,,,
T2000824,terminal,MST,FDH201015,fdh,,,,,
T2000397,terminal,Aerial Terminal,FDH201015,fdh,,,,,
T2000359,terminal,Aerial Terminal,FDH201015,fdh,,,,,
T2000359,terminal,Aerial Terminal,FDH201015,fdh,,,,,
T2000359,terminal,Aerial Terminal,FDH201015,fdh,,,,,
T2000355,terminal,Aerial Terminal,FDH201015,fdh,,,,,
T2000801,terminal,Aerial Terminal,FDH201015,fdh,,,,,
T2000264,terminal,Aerial Terminal,FDH201008,fdh,,,,,
T2000253,terminal,Aerial Terminal,FDH201009,fdh,,,,,
T2000258,terminal,Aerial Terminal,FDH201009,fdh,,,,,
T2000050,terminal,Aerial Terminal,FDH202046,fdh,,,,,
T2000678,terminal,Aerial Terminal,FDH201036,fdh,,,,,
T2000401,terminal,Aerial Terminal,FDH201015,fdh,,,,,
T2000401,terminal,Aerial Terminal,FDH201015,fdh,,,,,
T2000403,terminal,Aerial Terminal,FDH201015,fdh,,,,,
T2000402,terminal,Aerial Terminal,FDH201015,fdh,,,,,
T2000401,terminal,Aerial Terminal,FDH201015,fdh,,,,,
T2000223,terminal,Aerial Terminal,FDH202003,fdh,,,,,
T2000136,terminal,Aerial Terminal,FDH202031,fdh,,,,,
T2000229,terminal,Aerial Terminal,FDH202003,fdh,,,,,
T2000214,terminal,Aerial Terminal,FDH202020,fdh,,,,,
T2000309,terminal,Aerial Terminal,FDH201050,fdh,,,,,
T2000230,terminal,Aerial Terminal,FDH202003,fdh,,,,,
T2000759,terminal,MST,FDH202047,fdh,,,,,
T2000380,terminal,Aerial Terminal,FDH201014,fdh,,,,,
T2000380,terminal,Aerial Terminal,FDH201014,fdh,,,,,
T2000542,terminal,Aerial Terminal,FDH201014,fdh,,,,,
T2000542,terminal,Aerial Terminal,FDH201014,fdh,,,,,
T2000776,terminal,MST,FDH202007,fdh,,,,,
T2000234,terminal,Aerial Terminal,FDH202007,fdh,,,,,
T2000360,terminal,Aerial Terminal,FDH201012,fdh,,,,,
T2000134,terminal,MST,FDH202031,fdh,,,,,
T2000217,terminal,Aerial Terminal,FDH202003,fdh,,,,,
T2000230,terminal,Aerial Terminal,FDH202003,fdh,,,,,
T2000168,terminal,MST,FDH202047,fdh,,,,,
T2000511,terminal,Aerial Terminal,FDH202003,fdh,,,,,
T2000217,terminal,Aerial Terminal,FDH202003,fdh,,,,,
T2000516,terminal,Aerial Terminal,FDH202003,fdh,,,,,
T2000516,terminal,Aerial Terminal,FDH202003,fdh,,,,,
T2000545,terminal,Aerial Terminal,FDH201014,fdh,,,,,
T2000546,terminal,Aerial Terminal,FDH201015,fdh,,,,,
T2000545,terminal,Aerial Terminal,FDH201014,fdh,,,,,
T2000545,terminal,Aerial Terminal,FDH201014,fdh,,,,,
T2000516,terminal,Aerial Terminal,FDH202003,fdh,,,,,
T2000771,terminal,MST,FDH201015,fdh,,,,,
T2000381,terminal,Aerial Terminal,FDH201015,fdh,,,,,
T2000381,terminal,Aerial Terminal,FDH201015,fdh,,,,,
T2000516,terminal,Aerial Terminal,FDH202003,fdh,,,,,
T2000771,terminal,MST,FDH201015,fdh,,,,,
T2000220,terminal,Aerial Terminal,FDH202003,fdh,,,,,
T2000219,terminal,Aerial Terminal,FDH202003,fdh,,,,,
T2000543,terminal,Aerial Terminal,FDH201014,fdh,,,,,
T2000380,terminal,Aerial Terminal,FDH201014,fdh,,,,,
T2000543,terminal,Aerial Terminal,FDH201014,fdh,,,,,
T2000219,terminal,Aerial Terminal,FDH202003,fdh,,,,,
T2000220,terminal,Aerial Terminal,FDH202003,fdh,,,,,
T2000512,terminal,Aerial Terminal,FDH202003,fdh,,,,,
T2000770,terminal,MST,FDH201011,fdh,,,,,
T2000770,terminal,MST,FDH201011,fdh,,,,,
T2000333,terminal,Aerial Terminal,FDH201011,fdh,,,,,
T2000770,terminal,MST,FDH201011,fdh,,,,,
T2000817,terminal,MST,FDH201012,fdh,,,,,
T2000220,terminal,Aerial Terminal,FDH202003,fdh,,,,,
T2000345,terminal,Aerial Terminal,FDH201012,fdh,,,,,
T2000770,terminal,MST,FDH201011,fdh,,,,,
T2000817,terminal,MST,FDH201012,fdh,,,,,
T2000228,terminal,Aerial Terminal,FDH202003,fdh,,,,,
T2000515,terminal,Aerial Terminal,FDH202003,fdh,,,,,
T2000816,terminal,MST,FDH201012,fdh,,,,,
T2000379,terminal,MST,FDH201014,fdh,,,,,
T2000382,terminal,Aerial Terminal,FDH201015,fdh,,,,,
T2000545,terminal,Aerial Terminal,FDH201014,fdh,,,,,
T2000377,terminal,MST,FDH201014,fdh,,,,,
T2000512,terminal,Aerial Terminal,FDH202003,fdh,,,,,
F2000081,splice closure,,FDH201050,fdh,,Partial Splice,,TRUNK20261,
T2000307,terminal,Aerial Terminal,FDH201050,fdh,,,,,
F2000081,splice closure,,FDH201050,fdh,,Partial Splice,,TRUNK20261,
F2000081,splice closure,,FDH201050,fdh,,Partial Splice,,TRUNK20261,
T2000514,terminal,Aerial Terminal,FDH202003,fdh,,,,,
T2000407,terminal,Aerial Terminal,FDH201016,fdh,,,,,
T2000308,terminal,Aerial Terminal,FDH201050,fdh,,,,,
T2000309,terminal,Aerial Terminal,FDH201050,fdh,,,,,
T2000406,terminal,Aerial Terminal,FDH201016,fdh,,,,,
T2000307,terminal,Aerial Terminal,FDH201050,fdh,,,,,
T2000306,terminal,Aerial Terminal,FDH201050,fdh,,,,,
T2000308,terminal,Aerial Terminal,FDH201050,fdh,,,,,
T2000315,terminal,Aerial Terminal,FDH201050,fdh,,,,,
T2000309,terminal,Aerial Terminal,FDH201050,fdh,,,,,
T2000334,terminal,Aerial Terminal,FDH201051,fdh,,,,,
T2000334,terminal,Aerial Terminal,FDH201051,fdh,,,,,
T2000335,terminal,Aerial Terminal,FDH201051,fdh,,,,,
T2000303,terminal,MST,FDH201032,fdh,,,,,
T2000410,terminal,Aerial Terminal,FDH201016,fdh,,,,,
T2000303,terminal,MST,FDH201032,fdh,,,,,
T2000823,terminal,MST,FDH201016,fdh,,,,,
T2000406,terminal,Aerial Terminal,FDH201016,fdh,,,,,
T2000405,terminal,Aerial Terminal,FDH201016,fdh,,,,,
T2000412,terminal,Aerial Terminal,FDH201016,fdh,,,,,
T2000252,terminal,Aerial Terminal,FDH201008,fdh,,,,,
T2000257,terminal,Aerial Terminal,FDH201009,fdh,,,,,
T2000507,terminal,Aerial Terminal,FDH202007,fdh,,,,,
T2000509,terminal,Aerial Terminal,FDH202007,fdh,,,,,
T2000518,terminal,Aerial Terminal,FDH202003,fdh,,,,,
T2000216,terminal,Aerial Terminal,FDH202003,fdh,,,,,
T2000697,terminal,Aerial Terminal,FDH201039,fdh,,,,,
T2000731,terminal,Aerial Terminal,FDH201040,fdh,,,,,
T2000731,terminal,Aerial Terminal,FDH201040,fdh,,,,,
T2000726,terminal,Aerial Terminal,FDH201040,fdh,,,,,
T2000403,terminal,Aerial Terminal,FDH201015,fdh,,,,,
T2000403,terminal,Aerial Terminal,FDH201015,fdh,,,,,
T2000409,terminal,Aerial Terminal,FDH201016,fdh,,,,,
T2000408,terminal,Aerial Terminal,FDH201016,fdh,,,,,
T2000402,terminal,Aerial Terminal,FDH201015,fdh,,,,,
T2000323,terminal,Aerial Terminal,FDH201011,fdh,,,,,
T2000323,terminal,Aerial Terminal,FDH201011,fdh,,,,,
T2000327,terminal,Aerial Terminal,FDH201011,fdh,,,,,
T2000323,terminal,Aerial Terminal,FDH201011,fdh,,,,,
T2000745,terminal,Aerial Terminal,FDH201011,fdh,,,,,
T2000315,terminal,Aerial Terminal,FDH201050,fdh,,,,,
T2000333,terminal,Aerial Terminal,FDH201011,fdh,,,,,
T2000315,terminal,Aerial Terminal,FDH201050,fdh,,,,,
T2000333,terminal,Aerial Terminal,FDH201011,fdh,,,,,
F2000169,splice closure,,FDH201032,fdh,,Full Splice,,TRUNK20178,
T2000306,terminal,Aerial Terminal,FDH201050,fdh,,,,,
T2000336,terminal,Aerial Terminal,FDH201051,fdh,,,,,
T2000774,terminal,MST,FDH201012,fdh,,,,,
T2000336,terminal,Aerial Terminal,FDH201051,fdh,,,,,
T2000775,terminal,MST,FDH201051,fdh,,,,,
T2000339,terminal,Aerial Terminal,FDH201051,fdh,,,,,
T2000328,terminal,Aerial Terminal,FDH201011,fdh,,,,,
T2000323,terminal,Aerial Terminal,FDH201011,fdh,,,,,
T2000328,terminal,Aerial Terminal,FDH201011,fdh,,,,,
T2000403,terminal,Aerial Terminal,FDH201015,fdh,,,,,
T2000327,terminal,Aerial Terminal,FDH201011,fdh,,,,,
T2000282,terminal,Aerial Terminal,FDH201004,fdh,,,,,
T2000344,terminal,Aerial Terminal,FDH201012,fdh,,,,,
T2000344,terminal,Aerial Terminal,FDH201012,fdh,,,,,
T2000537,terminal,Aerial Terminal,FDH201011,fdh,,,,,
T2000747,terminal,Aerial Terminal,FDH201012,fdh,,,,,
T2000747,terminal,Aerial Terminal,FDH201012,fdh,,,,,
T2000773,terminal,MST,FDH201012,fdh,,,,,
T2000307,terminal,Aerial Terminal,FDH201050,fdh,,,,,
T2000342,terminal,Aerial Terminal,FDH201012,fdh,,,,,
T2000342,terminal,Aerial Terminal,FDH201012,fdh,,,,,
T2000747,terminal,Aerial Terminal,FDH201012,fdh,,,,,
T2000368,terminal,Aerial Terminal,FDH201012,fdh,,,,,
T2000367,terminal,Aerial Terminal,FDH201012,fdh,,,,,
T2000366,terminal,Aerial Terminal,FDH201012,fdh,,,,,
T2000411,terminal,Aerial Terminal,FDH201016,fdh,,,,,
T2000402,terminal,Aerial Terminal,FDH201015,fdh,,,,,
T2000402,terminal,Aerial Terminal,FDH201015,fdh,,,,,
T2000403,terminal,Aerial Terminal,FDH201015,fdh,,,,,
T2000829,terminal,Aerial Terminal,FDH201012,fdh,,,,,
T2000477,terminal,Aerial Terminal,FDH201025,fdh,,,,,
T2000477,terminal,Aerial Terminal,FDH201025,fdh,,,,,
T2000539,terminal,Aerial Terminal,FDH201011,fdh,,,,,
T2000539,terminal,Aerial Terminal,FDH201011,fdh,,,,,
T2000322,terminal,Aerial Terminal,FDH201011,fdh,,,,,
T2000322,terminal,Aerial Terminal,FDH201011,fdh,,,,,
T2000478,terminal,Aerial Terminal,FDH201025,fdh,,,,,
T2000813,terminal,Aerial Terminal,FDH201041,fdh,,,,,
T2000728,terminal,Aerial Terminal,FDH201041,fdh,,,,,
T2000813,terminal,Aerial Terminal,FDH201041,fdh,,,,,
T2000727,terminal,Aerial Terminal,FDH201041,fdh,,,,,
T2000718,terminal,Aerial Terminal,FDH201041,fdh,,,,,
T2000721,terminal,Aerial Terminal,FDH201041,fdh,,,,,
T2000721,terminal,Aerial Terminal,FDH201041,fdh,,,,,
T2000411,terminal,Aerial Terminal,FDH201016,fdh,,,,,
T2000822,terminal,MST,FDH201016,fdh,,,,,
T2000413,terminal,Aerial Terminal,FDH201016,fdh,,,,,
T2000802,terminal,Aerial Terminal,FDH201016,fdh,,,,,
T2000475,terminal,Aerial Terminal,FDH201025,fdh,,,,,
T2000539,terminal,Aerial Terminal,FDH201011,fdh,,,,,
T2000478,terminal,Aerial Terminal,FDH201025,fdh,,,,,
T2000477,terminal,Aerial Terminal,FDH201025,fdh,,,,,
T2000476,terminal,Aerial Terminal,FDH201025,fdh,,,,,
T2000476,terminal,Aerial Terminal,FDH201025,fdh,,,,,
T2000281,terminal,Aerial Terminal,FDH201004,fdh,,,,,
T2000475,terminal,Aerial Terminal,FDH201025,fdh,,,,,
T2000475,terminal,Aerial Terminal,FDH201025,fdh,,,,,
T2000050,terminal,Aerial Terminal,FDH202046,fdh,,,,,
T2000051,terminal,Aerial Terminal,FDH202046,fdh,,,,,
T2000051,terminal,Aerial Terminal,FDH202046,fdh,,,,,
T2000051,terminal,Aerial Terminal,FDH202046,fdh,,,,,
T2000051,terminal,Aerial Terminal,FDH202046,fdh,,,,,
T2000051,terminal,Aerial Terminal,FDH202046,fdh,,,,,
T2000051,terminal,Aerial Terminal,FDH202046,fdh,,,,,
T2000051,terminal,Aerial Terminal,FDH202046,fdh,,,,,
T2000051,terminal,Aerial Terminal,FDH202046,fdh,,,,,
T2000051,terminal,Aerial Terminal,FDH202046,fdh,,,,,
T2000051,terminal,Aerial Terminal,FDH202046,fdh,,,,,
T2000006,terminal,Aerial Terminal,FDH202046,fdh,,,,,
T2000006,terminal,Aerial Terminal,FDH202046,fdh,,,,,
T2000006,terminal,Aerial Terminal,FDH202046,fdh,,,,,
T2000006,terminal,Aerial Terminal,FDH202046,fdh,,,,,
T2000006,terminal,Aerial Terminal,FDH202046,fdh,,,,,
T2000006,terminal,Aerial Terminal,FDH202046,fdh,,,,,
T2000006,terminal,Aerial Terminal,FDH202046,fdh,,,,,
T2000006,terminal,Aerial Terminal,FDH202046,fdh,,,,,
T2000719,terminal,MST,FDH201041,fdh,,,,,
T2000726,terminal,Aerial Terminal,FDH201040,fdh,,,,,
F2000263,splice closure,,FDH201040,fdh,,Partial Splice,,TRUNK20228,
T2000733,terminal,Aerial Terminal,FDH201040,fdh,,,,,
T2000716,terminal,MST,FDH201039,fdh,,,,,
T2000726,terminal,Aerial Terminal,FDH201040,fdh,,,,,
T2000718,terminal,Aerial Terminal,FDH201041,fdh,,,,,
T2000723,terminal,Aerial Terminal,FDH201041,fdh,,,,,
T2000813,terminal,Aerial Terminal,FDH201041,fdh,,,,,
T2000813,terminal,Aerial Terminal,FDH201041,fdh,,,,,
T2000720,terminal,Aerial Terminal,FDH201041,fdh,,,,,
T2000727,terminal,Aerial Terminal,FDH201041,fdh,,,,,
T2000727,terminal,Aerial Terminal,FDH201041,fdh,,,,,
T2000719,terminal,MST,FDH201041,fdh,,,,,
T2000007,terminal,Aerial Terminal,FDH202046,fdh,,,,,
T2000007,terminal,Aerial Terminal,FDH202046,fdh,,,,,
T2000007,terminal,Aerial Terminal,FDH202046,fdh,,,,,
T2000007,terminal,Aerial Terminal,FDH202046,fdh,,,,,
T2000040,terminal,Aerial Terminal,FDH202046,fdh,,,,,
T2000040,terminal,Aerial Terminal,FDH202046,fdh,,,,,
T2000008,terminal,Aerial Terminal,FDH202046,fdh,,,,,
T2000008,terminal,Aerial Terminal,FDH202046,fdh,,,,,
T2000008,terminal,Aerial Terminal,FDH202046,fdh,,,,,
T2000052,terminal,Aerial Terminal,FDH202046,fdh,,,,,
T2000052,terminal,Aerial Terminal,FDH202046,fdh,,,,,
T2000052,terminal,Aerial Terminal,FDH202046,fdh,,,,,
T2000052,terminal,Aerial Terminal,FDH202046,fdh,,,,,
T2000053,terminal,Aerial Terminal,FDH202046,fdh,,,,,
T2000053,terminal,Aerial Terminal,FDH202046,fdh,,,,,
T2000053,terminal,Aerial Terminal,FDH202046,fdh,,,,,
T2000053,terminal,Aerial Terminal,FDH202046,fdh,,,,,
T2000053,terminal,Aerial Terminal,FDH202046,fdh,,,,,
T2000016,terminal,Aerial Terminal,FDH202019,fdh,,,,,
T2000197,terminal,Aerial Terminal,FDH202019,fdh,,,,,
T2000018,terminal,Aerial Terminal,FDH202019,fdh,,,,,
T2000466,terminal,Aerial Terminal,FDH202002,fdh,,,,,
T2000466,terminal,Aerial Terminal,FDH202002,fdh,,,,,
T2000466,terminal,Aerial Terminal,FDH202002,fdh,,,,,
T2000482,terminal,Aerial Terminal,FDH202002,fdh,,,,,
T2000482,terminal,Aerial Terminal,FDH202002,fdh,,,,,
T2000482,terminal,Aerial Terminal,FDH202002,fdh,,,,,
T2000732,terminal,Aerial Terminal,FDH201040,fdh,,,,,
T2000466,terminal,Aerial Terminal,FDH202002,fdh,,,,,
T2000488,terminal,Aerial Terminal,FDH202002,fdh,,,,,
T2000488,terminal,Aerial Terminal,FDH202002,fdh,,,,,
T2000716,terminal,MST,FDH201039,fdh,,,,,
T2000493,terminal,Aerial Terminal,FDH202029,fdh,,,,,
T2000733,terminal,Aerial Terminal,FDH201040,fdh,,,,,
T2000130,terminal,Aerial Terminal,FDH202031,fdh,,,,,
T2000237,terminal,Aerial Terminal,FDH202007,fdh,,,,,
T2000525,terminal,Aerial Terminal,FDH201048,fdh,,,,,
T2000553,terminal,Aerial Terminal,FDH201048,fdh,,,,,
T2000553,terminal,Aerial Terminal,FDH201048,fdh,,,,,
T2000553,terminal,Aerial Terminal,FDH201048,fdh,,,,,
T2000553,terminal,Aerial Terminal,FDH201048,fdh,,,,,
T2000553,terminal,Aerial Terminal,FDH201048,fdh,,,,,
T2000553,terminal,Aerial Terminal,FDH201048,fdh,,,,,
T2000553,terminal,Aerial Terminal,FDH201048,fdh,,,,,
T2000524,terminal,Aerial Terminal,FDH201048,fdh,,,,,
T2000524,terminal,Aerial Terminal,FDH201048,fdh,,,,,
T2000524,terminal,Aerial Terminal,FDH201048,fdh,,,,,
T2000524,terminal,Aerial Terminal,FDH201048,fdh,,,,,
T2000524,terminal,Aerial Terminal,FDH201048,fdh,,,,,
T2000524,terminal,Aerial Terminal,FDH201048,fdh,,,,,
T2000524,terminal,Aerial Terminal,FDH201048,fdh,,,,,
T2000523,terminal,Aerial Terminal,FDH201048,fdh,,,,,
T2000523,terminal,Aerial Terminal,FDH201048,fdh,,,,,
T2000523,terminal,Aerial Terminal,FDH201048,fdh,,,,,
T2000523,terminal,Aerial Terminal,FDH201048,fdh,,,,,
T2000523,terminal,Aerial Terminal,FDH201048,fdh,,,,,
T2000522,terminal,Aerial Terminal,FDH201009,fdh,,,,,
T2000522,terminal,Aerial Terminal,FDH201009,fdh,,,,,
T2000522,terminal,Aerial Terminal,FDH201009,fdh,,,,,
T2000522,terminal,Aerial Terminal,FDH201009,fdh,,,,,
T2000522,terminal,Aerial Terminal,FDH201009,fdh,,,,,
T2000521,terminal,Aerial Terminal,FDH201009,fdh,,,,,
T2000521,terminal,Aerial Terminal,FDH201009,fdh,,,,,
T2000522,terminal,Aerial Terminal,FDH201009,fdh,,,,,
T2000521,terminal,Aerial Terminal,FDH201009,fdh,,,,,
T2000520,terminal,Aerial Terminal,FDH201009,fdh,,,,,
T2000276,terminal,Aerial Terminal,FDH201010,fdh,,,,,
T2000276,terminal,Aerial Terminal,FDH201010,fdh,,,,,
T2000351,terminal,Aerial Terminal,FDH201012,fdh,,,,,
T2000352,terminal,Aerial Terminal,FDH201012,fdh,,,,,
T2000369,terminal,Aerial Terminal,FDH201012,fdh,,,,,
T2000376,terminal,MST,FDH201012,fdh,,,,,
T2000544,terminal,Aerial Terminal,FDH201014,fdh,,,,,
F2000265,splice closure,,FDH201040,fdh,,Full Splice,,,
T2000554,terminal,Aerial Terminal,FDH201025,fdh,,,,,
T2000025,terminal,Aerial Terminal,FDH201025,fdh,,,,,
T2000638,terminal,Aerial Terminal,FDH201035,fdh,,,,,
T2000638,terminal,Aerial Terminal,FDH201035,fdh,,,,,
T2000638,terminal,Aerial Terminal,FDH201035,fdh,,,,,
T2000638,terminal,Aerial Terminal,FDH201035,fdh,,,,,
T2000624,terminal,Aerial Terminal,FDH201024,fdh,,,,,
T2000632,terminal,MST,FDH201035,fdh,,,,,
T2000582,terminal,MST,FDH201026,fdh,,,,,
T2000589,terminal,Aerial Terminal,FDH201033,fdh,,,,,
T2000717,terminal,Aerial Terminal,FDH201041,fdh,,,,,
T2000718,terminal,Aerial Terminal,FDH201041,fdh,,,,,
T2000723,terminal,Aerial Terminal,FDH201041,fdh,,,,,
T2000723,terminal,Aerial Terminal,FDH201041,fdh,,,,,
T2000726,terminal,Aerial Terminal,FDH201040,fdh,,,,,
T2000814,terminal,Aerial Terminal,FDH201041,fdh,,,,,
F2000265,splice closure,,FDH201040,fdh,,Full Splice,,,
F2000263,splice closure,,FDH201040,fdh,,Partial Splice,,TRUNK20228,
T2000706,terminal,Aerial Terminal,FDH201039,fdh,,,,,
T2000706,terminal,Aerial Terminal,FDH201039,fdh,,,,,
T2000724,terminal,Aerial Terminal,FDH201039,fdh,,,,,
T2000725,terminal,Aerial Terminal,FDH201040,fdh,,,,,
T2000725,terminal,Aerial Terminal,FDH201040,fdh,,,,,
T2000707,terminal,Aerial Terminal,FDH201039,fdh,,,,,
T2000703,terminal,Aerial Terminal,FDH201039,fdh,,,,,
T2000705,terminal,Aerial Terminal,FDH201039,fdh,,,,,
T2000724,terminal,Aerial Terminal,FDH201039,fdh,,,,,
T2000703,terminal,Aerial Terminal,FDH201039,fdh,,,,,
T2000706,terminal,Aerial Terminal,FDH201039,fdh,,,,,
T2000706,terminal,Aerial Terminal,FDH201039,fdh,,,,,
T2000729,terminal,Aerial Terminal,FDH201040,fdh,,,,,
T2000720,terminal,Aerial Terminal,FDH201041,fdh,,,,,
T2000814,terminal,Aerial Terminal,FDH201041,fdh,,,,,
T2000814,terminal,Aerial Terminal,FDH201041,fdh,,,,,
T2000725,terminal,Aerial Terminal,FDH201040,fdh,,,,,
T2000727,terminal,Aerial Terminal,FDH201041,fdh,,,,,
T2000717,terminal,Aerial Terminal,FDH201041,fdh,,,,,
T2000721,terminal,Aerial Terminal,FDH201041,fdh,,,,,
T2000710,terminal,Aerial Terminal,FDH201038,fdh,,,,,
T2000715,terminal,Aerial Terminal,FDH201038,fdh,,,,,
T2000729,terminal,Aerial Terminal,FDH201040,fdh,,,,,
T2000707,terminal,Aerial Terminal,FDH201039,fdh,,,,,
T2000725,terminal,Aerial Terminal,FDH201040,fdh,,,,,
T2000732,terminal,Aerial Terminal,FDH201040,fdh,,,,,
T2000703,terminal,Aerial Terminal,FDH201039,fdh,,,,,
T2000714,terminal,Aerial Terminal,FDH201038,fdh,,,,,
T2000718,terminal,Aerial Terminal,FDH201041,fdh,,,,,
T2000714,terminal,Aerial Terminal,FDH201038,fdh,,,,,
T2000717,terminal,Aerial Terminal,FDH201041,fdh,,,,,
T2000722,terminal,Aerial Terminal,FDH201041,fdh,,,,,
T2000729,terminal,Aerial Terminal,FDH201040,fdh,,,,,
T2000719,terminal,MST,FDH201041,fdh,,,,,
T2000723,terminal,Aerial Terminal,FDH201041,fdh,,,,,
T2000721,terminal,Aerial Terminal,FDH201041,fdh,,,,,
T2000720,terminal,Aerial Terminal,FDH201041,fdh,,,,,
T2000815,terminal,Aerial Terminal,FDH201038,fdh,,,,,
T2000814,terminal,Aerial Terminal,FDH201041,fdh,,,,,
T2000722,terminal,Aerial Terminal,FDH201041,fdh,,,,,
T2000710,terminal,Aerial Terminal,FDH201038,fdh,,,,,
T2000714,terminal,Aerial Terminal,FDH201038,fdh,,,,,
T2000721,terminal,Aerial Terminal,FDH201041,fdh,,,,,
T2000451,terminal,Aerial Terminal,FDH202021,fdh,,,,,
T2000068,terminal,Aerial Terminal,FDH202022,fdh,,,,,
T2000136,terminal,Aerial Terminal,FDH202031,fdh,,,,,
T2000243,terminal,Aerial Terminal,FDH202007,fdh,,,,,
T2000834,terminal,MST,FDH201008,fdh,,,,,
T2000247,terminal,Aerial Terminal,FDH201008,fdh,,,,,
T2000247,terminal,Aerial Terminal,FDH201008,fdh,,,,,
T2000387,terminal,Aerial Terminal,FDH201009,fdh,,,,,
T2000529,terminal,Aerial Terminal,FDH201004,fdh,,,,,
T2000269,terminal,Aerial Terminal,FDH201010,fdh,,,,,
T2000270,terminal,Aerial Terminal,FDH201010,fdh,,,,,
T2000271,terminal,Aerial Terminal,FDH201010,fdh,,,,,
T2000272,terminal,Aerial Terminal,FDH201010,fdh,,,,,
T2000274,terminal,Aerial Terminal,FDH201010,fdh,,,,,
T2000705,terminal,Aerial Terminal,FDH201039,fdh,,,,,
T2000714,terminal,Aerial Terminal,FDH201038,fdh,,,,,
T2000722,terminal,Aerial Terminal,FDH201041,fdh,,,,,
T2000815,terminal,Aerial Terminal,FDH201038,fdh,,,,,
T2000724,terminal,Aerial Terminal,FDH201039,fdh,,,,,
T2000709,terminal,Aerial Terminal,FDH201039,fdh,,,,,
T2000703,terminal,Aerial Terminal,FDH201039,fdh,,,,,
T2000741,terminal,Aerial Terminal,FDH202031,fdh,,,,,
T2000712,terminal,Aerial Terminal,FDH201038,fdh,,,,,
T2000714,terminal,Aerial Terminal,FDH201038,fdh,,,,,
T2000315,terminal,Aerial Terminal,FDH201050,fdh,,,,,
T2000315,terminal,Aerial Terminal,FDH201050,fdh,,,,,
T2000312,terminal,Aerial Terminal,FDH201050,fdh,,,,,
T2000313,terminal,Aerial Terminal,FDH201050,fdh,,,,,
T2000311,terminal,Aerial Terminal,FDH201050,fdh,,,,,
T2000312,terminal,Aerial Terminal,FDH201050,fdh,,,,,
T2000321,terminal,Aerial Terminal,FDH201011,fdh,,,,,
T2000321,terminal,Aerial Terminal,FDH201011,fdh,,,,,
T2000313,terminal,Aerial Terminal,FDH201050,fdh,,,,,
T2000314,terminal,Aerial Terminal,FDH201050,fdh,,,,,
T2000815,terminal,Aerial Terminal,FDH201038,fdh,,,,,
T2000023,terminal,Aerial Terminal,FDH201011,fdh,,,,,
T2000322,terminal,Aerial Terminal,FDH201011,fdh,,,,,
T2000537,terminal,Aerial Terminal,FDH201011,fdh,,,,,
T2000023,terminal,Aerial Terminal,FDH201011,fdh,,,,,
T2000501,terminal,Aerial Terminal,FDH202020,fdh,,,,,
T2000714,terminal,Aerial Terminal,FDH201038,fdh,,,,,
T2000714,terminal,Aerial Terminal,FDH201038,fdh,,,,,
T2000714,terminal,Aerial Terminal,FDH201038,fdh,,,,,
T2000682,terminal,Aerial Terminal,FDH201037,fdh,,,,,
T2000756,terminal,Aerial Terminal,FDH201036,fdh,,,,,
T2000639,terminal,Aerial Terminal,FDH201036,fdh,,,,,
T2000317,terminal,Aerial Terminal,FDH201011,fdh,,,,,
T2000274,terminal,Aerial Terminal,FDH201010,fdh,,,,,
T2000274,terminal,Aerial Terminal,FDH201010,fdh,,,,,
T2000272,terminal,Aerial Terminal,FDH201010,fdh,,,,,
T2000273,terminal,Aerial Terminal,FDH201010,fdh,,,,,
T2000274,terminal,Aerial Terminal,FDH201010,fdh,,,,,
T2000317,terminal,Aerial Terminal,FDH201011,fdh,,,,,
T2000764,terminal,MST,FDH201010,fdh,,,,,
T2000274,terminal,Aerial Terminal,FDH201010,fdh,,,,,
T2000274,terminal,Aerial Terminal,FDH201010,fdh,,,,,
T2000275,terminal,Aerial Terminal,FDH201010,fdh,,,,,
T2000280,terminal,Aerial Terminal,FDH201010,fdh,,,,,
T2000279,terminal,Aerial Terminal,FDH201010,fdh,,,,,
T2000269,terminal,Aerial Terminal,FDH201010,fdh,,,,,
T2000278,terminal,Aerial Terminal,FDH201010,fdh,,,,,
T2000530,terminal,Aerial Terminal,FDH201011,fdh,,,,,
T2000531,terminal,Aerial Terminal,FDH201011,fdh,,,,,
T2000277,terminal,Aerial Terminal,FDH201010,fdh,,,,,
T2000271,terminal,Aerial Terminal,FDH201010,fdh,,,,,
T2000531,terminal,Aerial Terminal,FDH201011,fdh,,,,,
T2000317,terminal,Aerial Terminal,FDH201011,fdh,,,,,
T2000318,terminal,Aerial Terminal,FDH201011,fdh,,,,,
T2000271,terminal,Aerial Terminal,FDH201010,fdh,,,,,
T2000270,terminal,Aerial Terminal,FDH201010,fdh,,,,,
T2000271,terminal,Aerial Terminal,FDH201010,fdh,,,,,
T2000273,terminal,Aerial Terminal,FDH201010,fdh,,,,,
T2000270,terminal,Aerial Terminal,FDH201010,fdh,,,,,
T2000271,terminal,Aerial Terminal,FDH201010,fdh,,,,,
T2000272,terminal,Aerial Terminal,FDH201010,fdh,,,,,
T2000039,terminal,Aerial Terminal,FDH202020,fdh,,,,,
T2000501,terminal,Aerial Terminal,FDH202020,fdh,,,,,
T2000039,terminal,Aerial Terminal,FDH202020,fdh,,,,,
T2000215,terminal,Aerial Terminal,FDH202020,fdh,,,,,
T2000169,terminal,Aerial Terminal,FDH202047,fdh,,,,,
T2000273,terminal,Aerial Terminal,FDH201010,fdh,,,,,
T2000674,terminal,Aerial Terminal,FDH201043,fdh,,,,,
T2000273,terminal,Aerial Terminal,FDH201010,fdh,,,,,
T2000519,terminal,Aerial Terminal,FDH201009,fdh,,,,,
T2000259,terminal,MST,FDH201009,fdh,,,,,
T2000259,terminal,MST,FDH201009,fdh,,,,,
T2000534,terminal,Aerial Terminal,FDH201011,fdh,,,,,
T2000240,terminal,Aerial Terminal,FDH202007,fdh,,,,,
T2000222,terminal,Aerial Terminal,FDH202003,fdh,,,,,
T2000169,terminal,Aerial Terminal,FDH202047,fdh,,,,,
T2000712,terminal,Aerial Terminal,FDH201038,fdh,,,,,
T2000722,terminal,Aerial Terminal,FDH201041,fdh,,,,,
T2000711,terminal,Aerial Terminal,FDH201038,fdh,,,,,
T2000711,terminal,Aerial Terminal,FDH201038,fdh,,,,,
T2000718,terminal,Aerial Terminal,FDH201041,fdh,,,,,
T2000026,terminal,Aerial Terminal,FDH201036,fdh,,,,,
T2000642,terminal,MST,FDH201036,fdh,,,,,
T2000731,terminal,Aerial Terminal,FDH201040,fdh,,,,,
T2000707,terminal,Aerial Terminal,FDH201039,fdh,,,,,
T2000724,terminal,Aerial Terminal,FDH201039,fdh,,,,,
T2000702,terminal,Aerial Terminal,FDH201039,fdh,,,,,
T2000733,terminal,Aerial Terminal,FDH201040,fdh,,,,,
T2000705,terminal,Aerial Terminal,FDH201039,fdh,,,,,
T2000724,terminal,Aerial Terminal,FDH201039,fdh,,,,,
T2000708,terminal,MST,FDH201039,fdh,,,,,
T2000702,terminal,Aerial Terminal,FDH201039,fdh,,,,,
T2000709,terminal,Aerial Terminal,FDH201039,fdh,,,,,
T2000709,terminal,Aerial Terminal,FDH201039,fdh,,,,,
T2000027,terminal,Aerial Terminal,FDH201036,fdh,,,,,
T2000672,terminal,Aerial Terminal,FDH201036,fdh,,,,,
T2000667,terminal,Aerial Terminal,FDH201043,fdh,,,,,
T2000679,terminal,Aerial Terminal,FDH201036,fdh,,,,,
T2000793,terminal,Aerial Terminal,FDH201042,fdh,,,,,
T2000662,terminal,Aerial Terminal,FDH201043,fdh,,,,,
T2000675,terminal,Aerial Terminal,FDH201043,fdh,,,,,
T2000797,terminal,Aerial Terminal,FDH201043,fdh,,,,,
T2000798,terminal,Aerial Terminal,FDH201043,fdh,,,,,
T2000641,terminal,Aerial Terminal,FDH201036,fdh,,,,,
T2000644,terminal,Aerial Terminal,FDH201036,fdh,,,,,
T2000663,terminal,Aerial Terminal,FDH201043,fdh,,,,,
T2000234,terminal,Aerial Terminal,FDH202007,fdh,,,,,
T2000234,terminal,Aerial Terminal,FDH202007,fdh,,,,,
T2000767,terminal,MST,FDH201050,fdh,,,,,
T2000221,terminal,Aerial Terminal,FDH202003,fdh,,,,,
T2000505,terminal,Aerial Terminal,FDH202020,fdh,,,,,
T2000503,terminal,Aerial Terminal,FDH202020,fdh,,,,,
T2000501,terminal,Aerial Terminal,FDH202020,fdh,,,,,
T2000215,terminal,Aerial Terminal,FDH202020,fdh,,,,,
T2000215,terminal,Aerial Terminal,FDH202020,fdh,,,,,
T2000169,terminal,Aerial Terminal,FDH202047,fdh,,,,,
T2000218,terminal,Aerial Terminal,FDH202003,fdh,,,,,
T2000169,terminal,Aerial Terminal,FDH202047,fdh,,,,,
T2000169,terminal,Aerial Terminal,FDH202047,fdh,,,,,
T2000636,terminal,Aerial Terminal,FDH201035,fdh,,,,,
T2000812,terminal,Aerial Terminal,FDH201035,fdh,,,,,
T2000789,terminal,Aerial Terminal,FDH201035,fdh,,,,,
T2000227,terminal,Aerial Terminal,FDH202003,fdh,,,,,
T2000324,terminal,Aerial Terminal,FDH202047,fdh,,,,,
T2000324,terminal,Aerial Terminal,FDH202047,fdh,,,,,
T2000227,terminal,Aerial Terminal,FDH202003,fdh,,,,,
T2000789,terminal,Aerial Terminal,FDH201035,fdh,,,,,
T2000597,terminal,MST,FDH201017,fdh,,,,,
T2000784,terminal,MST,FDH201017,fdh,,,,,
T2000518,terminal,Aerial Terminal,FDH202003,fdh,,,,,
T2000597,terminal,MST,FDH201017,fdh,,,,,
T2000637,terminal,Aerial Terminal,FDH201035,fdh,,,,,
T2000519,terminal,Aerial Terminal,FDH201009,fdh,,,,,
T2000590,terminal,Aerial Terminal,FDH201033,fdh,,,,,
T2000590,terminal,Aerial Terminal,FDH201033,fdh,,,,,
T2000589,terminal,Aerial Terminal,FDH201033,fdh,,,,,
T2000591,terminal,Aerial Terminal,FDH201033,fdh,,,,,
T2000591,terminal,Aerial Terminal,FDH201033,fdh,,,,,
T2000592,terminal,Aerial Terminal,FDH201033,fdh,,,,,
T2000590,terminal,Aerial Terminal,FDH201033,fdh,,,,,
T2000592,terminal,Aerial Terminal,FDH201033,fdh,,,,,
T2000277,terminal,Aerial Terminal,FDH201010,fdh,,,,,
T2000230,terminal,Aerial Terminal,FDH202003,fdh,,,,,
T2000535,terminal,Aerial Terminal,FDH201011,fdh,,,,,
T2000532,terminal,Aerial Terminal,FDH201011,fdh,,,,,
T2000532,terminal,Aerial Terminal,FDH201011,fdh,,,,,
F2000341,splice closure,,FDH201032,fdh,,Full Splice,,TRUNK20182,
T2000703,terminal,Aerial Terminal,FDH201039,fdh,,,,,
T2000722,terminal,Aerial Terminal,FDH201041,fdh,,,,,
T2000710,terminal,Aerial Terminal,FDH201038,fdh,,,,,
T2000710,terminal,Aerial Terminal,FDH201038,fdh,,,,,
T2000689,terminal,Aerial Terminal,FDH201037,fdh,,,,,
T2000711,terminal,Aerial Terminal,FDH201038,fdh,,,,,
T2000715,terminal,Aerial Terminal,FDH201038,fdh,,,,,
T2000716,terminal,MST,FDH201039,fdh,,,,,
T2000706,terminal,Aerial Terminal,FDH201039,fdh,,,,,
T2000706,terminal,Aerial Terminal,FDH201039,fdh,,,,,
T2000709,terminal,Aerial Terminal,FDH201039,fdh,,,,,
T2000712,terminal,Aerial Terminal,FDH201038,fdh,,,,,
T2000715,terminal,Aerial Terminal,FDH201038,fdh,,,,,
T2000718,terminal,Aerial Terminal,FDH201041,fdh,,,,,
T2000723,terminal,Aerial Terminal,FDH201041,fdh,,,,,
T2000709,terminal,Aerial Terminal,FDH201039,fdh,,,,,
T2000717,terminal,Aerial Terminal,FDH201041,fdh,,,,,
T2000733,terminal,Aerial Terminal,FDH201040,fdh,,,,,
T2000723,terminal,Aerial Terminal,FDH201041,fdh,,,,,
T2000597,terminal,MST,FDH201017,fdh,,,,,
T2000597,terminal,MST,FDH201017,fdh,,,,,
T2000435,terminal,Aerial Terminal,FDH201013,fdh,,,,,
T2000435,terminal,Aerial Terminal,FDH201013,fdh,,,,,
T2000731,terminal,Aerial Terminal,FDH201040,fdh,,,,,
T2000702,terminal,Aerial Terminal,FDH201039,fdh,,,,,
T2000685,terminal,Aerial Terminal,FDH201037,fdh,,,,,
T2000678,terminal,Aerial Terminal,FDH201036,fdh,,,,,
T2000648,terminal,Aerial Terminal,FDH201036,fdh,,,,,
T2000791,terminal,Aerial Terminal,FDH201036,fdh,,,,,
T2000647,terminal,Aerial Terminal,FDH201036,fdh,,,,,
T2000646,terminal,Aerial Terminal,FDH201036,fdh,,,,,
T2000679,terminal,Aerial Terminal,FDH201036,fdh,,,,,
T2000644,terminal,Aerial Terminal,FDH201036,fdh,,,,,
T2000677,terminal,Aerial Terminal,FDH201036,fdh,,,,,
T2000550,terminal,Aerial Terminal,FDH201017,fdh,,,,,
T2000549,terminal,Aerial Terminal,FDH201017,fdh,,,,,
T2000549,terminal,Aerial Terminal,FDH201017,fdh,,,,,
T2000429,terminal,Aerial Terminal,FDH201013,fdh,,,,,
T2000448,terminal,Aerial Terminal,FDH201017,fdh,,,,,
T2000436,terminal,Aerial Terminal,FDH201013,fdh,,,,,
T2000448,terminal,Aerial Terminal,FDH201017,fdh,,,,,
T2000598,terminal,Aerial Terminal,FDH201017,fdh,,,,,
T2000437,terminal,MST,FDH201013,fdh,,,,,
T2000439,terminal,Aerial Terminal,FDH201013,fdh,,,,,
T2000439,terminal,Aerial Terminal,FDH201013,fdh,,,,,
T2000437,terminal,MST,FDH201013,fdh,,,,,
T2000439,terminal,Aerial Terminal,FDH201013,fdh,,,,,
T2000535,terminal,Aerial Terminal,FDH201011,fdh,,,,,
T2000418,terminal,Aerial Terminal,FDH201013,fdh,,,,,
T2000418,terminal,Aerial Terminal,FDH201013,fdh,,,,,
T2000418,terminal,Aerial Terminal,FDH201013,fdh,,,,,
T2000509,terminal,Aerial Terminal,FDH202007,fdh,,,,,
T2000763,terminal,MST,FDH201009,fdh,,,,,
T2000469,terminal,Aerial Terminal,FDH201008,fdh,,,,,
T2000763,terminal,MST,FDH201009,fdh,,,,,
T2000256,terminal,Aerial Terminal,FDH201009,fdh,,,,,
T2000272,terminal,Aerial Terminal,FDH201010,fdh,,,,,
T2000212,terminal,Aerial Terminal,FDH202020,fdh,,,,,
T2000506,terminal,Aerial Terminal,FDH202007,fdh,,,,,
T2000785,terminal,MST,FDH202007,fdh,,,,,
T2000239,terminal,Aerial Terminal,FDH202007,fdh,,,,,
T2000651,terminal,MST,FDH201042,fdh,,,,,
T2000646,terminal,Aerial Terminal,FDH201036,fdh,,,,,
T2000670,terminal,Aerial Terminal,FDH201043,fdh,,,,,
T2000676,terminal,Aerial Terminal,FDH201036,fdh,,,,,
T2000687,terminal,Aerial Terminal,FDH201037,fdh,,,,,
T2000689,terminal,Aerial Terminal,FDH201037,fdh,,,,,
T2000702,terminal,Aerial Terminal,FDH201039,fdh,,,,,
T2000687,terminal,Aerial Terminal,FDH201037,fdh,,,,,
T2000670,terminal,Aerial Terminal,FDH201043,fdh,,,,,
T2000671,terminal,MST,FDH201036,fdh,,,,,
T2000687,terminal,Aerial Terminal,FDH201037,fdh,,,,,
T2000671,terminal,MST,FDH201036,fdh,,,,,
T2000400,terminal,Aerial Terminal,FDH201015,fdh,,,,,
T2000417,terminal,Aerial Terminal,FDH201025,fdh,,,,,
T2000424,terminal,Aerial Terminal,FDH201013,fdh,,,,,
T2000361,terminal,Aerial Terminal,FDH201012,fdh,,,,,
T2000361,terminal,Aerial Terminal,FDH201012,fdh,,,,,
T2000539,terminal,Aerial Terminal,FDH201011,fdh,,,,,
T2000362,terminal,Aerial Terminal,FDH201012,fdh,,,,,
T2000362,terminal,Aerial Terminal,FDH201012,fdh,,,,,
T2000022,terminal,Aerial Terminal,FDH202020,fdh,,,,,
T2000022,terminal,Aerial Terminal,FDH202020,fdh,,,,,
T2000210,terminal,Aerial Terminal,FDH202020,fdh,,,,,
T2000021,terminal,Aerial Terminal,FDH202019,fdh,,,,,
T2000019,terminal,Aerial Terminal,FDH202019,fdh,,,,,
T2000020,terminal,Aerial Terminal,FDH202019,fdh,,,,,
T2000137,terminal,Aerial Terminal,FDH202031,fdh,,,,,
T2000514,terminal,Aerial Terminal,FDH202003,fdh,,,,,
T2000135,terminal,Aerial Terminal,FDH202031,fdh,,,,,
T2000215,terminal,Aerial Terminal,FDH202020,fdh,,,,,
T2000214,terminal,Aerial Terminal,FDH202020,fdh,,,,,
T2000504,terminal,Aerial Terminal,FDH202020,fdh,,,,,
T2000214,terminal,Aerial Terminal,FDH202020,fdh,,,,,
T2000213,terminal,Aerial Terminal,FDH202020,fdh,,,,,
T2000167,terminal,MST,FDH202047,fdh,,,,,
T2000214,terminal,Aerial Terminal,FDH202020,fdh,,,,,
T2000138,terminal,Aerial Terminal,FDH202031,fdh,,,,,
T2000714,terminal,Aerial Terminal,FDH201038,fdh,,,,,
T2000711,terminal,Aerial Terminal,FDH201038,fdh,,,,,
T2000714,terminal,Aerial Terminal,FDH201038,fdh,,,,,
F2000081,splice closure,,FDH201050,fdh,,Partial Splice,,TRUNK20261,
T2000230,terminal,Aerial Terminal,FDH202003,fdh,,,,,
T2000334,terminal,Aerial Terminal,FDH201051,fdh,,,,,
T2000742,terminal,Aerial Terminal,FDH201004,fdh,,,,,
T2000283,terminal,Aerial Terminal,FDH201004,fdh,,,,,
T2000689,terminal,Aerial Terminal,FDH201037,fdh,,,,,
T2000536,terminal,Aerial Terminal,FDH201011,fdh,,,,,
T2000211,terminal,Aerial Terminal,FDH202020,fdh,,,,,
T2000677,terminal,Aerial Terminal,FDH201036,fdh,,,,,
T2000689,terminal,Aerial Terminal,FDH201037,fdh,,,,,
T2000671,terminal,MST,FDH201036,fdh,,,,,
T2000676,terminal,Aerial Terminal,FDH201036,fdh,,,,,
T2000689,terminal,Aerial Terminal,FDH201037,fdh,,,,,
T2000672,terminal,Aerial Terminal,FDH201036,fdh,,,,,
T2000668,terminal,Aerial Terminal,FDH201043,fdh,,,,,
T2000676,terminal,Aerial Terminal,FDH201036,fdh,,,,,
T2000236,terminal,Aerial Terminal,FDH202007,fdh,,,,,
T2000507,terminal,Aerial Terminal,FDH202007,fdh,,,,,
T2000708,terminal,MST,FDH201039,fdh,,,,,
T2000708,terminal,MST,FDH201039,fdh,,,,,
T2000707,terminal,Aerial Terminal,FDH201039,fdh,,,,,
T2000707,terminal,Aerial Terminal,FDH201039,fdh,,,,,
T2000715,terminal,Aerial Terminal,FDH201038,fdh,,,,,
T2000709,terminal,Aerial Terminal,FDH201039,fdh,,,,,
T2000703,terminal,Aerial Terminal,FDH201039,fdh,,,,,
T2000221,terminal,Aerial Terminal,FDH202003,fdh,,,,,
T2000323,terminal,Aerial Terminal,FDH201011,fdh,,,,,
T2000329,terminal,Aerial Terminal,FDH201011,fdh,,,,,
T2000329,terminal,Aerial Terminal,FDH201011,fdh,,,,,
T2000336,terminal,Aerial Terminal,FDH201051,fdh,,,,,
T2000331,terminal,Aerial Terminal,FDH201011,fdh,,,,,
T2000137,terminal,Aerial Terminal,FDH202031,fdh,,,,,
T2000331,terminal,Aerial Terminal,FDH201011,fdh,,,,,
T2000138,terminal,Aerial Terminal,FDH202031,fdh,,,,,
T2000228,terminal,Aerial Terminal,FDH202003,fdh,,,,,
T2000235,terminal,Aerial Terminal,FDH202007,fdh,,,,,
F2000169,splice closure,,FDH201032,fdh,,Full Splice,,TRUNK20178,
T2000508,terminal,Aerial Terminal,FDH202007,fdh,,,,,
T2000508,terminal,Aerial Terminal,FDH202007,fdh,,,,,
T2000507,terminal,Aerial Terminal,FDH202007,fdh,,,,,
T2000332,terminal,Aerial Terminal,FDH201051,fdh,,,,,
T2000596,terminal,Aerial Terminal,FDH201033,fdh,,,,,
T2000595,terminal,Aerial Terminal,FDH201033,fdh,,,,,
T2000596,terminal,Aerial Terminal,FDH201033,fdh,,,,,
T2000318,terminal,Aerial Terminal,FDH201011,fdh,,,,,
T2000788,terminal,Aerial Terminal,FDH201011,fdh,,,,,
T2000331,terminal,Aerial Terminal,FDH201011,fdh,,,,,
T2000330,terminal,Aerial Terminal,FDH201011,fdh,,,,,
T2000596,terminal,Aerial Terminal,FDH201033,fdh,,,,,
T2000590,terminal,Aerial Terminal,FDH201033,fdh,,,,,
T2000588,terminal,Aerial Terminal,FDH201033,fdh,,,,,
T2000746,terminal,Aerial Terminal,FDH201012,fdh,,,,,
T2000592,terminal,Aerial Terminal,FDH201033,fdh,,,,,
T2000536,terminal,Aerial Terminal,FDH201011,fdh,,,,,
T2000265,terminal,Aerial Terminal,FDH201048,fdh,,,,,
T2000266,terminal,Aerial Terminal,FDH201048,fdh,,,,,
T2000317,terminal,Aerial Terminal,FDH201011,fdh,,,,,
T2000320,terminal,Aerial Terminal,FDH201011,fdh,,,,,
T2000209,terminal,Aerial Terminal,FDH202020,fdh,,,,,
T2000238,terminal,Aerial Terminal,FDH202007,fdh,,,,,
T2000209,terminal,Aerial Terminal,FDH202020,fdh,,,,,
T2000374,terminal,Aerial Terminal,FDH201012,fdh,,,,,
T2000120,terminal,Aerial Terminal,FDH202029,fdh,,,,,
T2000120,terminal,Aerial Terminal,FDH202029,fdh,,,,,
T2000116,terminal,Aerial Terminal,FDH202029,fdh,,,,,
T2000116,terminal,Aerial Terminal,FDH202029,fdh,,,,,
T2000115,terminal,Aerial Terminal,FDH202029,fdh,,,,,
T2000107,terminal,Aerial Terminal,FDH202029,fdh,,,,,
T2000702,terminal,Aerial Terminal,FDH201039,fdh,,,,,
T2000715,terminal,Aerial Terminal,FDH201038,fdh,,,,,
T2000710,terminal,Aerial Terminal,FDH201038,fdh,,,,,
T2000709,terminal,Aerial Terminal,FDH201039,fdh,,,,,
T2000695,terminal,Aerial Terminal,FDH201039,fdh,,,,,
T2000716,terminal,MST,FDH201039,fdh,,,,,
T2000706,terminal,Aerial Terminal,FDH201039,fdh,,,,,
T2000697,terminal,Aerial Terminal,FDH201039,fdh,,,,,
T2000686,terminal,Aerial Terminal,FDH201037,fdh,,,,,
T2000693,terminal,Aerial Terminal,FDH201037,fdh,,,,,
T2000693,terminal,Aerial Terminal,FDH201037,fdh,,,,,
T2000698,terminal,MST,FDH201039,fdh,,,,,
T2000683,terminal,Aerial Terminal,FDH201037,fdh,,,,,
T2000707,terminal,Aerial Terminal,FDH201039,fdh,,,,,
T2000707,terminal,Aerial Terminal,FDH201039,fdh,,,,,
T2000705,terminal,Aerial Terminal,FDH201039,fdh,,,,,
T2000709,terminal,Aerial Terminal,FDH201039,fdh,,,,,
T2000709,terminal,Aerial Terminal,FDH201039,fdh,,,,,
T2000707,terminal,Aerial Terminal,FDH201039,fdh,,,,,
T2000708,terminal,MST,FDH201039,fdh,,,,,
T2000703,terminal,Aerial Terminal,FDH201039,fdh,,,,,
T2000690,terminal,Aerial Terminal,FDH201037,fdh,,,,,
T2000686,terminal,Aerial Terminal,FDH201037,fdh,,,,,
T2000694,terminal,Aerial Terminal,FDH201037,fdh,,,,,
T2000686,terminal,Aerial Terminal,FDH201037,fdh,,,,,
T2000530,terminal,Aerial Terminal,FDH201011,fdh,,,,,
T2000700,terminal,Aerial Terminal,FDH201039,fdh,,,,,
T2000700,terminal,Aerial Terminal,FDH201039,fdh,,,,,
T2000713,terminal,Aerial Terminal,FDH201038,fdh,,,,,
T2000697,terminal,Aerial Terminal,FDH201039,fdh,,,,,
T2000684,terminal,Aerial Terminal,FDH201037,fdh,,,,,
T2000702,terminal,Aerial Terminal,FDH201039,fdh,,,,,
T2000682,terminal,Aerial Terminal,FDH201037,fdh,,,,,
T2000790,terminal,Aerial Terminal,FDH201039,fdh,,,,,
T2000698,terminal,MST,FDH201039,fdh,,,,,
T2000240,terminal,Aerial Terminal,FDH202007,fdh,,,,,
T2000240,terminal,Aerial Terminal,FDH202007,fdh,,,,,
T2000781,terminal,MST,FDH202007,fdh,,,,,
T2000239,terminal,Aerial Terminal,FDH202007,fdh,,,,,
T2000200,terminal,Aerial Terminal,FDH202019,fdh,,,,,
T2000201,terminal,Aerial Terminal,FDH202019,fdh,,,,,
T2000780,terminal,MST,FDH202019,fdh,,,,,
T2000201,terminal,Aerial Terminal,FDH202019,fdh,,,,,
T2000749,terminal,Aerial Terminal,FDH202019,fdh,,,,,
T2000749,terminal,Aerial Terminal,FDH202019,fdh,,,,,
T2000779,terminal,MST,FDH202019,fdh,,,,,
T2000779,terminal,MST,FDH202019,fdh,,,,,
T2000199,terminal,Aerial Terminal,FDH202019,fdh,,,,,
T2000749,terminal,Aerial Terminal,FDH202019,fdh,,,,,
T2000206,terminal,Aerial Terminal,FDH202019,fdh,,,,,
T2000207,terminal,Aerial Terminal,FDH202019,fdh,,,,,
T2000208,terminal,Aerial Terminal,FDH202020,fdh,,,,,
T2000780,terminal,MST,FDH202019,fdh,,,,,
T2000200,terminal,Aerial Terminal,FDH202019,fdh,,,,,
T2000200,terminal,Aerial Terminal,FDH202019,fdh,,,,,
T2000019,terminal,Aerial Terminal,FDH202019,fdh,,,,,
T2000206,terminal,Aerial Terminal,FDH202019,fdh,,,,,
T2000234,terminal,Aerial Terminal,FDH202007,fdh,,,,,
T2000114,terminal,Aerial Terminal,FDH202029,fdh,,,,,
T2000138,terminal,Aerial Terminal,FDH202031,fdh,,,,,
T2000114,terminal,Aerial Terminal,FDH202029,fdh,,,,,
T2000115,terminal,Aerial Terminal,FDH202029,fdh,,,,,
T2000695,terminal,Aerial Terminal,FDH201039,fdh,,,,,
T2000525,terminal,Aerial Terminal,FDH201048,fdh,,,,,
T2000450,terminal,Aerial Terminal,FDH202021,fdh,,,,,
T2000452,terminal,Aerial Terminal,FDH202021,fdh,,,,,
T2000454,terminal,Aerial Terminal,FDH202021,fdh,,,,,
T2000454,terminal,Aerial Terminal,FDH202021,fdh,,,,,
T2000454,terminal,Aerial Terminal,FDH202021,fdh,,,,,
T2000454,terminal,Aerial Terminal,FDH202021,fdh,,,,,
T2000455,terminal,Aerial Terminal,FDH202021,fdh,,,,,
T2000748,terminal,Aerial Terminal,FDH202021,fdh,,,,,
T2000777,terminal,MST,FDH202021,fdh,,,,,
T2000457,terminal,Aerial Terminal,FDH202021,fdh,,,,,
T2000457,terminal,Aerial Terminal,FDH202021,fdh,,,,,
T2000457,terminal,Aerial Terminal,FDH202021,fdh,,,,,
T2000486,terminal,Aerial Terminal,FDH202045,fdh,,,,,
T2000348,terminal,Aerial Terminal,FDH201012,fdh,,,,,
T2000350,terminal,Aerial Terminal,FDH201012,fdh,,,,,
T2000146,terminal,Aerial Terminal,FDH202045,fdh,,,,,
T2000146,terminal,Aerial Terminal,FDH202045,fdh,,,,,
T2000351,terminal,Aerial Terminal,FDH201012,fdh,,,,,
T2000352,terminal,Aerial Terminal,FDH201012,fdh,,,,,
T2000353,terminal,Aerial Terminal,FDH201015,fdh,,,,,
T2000353,terminal,Aerial Terminal,FDH201015,fdh,,,,,
T2000694,terminal,Aerial Terminal,FDH201037,fdh,,,,,
T2000710,terminal,Aerial Terminal,FDH201038,fdh,,,,,
T2000715,terminal,Aerial Terminal,FDH201038,fdh,,,,,
T2000684,terminal,Aerial Terminal,FDH201037,fdh,,,,,
T2000693,terminal,Aerial Terminal,FDH201037,fdh,,,,,
T2000203,terminal,Aerial Terminal,FDH201037,fdh,,,,,
T2000692,terminal,MST,FDH201037,fdh,,,,,
T2000700,terminal,Aerial Terminal,FDH201039,fdh,,,,,
T2000687,terminal,Aerial Terminal,FDH201037,fdh,,,,,
T2000686,terminal,Aerial Terminal,FDH201037,fdh,,,,,
T2000699,terminal,Aerial Terminal,FDH201039,fdh,,,,,
T2000695,terminal,Aerial Terminal,FDH201039,fdh,,,,,
T2000701,terminal,Aerial Terminal,FDH201039,fdh,,,,,
T2000351,terminal,Aerial Terminal,FDH201012,fdh,,,,,
T2000790,terminal,Aerial Terminal,FDH201039,fdh,,,,,
T2000196,terminal,Aerial Terminal,FDH202019,fdh,,,,,
T2000016,terminal,Aerial Terminal,FDH202019,fdh,,,,,
T2000196,terminal,Aerial Terminal,FDH202019,fdh,,,,,
T2000017,terminal,Aerial Terminal,FDH202019,fdh,,,,,
T2000696,terminal,Aerial Terminal,FDH201039,fdh,,,,,
T2000017,terminal,Aerial Terminal,FDH202019,fdh,,,,,
T2000017,terminal,Aerial Terminal,FDH202019,fdh,,,,,
T2000661,terminal,Aerial Terminal,FDH201043,fdh,,,,,
T2000652,terminal,Aerial Terminal,FDH201042,fdh,,,,,
T2000655,terminal,Aerial Terminal,FDH201042,fdh,,,,,
T2000217,terminal,Aerial Terminal,FDH202003,fdh,,,,,
T2000772,terminal,MST,FDH202003,fdh,,,,,
T2000772,terminal,MST,FDH202003,fdh,,,,,
T2000679,terminal,Aerial Terminal,FDH201036,fdh,,,,,
T2000679,terminal,Aerial Terminal,FDH201036,fdh,,,,,
T2000646,terminal,Aerial Terminal,FDH201036,fdh,,,,,
T2000651,terminal,MST,FDH201042,fdh,,,,,
T2000661,terminal,Aerial Terminal,FDH201043,fdh,,,,,
T2000644,terminal,Aerial Terminal,FDH201036,fdh,,,,,
T2000656,terminal,Aerial Terminal,FDH201042,fdh,,,,,
T2000794,terminal,Aerial Terminal,FDH201042,fdh,,,,,
T2000660,terminal,Aerial Terminal,FDH201043,fdh,,,,,
T2000663,terminal,Aerial Terminal,FDH201043,fdh,,,,,
T2000795,terminal,Aerial Terminal,FDH201042,fdh,,,,,
T2000705,terminal,Aerial Terminal,FDH201039,fdh,,,,,
T2000668,terminal,Aerial Terminal,FDH201043,fdh,,,,,
T2000795,terminal,Aerial Terminal,FDH201042,fdh,,,,,
T2000680,terminal,Aerial Terminal,FDH201036,fdh,,,,,
T2000643,terminal,Aerial Terminal,FDH201036,fdh,,,,,
T2000679,terminal,Aerial Terminal,FDH201036,fdh,,,,,
T2000674,terminal,Aerial Terminal,FDH201043,fdh,,,,,
T2000654,terminal,Aerial Terminal,FDH201042,fdh,,,,,
T2000655,terminal,Aerial Terminal,FDH201042,fdh,,,,,
T2000660,terminal,Aerial Terminal,FDH201043,fdh,,,,,
T2000645,terminal,Aerial Terminal,FDH201036,fdh,,,,,
T2000794,terminal,Aerial Terminal,FDH201042,fdh,,,,,
T2000658,terminal,Aerial Terminal,FDH201042,fdh,,,,,
T2000677,terminal,Aerial Terminal,FDH201036,fdh,,,,,
T2000673,terminal,Aerial Terminal,FDH201043,fdh,,,,,
T2000674,terminal,Aerial Terminal,FDH201043,fdh,,,,,
T2000642,terminal,MST,FDH201036,fdh,,,,,
T2000796,terminal,Aerial Terminal,FDH201042,fdh,,,,,
T2000653,terminal,Aerial Terminal,FDH201042,fdh,,,,,
T2000659,terminal,Aerial Terminal,FDH201042,fdh,,,,,
T2000797,terminal,Aerial Terminal,FDH201043,fdh,,,,,
T2000669,terminal,Aerial Terminal,FDH201043,fdh,,,,,
T2000673,terminal,Aerial Terminal,FDH201043,fdh,,,,,
T2000198,terminal,Aerial Terminal,FDH202019,fdh,,,,,
T2000198,terminal,Aerial Terminal,FDH202019,fdh,,,,,
T2000197,terminal,Aerial Terminal,FDH202019,fdh,,,,,
T2000197,terminal,Aerial Terminal,FDH202019,fdh,,,,,
T2000197,terminal,Aerial Terminal,FDH202019,fdh,,,,,
T2000197,terminal,Aerial Terminal,FDH202019,fdh,,,,,
T2000197,terminal,Aerial Terminal,FDH202019,fdh,,,,,
T2000197,terminal,Aerial Terminal,FDH202019,fdh,,,,,
T2000018,terminal,Aerial Terminal,FDH202019,fdh,,,,,
T2000135,terminal,Aerial Terminal,FDH202031,fdh,,,,,
T2000228,terminal,Aerial Terminal,FDH202003,fdh,,,,,
T2000224,terminal,Aerial Terminal,FDH202003,fdh,,,,,
T2000136,terminal,Aerial Terminal,FDH202031,fdh,,,,,
T2000136,terminal,Aerial Terminal,FDH202031,fdh,,,,,
T2000517,terminal,Aerial Terminal,FDH202003,fdh,,,,,
T2000226,terminal,Aerial Terminal,FDH202003,fdh,,,,,
T2000827,terminal,Aerial Terminal,FDH201048,fdh,,,,,
T2000827,terminal,Aerial Terminal,FDH201048,fdh,,,,,
T2000827,terminal,Aerial Terminal,FDH201048,fdh,,,,,
T2000827,terminal,Aerial Terminal,FDH201048,fdh,,,,,
T2000527,terminal,Aerial Terminal,FDH201048,fdh,,,,,
T2000527,terminal,Aerial Terminal,FDH201048,fdh,,,,,
T2000527,terminal,Aerial Terminal,FDH201048,fdh,,,,,
T2000528,terminal,Aerial Terminal,FDH201048,fdh,,,,,
T2000528,terminal,Aerial Terminal,FDH201048,fdh,,,,,
T2000528,terminal,Aerial Terminal,FDH201048,fdh,,,,,
T2000529,terminal,Aerial Terminal,FDH201004,fdh,,,,,
T2000529,terminal,Aerial Terminal,FDH201004,fdh,,,,,
T2000529,terminal,Aerial Terminal,FDH201004,fdh,,,,,
T2000529,terminal,Aerial Terminal,FDH201004,fdh,,,,,
T2000529,terminal,Aerial Terminal,FDH201004,fdh,,,,,
T2000529,terminal,Aerial Terminal,FDH201004,fdh,,,,,
T2000529,terminal,Aerial Terminal,FDH201004,fdh,,,,,
T2000529,terminal,Aerial Terminal,FDH201004,fdh,,,,,
T2000260,terminal,Aerial Terminal,FDH201004,fdh,,,,,
T2000260,terminal,Aerial Terminal,FDH201004,fdh,,,,,
T2000114,terminal,Aerial Terminal,FDH202029,fdh,,,,,
T2000107,terminal,Aerial Terminal,FDH202029,fdh,,,,,
T2000115,terminal,Aerial Terminal,FDH202029,fdh,,,,,
T2000114,terminal,Aerial Terminal,FDH202029,fdh,,,,,
T2000114,terminal,Aerial Terminal,FDH202029,fdh,,,,,
T2000113,terminal,Aerial Terminal,FDH202029,fdh,,,,,
T2000113,terminal,Aerial Terminal,FDH202029,fdh,,,,,
T2000123,terminal,Aerial Terminal,FDH202028,fdh,,,,,
T2000089,terminal,Aerial Terminal,FDH202028,fdh,,,,,
T2000124,terminal,Aerial Terminal,FDH202028,fdh,,,,,
T2000123,terminal,Aerial Terminal,FDH202028,fdh,,,,,
T2000122,terminal,Aerial Terminal,FDH202028,fdh,,,,,
T2000089,terminal,Aerial Terminal,FDH202028,fdh,,,,,
T2000122,terminal,Aerial Terminal,FDH202028,fdh,,,,,
T2000089,terminal,Aerial Terminal,FDH202028,fdh,,,,,
T2000088,terminal,Aerial Terminal,FDH202029,fdh,,,,,
T2000088,terminal,Aerial Terminal,FDH202029,fdh,,,,,
T2000087,terminal,Aerial Terminal,FDH202029,fdh,,,,,
T2000121,terminal,Aerial Terminal,FDH202028,fdh,,,,,
T2000087,terminal,Aerial Terminal,FDH202029,fdh,,,,,
T2000141,terminal,Aerial Terminal,FDH202031,fdh,,,,,
T2000324,terminal,Aerial Terminal,FDH202047,fdh,,,,,
T2000170,terminal,Aerial Terminal,FDH202047,fdh,,,,,
T2000121,terminal,Aerial Terminal,FDH202028,fdh,,,,,
T2000125,terminal,Aerial Terminal,FDH202028,fdh,,,,,
T2000168,terminal,MST,FDH202047,fdh,,,,,
T2000125,terminal,Aerial Terminal,FDH202028,fdh,,,,,
T2000125,terminal,Aerial Terminal,FDH202028,fdh,,,,,
T2000124,terminal,Aerial Terminal,FDH202028,fdh,,,,,
T2000125,terminal,Aerial Terminal,FDH202028,fdh,,,,,
T2000132,terminal,Aerial Terminal,FDH202031,fdh,,,,,
T2000133,terminal,Aerial Terminal,FDH202031,fdh,,,,,
T2000131,terminal,Aerial Terminal,FDH202031,fdh,,,,,
T2000140,terminal,Aerial Terminal,FDH202031,fdh,,,,,
T2000010,terminal,Aerial Terminal,FDH202028,fdh,,,,,
T2000010,terminal,Aerial Terminal,FDH202028,fdh,,,,,
T2000011,terminal,Aerial Terminal,FDH202028,fdh,,,,,
T2000009,terminal,Aerial Terminal,FDH202028,fdh,,,,,
T2000010,terminal,Aerial Terminal,FDH202028,fdh,,,,,
T2000009,terminal,Aerial Terminal,FDH202028,fdh,,,,,
T2000009,terminal,Aerial Terminal,FDH202028,fdh,,,,,
T2000167,terminal,MST,FDH202047,fdh,,,,,
T2000133,terminal,Aerial Terminal,FDH202031,fdh,,,,,
T2000133,terminal,Aerial Terminal,FDH202031,fdh,,,,,
T2000168,terminal,MST,FDH202047,fdh,,,,,
T2000129,terminal,Aerial Terminal,FDH202028,fdh,,,,,
T2000128,terminal,Aerial Terminal,FDH202028,fdh,,,,,
T2000112,terminal,Aerial Terminal,FDH202029,fdh,,,,,
T2000127,terminal,Aerial Terminal,FDH202028,fdh,,,,,
T2000128,terminal,Aerial Terminal,FDH202028,fdh,,,,,
T2000127,terminal,Aerial Terminal,FDH202028,fdh,,,,,
T2000127,terminal,Aerial Terminal,FDH202028,fdh,,,,,
T2000011,terminal,Aerial Terminal,FDH202028,fdh,,,,,
T2000011,terminal,Aerial Terminal,FDH202028,fdh,,,,,
T2000112,terminal,Aerial Terminal,FDH202029,fdh,,,,,
T2000187,terminal,Aerial Terminal,FDH202006,fdh,,,,,
T2000184,terminal,Aerial Terminal,FDH202049,fdh,,,,,
T2000184,terminal,Aerial Terminal,FDH202049,fdh,,,,,
T2000467,terminal,Aerial Terminal,FDH202006,fdh,,,,,
T2000467,terminal,Aerial Terminal,FDH202006,fdh,,,,,
T2000185,terminal,Aerial Terminal,FDH202049,fdh,,,,,
T2000192,terminal,Aerial Terminal,FDH202006,fdh,,,,,
T2000192,terminal,Aerial Terminal,FDH202006,fdh,,,,,
T2000192,terminal,Aerial Terminal,FDH202006,fdh,,,,,
T2000192,terminal,Aerial Terminal,FDH202006,fdh,,,,,
T2000192,terminal,Aerial Terminal,FDH202006,fdh,,,,,
T2000467,terminal,Aerial Terminal,FDH202006,fdh,,,,,
T2000467,terminal,Aerial Terminal,FDH202006,fdh,,,,,
T2000191,terminal,Aerial Terminal,FDH202006,fdh,,,,,
T2000186,terminal,Aerial Terminal,FDH202006,fdh,,,,,
T2000186,terminal,Aerial Terminal,FDH202006,fdh,,,,,
T2000189,terminal,Aerial Terminal,FDH202006,fdh,,,,,
T2000189,terminal,Aerial Terminal,FDH202006,fdh,,,,,
T2000190,terminal,Aerial Terminal,FDH202006,fdh,,,,,
T2000188,terminal,Aerial Terminal,FDH202006,fdh,,,,,
T2000186,terminal,Aerial Terminal,FDH202006,fdh,,,,,
T2000186,terminal,Aerial Terminal,FDH202006,fdh,,,,,
T2000758,terminal,MST,FDH202006,fdh,,,,,
T2000758,terminal,MST,FDH202006,fdh,,,,,
T2000758,terminal,MST,FDH202006,fdh,,,,,
T2000188,terminal,Aerial Terminal,FDH202006,fdh,,,,,
T2000187,terminal,Aerial Terminal,FDH202006,fdh,,,,,
T2000185,terminal,Aerial Terminal,FDH202049,fdh,,,,,
T2000758,terminal,MST,FDH202006,fdh,,,,,
T2000188,terminal,Aerial Terminal,FDH202006,fdh,,,,,
T2000113,terminal,Aerial Terminal,FDH202029,fdh,,,,,
T2000113,terminal,Aerial Terminal,FDH202029,fdh,,,,,
T2000761,terminal,MST,FDH202027,fdh,,,,,
T2000761,terminal,MST,FDH202027,fdh,,,,,
T2000015,terminal,Aerial Terminal,FDH202027,fdh,,,,,
T2000015,terminal,Aerial Terminal,FDH202027,fdh,,,,,
T2000113,terminal,Aerial Terminal,FDH202029,fdh,,,,,
T2000761,terminal,MST,FDH202027,fdh,,,,,
T2000190,terminal,Aerial Terminal,FDH202006,fdh,,,,,
T2000014,terminal,Aerial Terminal,FDH202027,fdh,,,,,
T2000113,terminal,Aerial Terminal,FDH202029,fdh,,,,,
T2000112,terminal,Aerial Terminal,FDH202029,fdh,,,,,
T2000189,terminal,Aerial Terminal,FDH202006,fdh,,,,,
T2000191,terminal,Aerial Terminal,FDH202006,fdh,,,,,
T2000190,terminal,Aerial Terminal,FDH202006,fdh,,,,,
T2000760,terminal,MST,FDH202049,fdh,,,,,
T2000760,terminal,MST,FDH202049,fdh,,,,,
T2000180,terminal,Aerial Terminal,FDH202047,fdh,,,,,
T2000760,terminal,MST,FDH202049,fdh,,,,,
T2000183,terminal,Aerial Terminal,FDH202049,fdh,,,,,
T2000183,terminal,Aerial Terminal,FDH202049,fdh,,,,,
T2000181,terminal,Aerial Terminal,FDH202049,fdh,,,,,
T2000182,terminal,Aerial Terminal,FDH202049,fdh,,,,,
T2000143,terminal,Aerial Terminal,FDH202027,fdh,,,,,
T2000143,terminal,Aerial Terminal,FDH202027,fdh,,,,,
T2000143,terminal,Aerial Terminal,FDH202027,fdh,,,,,
T2000110,terminal,Aerial Terminal,FDH202029,fdh,,,,,
T2000109,terminal,Aerial Terminal,FDH202029,fdh,,,,,
T2000143,terminal,Aerial Terminal,FDH202027,fdh,,,,,
T2000111,terminal,Aerial Terminal,FDH202029,fdh,,,,,
T2000172,terminal,Aerial Terminal,FDH202047,fdh,,,,,
T2000325,terminal,Aerial Terminal,FDH202047,fdh,,,,,
T2000171,terminal,Aerial Terminal,FDH202047,fdh,,,,,
T2000172,terminal,Aerial Terminal,FDH202047,fdh,,,,,
T2000171,terminal,Aerial Terminal,FDH202047,fdh,,,,,
T2000453,terminal,Aerial Terminal,FDH202021,fdh,,,,,
T2000453,terminal,Aerial Terminal,FDH202021,fdh,,,,,
T2000453,terminal,Aerial Terminal,FDH202021,fdh,,,,,
T2000456,terminal,Aerial Terminal,FDH202021,fdh,,,,,
T2000171,terminal,Aerial Terminal,FDH202047,fdh,,,,,
T2000171,terminal,Aerial Terminal,FDH202047,fdh,,,,,
T2000171,terminal,Aerial Terminal,FDH202047,fdh,,,,,
T2000181,terminal,Aerial Terminal,FDH202049,fdh,,,,,
T2000180,terminal,Aerial Terminal,FDH202047,fdh,,,,,
T2000108,terminal,Aerial Terminal,FDH202029,fdh,,,,,
T2000181,terminal,Aerial Terminal,FDH202049,fdh,,,,,
T2000180,terminal,Aerial Terminal,FDH202047,fdh,,,,,
T2000181,terminal,Aerial Terminal,FDH202049,fdh,,,,,
T2000109,terminal,Aerial Terminal,FDH202029,fdh,,,,,
T2000108,terminal,Aerial Terminal,FDH202029,fdh,,,,,
T2000174,terminal,Aerial Terminal,FDH202049,fdh,,,,,
T2000174,terminal,Aerial Terminal,FDH202049,fdh,,,,,
T2000174,terminal,Aerial Terminal,FDH202049,fdh,,,,,
T2000176,terminal,Aerial Terminal,FDH202049,fdh,,,,,
T2000176,terminal,Aerial Terminal,FDH202049,fdh,,,,,
T2000175,terminal,Aerial Terminal,FDH202049,fdh,,,,,
T2000175,terminal,Aerial Terminal,FDH202049,fdh,,,,,
T2000169,terminal,Aerial Terminal,FDH202047,fdh,,,,,
T2000170,terminal,Aerial Terminal,FDH202047,fdh,,,,,
T2000175,terminal,Aerial Terminal,FDH202049,fdh,,,,,
T2000176,terminal,Aerial Terminal,FDH202049,fdh,,,,,
T2000172,terminal,Aerial Terminal,FDH202047,fdh,,,,,
T2000171,terminal,Aerial Terminal,FDH202047,fdh,,,,,
T2000170,terminal,Aerial Terminal,FDH202047,fdh,,,,,
T2000172,terminal,Aerial Terminal,FDH202047,fdh,,,,,
T2000263,terminal,MST,FDH202044,fdh,,,,,
T2000162,terminal,Aerial Terminal,FDH202044,fdh,,,,,
T2000500,terminal,Aerial Terminal,FDH202044,fdh,,,,,
T2000498,terminal,Aerial Terminal,FDH202044,fdh,,,,,
T2000178,terminal,Aerial Terminal,FDH202049,fdh,,,,,
T2000178,terminal,Aerial Terminal,FDH202049,fdh,,,,,
T2000177,terminal,Aerial Terminal,FDH202049,fdh,,,,,
T2000178,terminal,Aerial Terminal,FDH202049,fdh,,,,,
T2000013,terminal,Aerial Terminal,FDH202049,fdh,,,,,
T2000013,terminal,Aerial Terminal,FDH202049,fdh,,,,,
T2000177,terminal,Aerial Terminal,FDH202049,fdh,,,,,
T2000177,terminal,Aerial Terminal,FDH202049,fdh,,,,,
T2000174,terminal,Aerial Terminal,FDH202049,fdh,,,,,
T2000173,terminal,Aerial Terminal,FDH202049,fdh,,,,,
T2000173,terminal,Aerial Terminal,FDH202049,fdh,,,,,
T2000495,terminal,Aerial Terminal,FDH202044,fdh,,,,,
T2000495,terminal,Aerial Terminal,FDH202044,fdh,,,,,
T2000494,terminal,Aerial Terminal,FDH202044,fdh,,,,,
T2000500,terminal,Aerial Terminal,FDH202044,fdh,,,,,
T2000497,terminal,Aerial Terminal,FDH202044,fdh,,,,,
T2000497,terminal,Aerial Terminal,FDH202044,fdh,,,,,
T2000495,terminal,Aerial Terminal,FDH202044,fdh,,,,,
T2000498,terminal,Aerial Terminal,FDH202044,fdh,,,,,
T2000162,terminal,Aerial Terminal,FDH202044,fdh,,,,,
T2000163,terminal,Aerial Terminal,FDH202044,fdh,,,,,
T2000163,terminal,Aerial Terminal,FDH202044,fdh,,,,,
T2000164,terminal,Aerial Terminal,FDH202044,fdh,,,,,
T2000500,terminal,Aerial Terminal,FDH202044,fdh,,,,,
T2000500,terminal,Aerial Terminal,FDH202044,fdh,,,,,
T2000500,terminal,Aerial Terminal,FDH202044,fdh,,,,,
T2000500,terminal,Aerial Terminal,FDH202044,fdh,,,,,
T2000170,terminal,Aerial Terminal,FDH202047,fdh,,,,,
T2000167,terminal,MST,FDH202047,fdh,,,,,
T2000325,terminal,Aerial Terminal,FDH202047,fdh,,,,,
T2000170,terminal,Aerial Terminal,FDH202047,fdh,,,,,
T2000163,terminal,Aerial Terminal,FDH202044,fdh,,,,,
T2000163,terminal,Aerial Terminal,FDH202044,fdh,,,,,
T2000262,terminal,MST,FDH202044,fdh,,,,,
T2000263,terminal,MST,FDH202044,fdh,,,,,
T2000494,terminal,Aerial Terminal,FDH202044,fdh,,,,,
T2000499,terminal,Aerial Terminal,FDH202044,fdh,,,,,
T2000164,terminal,Aerial Terminal,FDH202044,fdh,,,,,
T2000164,terminal,Aerial Terminal,FDH202044,fdh,,,,,
T2000740,terminal,Aerial Terminal,FDH202044,fdh,,,,,
T2000325,terminal,Aerial Terminal,FDH202047,fdh,,,,,
T2000083,terminal,Aerial Terminal,FDH202030,fdh,,,,,
T2000070,terminal,Aerial Terminal,FDH202022,fdh,,,,,
T2000070,terminal,Aerial Terminal,FDH202022,fdh,,,,,
T2000070,terminal,Aerial Terminal,FDH202022,fdh,,,,,
T2000386,terminal,Aerial Terminal,FDH202022,fdh,,,,,
T2000386,terminal,Aerial Terminal,FDH202022,fdh,,,,,
T2000095,terminal,Aerial Terminal,FDH202005,fdh,,,,,
T2000093,terminal,Aerial Terminal,FDH202005,fdh,,,,,
T2000095,terminal,Aerial Terminal,FDH202005,fdh,,,,,
T2000094,terminal,Aerial Terminal,FDH202005,fdh,,,,,
T2000094,terminal,Aerial Terminal,FDH202005,fdh,,,,,
T2000096,terminal,Aerial Terminal,FDH202005,fdh,,,,,
T2000094,terminal,Aerial Terminal,FDH202005,fdh,,,,,
T2000099,terminal,Aerial Terminal,FDH202005,fdh,,,,,
T2000099,terminal,Aerial Terminal,FDH202005,fdh,,,,,
T2000757,terminal,MST,FDH202022,fdh,,,,,
T2000757,terminal,MST,FDH202022,fdh,,,,,
T2000071,terminal,Aerial Terminal,FDH202030,fdh,,,,,
T2000489,terminal,Aerial Terminal,FDH202005,fdh,,,,,
T2000491,terminal,Aerial Terminal,FDH202005,fdh,,,,,
T2000491,terminal,Aerial Terminal,FDH202005,fdh,,,,,
T2000489,terminal,Aerial Terminal,FDH202005,fdh,,,,,
T2000097,terminal,Aerial Terminal,FDH202005,fdh,,,,,
T2000096,terminal,Aerial Terminal,FDH202005,fdh,,,,,
T2000489,terminal,Aerial Terminal,FDH202005,fdh,,,,,
T2000097,terminal,Aerial Terminal,FDH202005,fdh,,,,,
T2000098,terminal,Aerial Terminal,FDH202005,fdh,,,,,
T2000098,terminal,Aerial Terminal,FDH202005,fdh,,,,,
T2000096,terminal,Aerial Terminal,FDH202005,fdh,,,,,
T2000490,terminal,Aerial Terminal,FDH202005,fdh,,,,,
T2000085,terminal,Aerial Terminal,FDH202005,fdh,,,,,
T2000092,terminal,Aerial Terminal,FDH202005,fdh,,,,,
T2000084,terminal,Aerial Terminal,FDH202005,fdh,,,,,
T2000085,terminal,Aerial Terminal,FDH202005,fdh,,,,,
T2000720,terminal,Aerial Terminal,FDH201041,fdh,,,,,
T2000727,terminal,Aerial Terminal,FDH201041,fdh,,,,,
T2000720,terminal,Aerial Terminal,FDH201041,fdh,,,,,
T2000722,terminal,Aerial Terminal,FDH201041,fdh,,,,,
T2000727,terminal,Aerial Terminal,FDH201041,fdh,,,,,
T2000728,terminal,Aerial Terminal,FDH201041,fdh,,,,,
T2000717,terminal,Aerial Terminal,FDH201041,fdh,,,,,
T2000813,terminal,Aerial Terminal,FDH201041,fdh,,,,,
T2000813,terminal,Aerial Terminal,FDH201041,fdh,,,,,
T2000718,terminal,Aerial Terminal,FDH201041,fdh,,,,,
T2000718,terminal,Aerial Terminal,FDH201041,fdh,,,,,
T2000718,terminal,Aerial Terminal,FDH201041,fdh,,,,,
T2000723,terminal,Aerial Terminal,FDH201041,fdh,,,,,
T2000719,terminal,MST,FDH201041,fdh,,,,,
T2000728,terminal,Aerial Terminal,FDH201041,fdh,,,,,
T2000717,terminal,Aerial Terminal,FDH201041,fdh,,,,,
T2000723,terminal,Aerial Terminal,FDH201041,fdh,,,,,
T2000717,terminal,Aerial Terminal,FDH201041,fdh,,,,,
T2000688,terminal,Aerial Terminal,FDH201037,fdh,,,,,
T2000688,terminal,Aerial Terminal,FDH201037,fdh,,,,,
T2000713,terminal,Aerial Terminal,FDH201038,fdh,,,,,
T2000716,terminal,MST,FDH201039,fdh,,,,,
T2000682,terminal,Aerial Terminal,FDH201037,fdh,,,,,
T2000682,terminal,Aerial Terminal,FDH201037,fdh,,,,,
T2000715,terminal,Aerial Terminal,FDH201038,fdh,,,,,
T2000691,terminal,Aerial Terminal,FDH201037,fdh,,,,,
T2000691,terminal,Aerial Terminal,FDH201037,fdh,,,,,
T2000684,terminal,Aerial Terminal,FDH201037,fdh,,,,,
T2000691,terminal,Aerial Terminal,FDH201037,fdh,,,,,
T2000701,terminal,Aerial Terminal,FDH201039,fdh,,,,,
T2000733,terminal,Aerial Terminal,FDH201040,fdh,,,,,
T2000725,terminal,Aerial Terminal,FDH201040,fdh,,,,,
T2000729,terminal,Aerial Terminal,FDH201040,fdh,,,,,
T2000725,terminal,Aerial Terminal,FDH201040,fdh,,,,,
F2000265,splice closure,,FDH201040,fdh,,Full Splice,,,
T2000706,terminal,Aerial Terminal,FDH201039,fdh,,,,,
T2000705,terminal,Aerial Terminal,FDH201039,fdh,,,,,
T2000645,terminal,Aerial Terminal,FDH201036,fdh,,,,,
T2000648,terminal,Aerial Terminal,FDH201036,fdh,,,,,
T2000644,terminal,Aerial Terminal,FDH201036,fdh,,,,,
T2000695,terminal,Aerial Terminal,FDH201039,fdh,,,,,
T2000692,terminal,MST,FDH201037,fdh,,,,,
T2000706,terminal,Aerial Terminal,FDH201039,fdh,,,,,
T2000693,terminal,Aerial Terminal,FDH201037,fdh,,,,,
T2000697,terminal,Aerial Terminal,FDH201039,fdh,,,,,
T2000696,terminal,Aerial Terminal,FDH201039,fdh,,,,,
T2000692,terminal,MST,FDH201037,fdh,,,,,
T2000692,terminal,MST,FDH201037,fdh,,,,,
T2000687,terminal,Aerial Terminal,FDH201037,fdh,,,,,
T2000700,terminal,Aerial Terminal,FDH201039,fdh,,,,,
T2000724,terminal,Aerial Terminal,FDH201039,fdh,,,,,
T2000707,terminal,Aerial Terminal,FDH201039,fdh,,,,,
T2000700,terminal,Aerial Terminal,FDH201039,fdh,,,,,
T2000693,terminal,Aerial Terminal,FDH201037,fdh,,,,,
T2000694,terminal,Aerial Terminal,FDH201037,fdh,,,,,
T2000701,terminal,Aerial Terminal,FDH201039,fdh,,,,,
T2000706,terminal,Aerial Terminal,FDH201039,fdh,,,,,
T2000695,terminal,Aerial Terminal,FDH201039,fdh,,,,,
T2000697,terminal,Aerial Terminal,FDH201039,fdh,,,,,
T2000082,terminal,Aerial Terminal,FDH202030,fdh,,,,,
T2000081,terminal,Aerial Terminal,FDH202030,fdh,,,,,
F2000337,splice closure,,FDH201032,fdh,,Full Splice,,TRUNK20390,
T2000083,terminal,Aerial Terminal,FDH202030,fdh,,,,,
T2000083,terminal,Aerial Terminal,FDH202030,fdh,,,,,
F2000339,splice closure,,FDH201032,fdh,,Full Splice,,TRUNK20390,
T2000081,terminal,Aerial Terminal,FDH202030,fdh,,,,,
T2000080,terminal,Aerial Terminal,FDH202030,fdh,,,,,
T2000081,terminal,Aerial Terminal,FDH202030,fdh,,,,,
T2000374,terminal,Aerial Terminal,FDH201012,fdh,,,,,
T2000538,terminal,Aerial Terminal,FDH201011,fdh,,,,,
T2000080,terminal,Aerial Terminal,FDH202030,fdh,,,,,
T2000079,terminal,Aerial Terminal,FDH202030,fdh,,,,,
T2000079,terminal,Aerial Terminal,FDH202030,fdh,,,,,
T2000080,terminal,Aerial Terminal,FDH202030,fdh,,,,,
T2000080,terminal,Aerial Terminal,FDH202030,fdh,,,,,
T2000490,terminal,Aerial Terminal,FDH202005,fdh,,,,,
T2000490,terminal,Aerial Terminal,FDH202005,fdh,,,,,
T2000079,terminal,Aerial Terminal,FDH202030,fdh,,,,,
T2000077,terminal,Aerial Terminal,FDH202030,fdh,,,,,
T2000073,terminal,Aerial Terminal,FDH202030,fdh,,,,,
T2000072,terminal,Aerial Terminal,FDH202030,fdh,,,,,
T2000074,terminal,Aerial Terminal,FDH202030,fdh,,,,,
T2000073,terminal,Aerial Terminal,FDH202030,fdh,,,,,
T2000204,terminal,MST,FDH202030,fdh,,,,,
T2000204,terminal,MST,FDH202030,fdh,,,,,
T2000204,terminal,MST,FDH202030,fdh,,,,,
T2000076,terminal,Aerial Terminal,FDH202030,fdh,,,,,
T2000076,terminal,Aerial Terminal,FDH202030,fdh,,,,,
T2000075,terminal,MST,FDH202030,fdh,,,,,
T2000075,terminal,MST,FDH202030,fdh,,,,,
T2000073,terminal,Aerial Terminal,FDH202030,fdh,,,,,
T2000072,terminal,Aerial Terminal,FDH202030,fdh,,,,,
T2000603,terminal,Aerial Terminal,FDH201034,fdh,,,,,
T2000604,terminal,Aerial Terminal,FDH201034,fdh,,,,,
T2000738,terminal,Aerial Terminal,FDH201034,fdh,,,,,
T2000739,terminal,Aerial Terminal,FDH201034,fdh,,,,,
T2000603,terminal,Aerial Terminal,FDH201034,fdh,,,,,
T2000557,terminal,MST,FDH201023,fdh,,,,,
T2000605,terminal,Aerial Terminal,FDH201034,fdh,,,,,
T2000604,terminal,Aerial Terminal,FDH201034,fdh,,,,,
T2000807,terminal,MST,FDH201026,fdh,,,,,
T2000628,terminal,Aerial Terminal,FDH201024,fdh,,,,,
T2000582,terminal,MST,FDH201026,fdh,,,,,
T2000580,terminal,Aerial Terminal,FDH201026,fdh,,,,,
T2000580,terminal,Aerial Terminal,FDH201026,fdh,,,,,
T2000587,terminal,Aerial Terminal,FDH201033,fdh,,,,,
T2000587,terminal,Aerial Terminal,FDH201033,fdh,,,,,
T2000586,terminal,Aerial Terminal,FDH201033,fdh,,,,,
T2000587,terminal,Aerial Terminal,FDH201033,fdh,,,,,
T2000551,terminal,Aerial Terminal,FDH201033,fdh,,,,,
T2000589,terminal,Aerial Terminal,FDH201033,fdh,,,,,
T2000595,terminal,Aerial Terminal,FDH201033,fdh,,,,,
T2000595,terminal,Aerial Terminal,FDH201033,fdh,,,,,
T2000551,terminal,Aerial Terminal,FDH201033,fdh,,,,,
T2000513,terminal,Aerial Terminal,FDH202003,fdh,,,,,
T2000222,terminal,Aerial Terminal,FDH202003,fdh,,,,,
T2000514,terminal,Aerial Terminal,FDH202003,fdh,,,,,
T2000513,terminal,Aerial Terminal,FDH202003,fdh,,,,,
T2000510,terminal,Aerial Terminal,FDH202003,fdh,,,,,
T2000510,terminal,Aerial Terminal,FDH202003,fdh,,,,,
T2000511,terminal,Aerial Terminal,FDH202003,fdh,,,,,
T2000513,terminal,Aerial Terminal,FDH202003,fdh,,,,,
T2000511,terminal,Aerial Terminal,FDH202003,fdh,,,,,
T2000511,terminal,Aerial Terminal,FDH202003,fdh,,,,,
T2000511,terminal,Aerial Terminal,FDH202003,fdh,,,,,
T2000512,terminal,Aerial Terminal,FDH202003,fdh,,,,,
T2000139,terminal,Aerial Terminal,FDH202031,fdh,,,,,
T2000135,terminal,Aerial Terminal,FDH202031,fdh,,,,,
T2000608,terminal,Aerial Terminal,FDH201034,fdh,,,,,
T2000614,terminal,Aerial Terminal,FDH201034,fdh,,,,,
T2000611,terminal,Aerial Terminal,FDH201034,fdh,,,,,
T2000609,terminal,Aerial Terminal,FDH201034,fdh,,,,,
T2000609,terminal,Aerial Terminal,FDH201034,fdh,,,,,
T2000610,terminal,Aerial Terminal,FDH201034,fdh,,,,,
T2000609,terminal,Aerial Terminal,FDH201034,fdh,,,,,
T2000423,terminal,Aerial Terminal,FDH201013,fdh,,,,,
T2000614,terminal,Aerial Terminal,FDH201034,fdh,,,,,
T2000424,terminal,Aerial Terminal,FDH201013,fdh,,,,,
T2000612,terminal,Aerial Terminal,FDH201034,fdh,,,,,
T2000613,terminal,Aerial Terminal,FDH201034,fdh,,,,,
T2000118,terminal,Aerial Terminal,FDH202029,fdh,,,,,
T2000118,terminal,Aerial Terminal,FDH202029,fdh,,,,,
T2000119,terminal,Aerial Terminal,FDH202029,fdh,,,,,
T2000023,terminal,Aerial Terminal,FDH201011,fdh,,,,,
T2000023,terminal,Aerial Terminal,FDH201011,fdh,,,,,
T2000774,terminal,MST,FDH201012,fdh,,,,,
T2000542,terminal,Aerial Terminal,FDH201014,fdh,,,,,
T2000340,terminal,Aerial Terminal,FDH201051,fdh,,,,,
T2000340,terminal,Aerial Terminal,FDH201051,fdh,,,,,
T2000341,terminal,Aerial Terminal,FDH201051,fdh,,,,,
T2000339,terminal,Aerial Terminal,FDH201051,fdh,,,,,
T2000341,terminal,Aerial Terminal,FDH201051,fdh,,,,,
T2000773,terminal,MST,FDH201012,fdh,,,,,
T2000339,terminal,Aerial Terminal,FDH201051,fdh,,,,,
T2000773,terminal,MST,FDH201012,fdh,,,,,
T2000371,terminal,Aerial Terminal,FDH201012,fdh,,,,,
T2000832,terminal,Aerial Terminal,FDH201012,fdh,,,,,
T2000538,terminal,Aerial Terminal,FDH201011,fdh,,,,,
T2000538,terminal,Aerial Terminal,FDH201011,fdh,,,,,
T2000375,terminal,Aerial Terminal,FDH201012,fdh,,,,,
T2000374,terminal,Aerial Terminal,FDH201012,fdh,,,,,
T2000373,terminal,Aerial Terminal,FDH201012,fdh,,,,,
T2000372,terminal,Aerial Terminal,FDH201012,fdh,,,,,
T2000321,terminal,Aerial Terminal,FDH201011,fdh,,,,,
T2000024,terminal,Aerial Terminal,FDH201011,fdh,,,,,
T2000373,terminal,Aerial Terminal,FDH201012,fdh,,,,,
T2000372,terminal,Aerial Terminal,FDH201012,fdh,,,,,
T2000482,terminal,Aerial Terminal,FDH202002,fdh,,,,,
T2000482,terminal,Aerial Terminal,FDH202002,fdh,,,,,
T2000483,terminal,MST,FDH202002,fdh,,,,,
T2000483,terminal,MST,FDH202002,fdh,,,,,
T2000483,terminal,MST,FDH202002,fdh,,,,,
T2000483,terminal,MST,FDH202002,fdh,,,,,
F2000340,splice closure,,FDH201032,fdh,,Partial Splice,,TRUNK20182,
T2000483,terminal,MST,FDH202002,fdh,,,,,
T2000483,terminal,MST,FDH202002,fdh,,,,,
F2000341,splice closure,,FDH201032,fdh,,Full Splice,,TRUNK20182,
T2000483,terminal,MST,FDH202002,fdh,,,,,
T2000483,terminal,MST,FDH202002,fdh,,,,,
T2000485,terminal,Aerial Terminal,FDH202002,fdh,,,,,
F2000340,splice closure,,FDH201032,fdh,,Partial Splice,,TRUNK20182,
T2000485,terminal,Aerial Terminal,FDH202002,fdh,,,,,
T2000485,terminal,Aerial Terminal,FDH202002,fdh,,,,,
T2000485,terminal,Aerial Terminal,FDH202002,fdh,,,,,
T2000485,terminal,Aerial Terminal,FDH202002,fdh,,,,,
T2000485,terminal,Aerial Terminal,FDH202002,fdh,,,,,
T2000482,terminal,Aerial Terminal,FDH202002,fdh,,,,,
T2000488,terminal,Aerial Terminal,FDH202002,fdh,,,,,
T2000054,terminal,Aerial Terminal,FDH202002,fdh,,,,,
T2000054,terminal,Aerial Terminal,FDH202002,fdh,,,,,
T2000054,terminal,Aerial Terminal,FDH202002,fdh,,,,,
T2000054,terminal,Aerial Terminal,FDH202002,fdh,,,,,
T2000054,terminal,Aerial Terminal,FDH202002,fdh,,,,,
T2000054,terminal,Aerial Terminal,FDH202002,fdh,,,,,
T2000054,terminal,Aerial Terminal,FDH202002,fdh,,,,,
T2000054,terminal,Aerial Terminal,FDH202002,fdh,,,,,
T2000055,terminal,Aerial Terminal,FDH202002,fdh,,,,,
T2000054,terminal,Aerial Terminal,FDH202002,fdh,,,,,
T2000055,terminal,Aerial Terminal,FDH202002,fdh,,,,,
T2000055,terminal,Aerial Terminal,FDH202002,fdh,,,,,
T2000055,terminal,Aerial Terminal,FDH202002,fdh,,,,,
T2000055,terminal,Aerial Terminal,FDH202002,fdh,,,,,
T2000055,terminal,Aerial Terminal,FDH202002,fdh,,,,,
T2000055,terminal,Aerial Terminal,FDH202002,fdh,,,,,
T2000056,terminal,Aerial Terminal,FDH202001,fdh,,,,,
T2000056,terminal,Aerial Terminal,FDH202001,fdh,,,,,
T2000056,terminal,Aerial Terminal,FDH202001,fdh,,,,,
T2000056,terminal,Aerial Terminal,FDH202001,fdh,,,,,
T2000056,terminal,Aerial Terminal,FDH202001,fdh,,,,,
T2000056,terminal,Aerial Terminal,FDH202001,fdh,,,,,
F2000340,splice closure,,FDH201032,fdh,,Partial Splice,,TRUNK20182,
T2000056,terminal,Aerial Terminal,FDH202001,fdh,,,,,
T2000057,terminal,Aerial Terminal,FDH202001,fdh,,,,,
T2000057,terminal,Aerial Terminal,FDH202001,fdh,,,,,
T2000057,terminal,Aerial Terminal,FDH202001,fdh,,,,,
T2000057,terminal,Aerial Terminal,FDH202001,fdh,,,,,
T2000058,terminal,Aerial Terminal,FDH202001,fdh,,,,,
T2000058,terminal,Aerial Terminal,FDH202001,fdh,,,,,
T2000058,terminal,Aerial Terminal,FDH202001,fdh,,,,,
T2000058,terminal,Aerial Terminal,FDH202001,fdh,,,,,
T2000058,terminal,Aerial Terminal,FDH202001,fdh,,,,,
T2000058,terminal,Aerial Terminal,FDH202001,fdh,,,,,
T2000058,terminal,Aerial Terminal,FDH202001,fdh,,,,,
T2000059,terminal,Aerial Terminal,FDH202001,fdh,,,,,
T2000059,terminal,Aerial Terminal,FDH202001,fdh,,,,,
T2000060,terminal,Aerial Terminal,FDH202001,fdh,,,,,
T2000060,terminal,Aerial Terminal,FDH202001,fdh,,,,,
T2000060,terminal,Aerial Terminal,FDH202001,fdh,,,,,
T2000060,terminal,Aerial Terminal,FDH202001,fdh,,,,,
T2000060,terminal,Aerial Terminal,FDH202001,fdh,,,,,
T2000060,terminal,Aerial Terminal,FDH202001,fdh,,,,,
T2000060,terminal,Aerial Terminal,FDH202001,fdh,,,,,
T2000001,terminal,Aerial Terminal,FDH202001,fdh,,,,,
T2000001,terminal,Aerial Terminal,FDH202001,fdh,,,,,
T2000001,terminal,Aerial Terminal,FDH202001,fdh,,,,,
T2000001,terminal,Aerial Terminal,FDH202001,fdh,,,,,
T2000001,terminal,Aerial Terminal,FDH202001,fdh,,,,,
T2000001,terminal,Aerial Terminal,FDH202001,fdh,,,,,
T2000001,terminal,Aerial Terminal,FDH202001,fdh,,,,,
T2000061,terminal,Aerial Terminal,FDH202001,fdh,,,,,
T2000061,terminal,Aerial Terminal,FDH202001,fdh,,,,,
T2000061,terminal,Aerial Terminal,FDH202001,fdh,,,,,
T2000061,terminal,Aerial Terminal,FDH202001,fdh,,,,,
T2000062,terminal,Aerial Terminal,FDH202001,fdh,,,,,
T2000062,terminal,Aerial Terminal,FDH202001,fdh,,,,,
T2000062,terminal,Aerial Terminal,FDH202001,fdh,,,,,
T2000063,terminal,Aerial Terminal,FDH202001,fdh,,,,,
T2000063,terminal,Aerial Terminal,FDH202001,fdh,,,,,
T2000063,terminal,Aerial Terminal,FDH202001,fdh,,,,,
T2000002,terminal,Aerial Terminal,FDH202001,fdh,,,,,
T2000002,terminal,Aerial Terminal,FDH202001,fdh,,,,,
T2000002,terminal,Aerial Terminal,FDH202001,fdh,,,,,
T2000002,terminal,Aerial Terminal,FDH202001,fdh,,,,,
T2000064,terminal,Aerial Terminal,FDH202022,fdh,,,,,
T2000002,terminal,Aerial Terminal,FDH202001,fdh,,,,,
T2000002,terminal,Aerial Terminal,FDH202001,fdh,,,,,
T2000064,terminal,Aerial Terminal,FDH202022,fdh,,,,,
T2000064,terminal,Aerial Terminal,FDH202022,fdh,,,,,
T2000064,terminal,Aerial Terminal,FDH202022,fdh,,,,,
T2000064,terminal,Aerial Terminal,FDH202022,fdh,,,,,
T2000492,terminal,Aerial Terminal,FDH202022,fdh,,,,,
T2000492,terminal,Aerial Terminal,FDH202022,fdh,,,,,
T2000492,terminal,Aerial Terminal,FDH202022,fdh,,,,,
T2000492,terminal,Aerial Terminal,FDH202022,fdh,,,,,
T2000492,terminal,Aerial Terminal,FDH202022,fdh,,,,,
T2000492,terminal,Aerial Terminal,FDH202022,fdh,,,,,
T2000493,terminal,Aerial Terminal,FDH202029,fdh,,,,,
T2000493,terminal,Aerial Terminal,FDH202029,fdh,,,,,
T2000100,terminal,Aerial Terminal,FDH202029,fdh,,,,,
T2000101,terminal,Aerial Terminal,FDH202029,fdh,,,,,
T2000101,terminal,Aerial Terminal,FDH202029,fdh,,,,,
T2000100,terminal,Aerial Terminal,FDH202029,fdh,,,,,
T2000493,terminal,Aerial Terminal,FDH202029,fdh,,,,,
T2000100,terminal,Aerial Terminal,FDH202029,fdh,,,,,
T2000100,terminal,Aerial Terminal,FDH202029,fdh,,,,,
F2000338,splice closure,,FDH201032,fdh,,Partial Splice,,TRUNK20390,
T2000538,terminal,Aerial Terminal,FDH201011,fdh,,,,,
F2000339,splice closure,,FDH201032,fdh,,Full Splice,,TRUNK20390,
T2000101,terminal,Aerial Terminal,FDH202029,fdh,,,,,
F2000338,splice closure,,FDH201032,fdh,,Partial Splice,,TRUNK20390,
T2000101,terminal,Aerial Terminal,FDH202029,fdh,,,,,
T2000101,terminal,Aerial Terminal,FDH202029,fdh,,,,,
T2000101,terminal,Aerial Terminal,FDH202029,fdh,,,,,
T2000205,terminal,Aerial Terminal,FDH202029,fdh,,,,,
T2000205,terminal,Aerial Terminal,FDH202029,fdh,,,,,
T2000205,terminal,Aerial Terminal,FDH202029,fdh,,,,,
T2000101,terminal,Aerial Terminal,FDH202029,fdh,,,,,
T2000205,terminal,Aerial Terminal,FDH202029,fdh,,,,,
T2000205,terminal,Aerial Terminal,FDH202029,fdh,,,,,
T2000102,terminal,Aerial Terminal,FDH202029,fdh,,,,,
T2000103,terminal,Aerial Terminal,FDH202029,fdh,,,,,
T2000104,terminal,Aerial Terminal,FDH202029,fdh,,,,,
T2000104,terminal,Aerial Terminal,FDH202029,fdh,,,,,
T2000104,terminal,Aerial Terminal,FDH202029,fdh,,,,,
T2000104,terminal,Aerial Terminal,FDH202029,fdh,,,,,
T2000104,terminal,Aerial Terminal,FDH202029,fdh,,,,,
T2000105,terminal,Aerial Terminal,FDH202029,fdh,,,,,
T2000105,terminal,Aerial Terminal,FDH202029,fdh,,,,,
T2000106,terminal,Aerial Terminal,FDH202029,fdh,,,,,
T2000106,terminal,Aerial Terminal,FDH202029,fdh,,,,,
T2000086,terminal,Aerial Terminal,FDH202029,fdh,,,,,
T2000087,terminal,Aerial Terminal,FDH202029,fdh,,,,,
T2000088,terminal,Aerial Terminal,FDH202029,fdh,,,,,
T2000121,terminal,Aerial Terminal,FDH202028,fdh,,,,,
T2000126,terminal,Aerial Terminal,FDH202028,fdh,,,,,
T2000130,terminal,Aerial Terminal,FDH202031,fdh,,,,,
T2000142,terminal,Aerial Terminal,FDH202031,fdh,,,,,
T2000179,terminal,Aerial Terminal,FDH202049,fdh,,,,,
T2000232,terminal,Aerial Terminal,FDH202003,fdh,,,,,
T2000231,terminal,Aerial Terminal,FDH202003,fdh,,,,,
T2000227,terminal,Aerial Terminal,FDH202003,fdh,,,,,
T2000216,terminal,Aerial Terminal,FDH202003,fdh,,,,,
T2000370,terminal,Aerial Terminal,FDH201012,fdh,,,,,
T2000369,terminal,Aerial Terminal,FDH201012,fdh,,,,,
T2000369,terminal,Aerial Terminal,FDH201012,fdh,,,,,
F2000265,splice closure,,FDH201040,fdh,,Full Splice,,,
F2000265,splice closure,,FDH201040,fdh,,Full Splice,,,
F2000263,splice closure,,FDH201040,fdh,,Partial Splice,,TRUNK20228,
T2000632,terminal,MST,FDH201035,fdh,,,,,
T2000621,terminal,Aerial Terminal,FDH201034,fdh,,,,,
F2000263,splice closure,,FDH201040,fdh,,Partial Splice,,TRUNK20228,
T2000683,terminal,Aerial Terminal,FDH201037,fdh,,,,,
T2000664,terminal,Aerial Terminal,FDH201043,fdh,,,,,
T2000790,terminal,Aerial Terminal,FDH201039,fdh,,,,,
T2000065,terminal,Aerial Terminal,FDH202022,fdh,,,,,
T2000065,terminal,Aerial Terminal,FDH202022,fdh,,,,,
T2000065,terminal,Aerial Terminal,FDH202022,fdh,,,,,
T2000147,terminal,Aerial Terminal,FDH202022,fdh,,,,,
T2000147,terminal,Aerial Terminal,FDH202022,fdh,,,,,
T2000147,terminal,Aerial Terminal,FDH202022,fdh,,,,,
T2000147,terminal,Aerial Terminal,FDH202022,fdh,,,,,
T2000378,terminal,MST,FDH201014,fdh,,,,,
T2000147,terminal,Aerial Terminal,FDH202022,fdh,,,,,
T2000066,terminal,Aerial Terminal,FDH202022,fdh,,,,,
T2000066,terminal,Aerial Terminal,FDH202022,fdh,,,,,
T2000090,terminal,Aerial Terminal,FDH202022,fdh,,,,,
T2000090,terminal,Aerial Terminal,FDH202022,fdh,,,,,
T2000090,terminal,Aerial Terminal,FDH202022,fdh,,,,,
T2000091,terminal,Aerial Terminal,FDH202022,fdh,,,,,
T2000091,terminal,Aerial Terminal,FDH202022,fdh,,,,,
T2000067,terminal,Aerial Terminal,FDH202022,fdh,,,,,
T2000069,terminal,Aerial Terminal,FDH202022,fdh,,,,,
T2000075,terminal,MST,FDH202030,fdh,,,,,
T2000077,terminal,Aerial Terminal,FDH202030,fdh,,,,,
T2000078,terminal,Aerial Terminal,FDH202030,fdh,,,,,
T2000079,terminal,Aerial Terminal,FDH202030,fdh,,,,,
T2000083,terminal,Aerial Terminal,FDH202030,fdh,,,,,
T2000084,terminal,Aerial Terminal,FDH202005,fdh,,,,,
T2000085,terminal,Aerial Terminal,FDH202005,fdh,,,,,
T2000085,terminal,Aerial Terminal,FDH202005,fdh,,,,,
T2000094,terminal,Aerial Terminal,FDH202005,fdh,,,,,
T2000097,terminal,Aerial Terminal,FDH202005,fdh,,,,,
T2000098,terminal,Aerial Terminal,FDH202005,fdh,,,,,
T2000102,terminal,Aerial Terminal,FDH202029,fdh,,,,,
T2000103,terminal,Aerial Terminal,FDH202029,fdh,,,,,
T2000111,terminal,Aerial Terminal,FDH202029,fdh,,,,,
T2000111,terminal,Aerial Terminal,FDH202029,fdh,,,,,
T2000378,terminal,MST,FDH201014,fdh,,,,,
T2000110,terminal,Aerial Terminal,FDH202029,fdh,,,,,
T2000108,terminal,Aerial Terminal,FDH202029,fdh,,,,,
T2000117,terminal,Aerial Terminal,FDH202029,fdh,,,,,
T2000116,terminal,Aerial Terminal,FDH202029,fdh,,,,,
T2000118,terminal,Aerial Terminal,FDH202029,fdh,,,,,
T2000120,terminal,Aerial Terminal,FDH202029,fdh,,,,,
T2000122,terminal,Aerial Terminal,FDH202028,fdh,,,,,
T2000125,terminal,Aerial Terminal,FDH202028,fdh,,,,,
T2000126,terminal,Aerial Terminal,FDH202028,fdh,,,,,
T2000009,terminal,Aerial Terminal,FDH202028,fdh,,,,,
T2000128,terminal,Aerial Terminal,FDH202028,fdh,,,,,
T2000138,terminal,Aerial Terminal,FDH202031,fdh,,,,,
T2000137,terminal,Aerial Terminal,FDH202031,fdh,,,,,
T2000144,terminal,Aerial Terminal,FDH202027,fdh,,,,,
T2000144,terminal,Aerial Terminal,FDH202027,fdh,,,,,
T2000012,terminal,Aerial Terminal,FDH202027,fdh,,,,,
T2000145,terminal,Aerial Terminal,FDH202027,fdh,,,,,
T2000145,terminal,Aerial Terminal,FDH202027,fdh,,,,,
T2000148,terminal,Aerial Terminal,FDH202027,fdh,,,,,
T2000149,terminal,Aerial Terminal,FDH202027,fdh,,,,,
T2000149,terminal,Aerial Terminal,FDH202027,fdh,,,,,
T2000149,terminal,Aerial Terminal,FDH202027,fdh,,,,,
T2000150,terminal,Aerial Terminal,FDH202027,fdh,,,,,
T2000149,terminal,Aerial Terminal,FDH202027,fdh,,,,,
T2000150,terminal,Aerial Terminal,FDH202027,fdh,,,,,
T2000150,terminal,Aerial Terminal,FDH202027,fdh,,,,,
T2000150,terminal,Aerial Terminal,FDH202027,fdh,,,,,
T2000150,terminal,Aerial Terminal,FDH202027,fdh,,,,,
T2000151,terminal,Aerial Terminal,FDH202027,fdh,,,,,
T2000151,terminal,Aerial Terminal,FDH202027,fdh,,,,,
T2000152,terminal,Aerial Terminal,FDH202027,fdh,,,,,
T2000152,terminal,Aerial Terminal,FDH202027,fdh,,,,,
T2000244,terminal,Aerial Terminal,FDH202027,fdh,,,,,
T2000153,terminal,Aerial Terminal,FDH202027,fdh,,,,,
T2000154,terminal,Aerial Terminal,FDH202027,fdh,,,,,
T2000154,terminal,Aerial Terminal,FDH202027,fdh,,,,,
T2000161,terminal,Aerial Terminal,FDH202027,fdh,,,,,
T2000154,terminal,Aerial Terminal,FDH202027,fdh,,,,,
T2000161,terminal,Aerial Terminal,FDH202027,fdh,,,,,
T2000161,terminal,Aerial Terminal,FDH202027,fdh,,,,,
T2000160,terminal,Aerial Terminal,FDH202027,fdh,,,,,
T2000160,terminal,Aerial Terminal,FDH202027,fdh,,,,,
T2000160,terminal,Aerial Terminal,FDH202027,fdh,,,,,
T2000159,terminal,Aerial Terminal,FDH202027,fdh,,,,,
T2000159,terminal,Aerial Terminal,FDH202027,fdh,,,,,
T2000159,terminal,Aerial Terminal,FDH202027,fdh,,,,,
T2000158,terminal,Aerial Terminal,FDH202027,fdh,,,,,
T2000158,terminal,Aerial Terminal,FDH202027,fdh,,,,,
T2000158,terminal,Aerial Terminal,FDH202027,fdh,,,,,
T2000158,terminal,Aerial Terminal,FDH202027,fdh,,,,,
T2000157,terminal,Aerial Terminal,FDH202027,fdh,,,,,
T2000157,terminal,Aerial Terminal,FDH202027,fdh,,,,,
T2000157,terminal,Aerial Terminal,FDH202027,fdh,,,,,
T2000156,terminal,Aerial Terminal,FDH202027,fdh,,,,,
T2000156,terminal,Aerial Terminal,FDH202027,fdh,,,,,
T2000156,terminal,Aerial Terminal,FDH202027,fdh,,,,,
T2000155,terminal,Aerial Terminal,FDH202027,fdh,,,,,
T2000160,terminal,Aerial Terminal,FDH202027,fdh,,,,,
T2000740,terminal,Aerial Terminal,FDH202044,fdh,,,,,
T2000495,terminal,Aerial Terminal,FDH202044,fdh,,,,,
T2000496,terminal,Aerial Terminal,FDH202044,fdh,,,,,
T2000499,terminal,Aerial Terminal,FDH202044,fdh,,,,,
T2000165,terminal,Aerial Terminal,FDH202044,fdh,,,,,
T2000166,terminal,Aerial Terminal,FDH202047,fdh,,,,,
T2000167,terminal,MST,FDH202047,fdh,,,,,
T2000324,terminal,Aerial Terminal,FDH202047,fdh,,,,,
T2000169,terminal,Aerial Terminal,FDH202047,fdh,,,,,
T2000173,terminal,Aerial Terminal,FDH202049,fdh,,,,,
T2000180,terminal,Aerial Terminal,FDH202047,fdh,,,,,
T2000182,terminal,Aerial Terminal,FDH202049,fdh,,,,,
T2000187,terminal,Aerial Terminal,FDH202006,fdh,,,,,
T2000187,terminal,Aerial Terminal,FDH202006,fdh,,,,,
T2000191,terminal,Aerial Terminal,FDH202006,fdh,,,,,
T2000014,terminal,Aerial Terminal,FDH202027,fdh,,,,,
T2000014,terminal,Aerial Terminal,FDH202027,fdh,,,,,
T2000213,terminal,Aerial Terminal,FDH202020,fdh,,,,,
T2000510,terminal,Aerial Terminal,FDH202003,fdh,,,,,
T2000511,terminal,Aerial Terminal,FDH202003,fdh,,,,,
T2000513,terminal,Aerial Terminal,FDH202003,fdh,,,,,
T2000221,terminal,Aerial Terminal,FDH202003,fdh,,,,,
T2000235,terminal,Aerial Terminal,FDH202007,fdh,,,,,
T2000155,terminal,Aerial Terminal,FDH202027,fdh,,,,,
T2000494,terminal,Aerial Terminal,FDH202044,fdh,,,,,
T2000373,terminal,Aerial Terminal,FDH201012,fdh,,,,,
T2000372,terminal,Aerial Terminal,FDH201012,fdh,,,,,
T2000371,terminal,Aerial Terminal,FDH201012,fdh,,,,,
T2000373,terminal,Aerial Terminal,FDH201012,fdh,,,,,
T2000370,terminal,Aerial Terminal,FDH201012,fdh,,,,,
T2000481,terminal,Aerial Terminal,FDH201025,fdh,,,,,
T2000284,terminal,Aerial Terminal,FDH201004,fdh,,,,,
T2000285,terminal,Aerial Terminal,FDH201004,fdh,,,,,
T2000285,terminal,Aerial Terminal,FDH201004,fdh,,,,,
T2000285,terminal,Aerial Terminal,FDH201004,fdh,,,,,
T2000286,terminal,Aerial Terminal,FDH201004,fdh,,,,,
T2000286,terminal,Aerial Terminal,FDH201004,fdh,,,,,
T2000286,terminal,Aerial Terminal,FDH201004,fdh,,,,,
T2000782,terminal,Aerial Terminal,FDH201004,fdh,,,,,
T2000782,terminal,Aerial Terminal,FDH201004,fdh,,,,,
T2000782,terminal,Aerial Terminal,FDH201004,fdh,,,,,
T2000782,terminal,Aerial Terminal,FDH201004,fdh,,,,,
T2000288,terminal,Aerial Terminal,FDH201004,fdh,,,,,
T2000288,terminal,Aerial Terminal,FDH201004,fdh,,,,,
T2000288,terminal,Aerial Terminal,FDH201004,fdh,,,,,
T2000289,terminal,Aerial Terminal,FDH201004,fdh,,,,,
T2000289,terminal,Aerial Terminal,FDH201004,fdh,,,,,
T2000289,terminal,Aerial Terminal,FDH201004,fdh,,,,,
T2000290,terminal,Aerial Terminal,FDH201004,fdh,,,,,
T2000290,terminal,Aerial Terminal,FDH201004,fdh,,,,,
T2000290,terminal,Aerial Terminal,FDH201004,fdh,,,,,
T2000291,terminal,Aerial Terminal,FDH201004,fdh,,,,,
T2000291,terminal,Aerial Terminal,FDH201004,fdh,,,,,
T2000291,terminal,Aerial Terminal,FDH201004,fdh,,,,,
T2000291,terminal,Aerial Terminal,FDH201004,fdh,,,,,
T2000291,terminal,Aerial Terminal,FDH201004,fdh,,,,,
F2000338,splice closure,,FDH201032,fdh,,Partial Splice,,TRUNK20390,
F2000340,splice closure,,FDH201032,fdh,,Partial Splice,,TRUNK20182,
F2000335,splice closure,,FDH201032,fdh,,Partial Splice,,TRUNK20180,
T2000369,terminal,Aerial Terminal,FDH201012,fdh,,,,,
T2000382,terminal,Aerial Terminal,FDH201015,fdh,,,,,
T2000394,terminal,Aerial Terminal,FDH201016,fdh,,,,,
T2000363,terminal,Aerial Terminal,FDH201012,fdh,,,,,
T2000361,terminal,Aerial Terminal,FDH201012,fdh,,,,,
T2000284,terminal,Aerial Terminal,FDH201004,fdh,,,,,
T2000284,terminal,Aerial Terminal,FDH201004,fdh,,,,,
T2000311,terminal,Aerial Terminal,FDH201050,fdh,,,,,
T2000310,terminal,Aerial Terminal,FDH201050,fdh,,,,,
F2000225,splice closure,,FDH201050,fdh,,Full Splice,,TRUNK20260,
F2000225,splice closure,,FDH201050,fdh,,Full Splice,,TRUNK20260,
F2000081,splice closure,,FDH201050,fdh,,Partial Splice,,TRUNK20261,
F2000081,splice closure,,FDH201050,fdh,,Partial Splice,,TRUNK20261,
F2000081,splice closure,,FDH201050,fdh,,Partial Splice,,TRUNK20261,
F2000169,splice closure,,FDH201032,fdh,,Full Splice,,TRUNK20178,
T2000316,terminal,Aerial Terminal,FDH201050,fdh,,,,,
T2000322,terminal,Aerial Terminal,FDH201011,fdh,,,,,
T2000024,terminal,Aerial Terminal,FDH201011,fdh,,,,,
T2000024,terminal,Aerial Terminal,FDH201011,fdh,,,,,
T2000024,terminal,Aerial Terminal,FDH201011,fdh,,,,,
T2000321,terminal,Aerial Terminal,FDH201011,fdh,,,,,
T2000537,terminal,Aerial Terminal,FDH201011,fdh,,,,,
T2000335,terminal,Aerial Terminal,FDH201051,fdh,,,,,
T2000775,terminal,MST,FDH201051,fdh,,,,,
T2000775,terminal,MST,FDH201051,fdh,,,,,
T2000340,terminal,Aerial Terminal,FDH201051,fdh,,,,,
T2000770,terminal,MST,FDH201011,fdh,,,,,
T2000345,terminal,Aerial Terminal,FDH201012,fdh,,,,,
T2000345,terminal,Aerial Terminal,FDH201012,fdh,,,,,
T2000345,terminal,Aerial Terminal,FDH201012,fdh,,,,,
T2000367,terminal,Aerial Terminal,FDH201012,fdh,,,,,
T2000368,terminal,Aerial Terminal,FDH201012,fdh,,,,,
T2000368,terminal,Aerial Terminal,FDH201012,fdh,,,,,
T2000371,terminal,Aerial Terminal,FDH201012,fdh,,,,,
T2000371,terminal,Aerial Terminal,FDH201012,fdh,,,,,
T2000375,terminal,Aerial Terminal,FDH201012,fdh,,,,,
T2000375,terminal,Aerial Terminal,FDH201012,fdh,,,,,
T2000375,terminal,Aerial Terminal,FDH201012,fdh,,,,,
T2000441,terminal,Aerial Terminal,FDH201015,fdh,,,,,
T2000349,terminal,Aerial Terminal,FDH201012,fdh,,,,,
T2000419,terminal,Aerial Terminal,FDH201013,fdh,,,,,
T2000438,terminal,Aerial Terminal,FDH201013,fdh,,,,,
T2000560,terminal,Aerial Terminal,FDH201018,fdh,,,,,
T2000616,terminal,Aerial Terminal,FDH201034,fdh,,,,,
T2000826,terminal,MST,FDH201012,fdh,,,,,
T2000754,terminal,Aerial Terminal,FDH202007,fdh,,,,,
T2000753,terminal,Aerial Terminal,FDH202007,fdh,,,,,
T2000752,terminal,Aerial Terminal,FDH202007,fdh,,,,,
T2000752,terminal,Aerial Terminal,FDH202007,fdh,,,,,
T2000752,terminal,Aerial Terminal,FDH202007,fdh,,,,,
T2000752,terminal,Aerial Terminal,FDH202007,fdh,,,,,
T2000752,terminal,Aerial Terminal,FDH202007,fdh,,,,,
T2000751,terminal,Aerial Terminal,FDH202007,fdh,,,,,
T2000751,terminal,Aerial Terminal,FDH202007,fdh,,,,,
T2000750,terminal,Aerial Terminal,FDH202007,fdh,,,,,
T2000750,terminal,Aerial Terminal,FDH202007,fdh,,,,,
T2000750,terminal,Aerial Terminal,FDH202007,fdh,,,,,
T2000750,terminal,Aerial Terminal,FDH202007,fdh,,,,,
T2000750,terminal,Aerial Terminal,FDH202007,fdh,,,,,
T2000423,terminal,Aerial Terminal,FDH201013,fdh,,,,,
T2000436,terminal,Aerial Terminal,FDH201013,fdh,,,,,
T2000770,terminal,MST,FDH201011,fdh,,,,,
T2000615,terminal,Aerial Terminal,FDH201034,fdh,,,,,
T2000617,terminal,Aerial Terminal,FDH201034,fdh,,,,,
T2000617,terminal,Aerial Terminal,FDH201034,fdh,,,,,
T2000617,terminal,Aerial Terminal,FDH201034,fdh,,,,,
T2000618,terminal,Aerial Terminal,FDH201034,fdh,,,,,
T2000480,terminal,Aerial Terminal,FDH201025,fdh,,,,,
T2000480,terminal,Aerial Terminal,FDH201025,fdh,,,,,
T2000692,terminal,MST,FDH201037,fdh,,,,,
T2000692,terminal,MST,FDH201037,fdh,,,,,
T2000692,terminal,MST,FDH201037,fdh,,,,,
T2000692,terminal,MST,FDH201037,fdh,,,,,
T2000693,terminal,Aerial Terminal,FDH201037,fdh,,,,,
T2000683,terminal,Aerial Terminal,FDH201037,fdh,,,,,
T2000685,terminal,Aerial Terminal,FDH201037,fdh,,,,,
T2000701,terminal,Aerial Terminal,FDH201039,fdh,,,,,
T2000664,terminal,Aerial Terminal,FDH201043,fdh,,,,,
T2000661,terminal,Aerial Terminal,FDH201043,fdh,,,,,
F2000338,splice closure,,FDH201032,fdh,,Partial Splice,,TRUNK20390,
F2000338,splice closure,,FDH201032,fdh,,Partial Splice,,TRUNK20390,
T2000808,terminal,Aerial Terminal,FDH201018,fdh,,,,,
T2000594,terminal,Aerial Terminal,FDH201033,fdh,,,,,
T2000530,terminal,Aerial Terminal,FDH201011,fdh,,,,,
T2000535,terminal,Aerial Terminal,FDH201011,fdh,,,,,
T2000529,terminal,Aerial Terminal,FDH201004,fdh,,,,,
T2000754,terminal,Aerial Terminal,FDH202007,fdh,,,,,
T2000828,terminal,Aerial Terminal,FDH202019,fdh,,,,,
T2000465,terminal,Aerial Terminal,FDH202045,fdh,,,,,
T2000464,terminal,Aerial Terminal,FDH202045,fdh,,,,,
T2000464,terminal,Aerial Terminal,FDH202045,fdh,,,,,
T2000457,terminal,Aerial Terminal,FDH202021,fdh,,,,,
T2000452,terminal,Aerial Terminal,FDH202021,fdh,,,,,
T2000818,terminal,MST,FDH202028,fdh,,,,,
T2000399,terminal,Aerial Terminal,FDH201015,fdh,,,,,
T2000246,terminal,Aerial Terminal,FDH201008,fdh,,,,,
T2000361,terminal,Aerial Terminal,FDH201012,fdh,,,,,
T2000366,terminal,Aerial Terminal,FDH201012,fdh,,,,,
T2000830,terminal,Aerial Terminal,FDH201012,fdh,,,,,
T2000830,terminal,Aerial Terminal,FDH201012,fdh,,,,,
T2000830,terminal,Aerial Terminal,FDH201012,fdh,,,,,
T2000831,terminal,Aerial Terminal,FDH201012,fdh,,,,,
T2000831,terminal,Aerial Terminal,FDH201012,fdh,,,,,
T2000831,terminal,Aerial Terminal,FDH201012,fdh,,,,,
T2000831,terminal,Aerial Terminal,FDH201012,fdh,,,,,
T2000741,terminal,Aerial Terminal,FDH202031,fdh,,,,,
T2000537,terminal,Aerial Terminal,FDH201011,fdh,,,,,
T2000023,terminal,Aerial Terminal,FDH201011,fdh,,,,,
T2000024,terminal,Aerial Terminal,FDH201011,fdh,,,,,
T2000770,terminal,MST,FDH201011,fdh,,,,,
T2000770,terminal,MST,FDH201011,fdh,,,,,
F2000338,splice closure,,FDH201032,fdh,,Partial Splice,,TRUNK20390,
F2000339,splice closure,,FDH201032,fdh,,Full Splice,,TRUNK20390,
F2000338,splice closure,,FDH201032,fdh,,Partial Splice,,TRUNK20390,
F2000338,splice closure,,FDH201032,fdh,,Partial Splice,,TRUNK20390,
F2000340,splice closure,,FDH201032,fdh,,Partial Splice,,TRUNK20182,
T2000526,terminal,Aerial Terminal,FDH201048,fdh,,,,,
T2000526,terminal,Aerial Terminal,FDH201048,fdh,,,,,
T2000833,terminal,MST,FDH202021,fdh,,,,,
T2000833,terminal,MST,FDH202021,fdh,,,,,
T2000833,terminal,MST,FDH202021,fdh,,,,,
T2000833,terminal,MST,FDH202021,fdh,,,,,
T2000137,terminal,Aerial Terminal,FDH202031,fdh,,,,,
T3000266,terminal,Aerial Terminal,FDH302022,fdh,,,,,
T3000266,terminal,Aerial Terminal,FDH302022,fdh,,,,,
F3003393,splice closure,,FDH302040,fdh,,Full Splice,,TRUNK30363,
F3003394,splice closure,,FDH302040,fdh,,Full Splice,,TRUNK30184,
T3000608,terminal,Aerial Terminal,FDH303016,fdh,,,,,
T3000685,terminal,MST,FDH303016,fdh,,,,,
T3000685,terminal,MST,FDH303016,fdh,,,,,
T3000685,terminal,MST,FDH303016,fdh,,,,,
T3000685,terminal,MST,FDH303016,fdh,,,,,
T3000685,terminal,MST,FDH303016,fdh,,,,,
F3003324,splice closure,,FDH303016,fdh,,Partial Splice,,TRUNK30143,
F3003324,splice closure,,FDH303016,fdh,,Partial Splice,,TRUNK30143,
F3003324,splice closure,,FDH303016,fdh,,Partial Splice,,TRUNK30143,
F3003326,splice closure,,FDH303016,fdh,,Partial Splice,,TRUNK30143,
F3003327,splice closure,,FDH303016,fdh,,Full Splice,,TRUNK30143,
F3003327,splice closure,,FDH303016,fdh,,Full Splice,,TRUNK30143,
T3000077,terminal,Aerial Terminal,FDH301042,fdh,,,,,
T3000073,terminal,Aerial Terminal,FDH301042,fdh,,,,,
T3000599,terminal,Aerial Terminal,FDH303017,fdh,,,,,
T3000047,terminal,Aerial Terminal,FDH303041,fdh,,,,,
T3000271,terminal,MST,FDH302029,fdh,,,,,
T3000262,terminal,Aerial Terminal,FDH302022,fdh,,,,,
T2000500,terminal,Aerial Terminal,FDH202044,fdh,,,,,
F3003327,splice closure,,FDH303016,fdh,,Full Splice,,TRUNK30143,
T2000500,terminal,Aerial Terminal,FDH202044,fdh,,,,,
T2000500,terminal,Aerial Terminal,FDH202044,fdh,,,,,
T2000500,terminal,Aerial Terminal,FDH202044,fdh,,,,,
T3000591,terminal,Aerial Terminal,FDH303002,fdh,,,,,
T3000199,terminal,Aerial Terminal,FDH302027,fdh,,,,,
T2000170,terminal,Aerial Terminal,FDH202047,fdh,,,,,
T2000677,terminal,Aerial Terminal,FDH201036,fdh,,,,,
T2000167,terminal,MST,FDH202047,fdh,,,,,
T2000325,terminal,Aerial Terminal,FDH202047,fdh,,,,,
T3000776,terminal,MST,FDH301045,fdh,,,,,
T2000170,terminal,Aerial Terminal,FDH202047,fdh,,,,,
T3000078,terminal,Aerial Terminal,FDH301042,fdh,,,,,
T3000329,terminal,Aerial Terminal,FDH302030,fdh,,,,,
T3000736,terminal,MST,FDH303006,fdh,,,,,
T2000163,terminal,Aerial Terminal,FDH202044,fdh,,,,,
T2000163,terminal,Aerial Terminal,FDH202044,fdh,,,,,
T2000494,terminal,Aerial Terminal,FDH202044,fdh,,,,,
T2000499,terminal,Aerial Terminal,FDH202044,fdh,,,,,
T3000253,terminal,Aerial Terminal,FDH302022,fdh,,,,,
T3000253,terminal,Aerial Terminal,FDH302022,fdh,,,,,
T3000253,terminal,Aerial Terminal,FDH302022,fdh,,,,,
T3000253,terminal,Aerial Terminal,FDH302022,fdh,,,,,
T3000253,terminal,Aerial Terminal,FDH302022,fdh,,,,,
T3000718,terminal,MST,FDH302022,fdh,,,,,
T3000718,terminal,MST,FDH302022,fdh,,,,,
T3000262,terminal,Aerial Terminal,FDH302022,fdh,,,,,
T3000666,terminal,Aerial Terminal,FDH303004,fdh,,,,,
T3000428,terminal,Aerial Terminal,FDH303012,fdh,,,,,
T3000429,terminal,Aerial Terminal,FDH303012,fdh,,,,,
T3000424,terminal,Aerial Terminal,FDH303012,fdh,,,,,
T3000449,terminal,Aerial Terminal,FDH303012,fdh,,,,,
T3000560,terminal,Aerial Terminal,FDH303005,fdh,,,,,
T3000617,terminal,Aerial Terminal,FDH303039,fdh,,,,,
T3000506,terminal,Aerial Terminal,FDH303003,fdh,,,,,
T3000563,terminal,Aerial Terminal,FDH303003,fdh,,,,,
T3000738,terminal,Aerial Terminal,FDH303003,fdh,,,,,
T3000505,terminal,MST,FDH303003,fdh,,,,,
T3000510,terminal,MST,FDH303003,fdh,,,,,
T3000738,terminal,Aerial Terminal,FDH303003,fdh,,,,,
T3000506,terminal,Aerial Terminal,FDH303003,fdh,,,,,
T3000506,terminal,Aerial Terminal,FDH303003,fdh,,,,,
T3000508,terminal,Aerial Terminal,FDH303003,fdh,,,,,
T3000506,terminal,Aerial Terminal,FDH303003,fdh,,,,,
T3000738,terminal,Aerial Terminal,FDH303003,fdh,,,,,
T3000738,terminal,Aerial Terminal,FDH303003,fdh,,,,,
T3000497,terminal,MST,FDH303003,fdh,,,,,
T3000502,terminal,Aerial Terminal,FDH303003,fdh,,,,,
T3000434,terminal,Aerial Terminal,FDH303012,fdh,,,,,
T3000439,terminal,Aerial Terminal,FDH303012,fdh,,,,,
T3000630,terminal,Aerial Terminal,FDH303010,fdh,,,,,
T3000630,terminal,Aerial Terminal,FDH303010,fdh,,,,,
T3000647,terminal,Aerial Terminal,FDH303006,fdh,,,,,
T3000647,terminal,Aerial Terminal,FDH303006,fdh,,,,,
T3000628,terminal,Aerial Terminal,FDH303010,fdh,,,,,
T3000774,terminal,MST,FDH301045,fdh,,,,,
T3000774,terminal,MST,FDH301045,fdh,,,,,
T3000774,terminal,MST,FDH301045,fdh,,,,,
T3000774,terminal,MST,FDH301045,fdh,,,,,
T3000774,terminal,MST,FDH301045,fdh,,,,,
T3000774,terminal,MST,FDH301045,fdh,,,,,
T3000774,terminal,MST,FDH301045,fdh,,,,,
T3000775,terminal,MST,FDH301045,fdh,,,,,
T3000775,terminal,MST,FDH301045,fdh,,,,,
T3000775,terminal,MST,FDH301045,fdh,,,,,
T3000775,terminal,MST,FDH301045,fdh,,,,,
T3000775,terminal,MST,FDH301045,fdh,,,,,
T3000775,terminal,MST,FDH301045,fdh,,,,,
T3000651,terminal,Aerial Terminal,FDH303006,fdh,,,,,
T3000596,terminal,Aerial Terminal,FDH303017,fdh,,,,,
T3000047,terminal,Aerial Terminal,FDH303041,fdh,,,,,
T3000048,terminal,Aerial Terminal,FDH303041,fdh,,,,,
T3000697,terminal,Aerial Terminal,FDH303015,fdh,,,,,
T3000698,terminal,Aerial Terminal,FDH303001,fdh,,,,,
T3000698,terminal,Aerial Terminal,FDH303001,fdh,,,,,
T3000698,terminal,Aerial Terminal,FDH303001,fdh,,,,,
T3000698,terminal,Aerial Terminal,FDH303001,fdh,,,,,
T3000584,terminal,Aerial Terminal,FDH303004,fdh,,,,,
T3000582,terminal,Aerial Terminal,FDH303005,fdh,,,,,
T3000738,terminal,Aerial Terminal,FDH303003,fdh,,,,,
T3000506,terminal,Aerial Terminal,FDH303003,fdh,,,,,
T3000740,terminal,Aerial Terminal,FDH303039,fdh,,,,,
T3000757,terminal,Aerial Terminal,FDH303014,fdh,,,,,
T3000692,terminal,Aerial Terminal,FDH303041,fdh,,,,,
T3000580,terminal,Aerial Terminal,FDH303005,fdh,,,,,
T3000583,terminal,Aerial Terminal,FDH303004,fdh,,,,,
T3000460,terminal,Aerial Terminal,FDH303009,fdh,,,,,
T3000610,terminal,Aerial Terminal,FDH303039,fdh,,,,,
T3000690,terminal,Aerial Terminal,FDH303041,fdh,,,,,
T3000699,terminal,Aerial Terminal,FDH303001,fdh,,,,,
T3000573,terminal,Aerial Terminal,FDH303005,fdh,,,,,
F3003321,splice closure,,FDH303016,fdh,,Partial Splice,,TRUNK30137,
T3000704,terminal,Aerial Terminal,FDH303001,fdh,,,,,
T3000704,terminal,Aerial Terminal,FDH303001,fdh,,,,,
T3000701,terminal,Aerial Terminal,FDH303001,fdh,,,,,
T3000619,terminal,Aerial Terminal,FDH303039,fdh,,,,,
T3000613,terminal,Aerial Terminal,FDH303039,fdh,,,,,
T3000613,terminal,Aerial Terminal,FDH303039,fdh,,,,,
T3000570,terminal,Aerial Terminal,FDH303005,fdh,,,,,
T3000045,terminal,Aerial Terminal,FDH303041,fdh,,,,,
T3000386,terminal,Aerial Terminal,FDH303014,fdh,,,,,
T3000395,terminal,Aerial Terminal,FDH303014,fdh,,,,,
T3000716,terminal,MST,FDH303014,fdh,,,,,
T3000396,terminal,Aerial Terminal,FDH303014,fdh,,,,,
T3000380,terminal,Aerial Terminal,FDH303014,fdh,,,,,
T3000387,terminal,Aerial Terminal,FDH303014,fdh,,,,,
T3000674,terminal,Aerial Terminal,FDH303016,fdh,,,,,
T3000474,terminal,Aerial Terminal,FDH303008,fdh,,,,,
T3000476,terminal,Aerial Terminal,FDH303008,fdh,,,,,
T3000671,terminal,Aerial Terminal,FDH303004,fdh,,,,,
T3000706,terminal,Aerial Terminal,FDH303006,fdh,,,,,
T3000653,terminal,Aerial Terminal,FDH303006,fdh,,,,,
T3000685,terminal,MST,FDH303016,fdh,,,,,
T3000389,terminal,Aerial Terminal,FDH303014,fdh,,,,,
T3000412,terminal,Aerial Terminal,FDH303013,fdh,,,,,
T3000395,terminal,Aerial Terminal,FDH303014,fdh,,,,,
T3000382,terminal,Aerial Terminal,FDH303014,fdh,,,,,
T3000474,terminal,Aerial Terminal,FDH303008,fdh,,,,,
T3000077,terminal,Aerial Terminal,FDH301042,fdh,,,,,
T3000074,terminal,Aerial Terminal,FDH301042,fdh,,,,,
T3000722,terminal,Aerial Terminal,FDH301042,fdh,,,,,
T3000077,terminal,Aerial Terminal,FDH301042,fdh,,,,,
T3000074,terminal,Aerial Terminal,FDH301042,fdh,,,,,
T3000077,terminal,Aerial Terminal,FDH301042,fdh,,,,,
T3000722,terminal,Aerial Terminal,FDH301042,fdh,,,,,
F3003420,splice closure,,FDH301037,fdh,,Partial Splice,,TRUNK30194,
T3000082,terminal,Aerial Terminal,FDH301042,fdh,,,,,
T3000079,terminal,Aerial Terminal,FDH301042,fdh,,,,,
T3000078,terminal,Aerial Terminal,FDH301042,fdh,,,,,
T3000081,terminal,Aerial Terminal,FDH301042,fdh,,,,,
T3000080,terminal,Aerial Terminal,FDH301042,fdh,,,,,
T3000073,terminal,Aerial Terminal,FDH301042,fdh,,,,,
T3000075,terminal,Aerial Terminal,FDH301042,fdh,,,,,
T3000174,terminal,Aerial Terminal,FDH302026,fdh,,,,,
T3000293,terminal,MST,FDH302022,fdh,,,,,
T3000140,terminal,Aerial Terminal,FDH302024,fdh,,,,,
T3000350,terminal,MST,FDH303033,fdh,,,,,
F3003439,splice closure,,FDH302022,fdh,,Partial Splice,,TRUNK30166,
T3000289,terminal,Aerial Terminal,FDH302029,fdh,,,,,
T3000291,terminal,Aerial Terminal,FDH302029,fdh,,,,,
F3003439,splice closure,,FDH302022,fdh,,Partial Splice,,TRUNK30166,
T3000366,terminal,Aerial Terminal,FDH303034,fdh,,,,,
T3000278,terminal,Aerial Terminal,FDH302030,fdh,,,,,
T3000274,terminal,Aerial Terminal,FDH302030,fdh,,,,,
T3000277,terminal,Aerial Terminal,FDH302030,fdh,,,,,
T3000284,terminal,Aerial Terminal,FDH302029,fdh,,,,,
T3000330,terminal,Aerial Terminal,FDH302030,fdh,,,,,
T3000328,terminal,Aerial Terminal,FDH302030,fdh,,,,,
T3000329,terminal,Aerial Terminal,FDH302030,fdh,,,,,
F3003402,splice closure,,FDH303013,fdh,,Full Splice,,TRUNK30130,
T3000340,terminal,MST,FDH303033,fdh,,,,,
T3000238,terminal,Aerial Terminal,FDH302019,fdh,,,,,
T3000241,terminal,Aerial Terminal,FDH302019,fdh,,,,,
T3000717,terminal,MST,FDH302022,fdh,,,,,
T3000353,terminal,Aerial Terminal,FDH303035,fdh,,,,,
T3000377,terminal,Aerial Terminal,FDH303014,fdh,,,,,
T3000207,terminal,Aerial Terminal,FDH302027,fdh,,,,,
T3000335,terminal,MST,FDH303033,fdh,,,,,
T3000335,terminal,MST,FDH303033,fdh,,,,,
T3000222,terminal,Aerial Terminal,FDH302018,fdh,,,,,
T3000312,terminal,Aerial Terminal,FDH302022,fdh,,,,,
T3000333,terminal,Aerial Terminal,FDH302030,fdh,,,,,
T3000268,terminal,Aerial Terminal,FDH302022,fdh,,,,,
T3000268,terminal,Aerial Terminal,FDH302022,fdh,,,,,
T3000288,terminal,Aerial Terminal,FDH302022,fdh,,,,,
T3000713,terminal,MST,FDH303033,fdh,,,,,
T3000213,terminal,Aerial Terminal,FDH302018,fdh,,,,,
T3000214,terminal,Aerial Terminal,FDH302018,fdh,,,,,
T3000214,terminal,Aerial Terminal,FDH302018,fdh,,,,,
T3000215,terminal,Aerial Terminal,FDH302018,fdh,,,,,
T3000215,terminal,Aerial Terminal,FDH302018,fdh,,,,,
T3000776,terminal,MST,FDH301045,fdh,,,,,
T3000775,terminal,MST,FDH301045,fdh,,,,,
T3000544,terminal,MST,FDH301045,fdh,,,,,
T3000544,terminal,MST,FDH301045,fdh,,,,,
T3000014,terminal,Aerial Terminal,FDH301045,fdh,,,,,
T3000013,terminal,Aerial Terminal,FDH301045,fdh,,,,,
T3000013,terminal,Aerial Terminal,FDH301045,fdh,,,,,
T3000012,terminal,Aerial Terminal,FDH301045,fdh,,,,,
T3000011,terminal,Aerial Terminal,FDH301045,fdh,,,,,
T3000010,terminal,Aerial Terminal,FDH301045,fdh,,,,,
F3003445,splice closure,,FDH301028,fdh,,Full Splice,,TRUNK30186,
T3000346,terminal,MST,FDH303033,fdh,,,,,
T3000359,terminal,Aerial Terminal,FDH303014,fdh,,,,,
T3000360,terminal,Aerial Terminal,FDH303035,fdh,,,,,
T3000356,terminal,Aerial Terminal,FDH303035,fdh,,,,,
T3000356,terminal,Aerial Terminal,FDH303035,fdh,,,,,
T3000355,terminal,Aerial Terminal,FDH303035,fdh,,,,,
T3000015,terminal,Aerial Terminal,FDH301045,fdh,,,,,
T3000131,terminal,Aerial Terminal,FDH302038,fdh,,,,,
T3000214,terminal,Aerial Terminal,FDH302018,fdh,,,,,
T3000521,terminal,Aerial Terminal,FDH301043,fdh,,,,,
T3000520,terminal,Aerial Terminal,FDH301043,fdh,,,,,
T3000521,terminal,Aerial Terminal,FDH301043,fdh,,,,,
T3000544,terminal,MST,FDH301045,fdh,,,,,
T3000013,terminal,Aerial Terminal,FDH301045,fdh,,,,,
T3000011,terminal,Aerial Terminal,FDH301045,fdh,,,,,
T3000012,terminal,Aerial Terminal,FDH301045,fdh,,,,,
T3000012,terminal,Aerial Terminal,FDH301045,fdh,,,,,
T3000006,terminal,Aerial Terminal,FDH301045,fdh,,,,,
T3000013,terminal,Aerial Terminal,FDH301045,fdh,,,,,
T3000008,terminal,Aerial Terminal,FDH301045,fdh,,,,,
T3000346,terminal,MST,FDH303033,fdh,,,,,
T3000345,terminal,Aerial Terminal,FDH303033,fdh,,,,,
T3000346,terminal,MST,FDH303033,fdh,,,,,
T3000359,terminal,Aerial Terminal,FDH303014,fdh,,,,,
T3000015,terminal,Aerial Terminal,FDH301045,fdh,,,,,
T3000224,terminal,Aerial Terminal,FDH302019,fdh,,,,,
T3000527,terminal,Aerial Terminal,FDH301044,fdh,,,,,
T3000518,terminal,Aerial Terminal,FDH301043,fdh,,,,,
T3000533,terminal,Aerial Terminal,FDH301044,fdh,,,,,
T3000726,terminal,Aerial Terminal,FDH302040,fdh,,,,,
F3003390,splice closure,,FDH302040,fdh,,Full Splice,,TRUNK30183,
T3000171,terminal,Aerial Terminal,FDH302026,fdh,,,,,
T3000175,terminal,Aerial Terminal,FDH302026,fdh,,,,,
T3000193,terminal,Aerial Terminal,FDH302027,fdh,,,,,
T3000195,terminal,Aerial Terminal,FDH302027,fdh,,,,,
T3000192,terminal,Aerial Terminal,FDH302027,fdh,,,,,
T3000165,terminal,Aerial Terminal,FDH302026,fdh,,,,,
T3000132,terminal,Aerial Terminal,FDH302038,fdh,,,,,
T3000131,terminal,Aerial Terminal,FDH302038,fdh,,,,,
T3000158,terminal,Aerial Terminal,FDH302025,fdh,,,,,
T3000180,terminal,Aerial Terminal,FDH302023,fdh,,,,,
T3000181,terminal,MST,FDH302023,fdh,,,,,
T3000181,terminal,MST,FDH302023,fdh,,,,,
T3000748,terminal,MST,FDH302024,fdh,,,,,
T3000119,terminal,Aerial Terminal,FDH302040,fdh,,,,,
T3000095,terminal,MST,FDH302040,fdh,,,,,
T3000199,terminal,Aerial Terminal,FDH302027,fdh,,,,,
T3000199,terminal,Aerial Terminal,FDH302027,fdh,,,,,
T3000200,terminal,Aerial Terminal,FDH302027,fdh,,,,,
T3000200,terminal,Aerial Terminal,FDH302027,fdh,,,,,
T3000201,terminal,Aerial Terminal,FDH302027,fdh,,,,,
T3000202,terminal,Aerial Terminal,FDH302027,fdh,,,,,
T3000202,terminal,Aerial Terminal,FDH302027,fdh,,,,,
T3000203,terminal,Aerial Terminal,FDH302027,fdh,,,,,
T3000206,terminal,Aerial Terminal,FDH302027,fdh,,,,,
T3000207,terminal,Aerial Terminal,FDH302027,fdh,,,,,
T3000121,terminal,Aerial Terminal,FDH302040,fdh,,,,,
T3000125,terminal,Aerial Terminal,FDH302038,fdh,,,,,
T3000726,terminal,Aerial Terminal,FDH302040,fdh,,,,,
T3000726,terminal,Aerial Terminal,FDH302040,fdh,,,,,
T3000726,terminal,Aerial Terminal,FDH302040,fdh,,,,,
T3000121,terminal,Aerial Terminal,FDH302040,fdh,,,,,
T3000121,terminal,Aerial Terminal,FDH302040,fdh,,,,,
T3000121,terminal,Aerial Terminal,FDH302040,fdh,,,,,
T3000120,terminal,Aerial Terminal,FDH302040,fdh,,,,,
F3003321,splice closure,,FDH303016,fdh,,Partial Splice,,TRUNK30137,
F3003321,splice closure,,FDH303016,fdh,,Partial Splice,,TRUNK30137,
F3003318,splice closure,,FDH303016,fdh,,Partial Splice,,TRUNK30137,
F3003393,splice closure,,FDH302040,fdh,,Full Splice,,TRUNK30363,
F3003393,splice closure,,FDH302040,fdh,,Full Splice,,TRUNK30363,
F3003390,splice closure,,FDH302040,fdh,,Full Splice,,TRUNK30183,
T3000048,terminal,Aerial Terminal,FDH303041,fdh,,,,,
T3000041,terminal,Aerial Terminal,FDH303041,fdh,,,,,
T3000042,terminal,Aerial Terminal,FDH303041,fdh,,,,,
T3000692,terminal,Aerial Terminal,FDH303041,fdh,,,,,
T3000767,terminal,Aerial Terminal,FDH301042,fdh,,,,,
T3000536,terminal,Aerial Terminal,FDH301044,fdh,,,,,
T3000534,terminal,Aerial Terminal,FDH301044,fdh,,,,,
T3000143,terminal,Aerial Terminal,FDH302024,fdh,,,,,
T3000143,terminal,Aerial Terminal,FDH302024,fdh,,,,,
T3000143,terminal,Aerial Terminal,FDH302024,fdh,,,,,
T3000166,terminal,Aerial Terminal,FDH302026,fdh,,,,,
T3000271,terminal,MST,FDH302029,fdh,,,,,
T3000269,terminal,Aerial Terminal,FDH302029,fdh,,,,,
T3000281,terminal,Aerial Terminal,FDH302029,fdh,,,,,
T3000290,terminal,Aerial Terminal,FDH302029,fdh,,,,,
T3000270,terminal,Aerial Terminal,FDH302029,fdh,,,,,
T3000270,terminal,Aerial Terminal,FDH302029,fdh,,,,,
T3000271,terminal,MST,FDH302029,fdh,,,,,
T3000280,terminal,Aerial Terminal,FDH302029,fdh,,,,,
T3000291,terminal,Aerial Terminal,FDH302029,fdh,,,,,
T3000161,terminal,Aerial Terminal,FDH302025,fdh,,,,,
T3000159,terminal,Aerial Terminal,FDH302025,fdh,,,,,
T3000763,terminal,Aerial Terminal,FDH302023,fdh,,,,,
T3000298,terminal,Aerial Terminal,FDH302020,fdh,,,,,
T3000308,terminal,Aerial Terminal,FDH302020,fdh,,,,,
T3000296,terminal,MST,FDH302020,fdh,,,,,
T3000482,terminal,Aerial Terminal,FDH303001,fdh,,,,,
T3000481,terminal,Aerial Terminal,FDH303001,fdh,,,,,
T3000704,terminal,Aerial Terminal,FDH303001,fdh,,,,,
T3000310,terminal,MST,FDH302030,fdh,,,,,
T3000278,terminal,Aerial Terminal,FDH302030,fdh,,,,,
T3000274,terminal,Aerial Terminal,FDH302030,fdh,,,,,
T3000618,terminal,Aerial Terminal,FDH303039,fdh,,,,,
T3000753,terminal,Aerial Terminal,FDH303001,fdh,,,,,
T3000611,terminal,Aerial Terminal,FDH303039,fdh,,,,,
T3000592,terminal,Aerial Terminal,FDH303002,fdh,,,,,
F3003402,splice closure,,FDH303013,fdh,,Full Splice,,TRUNK30130,
T3000506,terminal,Aerial Terminal,FDH303003,fdh,,,,,
T3000421,terminal,Aerial Terminal,FDH303012,fdh,,,,,
T3000403,terminal,Aerial Terminal,FDH303013,fdh,,,,,
T3000418,terminal,MST,FDH303014,fdh,,,,,
T3000693,terminal,Aerial Terminal,FDH303041,fdh,,,,,
F3003319,splice closure,,FDH303016,fdh,,Partial Splice,,TRUNK30137,
T3000563,terminal,Aerial Terminal,FDH303003,fdh,,,,,
T3000621,terminal,Aerial Terminal,FDH303039,fdh,,,,,
T3000621,terminal,Aerial Terminal,FDH303039,fdh,,,,,
T3000620,terminal,Aerial Terminal,FDH303039,fdh,,,,,
T3000620,terminal,Aerial Terminal,FDH303039,fdh,,,,,
T3000616,terminal,Aerial Terminal,FDH303039,fdh,,,,,
T3000612,terminal,Aerial Terminal,FDH303039,fdh,,,,,
T3000739,terminal,MST,FDH303003,fdh,,,,,
T3000480,terminal,Aerial Terminal,FDH303001,fdh,,,,,
T3000738,terminal,Aerial Terminal,FDH303003,fdh,,,,,
T3000420,terminal,Aerial Terminal,FDH303012,fdh,,,,,
T3000569,terminal,Aerial Terminal,FDH303005,fdh,,,,,
T3000765,terminal,MST,FDH303006,fdh,,,,,
T3000567,terminal,Aerial Terminal,FDH303002,fdh,,,,,
T3000566,terminal,Aerial Terminal,FDH303003,fdh,,,,,
T3000650,terminal,Aerial Terminal,FDH303006,fdh,,,,,
T3000641,terminal,Aerial Terminal,FDH303007,fdh,,,,,
T3000641,terminal,Aerial Terminal,FDH303007,fdh,,,,,
T3000642,terminal,Aerial Terminal,FDH303007,fdh,,,,,
T3000511,terminal,Aerial Terminal,FDH303003,fdh,,,,,
T3000640,terminal,Aerial Terminal,FDH303007,fdh,,,,,
T3000765,terminal,MST,FDH303006,fdh,,,,,
T3000765,terminal,MST,FDH303006,fdh,,,,,
T3000651,terminal,Aerial Terminal,FDH303006,fdh,,,,,
T3000736,terminal,MST,FDH303006,fdh,,,,,
T3000736,terminal,MST,FDH303006,fdh,,,,,
T3000406,terminal,Aerial Terminal,FDH303013,fdh,,,,,
T3000490,terminal,Aerial Terminal,FDH303011,fdh,,,,,
T3000490,terminal,Aerial Terminal,FDH303011,fdh,,,,,
T3000736,terminal,MST,FDH303006,fdh,,,,,
T3000650,terminal,Aerial Terminal,FDH303006,fdh,,,,,
T3000404,terminal,Aerial Terminal,FDH303013,fdh,,,,,
T3000500,terminal,Aerial Terminal,FDH303003,fdh,,,,,
T3000495,terminal,Aerial Terminal,FDH303011,fdh,,,,,
T3000694,terminal,Aerial Terminal,FDH303011,fdh,,,,,
T3000495,terminal,Aerial Terminal,FDH303011,fdh,,,,,
T3000496,terminal,Aerial Terminal,FDH303011,fdh,,,,,
T3000592,terminal,Aerial Terminal,FDH303002,fdh,,,,,
T3000593,terminal,Aerial Terminal,FDH303002,fdh,,,,,
T3000614,terminal,Aerial Terminal,FDH303039,fdh,,,,,
T3000736,terminal,MST,FDH303006,fdh,,,,,
T3000765,terminal,MST,FDH303006,fdh,,,,,
T3000494,terminal,Aerial Terminal,FDH303011,fdh,,,,,
T3000766,terminal,MST,FDH303011,fdh,,,,,
T3000618,terminal,Aerial Terminal,FDH303039,fdh,,,,,
T3000620,terminal,Aerial Terminal,FDH303039,fdh,,,,,
T3000619,terminal,Aerial Terminal,FDH303039,fdh,,,,,
T3000622,terminal,Aerial Terminal,FDH303039,fdh,,,,,
T3000617,terminal,Aerial Terminal,FDH303039,fdh,,,,,
T3000611,terminal,Aerial Terminal,FDH303039,fdh,,,,,
T3000571,terminal,Aerial Terminal,FDH303005,fdh,,,,,
T3000620,terminal,Aerial Terminal,FDH303039,fdh,,,,,
T3000614,terminal,Aerial Terminal,FDH303039,fdh,,,,,
T3000575,terminal,Aerial Terminal,FDH303005,fdh,,,,,
T3000569,terminal,Aerial Terminal,FDH303005,fdh,,,,,
T3000618,terminal,Aerial Terminal,FDH303039,fdh,,,,,
T3000616,terminal,Aerial Terminal,FDH303039,fdh,,,,,
T3000612,terminal,Aerial Terminal,FDH303039,fdh,,,,,
T3000623,terminal,Aerial Terminal,FDH303039,fdh,,,,,
T3000623,terminal,Aerial Terminal,FDH303039,fdh,,,,,
T3000623,terminal,Aerial Terminal,FDH303039,fdh,,,,,
T3000623,terminal,Aerial Terminal,FDH303039,fdh,,,,,
T3000623,terminal,Aerial Terminal,FDH303039,fdh,,,,,
T3000464,terminal,Aerial Terminal,FDH303009,fdh,,,,,
T3000553,terminal,Aerial Terminal,FDH303008,fdh,,,,,
T3000467,terminal,Aerial Terminal,FDH303008,fdh,,,,,
T3000649,terminal,Aerial Terminal,FDH303006,fdh,,,,,
T3000400,terminal,Aerial Terminal,FDH303014,fdh,,,,,
T3000410,terminal,Aerial Terminal,FDH303013,fdh,,,,,
T3000416,terminal,Aerial Terminal,FDH303014,fdh,,,,,
T3000498,terminal,Aerial Terminal,FDH303003,fdh,,,,,
T3000715,terminal,Aerial Terminal,FDH303003,fdh,,,,,
T3000402,terminal,Aerial Terminal,FDH303013,fdh,,,,,
T3000502,terminal,Aerial Terminal,FDH303003,fdh,,,,,
T3000715,terminal,Aerial Terminal,FDH303003,fdh,,,,,
T3000480,terminal,Aerial Terminal,FDH303001,fdh,,,,,
T3000408,terminal,Aerial Terminal,FDH303013,fdh,,,,,
T3000400,terminal,Aerial Terminal,FDH303014,fdh,,,,,
T3000407,terminal,Aerial Terminal,FDH303013,fdh,,,,,
T3000406,terminal,Aerial Terminal,FDH303013,fdh,,,,,
T3000501,terminal,Aerial Terminal,FDH303003,fdh,,,,,
T3000405,terminal,Aerial Terminal,FDH303013,fdh,,,,,
T3000501,terminal,Aerial Terminal,FDH303003,fdh,,,,,
T3000410,terminal,Aerial Terminal,FDH303013,fdh,,,,,
T3000513,terminal,Aerial Terminal,FDH303003,fdh,,,,,
T3000401,terminal,Aerial Terminal,FDH303013,fdh,,,,,
T3000499,terminal,Aerial Terminal,FDH303003,fdh,,,,,
T3000397,terminal,Aerial Terminal,FDH303014,fdh,,,,,
T3000566,terminal,Aerial Terminal,FDH303003,fdh,,,,,
T3000497,terminal,MST,FDH303003,fdh,,,,,
T3000448,terminal,Aerial Terminal,FDH303012,fdh,,,,,
T3000549,terminal,Aerial Terminal,FDH303003,fdh,,,,,
T3000039,terminal,Aerial Terminal,FDH303011,fdh,,,,,
T3000487,terminal,Aerial Terminal,FDH303011,fdh,,,,,
T3000484,terminal,Aerial Terminal,FDH303001,fdh,,,,,
T3000484,terminal,Aerial Terminal,FDH303001,fdh,,,,,
T3000491,terminal,Aerial Terminal,FDH303011,fdh,,,,,
T3000550,terminal,Aerial Terminal,FDH303003,fdh,,,,,
T3000490,terminal,Aerial Terminal,FDH303011,fdh,,,,,
T3000483,terminal,Aerial Terminal,FDH303001,fdh,,,,,
T3000485,terminal,Aerial Terminal,FDH303011,fdh,,,,,
T3000486,terminal,Aerial Terminal,FDH303011,fdh,,,,,
T3000483,terminal,Aerial Terminal,FDH303001,fdh,,,,,
T3000489,terminal,Aerial Terminal,FDH303011,fdh,,,,,
T3000488,terminal,Aerial Terminal,FDH303011,fdh,,,,,
T3000453,terminal,Aerial Terminal,FDH303015,fdh,,,,,
T3000553,terminal,Aerial Terminal,FDH303008,fdh,,,,,
T3000493,terminal,Aerial Terminal,FDH303011,fdh,,,,,
T3000492,terminal,Aerial Terminal,FDH303011,fdh,,,,,
T3000703,terminal,Aerial Terminal,FDH303011,fdh,,,,,
T3000479,terminal,Aerial Terminal,FDH303001,fdh,,,,,
T3000634,terminal,Aerial Terminal,FDH303007,fdh,,,,,
T3000636,terminal,Aerial Terminal,FDH303007,fdh,,,,,
T3000470,terminal,Aerial Terminal,FDH303008,fdh,,,,,
T3000467,terminal,Aerial Terminal,FDH303008,fdh,,,,,
T3000481,terminal,Aerial Terminal,FDH303001,fdh,,,,,
T3000472,terminal,Aerial Terminal,FDH303008,fdh,,,,,
T3000471,terminal,Aerial Terminal,FDH303008,fdh,,,,,
T3000698,terminal,Aerial Terminal,FDH303001,fdh,,,,,
T3000471,terminal,Aerial Terminal,FDH303008,fdh,,,,,
T3000419,terminal,MST,FDH303014,fdh,,,,,
T3000422,terminal,Aerial Terminal,FDH303012,fdh,,,,,
T3000423,terminal,Aerial Terminal,FDH303012,fdh,,,,,
T3000430,terminal,Aerial Terminal,FDH303012,fdh,,,,,
T3000432,terminal,Aerial Terminal,FDH303012,fdh,,,,,
T3000428,terminal,Aerial Terminal,FDH303012,fdh,,,,,
T3000432,terminal,Aerial Terminal,FDH303012,fdh,,,,,
T3000432,terminal,Aerial Terminal,FDH303012,fdh,,,,,
T3000756,terminal,Aerial Terminal,FDH303014,fdh,,,,,
T3000728,terminal,MST,FDH303003,fdh,,,,,
T3000736,terminal,MST,FDH303006,fdh,,,,,
T3000432,terminal,Aerial Terminal,FDH303012,fdh,,,,,
T3000438,terminal,Aerial Terminal,FDH303012,fdh,,,,,
T3000439,terminal,Aerial Terminal,FDH303012,fdh,,,,,
T3000439,terminal,Aerial Terminal,FDH303012,fdh,,,,,
T3000439,terminal,Aerial Terminal,FDH303012,fdh,,,,,
T3000439,terminal,Aerial Terminal,FDH303012,fdh,,,,,
T3000441,terminal,Aerial Terminal,FDH303012,fdh,,,,,
T3000442,terminal,Aerial Terminal,FDH303012,fdh,,,,,
T3000441,terminal,Aerial Terminal,FDH303012,fdh,,,,,
T3000442,terminal,Aerial Terminal,FDH303012,fdh,,,,,
T3000442,terminal,Aerial Terminal,FDH303012,fdh,,,,,
T3000443,terminal,Aerial Terminal,FDH303012,fdh,,,,,
T3000450,terminal,Aerial Terminal,FDH303012,fdh,,,,,
T3000451,terminal,Aerial Terminal,FDH303015,fdh,,,,,
T3000451,terminal,Aerial Terminal,FDH303015,fdh,,,,,
T3000451,terminal,Aerial Terminal,FDH303015,fdh,,,,,
T3000452,terminal,Aerial Terminal,FDH303015,fdh,,,,,
T3000452,terminal,Aerial Terminal,FDH303015,fdh,,,,,
T3000452,terminal,Aerial Terminal,FDH303015,fdh,,,,,
T3000452,terminal,Aerial Terminal,FDH303015,fdh,,,,,
T3000452,terminal,Aerial Terminal,FDH303015,fdh,,,,,
T3000452,terminal,Aerial Terminal,FDH303015,fdh,,,,,
T3000453,terminal,Aerial Terminal,FDH303015,fdh,,,,,
T3000453,terminal,Aerial Terminal,FDH303015,fdh,,,,,
T3000456,terminal,Aerial Terminal,FDH303015,fdh,,,,,
T3000456,terminal,Aerial Terminal,FDH303015,fdh,,,,,
T3000456,terminal,Aerial Terminal,FDH303015,fdh,,,,,
T3000629,terminal,Aerial Terminal,FDH303010,fdh,,,,,
T3000629,terminal,Aerial Terminal,FDH303010,fdh,,,,,
T3000629,terminal,Aerial Terminal,FDH303010,fdh,,,,,
T3000629,terminal,Aerial Terminal,FDH303010,fdh,,,,,
T3000040,terminal,Aerial Terminal,FDH303010,fdh,,,,,
T3000040,terminal,Aerial Terminal,FDH303010,fdh,,,,,
T3000040,terminal,Aerial Terminal,FDH303010,fdh,,,,,
T3000040,terminal,Aerial Terminal,FDH303010,fdh,,,,,
T3000591,terminal,Aerial Terminal,FDH303002,fdh,,,,,
T3000595,terminal,Aerial Terminal,FDH303002,fdh,,,,,
T3000595,terminal,Aerial Terminal,FDH303002,fdh,,,,,
T3000556,terminal,Aerial Terminal,FDH303002,fdh,,,,,
T3000557,terminal,Aerial Terminal,FDH303017,fdh,,,,,
T3000558,terminal,Aerial Terminal,FDH303017,fdh,,,,,
T3000558,terminal,Aerial Terminal,FDH303017,fdh,,,,,
T3000558,terminal,Aerial Terminal,FDH303017,fdh,,,,,
T3000597,terminal,Aerial Terminal,FDH303017,fdh,,,,,
T3000597,terminal,Aerial Terminal,FDH303017,fdh,,,,,
T3000597,terminal,Aerial Terminal,FDH303017,fdh,,,,,
T3000597,terminal,Aerial Terminal,FDH303017,fdh,,,,,
T3000598,terminal,Aerial Terminal,FDH303017,fdh,,,,,
T3000598,terminal,Aerial Terminal,FDH303017,fdh,,,,,
T3000600,terminal,Aerial Terminal,FDH303017,fdh,,,,,
T3000601,terminal,Aerial Terminal,FDH303017,fdh,,,,,
T3000602,terminal,Aerial Terminal,FDH303017,fdh,,,,,
T3000602,terminal,Aerial Terminal,FDH303017,fdh,,,,,
T3000602,terminal,Aerial Terminal,FDH303017,fdh,,,,,
T3000603,terminal,Aerial Terminal,FDH303017,fdh,,,,,
T3000604,terminal,Aerial Terminal,FDH303017,fdh,,,,,
T3000046,terminal,Aerial Terminal,FDH303041,fdh,,,,,
T3000046,terminal,Aerial Terminal,FDH303041,fdh,,,,,
T3000046,terminal,Aerial Terminal,FDH303041,fdh,,,,,
T3000603,terminal,Aerial Terminal,FDH303017,fdh,,,,,
T3000046,terminal,Aerial Terminal,FDH303041,fdh,,,,,
T3000048,terminal,Aerial Terminal,FDH303041,fdh,,,,,
T3000048,terminal,Aerial Terminal,FDH303041,fdh,,,,,
T3000686,terminal,Aerial Terminal,FDH303041,fdh,,,,,
T3000686,terminal,Aerial Terminal,FDH303041,fdh,,,,,
T3000686,terminal,Aerial Terminal,FDH303041,fdh,,,,,
T3000686,terminal,Aerial Terminal,FDH303041,fdh,,,,,
T3000687,terminal,Aerial Terminal,FDH303041,fdh,,,,,
T3000688,terminal,Aerial Terminal,FDH303041,fdh,,,,,
T3000688,terminal,Aerial Terminal,FDH303041,fdh,,,,,
T3000688,terminal,Aerial Terminal,FDH303041,fdh,,,,,
T3000695,terminal,Aerial Terminal,FDH303015,fdh,,,,,
T3000695,terminal,Aerial Terminal,FDH303015,fdh,,,,,
T3000696,terminal,Aerial Terminal,FDH303015,fdh,,,,,
T3000696,terminal,Aerial Terminal,FDH303015,fdh,,,,,
T3000697,terminal,Aerial Terminal,FDH303015,fdh,,,,,
T3000697,terminal,Aerial Terminal,FDH303015,fdh,,,,,
T3000581,terminal,Aerial Terminal,FDH303005,fdh,,,,,
T3000759,terminal,MST,FDH303009,fdh,,,,,
T3000579,terminal,Aerial Terminal,FDH303005,fdh,,,,,
T3000685,terminal,MST,FDH303016,fdh,,,,,
F3003318,splice closure,,FDH303016,fdh,,Partial Splice,,TRUNK30137,
F3003449,splice closure,,FDH303016,fdh,,Partial Splice,,TRUNK30230,
F3003321,splice closure,,FDH303016,fdh,,Partial Splice,,TRUNK30137,
F3003321,splice closure,,FDH303016,fdh,,Partial Splice,,TRUNK30137,
F3003324,splice closure,,FDH303016,fdh,,Partial Splice,,TRUNK30143,
F3003324,splice closure,,FDH303016,fdh,,Partial Splice,,TRUNK30143,
F3003327,splice closure,,FDH303016,fdh,,Full Splice,,TRUNK30143,
F3003327,splice closure,,FDH303016,fdh,,Full Splice,,TRUNK30143,
T3000738,terminal,Aerial Terminal,FDH303003,fdh,,,,,
F3003449,splice closure,,FDH303016,fdh,,Partial Splice,,TRUNK30230,
F3003449,splice closure,,FDH303016,fdh,,Partial Splice,,TRUNK30230,
F3003324,splice closure,,FDH303016,fdh,,Partial Splice,,TRUNK30143,
T3000582,terminal,Aerial Terminal,FDH303005,fdh,,,,,
T3000420,terminal,Aerial Terminal,FDH303012,fdh,,,,,
T3000648,terminal,Aerial Terminal,FDH303006,fdh,,,,,
T3000702,terminal,Aerial Terminal,FDH303006,fdh,,,,,
T3000509,terminal,Aerial Terminal,FDH303003,fdh,,,,,
T3000739,terminal,MST,FDH303003,fdh,,,,,
T3000504,terminal,Aerial Terminal,FDH303003,fdh,,,,,
T3000512,terminal,Aerial Terminal,FDH303003,fdh,,,,,
T3000508,terminal,Aerial Terminal,FDH303003,fdh,,,,,
T3000463,terminal,Aerial Terminal,FDH303009,fdh,,,,,
T3000465,terminal,Aerial Terminal,FDH303009,fdh,,,,,
T3000707,terminal,Aerial Terminal,FDH303011,fdh,,,,,
T3000623,terminal,Aerial Terminal,FDH303039,fdh,,,,,
T3000623,terminal,Aerial Terminal,FDH303039,fdh,,,,,
T3000469,terminal,Aerial Terminal,FDH303008,fdh,,,,,
T3000466,terminal,Aerial Terminal,FDH303009,fdh,,,,,
T3000555,terminal,Aerial Terminal,FDH303008,fdh,,,,,
T3000462,terminal,Aerial Terminal,FDH303009,fdh,,,,,
T3000467,terminal,Aerial Terminal,FDH303008,fdh,,,,,
T3000466,terminal,Aerial Terminal,FDH303009,fdh,,,,,
T3000465,terminal,Aerial Terminal,FDH303009,fdh,,,,,
T3000554,terminal,Aerial Terminal,FDH303008,fdh,,,,,
T3000467,terminal,Aerial Terminal,FDH303008,fdh,,,,,
T3000758,terminal,MST,FDH303009,fdh,,,,,
T3000657,terminal,Aerial Terminal,FDH303007,fdh,,,,,
T3000658,terminal,Aerial Terminal,FDH303007,fdh,,,,,
T3000659,terminal,Aerial Terminal,FDH303005,fdh,,,,,
T3000660,terminal,Aerial Terminal,FDH303005,fdh,,,,,
T3000667,terminal,Aerial Terminal,FDH303004,fdh,,,,,
T3000666,terminal,Aerial Terminal,FDH303004,fdh,,,,,
T3000666,terminal,Aerial Terminal,FDH303004,fdh,,,,,
T3000038,terminal,Aerial Terminal,FDH303009,fdh,,,,,
T3000446,terminal,Aerial Terminal,FDH303009,fdh,,,,,
T3000037,terminal,Aerial Terminal,FDH303009,fdh,,,,,
T3000037,terminal,Aerial Terminal,FDH303009,fdh,,,,,
T3000038,terminal,Aerial Terminal,FDH303009,fdh,,,,,
T3000719,terminal,Aerial Terminal,FDH303009,fdh,,,,,
T3000719,terminal,Aerial Terminal,FDH303009,fdh,,,,,
T3000444,terminal,Aerial Terminal,FDH303009,fdh,,,,,
T3000461,terminal,Aerial Terminal,FDH303009,fdh,,,,,
T3000459,terminal,Aerial Terminal,FDH303009,fdh,,,,,
T3000459,terminal,Aerial Terminal,FDH303009,fdh,,,,,
T3000622,terminal,Aerial Terminal,FDH303039,fdh,,,,,
T3000634,terminal,Aerial Terminal,FDH303007,fdh,,,,,
T3000613,terminal,Aerial Terminal,FDH303039,fdh,,,,,
T3000637,terminal,Aerial Terminal,FDH303007,fdh,,,,,
T3000506,terminal,Aerial Terminal,FDH303003,fdh,,,,,
T3000639,terminal,Aerial Terminal,FDH303007,fdh,,,,,
T3000644,terminal,Aerial Terminal,FDH303006,fdh,,,,,
T3000645,terminal,Aerial Terminal,FDH303006,fdh,,,,,
T3000621,terminal,Aerial Terminal,FDH303039,fdh,,,,,
T3000621,terminal,Aerial Terminal,FDH303039,fdh,,,,,
T3000615,terminal,Aerial Terminal,FDH303039,fdh,,,,,
T3000646,terminal,Aerial Terminal,FDH303006,fdh,,,,,
T3000661,terminal,Aerial Terminal,FDH303004,fdh,,,,,
T3000662,terminal,Aerial Terminal,FDH303004,fdh,,,,,
T3000691,terminal,Aerial Terminal,FDH303041,fdh,,,,,
T3000465,terminal,Aerial Terminal,FDH303009,fdh,,,,,
T3000604,terminal,Aerial Terminal,FDH303017,fdh,,,,,
T3000605,terminal,Aerial Terminal,FDH303017,fdh,,,,,
T3000622,terminal,Aerial Terminal,FDH303039,fdh,,,,,
T3000623,terminal,Aerial Terminal,FDH303039,fdh,,,,,
T3000623,terminal,Aerial Terminal,FDH303039,fdh,,,,,
T3000504,terminal,Aerial Terminal,FDH303003,fdh,,,,,
T3000573,terminal,Aerial Terminal,FDH303005,fdh,,,,,
T3000505,terminal,MST,FDH303003,fdh,,,,,
T3000606,terminal,Aerial Terminal,FDH303017,fdh,,,,,
T3000606,terminal,Aerial Terminal,FDH303017,fdh,,,,,
T3000606,terminal,Aerial Terminal,FDH303017,fdh,,,,,
T3000609,terminal,Aerial Terminal,FDH303039,fdh,,,,,
T3000621,terminal,Aerial Terminal,FDH303039,fdh,,,,,
T3000612,terminal,Aerial Terminal,FDH303039,fdh,,,,,
T3000509,terminal,Aerial Terminal,FDH303003,fdh,,,,,
T3000575,terminal,Aerial Terminal,FDH303005,fdh,,,,,
T3000404,terminal,Aerial Terminal,FDH303013,fdh,,,,,
F3003402,splice closure,,FDH303013,fdh,,Full Splice,,TRUNK30130,
T3000044,terminal,Aerial Terminal,FDH303041,fdh,,,,,
T3000044,terminal,Aerial Terminal,FDH303041,fdh,,,,,
T3000045,terminal,Aerial Terminal,FDH303041,fdh,,,,,
T3000565,terminal,Aerial Terminal,FDH303003,fdh,,,,,
T3000564,terminal,Aerial Terminal,FDH303003,fdh,,,,,
T3000494,terminal,Aerial Terminal,FDH303011,fdh,,,,,
T3000562,terminal,Aerial Terminal,FDH303003,fdh,,,,,
T3000564,terminal,Aerial Terminal,FDH303003,fdh,,,,,
T3000507,terminal,MST,FDH303003,fdh,,,,,
T3000417,terminal,Aerial Terminal,FDH303014,fdh,,,,,
T3000513,terminal,Aerial Terminal,FDH303003,fdh,,,,,
T3000709,terminal,Aerial Terminal,FDH303003,fdh,,,,,
T3000627,terminal,Aerial Terminal,FDH303010,fdh,,,,,
T3000627,terminal,Aerial Terminal,FDH303010,fdh,,,,,
T3000105,terminal,Aerial Terminal,FDH303010,fdh,,,,,
T3000106,terminal,Aerial Terminal,FDH303010,fdh,,,,,
T3000699,terminal,Aerial Terminal,FDH303001,fdh,,,,,
T3000699,terminal,Aerial Terminal,FDH303001,fdh,,,,,
T3000607,terminal,Aerial Terminal,FDH303017,fdh,,,,,
T3000607,terminal,Aerial Terminal,FDH303017,fdh,,,,,
T3000608,terminal,Aerial Terminal,FDH303016,fdh,,,,,
T3000434,terminal,Aerial Terminal,FDH303012,fdh,,,,,
T3000434,terminal,Aerial Terminal,FDH303012,fdh,,,,,
T3000448,terminal,Aerial Terminal,FDH303012,fdh,,,,,
T3000449,terminal,Aerial Terminal,FDH303012,fdh,,,,,
T3000626,terminal,Aerial Terminal,FDH303010,fdh,,,,,
T3000633,terminal,Aerial Terminal,FDH303007,fdh,,,,,
T3000672,terminal,Aerial Terminal,FDH303004,fdh,,,,,
T3000655,terminal,Aerial Terminal,FDH303007,fdh,,,,,
T3000656,terminal,Aerial Terminal,FDH303007,fdh,,,,,
T3000568,terminal,Aerial Terminal,FDH303002,fdh,,,,,
T3000043,terminal,Aerial Terminal,FDH303041,fdh,,,,,
F3003326,splice closure,,FDH303016,fdh,,Partial Splice,,TRUNK30143,
F3003438,splice closure,,FDH303016,fdh,,Partial Splice,,TRUNK30143,
F3003326,splice closure,,FDH303016,fdh,,Partial Splice,,TRUNK30143,
F3003326,splice closure,,FDH303016,fdh,,Partial Splice,,TRUNK30143,
F3003326,splice closure,,FDH303016,fdh,,Partial Splice,,TRUNK30143,
F3003438,splice closure,,FDH303016,fdh,,Partial Splice,,TRUNK30143,
F3003321,splice closure,,FDH303016,fdh,,Partial Splice,,TRUNK30137,
T3000574,terminal,Aerial Terminal,FDH303005,fdh,,,,,
T3000615,terminal,Aerial Terminal,FDH303039,fdh,,,,,
T3000611,terminal,Aerial Terminal,FDH303039,fdh,,,,,
F3003402,splice closure,,FDH303013,fdh,,Full Splice,,TRUNK30130,
T3000576,terminal,Aerial Terminal,FDH303005,fdh,,,,,
T3000572,terminal,Aerial Terminal,FDH303005,fdh,,,,,
T3000577,terminal,Aerial Terminal,FDH303005,fdh,,,,,
T3000560,terminal,Aerial Terminal,FDH303005,fdh,,,,,
T3000577,terminal,Aerial Terminal,FDH303005,fdh,,,,,
T3000574,terminal,Aerial Terminal,FDH303005,fdh,,,,,
T3000577,terminal,Aerial Terminal,FDH303005,fdh,,,,,
T3000410,terminal,Aerial Terminal,FDH303013,fdh,,,,,
T3000409,terminal,Aerial Terminal,FDH303013,fdh,,,,,
T3000411,terminal,Aerial Terminal,FDH303013,fdh,,,,,
T3000402,terminal,Aerial Terminal,FDH303013,fdh,,,,,
T3000398,terminal,Aerial Terminal,FDH303014,fdh,,,,,
T3000485,terminal,Aerial Terminal,FDH303011,fdh,,,,,
T3000488,terminal,Aerial Terminal,FDH303011,fdh,,,,,
T3000045,terminal,Aerial Terminal,FDH303041,fdh,,,,,
T3000045,terminal,Aerial Terminal,FDH303041,fdh,,,,,
T3000045,terminal,Aerial Terminal,FDH303041,fdh,,,,,
T3000699,terminal,Aerial Terminal,FDH303001,fdh,,,,,
T3000615,terminal,Aerial Terminal,FDH303039,fdh,,,,,
T3000614,terminal,Aerial Terminal,FDH303039,fdh,,,,,
T3000576,terminal,Aerial Terminal,FDH303005,fdh,,,,,
T3000613,terminal,Aerial Terminal,FDH303039,fdh,,,,,
T3000620,terminal,Aerial Terminal,FDH303039,fdh,,,,,
T3000409,terminal,Aerial Terminal,FDH303013,fdh,,,,,
T3000105,terminal,Aerial Terminal,FDH303010,fdh,,,,,
T3000105,terminal,Aerial Terminal,FDH303010,fdh,,,,,
T3000398,terminal,Aerial Terminal,FDH303014,fdh,,,,,
T3000106,terminal,Aerial Terminal,FDH303010,fdh,,,,,
T3000402,terminal,Aerial Terminal,FDH303013,fdh,,,,,
T3000503,terminal,Aerial Terminal,FDH303003,fdh,,,,,
T3000705,terminal,Aerial Terminal,FDH303007,fdh,,,,,
T3000555,terminal,Aerial Terminal,FDH303008,fdh,,,,,
T3000463,terminal,Aerial Terminal,FDH303009,fdh,,,,,
T3000487,terminal,Aerial Terminal,FDH303011,fdh,,,,,
T3000399,terminal,Aerial Terminal,FDH303014,fdh,,,,,
T3000478,terminal,Aerial Terminal,FDH303008,fdh,,,,,
T3000429,terminal,Aerial Terminal,FDH303012,fdh,,,,,
T3000635,terminal,Aerial Terminal,FDH303007,fdh,,,,,
T3000429,terminal,Aerial Terminal,FDH303012,fdh,,,,,
T3000429,terminal,Aerial Terminal,FDH303012,fdh,,,,,
T3000429,terminal,Aerial Terminal,FDH303012,fdh,,,,,
T3000430,terminal,Aerial Terminal,FDH303012,fdh,,,,,
T3000430,terminal,Aerial Terminal,FDH303012,fdh,,,,,
T3000430,terminal,Aerial Terminal,FDH303012,fdh,,,,,
T3000432,terminal,Aerial Terminal,FDH303012,fdh,,,,,
T3000433,terminal,Aerial Terminal,FDH303012,fdh,,,,,
T3000433,terminal,Aerial Terminal,FDH303012,fdh,,,,,
T3000433,terminal,Aerial Terminal,FDH303012,fdh,,,,,
T3000433,terminal,Aerial Terminal,FDH303012,fdh,,,,,
T3000433,terminal,Aerial Terminal,FDH303012,fdh,,,,,
T3000433,terminal,Aerial Terminal,FDH303012,fdh,,,,,
T3000434,terminal,Aerial Terminal,FDH303012,fdh,,,,,
T3000434,terminal,Aerial Terminal,FDH303012,fdh,,,,,
T3000434,terminal,Aerial Terminal,FDH303012,fdh,,,,,
T3000434,terminal,Aerial Terminal,FDH303012,fdh,,,,,
T3000435,terminal,Aerial Terminal,FDH303012,fdh,,,,,
T3000436,terminal,Aerial Terminal,FDH303012,fdh,,,,,
T3000437,terminal,Aerial Terminal,FDH303012,fdh,,,,,
T3000437,terminal,Aerial Terminal,FDH303012,fdh,,,,,
T3000438,terminal,Aerial Terminal,FDH303012,fdh,,,,,
T3000438,terminal,Aerial Terminal,FDH303012,fdh,,,,,
T3000435,terminal,Aerial Terminal,FDH303012,fdh,,,,,
T3000437,terminal,Aerial Terminal,FDH303012,fdh,,,,,
T3000440,terminal,Aerial Terminal,FDH303012,fdh,,,,,
T3000440,terminal,Aerial Terminal,FDH303012,fdh,,,,,
T3000439,terminal,Aerial Terminal,FDH303012,fdh,,,,,
T3000440,terminal,Aerial Terminal,FDH303012,fdh,,,,,
T3000440,terminal,Aerial Terminal,FDH303012,fdh,,,,,
T3000441,terminal,Aerial Terminal,FDH303012,fdh,,,,,
T3000441,terminal,Aerial Terminal,FDH303012,fdh,,,,,
T3000441,terminal,Aerial Terminal,FDH303012,fdh,,,,,
T3000443,terminal,Aerial Terminal,FDH303012,fdh,,,,,
T3000447,terminal,Aerial Terminal,FDH303012,fdh,,,,,
T3000447,terminal,Aerial Terminal,FDH303012,fdh,,,,,
T3000447,terminal,Aerial Terminal,FDH303012,fdh,,,,,
T3000447,terminal,Aerial Terminal,FDH303012,fdh,,,,,
T3000448,terminal,Aerial Terminal,FDH303012,fdh,,,,,
T3000447,terminal,Aerial Terminal,FDH303012,fdh,,,,,
T3000448,terminal,Aerial Terminal,FDH303012,fdh,,,,,
T3000448,terminal,Aerial Terminal,FDH303012,fdh,,,,,
T3000449,terminal,Aerial Terminal,FDH303012,fdh,,,,,
T3000449,terminal,Aerial Terminal,FDH303012,fdh,,,,,
T3000450,terminal,Aerial Terminal,FDH303012,fdh,,,,,
T3000453,terminal,Aerial Terminal,FDH303015,fdh,,,,,
T3000453,terminal,Aerial Terminal,FDH303015,fdh,,,,,
T3000453,terminal,Aerial Terminal,FDH303015,fdh,,,,,
T3000455,terminal,Aerial Terminal,FDH303015,fdh,,,,,
T3000427,terminal,Aerial Terminal,FDH303009,fdh,,,,,
T3000456,terminal,Aerial Terminal,FDH303015,fdh,,,,,
T3000426,terminal,Aerial Terminal,FDH303014,fdh,,,,,
T3000425,terminal,Aerial Terminal,FDH303014,fdh,,,,,
T3000456,terminal,Aerial Terminal,FDH303015,fdh,,,,,
T3000456,terminal,Aerial Terminal,FDH303015,fdh,,,,,
T3000624,terminal,Aerial Terminal,FDH303010,fdh,,,,,
T3000624,terminal,Aerial Terminal,FDH303010,fdh,,,,,
T3000624,terminal,Aerial Terminal,FDH303010,fdh,,,,,
T3000625,terminal,Aerial Terminal,FDH303010,fdh,,,,,
T3000626,terminal,Aerial Terminal,FDH303010,fdh,,,,,
T3000626,terminal,Aerial Terminal,FDH303010,fdh,,,,,
T3000626,terminal,Aerial Terminal,FDH303010,fdh,,,,,
T3000627,terminal,Aerial Terminal,FDH303010,fdh,,,,,
T3000627,terminal,Aerial Terminal,FDH303010,fdh,,,,,
T3000106,terminal,Aerial Terminal,FDH303010,fdh,,,,,
T3000106,terminal,Aerial Terminal,FDH303010,fdh,,,,,
T3000628,terminal,Aerial Terminal,FDH303010,fdh,,,,,
T3000628,terminal,Aerial Terminal,FDH303010,fdh,,,,,
T3000040,terminal,Aerial Terminal,FDH303010,fdh,,,,,
T3000630,terminal,Aerial Terminal,FDH303010,fdh,,,,,
T3000630,terminal,Aerial Terminal,FDH303010,fdh,,,,,
T3000578,terminal,Aerial Terminal,FDH303005,fdh,,,,,
T3000507,terminal,MST,FDH303003,fdh,,,,,
T3000507,terminal,MST,FDH303003,fdh,,,,,
T3000714,terminal,Aerial Terminal,FDH303003,fdh,,,,,
T3000559,terminal,Aerial Terminal,FDH303017,fdh,,,,,
T3000586,terminal,Aerial Terminal,FDH303002,fdh,,,,,
T3000588,terminal,Aerial Terminal,FDH303002,fdh,,,,,
T3000595,terminal,Aerial Terminal,FDH303002,fdh,,,,,
T3000392,terminal,Aerial Terminal,FDH303014,fdh,,,,,
T3000559,terminal,Aerial Terminal,FDH303017,fdh,,,,,
T3000559,terminal,Aerial Terminal,FDH303017,fdh,,,,,
T3000559,terminal,Aerial Terminal,FDH303017,fdh,,,,,
T3000596,terminal,Aerial Terminal,FDH303017,fdh,,,,,
T3000392,terminal,Aerial Terminal,FDH303014,fdh,,,,,
T3000385,terminal,Aerial Terminal,FDH303014,fdh,,,,,
T3000389,terminal,Aerial Terminal,FDH303014,fdh,,,,,
T3000391,terminal,Aerial Terminal,FDH303014,fdh,,,,,
T3000384,terminal,Aerial Terminal,FDH303014,fdh,,,,,
F3003399,splice closure,,FDH303014,fdh,,Full Splice,,TRUNK30289,
F3003399,splice closure,,FDH303014,fdh,,Full Splice,,TRUNK30289,
T3000383,terminal,Aerial Terminal,FDH303014,fdh,,,,,
F3003399,splice closure,,FDH303014,fdh,,Full Splice,,TRUNK30289,
T3000388,terminal,Aerial Terminal,FDH303014,fdh,,,,,
T3000386,terminal,Aerial Terminal,FDH303014,fdh,,,,,
F3003319,splice closure,,FDH303016,fdh,,Partial Splice,,TRUNK30137,
F3003319,splice closure,,FDH303016,fdh,,Partial Splice,,TRUNK30137,
F3003324,splice closure,,FDH303016,fdh,,Partial Splice,,TRUNK30143,
F3003449,splice closure,,FDH303016,fdh,,Partial Splice,,TRUNK30230,
F3003318,splice closure,,FDH303016,fdh,,Partial Splice,,TRUNK30137,
F3003318,splice closure,,FDH303016,fdh,,Partial Splice,,TRUNK30137,
T3000670,terminal,Aerial Terminal,FDH303004,fdh,,,,,
T3000672,terminal,Aerial Terminal,FDH303004,fdh,,,,,
T3000668,terminal,Aerial Terminal,FDH303004,fdh,,,,,
T3000673,terminal,Aerial Terminal,FDH303004,fdh,,,,,
T3000655,terminal,Aerial Terminal,FDH303007,fdh,,,,,
T3000656,terminal,Aerial Terminal,FDH303007,fdh,,,,,
T3000656,terminal,Aerial Terminal,FDH303007,fdh,,,,,
T3000631,terminal,Aerial Terminal,FDH303010,fdh,,,,,
T3000632,terminal,Aerial Terminal,FDH303007,fdh,,,,,
T3000632,terminal,Aerial Terminal,FDH303007,fdh,,,,,
T3000632,terminal,Aerial Terminal,FDH303007,fdh,,,,,
T3000633,terminal,Aerial Terminal,FDH303007,fdh,,,,,
T3000684,terminal,MST,FDH303016,fdh,,,,,
T3000653,terminal,Aerial Terminal,FDH303006,fdh,,,,,
F3003318,splice closure,,FDH303016,fdh,,Partial Splice,,TRUNK30137,
T3000638,terminal,Aerial Terminal,FDH303007,fdh,,,,,
T3000643,terminal,Aerial Terminal,FDH303006,fdh,,,,,
T3000671,terminal,Aerial Terminal,FDH303004,fdh,,,,,
T3000665,terminal,Aerial Terminal,FDH303004,fdh,,,,,
T3000692,terminal,Aerial Terminal,FDH303041,fdh,,,,,
T3000041,terminal,Aerial Terminal,FDH303041,fdh,,,,,
T3000041,terminal,Aerial Terminal,FDH303041,fdh,,,,,
T3000042,terminal,Aerial Terminal,FDH303041,fdh,,,,,
T3000042,terminal,Aerial Terminal,FDH303041,fdh,,,,,
T3000042,terminal,Aerial Terminal,FDH303041,fdh,,,,,
T3000043,terminal,Aerial Terminal,FDH303041,fdh,,,,,
T3000664,terminal,Aerial Terminal,FDH303004,fdh,,,,,
T3000043,terminal,Aerial Terminal,FDH303041,fdh,,,,,
T3000551,terminal,Aerial Terminal,FDH303014,fdh,,,,,
T3000393,terminal,Aerial Terminal,FDH303014,fdh,,,,,
T3000478,terminal,Aerial Terminal,FDH303008,fdh,,,,,
T3000379,terminal,Aerial Terminal,FDH303014,fdh,,,,,
T3000378,terminal,Aerial Terminal,FDH303014,fdh,,,,,
T3000378,terminal,Aerial Terminal,FDH303014,fdh,,,,,
T3000379,terminal,Aerial Terminal,FDH303014,fdh,,,,,
T3000379,terminal,Aerial Terminal,FDH303014,fdh,,,,,
T3000391,terminal,Aerial Terminal,FDH303014,fdh,,,,,
T3000391,terminal,Aerial Terminal,FDH303014,fdh,,,,,
T3000391,terminal,Aerial Terminal,FDH303014,fdh,,,,,
T3000363,terminal,Aerial Terminal,FDH303035,fdh,,,,,
T3000389,terminal,Aerial Terminal,FDH303014,fdh,,,,,
T3000362,terminal,Aerial Terminal,FDH303035,fdh,,,,,
T3000362,terminal,Aerial Terminal,FDH303035,fdh,,,,,
T3000363,terminal,Aerial Terminal,FDH303035,fdh,,,,,
T3000411,terminal,Aerial Terminal,FDH303013,fdh,,,,,
T3000390,terminal,Aerial Terminal,FDH303014,fdh,,,,,
T3000390,terminal,Aerial Terminal,FDH303014,fdh,,,,,
T3000385,terminal,Aerial Terminal,FDH303014,fdh,,,,,
T3000385,terminal,Aerial Terminal,FDH303014,fdh,,,,,
T3000473,terminal,Aerial Terminal,FDH303008,fdh,,,,,
T3000698,terminal,Aerial Terminal,FDH303001,fdh,,,,,
T3000635,terminal,Aerial Terminal,FDH303007,fdh,,,,,
T3000699,terminal,Aerial Terminal,FDH303001,fdh,,,,,
T3000700,terminal,Aerial Terminal,FDH303001,fdh,,,,,
T3000704,terminal,Aerial Terminal,FDH303001,fdh,,,,,
T3000378,terminal,Aerial Terminal,FDH303014,fdh,,,,,
F3003420,splice closure,,FDH301037,fdh,,Partial Splice,,TRUNK30194,
F3003417,splice closure,,FDH301037,fdh,,Full Splice,,TRUNK30371,
T3000078,terminal,Aerial Terminal,FDH301042,fdh,,,,,
F3003411,splice closure,,FDH301037,fdh,,Partial Splice,,TRUNK30188,
F3003411,splice closure,,FDH301037,fdh,,Partial Splice,,TRUNK30188,
F3003417,splice closure,,FDH301037,fdh,,Full Splice,,TRUNK30371,
F3003417,splice closure,,FDH301037,fdh,,Full Splice,,TRUNK30371,
F3003417,splice closure,,FDH301037,fdh,,Full Splice,,TRUNK30371,
F3003417,splice closure,,FDH301037,fdh,,Full Splice,,TRUNK30371,
F3003411,splice closure,,FDH301037,fdh,,Partial Splice,,TRUNK30188,
F3003417,splice closure,,FDH301037,fdh,,Full Splice,,TRUNK30371,
F3003417,splice closure,,FDH301037,fdh,,Full Splice,,TRUNK30371,
F3003411,splice closure,,FDH301037,fdh,,Partial Splice,,TRUNK30188,
F3003411,splice closure,,FDH301037,fdh,,Partial Splice,,TRUNK30188,
F3003411,splice closure,,FDH301037,fdh,,Partial Splice,,TRUNK30188,
F3003411,splice closure,,FDH301037,fdh,,Partial Splice,,TRUNK30188,
F3003417,splice closure,,FDH301037,fdh,,Full Splice,,TRUNK30371,
F3003411,splice closure,,FDH301037,fdh,,Partial Splice,,TRUNK30188,
F3003411,splice closure,,FDH301037,fdh,,Partial Splice,,TRUNK30188,
F3003411,splice closure,,FDH301037,fdh,,Partial Splice,,TRUNK30188,
F3003421,splice closure,,FDH301037,fdh,,Full Splice,,TRUNK30194,
F3003421,splice closure,,FDH301037,fdh,,Full Splice,,TRUNK30194,
F3003421,splice closure,,FDH301037,fdh,,Full Splice,,TRUNK30194,
F3003420,splice closure,,FDH301037,fdh,,Partial Splice,,TRUNK30194,
F3003420,splice closure,,FDH301037,fdh,,Partial Splice,,TRUNK30194,
F3003421,splice closure,,FDH301037,fdh,,Full Splice,,TRUNK30194,
F3003420,splice closure,,FDH301037,fdh,,Partial Splice,,TRUNK30194,
F3003420,splice closure,,FDH301037,fdh,,Partial Splice,,TRUNK30194,
F3003417,splice closure,,FDH301037,fdh,,Full Splice,,TRUNK30371,
F3003411,splice closure,,FDH301037,fdh,,Partial Splice,,TRUNK30188,
F3003420,splice closure,,FDH301037,fdh,,Partial Splice,,TRUNK30194,
F3003421,splice closure,,FDH301037,fdh,,Full Splice,,TRUNK30194,
F3003420,splice closure,,FDH301037,fdh,,Partial Splice,,TRUNK30194,
F3003420,splice closure,,FDH301037,fdh,,Partial Splice,,TRUNK30194,
F3003420,splice closure,,FDH301037,fdh,,Partial Splice,,TRUNK30194,
F3003420,splice closure,,FDH301037,fdh,,Partial Splice,,TRUNK30194,
F3003411,splice closure,,FDH301037,fdh,,Partial Splice,,TRUNK30188,
T3000081,terminal,Aerial Terminal,FDH301042,fdh,,,,,
T3000075,terminal,Aerial Terminal,FDH301042,fdh,,,,,
F3003324,splice closure,,FDH303016,fdh,,Partial Splice,,TRUNK30143,
T3000075,terminal,Aerial Terminal,FDH301042,fdh,,,,,
T3000080,terminal,Aerial Terminal,FDH301042,fdh,,,,,
T3000079,terminal,Aerial Terminal,FDH301042,fdh,,,,,
T3000075,terminal,Aerial Terminal,FDH301042,fdh,,,,,
T3000077,terminal,Aerial Terminal,FDH301042,fdh,,,,,
T3000722,terminal,Aerial Terminal,FDH301042,fdh,,,,,
T3000074,terminal,Aerial Terminal,FDH301042,fdh,,,,,
T3000082,terminal,Aerial Terminal,FDH301042,fdh,,,,,
T3000077,terminal,Aerial Terminal,FDH301042,fdh,,,,,
T3000226,terminal,Aerial Terminal,FDH302019,fdh,,,,,
T3000226,terminal,Aerial Terminal,FDH302019,fdh,,,,,
T3000228,terminal,Aerial Terminal,FDH302019,fdh,,,,,
T3000228,terminal,Aerial Terminal,FDH302019,fdh,,,,,
T3000228,terminal,Aerial Terminal,FDH302019,fdh,,,,,
T3000229,terminal,Aerial Terminal,FDH302019,fdh,,,,,
T3000229,terminal,Aerial Terminal,FDH302019,fdh,,,,,
T3000229,terminal,Aerial Terminal,FDH302019,fdh,,,,,
T3000224,terminal,Aerial Terminal,FDH302019,fdh,,,,,
T3000223,terminal,Aerial Terminal,FDH302018,fdh,,,,,
T3000223,terminal,Aerial Terminal,FDH302018,fdh,,,,,
T3000091,terminal,Aerial Terminal,FDH301042,fdh,,,,,
T3000091,terminal,Aerial Terminal,FDH301042,fdh,,,,,
T3000090,terminal,Aerial Terminal,FDH301042,fdh,,,,,
T3000089,terminal,Aerial Terminal,FDH301042,fdh,,,,,
T3000088,terminal,Aerial Terminal,FDH301042,fdh,,,,,
T3000307,terminal,Aerial Terminal,FDH302020,fdh,,,,,
F3003391,splice closure,,FDH302040,fdh,,Full Splice,,TRUNK30358,
T3000335,terminal,MST,FDH303033,fdh,,,,,
T3000523,terminal,Aerial Terminal,FDH301043,fdh,,,,,
T3000523,terminal,Aerial Terminal,FDH301043,fdh,,,,,
T3000522,terminal,Aerial Terminal,FDH301043,fdh,,,,,
T3000525,terminal,Aerial Terminal,FDH301043,fdh,,,,,
T3000524,terminal,Aerial Terminal,FDH301043,fdh,,,,,
T3000525,terminal,Aerial Terminal,FDH301043,fdh,,,,,
T3000525,terminal,Aerial Terminal,FDH301043,fdh,,,,,
T3000523,terminal,Aerial Terminal,FDH301043,fdh,,,,,
T3000093,terminal,Aerial Terminal,FDH301042,fdh,,,,,
T3000150,terminal,Aerial Terminal,FDH302025,fdh,,,,,
T3000009,terminal,Aerial Terminal,FDH301045,fdh,,,,,
T3000128,terminal,Aerial Terminal,FDH302038,fdh,,,,,
T3000140,terminal,Aerial Terminal,FDH302024,fdh,,,,,
T3000141,terminal,Aerial Terminal,FDH302024,fdh,,,,,
T3000141,terminal,Aerial Terminal,FDH302024,fdh,,,,,
T3000748,terminal,MST,FDH302024,fdh,,,,,
T3000332,terminal,MST,FDH302030,fdh,,,,,
T3000743,terminal,Aerial Terminal,FDH302022,fdh,,,,,
T3000255,terminal,Aerial Terminal,FDH302022,fdh,,,,,
T3000255,terminal,Aerial Terminal,FDH302022,fdh,,,,,
T3000252,terminal,Aerial Terminal,FDH302022,fdh,,,,,
T3000351,terminal,Aerial Terminal,FDH303035,fdh,,,,,
T3000761,terminal,Aerial Terminal,FDH302023,fdh,,,,,
T3000725,terminal,Aerial Terminal,FDH303035,fdh,,,,,
T3000351,terminal,Aerial Terminal,FDH303035,fdh,,,,,
T3000350,terminal,MST,FDH303033,fdh,,,,,
T3000350,terminal,MST,FDH303033,fdh,,,,,
T3000725,terminal,Aerial Terminal,FDH303035,fdh,,,,,
T3000344,terminal,Aerial Terminal,FDH303033,fdh,,,,,
F3003396,splice closure,,FDH302040,fdh,,Partial Splice,,TRUNK30363,
T3000255,terminal,Aerial Terminal,FDH302022,fdh,,,,,
T3000256,terminal,Aerial Terminal,FDH302022,fdh,,,,,
T3000356,terminal,Aerial Terminal,FDH303035,fdh,,,,,
T3000357,terminal,Aerial Terminal,FDH303035,fdh,,,,,
T3000354,terminal,Aerial Terminal,FDH303035,fdh,,,,,
T3000353,terminal,Aerial Terminal,FDH303035,fdh,,,,,
T3000377,terminal,Aerial Terminal,FDH303014,fdh,,,,,
T3000285,terminal,Aerial Terminal,FDH302029,fdh,,,,,
T3000335,terminal,MST,FDH303033,fdh,,,,,
T3000277,terminal,Aerial Terminal,FDH302030,fdh,,,,,
T3000277,terminal,Aerial Terminal,FDH302030,fdh,,,,,
T3000275,terminal,Aerial Terminal,FDH302030,fdh,,,,,
T3000283,terminal,MST,FDH302022,fdh,,,,,
T3000312,terminal,Aerial Terminal,FDH302022,fdh,,,,,
T3000264,terminal,Aerial Terminal,FDH302022,fdh,,,,,
T3000263,terminal,Aerial Terminal,FDH302022,fdh,,,,,
T3000264,terminal,Aerial Terminal,FDH302022,fdh,,,,,
T3000286,terminal,Aerial Terminal,FDH302029,fdh,,,,,
T3000286,terminal,Aerial Terminal,FDH302029,fdh,,,,,
F3003441,splice closure,,FDH302022,fdh,,Full Splice,,TRUNK30165,
F3003441,splice closure,,FDH302022,fdh,,Full Splice,,TRUNK30165,
F3003441,splice closure,,FDH302022,fdh,,Full Splice,,TRUNK30165,
T3000365,terminal,MST,FDH303034,fdh,,,,,
T3000365,terminal,MST,FDH303034,fdh,,,,,
T3000458,terminal,MST,FDH302030,fdh,,,,,
T3000369,terminal,Aerial Terminal,FDH303034,fdh,,,,,
T3000375,terminal,MST,FDH303034,fdh,,,,,
T3000375,terminal,MST,FDH303034,fdh,,,,,
T3000375,terminal,MST,FDH303034,fdh,,,,,
T3000375,terminal,MST,FDH303034,fdh,,,,,
T3000310,terminal,MST,FDH302030,fdh,,,,,
T3000311,terminal,MST,FDH302030,fdh,,,,,
T3000274,terminal,Aerial Terminal,FDH302030,fdh,,,,,
T3000273,terminal,Aerial Terminal,FDH302030,fdh,,,,,
T3000272,terminal,MST,FDH302030,fdh,,,,,
T3000281,terminal,Aerial Terminal,FDH302029,fdh,,,,,
F3003440,splice closure,,FDH302022,fdh,,Partial Splice,,TRUNK30166,
F3003440,splice closure,,FDH302022,fdh,,Partial Splice,,TRUNK30166,
F3003440,splice closure,,FDH302022,fdh,,Partial Splice,,TRUNK30166,
F3003351,splice closure,,FDH302022,fdh,,Full Splice,,TRUNK30165,
T3000256,terminal,Aerial Terminal,FDH302022,fdh,,,,,
T3000256,terminal,Aerial Terminal,FDH302022,fdh,,,,,
T3000255,terminal,Aerial Terminal,FDH302022,fdh,,,,,
T3000253,terminal,Aerial Terminal,FDH302022,fdh,,,,,
T3000251,terminal,Aerial Terminal,FDH302022,fdh,,,,,
T3000331,terminal,Aerial Terminal,FDH302030,fdh,,,,,
F3003440,splice closure,,FDH302022,fdh,,Partial Splice,,TRUNK30166,
F3003440,splice closure,,FDH302022,fdh,,Partial Splice,,TRUNK30166,
T3000255,terminal,Aerial Terminal,FDH302022,fdh,,,,,
T3000251,terminal,Aerial Terminal,FDH302022,fdh,,,,,
T3000263,terminal,Aerial Terminal,FDH302022,fdh,,,,,
F3003439,splice closure,,FDH302022,fdh,,Partial Splice,,TRUNK30166,
T3000279,terminal,Aerial Terminal,FDH302030,fdh,,,,,
T3000280,terminal,Aerial Terminal,FDH302029,fdh,,,,,
T3000267,terminal,Aerial Terminal,FDH302022,fdh,,,,,
T3000286,terminal,Aerial Terminal,FDH302029,fdh,,,,,
T3000285,terminal,Aerial Terminal,FDH302029,fdh,,,,,
T3000743,terminal,Aerial Terminal,FDH302022,fdh,,,,,
T3000267,terminal,Aerial Terminal,FDH302022,fdh,,,,,
T3000327,terminal,Aerial Terminal,FDH303032,fdh,,,,,
T3000320,terminal,Aerial Terminal,FDH303032,fdh,,,,,
T3000376,terminal,MST,FDH303034,fdh,,,,,
T3000248,terminal,Aerial Terminal,FDH302030,fdh,,,,,
T3000248,terminal,Aerial Terminal,FDH302030,fdh,,,,,
T3000326,terminal,Aerial Terminal,FDH303032,fdh,,,,,
T3000324,terminal,Aerial Terminal,FDH303032,fdh,,,,,
T3000325,terminal,Aerial Terminal,FDH303032,fdh,,,,,
T3000324,terminal,Aerial Terminal,FDH303032,fdh,,,,,
T3000324,terminal,Aerial Terminal,FDH303032,fdh,,,,,
T3000323,terminal,Aerial Terminal,FDH303032,fdh,,,,,
T3000316,terminal,MST,FDH303032,fdh,,,,,
T3000745,terminal,Aerial Terminal,FDH303032,fdh,,,,,
T3000319,terminal,Aerial Terminal,FDH303032,fdh,,,,,
T3000341,terminal,Aerial Terminal,FDH303033,fdh,,,,,
T3000320,terminal,Aerial Terminal,FDH303032,fdh,,,,,
T3000332,terminal,MST,FDH302030,fdh,,,,,
T3000298,terminal,Aerial Terminal,FDH302020,fdh,,,,,
T3000313,terminal,Aerial Terminal,FDH303032,fdh,,,,,
T3000336,terminal,Aerial Terminal,FDH303033,fdh,,,,,
T3000335,terminal,MST,FDH303033,fdh,,,,,
T3000375,terminal,MST,FDH303034,fdh,,,,,
T3000138,terminal,Aerial Terminal,FDH302024,fdh,,,,,
T3000325,terminal,Aerial Terminal,FDH303032,fdh,,,,,
T3000285,terminal,Aerial Terminal,FDH302029,fdh,,,,,
T3000317,terminal,Aerial Terminal,FDH303032,fdh,,,,,
T3000339,terminal,MST,FDH303033,fdh,,,,,
T3000307,terminal,Aerial Terminal,FDH302020,fdh,,,,,
T3000246,terminal,MST,FDH302030,fdh,,,,,
T3000315,terminal,Aerial Terminal,FDH303032,fdh,,,,,
T3000315,terminal,Aerial Terminal,FDH303032,fdh,,,,,
T3000314,terminal,MST,FDH303032,fdh,,,,,
T3000279,terminal,Aerial Terminal,FDH302030,fdh,,,,,
T3000711,terminal,MST,FDH303032,fdh,,,,,
T3000711,terminal,MST,FDH303032,fdh,,,,,
T3000249,terminal,Aerial Terminal,FDH302030,fdh,,,,,
T3000249,terminal,Aerial Terminal,FDH302030,fdh,,,,,
T3000724,terminal,MST,FDH302030,fdh,,,,,
T3000273,terminal,Aerial Terminal,FDH302030,fdh,,,,,
T3000044,terminal,Aerial Terminal,FDH303041,fdh,,,,,
F3003351,splice closure,,FDH302022,fdh,,Full Splice,,TRUNK30165,
T3000296,terminal,MST,FDH302020,fdh,,,,,
T3000296,terminal,MST,FDH302020,fdh,,,,,
T3000300,terminal,Aerial Terminal,FDH302020,fdh,,,,,
T3000300,terminal,Aerial Terminal,FDH302020,fdh,,,,,
T3000336,terminal,Aerial Terminal,FDH303033,fdh,,,,,
T3000297,terminal,Aerial Terminal,FDH302020,fdh,,,,,
T3000300,terminal,Aerial Terminal,FDH302020,fdh,,,,,
T3000303,terminal,Aerial Terminal,FDH302020,fdh,,,,,
T3000303,terminal,Aerial Terminal,FDH302020,fdh,,,,,
T3000303,terminal,Aerial Terminal,FDH302020,fdh,,,,,
T3000294,terminal,MST,FDH302022,fdh,,,,,
T3000368,terminal,Aerial Terminal,FDH303034,fdh,,,,,
T3000236,terminal,Aerial Terminal,FDH302019,fdh,,,,,
T3000238,terminal,Aerial Terminal,FDH302019,fdh,,,,,
T3000210,terminal,Aerial Terminal,FDH302018,fdh,,,,,
T3000295,terminal,MST,FDH302022,fdh,,,,,
F3003399,splice closure,,FDH303014,fdh,,Full Splice,,TRUNK30289,
T3000301,terminal,Aerial Terminal,FDH302020,fdh,,,,,
T3000301,terminal,Aerial Terminal,FDH302020,fdh,,,,,
T3000300,terminal,Aerial Terminal,FDH302020,fdh,,,,,
T3000305,terminal,Aerial Terminal,FDH302020,fdh,,,,,
T3000364,terminal,Aerial Terminal,FDH303034,fdh,,,,,
T3000368,terminal,Aerial Terminal,FDH303034,fdh,,,,,
T3000364,terminal,Aerial Terminal,FDH303034,fdh,,,,,
T3000368,terminal,Aerial Terminal,FDH303034,fdh,,,,,
T3000364,terminal,Aerial Terminal,FDH303034,fdh,,,,,
T3000368,terminal,Aerial Terminal,FDH303034,fdh,,,,,
T3000297,terminal,Aerial Terminal,FDH302020,fdh,,,,,
T3000225,terminal,Aerial Terminal,FDH302019,fdh,,,,,
T3000292,terminal,MST,FDH302022,fdh,,,,,
T3000230,terminal,Aerial Terminal,FDH302019,fdh,,,,,
T3000230,terminal,Aerial Terminal,FDH302019,fdh,,,,,
T3000231,terminal,Aerial Terminal,FDH302019,fdh,,,,,
T3000232,terminal,Aerial Terminal,FDH302019,fdh,,,,,
T3000233,terminal,Aerial Terminal,FDH302019,fdh,,,,,
T3000233,terminal,Aerial Terminal,FDH302019,fdh,,,,,
T3000234,terminal,Aerial Terminal,FDH302019,fdh,,,,,
T3000235,terminal,Aerial Terminal,FDH302019,fdh,,,,,
T3000235,terminal,Aerial Terminal,FDH302019,fdh,,,,,
T3000241,terminal,Aerial Terminal,FDH302019,fdh,,,,,
T3000242,terminal,Aerial Terminal,FDH302019,fdh,,,,,
T3000278,terminal,Aerial Terminal,FDH302030,fdh,,,,,
T3000733,terminal,Aerial Terminal,FDH302022,fdh,,,,,
T3000731,terminal,Aerial Terminal,FDH302022,fdh,,,,,
F3003390,splice closure,,FDH302040,fdh,,Full Splice,,TRUNK30183,
F3003390,splice closure,,FDH302040,fdh,,Full Splice,,TRUNK30183,
T3000135,terminal,MST,FDH302024,fdh,,,,,
T3000748,terminal,MST,FDH302024,fdh,,,,,
F3003396,splice closure,,FDH302040,fdh,,Partial Splice,,TRUNK30363,
T3000224,terminal,Aerial Terminal,FDH302019,fdh,,,,,
T3000348,terminal,MST,FDH303033,fdh,,,,,
T3000347,terminal,Aerial Terminal,FDH303033,fdh,,,,,
T3000277,terminal,Aerial Terminal,FDH302030,fdh,,,,,
T3000351,terminal,Aerial Terminal,FDH303035,fdh,,,,,
T3000348,terminal,MST,FDH303033,fdh,,,,,
T3000718,terminal,MST,FDH302022,fdh,,,,,
T3000348,terminal,MST,FDH303033,fdh,,,,,
T3000361,terminal,Aerial Terminal,FDH303035,fdh,,,,,
T3000354,terminal,Aerial Terminal,FDH303035,fdh,,,,,
T3000357,terminal,Aerial Terminal,FDH303035,fdh,,,,,
T3000355,terminal,Aerial Terminal,FDH303035,fdh,,,,,
T3000355,terminal,Aerial Terminal,FDH303035,fdh,,,,,
T3000355,terminal,Aerial Terminal,FDH303035,fdh,,,,,
T3000355,terminal,Aerial Terminal,FDH303035,fdh,,,,,
T3000355,terminal,Aerial Terminal,FDH303035,fdh,,,,,
T3000354,terminal,Aerial Terminal,FDH303035,fdh,,,,,
T3000354,terminal,Aerial Terminal,FDH303035,fdh,,,,,
T3000354,terminal,Aerial Terminal,FDH303035,fdh,,,,,
T3000344,terminal,Aerial Terminal,FDH303033,fdh,,,,,
T3000353,terminal,Aerial Terminal,FDH303035,fdh,,,,,
T3000353,terminal,Aerial Terminal,FDH303035,fdh,,,,,
T3000352,terminal,Aerial Terminal,FDH303035,fdh,,,,,
T3000352,terminal,Aerial Terminal,FDH303035,fdh,,,,,
T3000352,terminal,Aerial Terminal,FDH303035,fdh,,,,,
T3000344,terminal,Aerial Terminal,FDH303033,fdh,,,,,
T3000359,terminal,Aerial Terminal,FDH303014,fdh,,,,,
T3000209,terminal,Aerial Terminal,FDH302018,fdh,,,,,
T3000289,terminal,Aerial Terminal,FDH302029,fdh,,,,,
T3000290,terminal,Aerial Terminal,FDH302029,fdh,,,,,
T3000336,terminal,Aerial Terminal,FDH303033,fdh,,,,,
T3000368,terminal,Aerial Terminal,FDH303034,fdh,,,,,
T3000335,terminal,MST,FDH303033,fdh,,,,,
T3000002,terminal,Aerial Terminal,FDH301045,fdh,,,,,
T3000342,terminal,Aerial Terminal,FDH303033,fdh,,,,,
T3000335,terminal,MST,FDH303033,fdh,,,,,
T3000335,terminal,MST,FDH303033,fdh,,,,,
T3000335,terminal,MST,FDH303033,fdh,,,,,
T3000335,terminal,MST,FDH303033,fdh,,,,,
T3000335,terminal,MST,FDH303033,fdh,,,,,
T3000291,terminal,Aerial Terminal,FDH302029,fdh,,,,,
T3000366,terminal,Aerial Terminal,FDH303034,fdh,,,,,
T3000333,terminal,Aerial Terminal,FDH302030,fdh,,,,,
T3000334,terminal,MST,FDH302030,fdh,,,,,
T3000310,terminal,MST,FDH302030,fdh,,,,,
F3003424,splice closure,,FDH301036,fdh,,Full Splice,,TRUNK30196,
T3000282,terminal,Aerial Terminal,FDH302029,fdh,,,,,
T3000278,terminal,Aerial Terminal,FDH302030,fdh,,,,,
T3000282,terminal,Aerial Terminal,FDH302029,fdh,,,,,
F3003441,splice closure,,FDH302022,fdh,,Full Splice,,TRUNK30165,
T3000282,terminal,Aerial Terminal,FDH302029,fdh,,,,,
T3000308,terminal,Aerial Terminal,FDH302020,fdh,,,,,
T3000252,terminal,Aerial Terminal,FDH302022,fdh,,,,,
T3000284,terminal,Aerial Terminal,FDH302029,fdh,,,,,
T3000252,terminal,Aerial Terminal,FDH302022,fdh,,,,,
T3000251,terminal,Aerial Terminal,FDH302022,fdh,,,,,
T3000251,terminal,Aerial Terminal,FDH302022,fdh,,,,,
T3000268,terminal,Aerial Terminal,FDH302022,fdh,,,,,
T3000744,terminal,Aerial Terminal,FDH303032,fdh,,,,,
T3000322,terminal,Aerial Terminal,FDH303032,fdh,,,,,
T3000338,terminal,Aerial Terminal,FDH303032,fdh,,,,,
T3000710,terminal,Aerial Terminal,FDH302019,fdh,,,,,
T3000370,terminal,MST,FDH303034,fdh,,,,,
T3000369,terminal,Aerial Terminal,FDH303034,fdh,,,,,
T3000339,terminal,MST,FDH303033,fdh,,,,,
T3000288,terminal,Aerial Terminal,FDH302022,fdh,,,,,
T3000341,terminal,Aerial Terminal,FDH303033,fdh,,,,,
T3000336,terminal,Aerial Terminal,FDH303033,fdh,,,,,
T3000267,terminal,Aerial Terminal,FDH302022,fdh,,,,,
T3000264,terminal,Aerial Terminal,FDH302022,fdh,,,,,
T3000287,terminal,Aerial Terminal,FDH302022,fdh,,,,,
T3000369,terminal,Aerial Terminal,FDH303034,fdh,,,,,
T3000369,terminal,Aerial Terminal,FDH303034,fdh,,,,,
T3000375,terminal,MST,FDH303034,fdh,,,,,
T3000375,terminal,MST,FDH303034,fdh,,,,,
T3000375,terminal,MST,FDH303034,fdh,,,,,
T3000375,terminal,MST,FDH303034,fdh,,,,,
T3000318,terminal,Aerial Terminal,FDH303032,fdh,,,,,
T3000318,terminal,Aerial Terminal,FDH303032,fdh,,,,,
T3000712,terminal,MST,FDH303032,fdh,,,,,
T3000340,terminal,MST,FDH303033,fdh,,,,,
T3000266,terminal,Aerial Terminal,FDH302022,fdh,,,,,
F3003441,splice closure,,FDH302022,fdh,,Full Splice,,TRUNK30165,
T3000333,terminal,Aerial Terminal,FDH302030,fdh,,,,,
F3003441,splice closure,,FDH302022,fdh,,Full Splice,,TRUNK30165,
F3003441,splice closure,,FDH302022,fdh,,Full Splice,,TRUNK30165,
T3000307,terminal,Aerial Terminal,FDH302020,fdh,,,,,
T3000307,terminal,Aerial Terminal,FDH302020,fdh,,,,,
T3000301,terminal,Aerial Terminal,FDH302020,fdh,,,,,
T3000301,terminal,Aerial Terminal,FDH302020,fdh,,,,,
T3000300,terminal,Aerial Terminal,FDH302020,fdh,,,,,
T3000300,terminal,Aerial Terminal,FDH302020,fdh,,,,,
T3000368,terminal,Aerial Terminal,FDH303034,fdh,,,,,
T3000305,terminal,Aerial Terminal,FDH302020,fdh,,,,,
T3000307,terminal,Aerial Terminal,FDH302020,fdh,,,,,
T3000308,terminal,Aerial Terminal,FDH302020,fdh,,,,,
T3000303,terminal,Aerial Terminal,FDH302020,fdh,,,,,
T3000303,terminal,Aerial Terminal,FDH302020,fdh,,,,,
T3000305,terminal,Aerial Terminal,FDH302020,fdh,,,,,
T3000305,terminal,Aerial Terminal,FDH302020,fdh,,,,,
T3000307,terminal,Aerial Terminal,FDH302020,fdh,,,,,
T3000308,terminal,Aerial Terminal,FDH302020,fdh,,,,,
T3000368,terminal,Aerial Terminal,FDH303034,fdh,,,,,
T3000708,terminal,Aerial Terminal,FDH302018,fdh,,,,,
T3000152,terminal,Aerial Terminal,FDH302025,fdh,,,,,
F3003393,splice closure,,FDH302040,fdh,,Full Splice,,TRUNK30363,
T3000307,terminal,Aerial Terminal,FDH302020,fdh,,,,,
T3000305,terminal,Aerial Terminal,FDH302020,fdh,,,,,
T3000305,terminal,Aerial Terminal,FDH302020,fdh,,,,,
T3000305,terminal,Aerial Terminal,FDH302020,fdh,,,,,
T3000723,terminal,Aerial Terminal,FDH302019,fdh,,,,,
T3000721,terminal,Aerial Terminal,FDH302019,fdh,,,,,
F3003394,splice closure,,FDH302040,fdh,,Full Splice,,TRUNK30184,
F3003445,splice closure,,FDH301028,fdh,,Full Splice,,TRUNK30186,
F3003377,splice closure,,FDH301028,fdh,,Full Splice,,TRUNK30176,
F3003379,splice closure,,FDH301028,fdh,,Partial Splice,,TRUNK30177,
T3000754,terminal,MST,FDH302038,fdh,,,,,
T3000126,terminal,Aerial Terminal,FDH302038,fdh,,,,,
F3003423,splice closure,,FDH301036,fdh,,Partial Splice,,TRUNK30196,
F3003424,splice closure,,FDH301036,fdh,,Full Splice,,TRUNK30196,
T3000774,terminal,MST,FDH301045,fdh,,,,,
T3000776,terminal,MST,FDH301045,fdh,,,,,
F3003445,splice closure,,FDH301028,fdh,,Full Splice,,TRUNK30186,
T3000543,terminal,Aerial Terminal,FDH301045,fdh,,,,,
T3000002,terminal,Aerial Terminal,FDH301045,fdh,,,,,
F3003445,splice closure,,FDH301028,fdh,,Full Splice,,TRUNK30186,
T3000543,terminal,Aerial Terminal,FDH301045,fdh,,,,,
T3000543,terminal,Aerial Terminal,FDH301045,fdh,,,,,
T3000009,terminal,Aerial Terminal,FDH301045,fdh,,,,,
T3000009,terminal,Aerial Terminal,FDH301045,fdh,,,,,
T3000006,terminal,Aerial Terminal,FDH301045,fdh,,,,,
T3000006,terminal,Aerial Terminal,FDH301045,fdh,,,,,
T3000005,terminal,Aerial Terminal,FDH301045,fdh,,,,,
T3000005,terminal,Aerial Terminal,FDH301045,fdh,,,,,
F3003445,splice closure,,FDH301028,fdh,,Full Splice,,TRUNK30186,
F3003445,splice closure,,FDH301028,fdh,,Full Splice,,TRUNK30186,
F3003445,splice closure,,FDH301028,fdh,,Full Splice,,TRUNK30186,
F3003445,splice closure,,FDH301028,fdh,,Full Splice,,TRUNK30186,
T3000296,terminal,MST,FDH302020,fdh,,,,,
F3003445,splice closure,,FDH301028,fdh,,Full Splice,,TRUNK30186,
F3003445,splice closure,,FDH301028,fdh,,Full Splice,,TRUNK30186,
F3003445,splice closure,,FDH301028,fdh,,Full Splice,,TRUNK30186,
F3003379,splice closure,,FDH301028,fdh,,Partial Splice,,TRUNK30177,
T3000358,terminal,Aerial Terminal,FDH303035,fdh,,,,,
T3000344,terminal,Aerial Terminal,FDH303033,fdh,,,,,
F3003379,splice closure,,FDH301028,fdh,,Partial Splice,,TRUNK30177,
F3003379,splice closure,,FDH301028,fdh,,Partial Splice,,TRUNK30177,
F3003421,splice closure,,FDH301037,fdh,,Full Splice,,TRUNK30194,
F3003421,splice closure,,FDH301037,fdh,,Full Splice,,TRUNK30194,
F3003421,splice closure,,FDH301037,fdh,,Full Splice,,TRUNK30194,
F3003440,splice closure,,FDH302022,fdh,,Partial Splice,,TRUNK30166,
T3000120,terminal,Aerial Terminal,FDH302040,fdh,,,,,
T3000119,terminal,Aerial Terminal,FDH302040,fdh,,,,,
F3003424,splice closure,,FDH301036,fdh,,Full Splice,,TRUNK30196,
F3003424,splice closure,,FDH301036,fdh,,Full Splice,,TRUNK30196,
F3003409,splice closure,,FDH301028,fdh,,Full Splice,,TRUNK30187,
F3003423,splice closure,,FDH301036,fdh,,Partial Splice,,TRUNK30196,
F3003424,splice closure,,FDH301036,fdh,,Full Splice,,TRUNK30196,
F3003424,splice closure,,FDH301036,fdh,,Full Splice,,TRUNK30196,
F3003423,splice closure,,FDH301036,fdh,,Partial Splice,,TRUNK30196,
T3000546,terminal,Aerial Terminal,FDH301045,fdh,,,,,
T3000547,terminal,Aerial Terminal,FDH301045,fdh,,,,,
T3000776,terminal,MST,FDH301045,fdh,,,,,
T3000776,terminal,MST,FDH301045,fdh,,,,,
T3000775,terminal,MST,FDH301045,fdh,,,,,
T3000775,terminal,MST,FDH301045,fdh,,,,,
T3000775,terminal,MST,FDH301045,fdh,,,,,
T3000775,terminal,MST,FDH301045,fdh,,,,,
T3000002,terminal,Aerial Terminal,FDH301045,fdh,,,,,
T3000547,terminal,Aerial Terminal,FDH301045,fdh,,,,,
T3000543,terminal,Aerial Terminal,FDH301045,fdh,,,,,
T3000526,terminal,Aerial Terminal,FDH301043,fdh,,,,,
T3000514,terminal,Aerial Terminal,FDH301043,fdh,,,,,
T3000720,terminal,Aerial Terminal,FDH301043,fdh,,,,,
T3000001,terminal,Aerial Terminal,FDH301043,fdh,,,,,
T3000514,terminal,Aerial Terminal,FDH301043,fdh,,,,,
T3000516,terminal,Aerial Terminal,FDH301043,fdh,,,,,
T3000516,terminal,Aerial Terminal,FDH301043,fdh,,,,,
T3000515,terminal,Aerial Terminal,FDH301043,fdh,,,,,
T3000516,terminal,Aerial Terminal,FDH301043,fdh,,,,,
T3000518,terminal,Aerial Terminal,FDH301043,fdh,,,,,
T3000519,terminal,Aerial Terminal,FDH301043,fdh,,,,,
T3000519,terminal,Aerial Terminal,FDH301043,fdh,,,,,
T3000519,terminal,Aerial Terminal,FDH301043,fdh,,,,,
T3000524,terminal,Aerial Terminal,FDH301043,fdh,,,,,
T3000526,terminal,Aerial Terminal,FDH301043,fdh,,,,,
T3000005,terminal,Aerial Terminal,FDH301045,fdh,,,,,
T3000548,terminal,Aerial Terminal,FDH301045,fdh,,,,,
T3000548,terminal,Aerial Terminal,FDH301045,fdh,,,,,
T3000547,terminal,Aerial Terminal,FDH301045,fdh,,,,,
T3000151,terminal,Aerial Terminal,FDH302025,fdh,,,,,
T3000004,terminal,Aerial Terminal,FDH301045,fdh,,,,,
T3000004,terminal,Aerial Terminal,FDH301045,fdh,,,,,
T3000544,terminal,MST,FDH301045,fdh,,,,,
T3000548,terminal,Aerial Terminal,FDH301045,fdh,,,,,
T3000544,terminal,MST,FDH301045,fdh,,,,,
F3003409,splice closure,,FDH301028,fdh,,Full Splice,,TRUNK30187,
F3003377,splice closure,,FDH301028,fdh,,Full Splice,,TRUNK30176,
F3003377,splice closure,,FDH301028,fdh,,Full Splice,,TRUNK30176,
F3003377,splice closure,,FDH301028,fdh,,Full Splice,,TRUNK30176,
F3003377,splice closure,,FDH301028,fdh,,Full Splice,,TRUNK30176,
F3003377,splice closure,,FDH301028,fdh,,Full Splice,,TRUNK30176,
F3003409,splice closure,,FDH301028,fdh,,Full Splice,,TRUNK30187,
F3003409,splice closure,,FDH301028,fdh,,Full Splice,,TRUNK30187,
F3003377,splice closure,,FDH301028,fdh,,Full Splice,,TRUNK30176,
F3003377,splice closure,,FDH301028,fdh,,Full Splice,,TRUNK30176,
F3003409,splice closure,,FDH301028,fdh,,Full Splice,,TRUNK30187,
F3003409,splice closure,,FDH301028,fdh,,Full Splice,,TRUNK30187,
F3003377,splice closure,,FDH301028,fdh,,Full Splice,,TRUNK30176,
F3003423,splice closure,,FDH301036,fdh,,Partial Splice,,TRUNK30196,
F3003423,splice closure,,FDH301036,fdh,,Partial Splice,,TRUNK30196,
F3003423,splice closure,,FDH301036,fdh,,Partial Splice,,TRUNK30196,
F3003421,splice closure,,FDH301037,fdh,,Full Splice,,TRUNK30194,
F3003421,splice closure,,FDH301037,fdh,,Full Splice,,TRUNK30194,
T3000520,terminal,Aerial Terminal,FDH301043,fdh,,,,,
T3000522,terminal,Aerial Terminal,FDH301043,fdh,,,,,
T3000520,terminal,Aerial Terminal,FDH301043,fdh,,,,,
T3000520,terminal,Aerial Terminal,FDH301043,fdh,,,,,
T3000533,terminal,Aerial Terminal,FDH301044,fdh,,,,,
T3000533,terminal,Aerial Terminal,FDH301044,fdh,,,,,
T3000537,terminal,Aerial Terminal,FDH301044,fdh,,,,,
T3000522,terminal,Aerial Terminal,FDH301043,fdh,,,,,
T3000532,terminal,Aerial Terminal,FDH301044,fdh,,,,,
T3000528,terminal,Aerial Terminal,FDH301044,fdh,,,,,
T3000527,terminal,Aerial Terminal,FDH301044,fdh,,,,,
T3000518,terminal,Aerial Terminal,FDH301043,fdh,,,,,
T3000518,terminal,Aerial Terminal,FDH301043,fdh,,,,,
T3000518,terminal,Aerial Terminal,FDH301043,fdh,,,,,
T3000001,terminal,Aerial Terminal,FDH301043,fdh,,,,,
T3000517,terminal,Aerial Terminal,FDH301043,fdh,,,,,
T3000518,terminal,Aerial Terminal,FDH301043,fdh,,,,,
T3000528,terminal,Aerial Terminal,FDH301044,fdh,,,,,
T3000529,terminal,Aerial Terminal,FDH301044,fdh,,,,,
T3000530,terminal,Aerial Terminal,FDH301044,fdh,,,,,
T3000530,terminal,Aerial Terminal,FDH301044,fdh,,,,,
T3000535,terminal,Aerial Terminal,FDH301044,fdh,,,,,
T3000529,terminal,Aerial Terminal,FDH301044,fdh,,,,,
T3000536,terminal,Aerial Terminal,FDH301044,fdh,,,,,
T3000532,terminal,Aerial Terminal,FDH301044,fdh,,,,,
T3000536,terminal,Aerial Terminal,FDH301044,fdh,,,,,
T3000537,terminal,Aerial Terminal,FDH301044,fdh,,,,,
T3000533,terminal,Aerial Terminal,FDH301044,fdh,,,,,
T3000531,terminal,Aerial Terminal,FDH301044,fdh,,,,,
T3000531,terminal,Aerial Terminal,FDH301044,fdh,,,,,
T3000530,terminal,Aerial Terminal,FDH301044,fdh,,,,,
T3000527,terminal,Aerial Terminal,FDH301044,fdh,,,,,
T3000530,terminal,Aerial Terminal,FDH301044,fdh,,,,,
T3000532,terminal,Aerial Terminal,FDH301044,fdh,,,,,
T3000515,terminal,Aerial Terminal,FDH301043,fdh,,,,,
T3000517,terminal,Aerial Terminal,FDH301043,fdh,,,,,
F3003396,splice closure,,FDH302040,fdh,,Partial Splice,,TRUNK30363,
T3000004,terminal,Aerial Terminal,FDH301045,fdh,,,,,
T3000352,terminal,Aerial Terminal,FDH303035,fdh,,,,,
T3000084,terminal,Aerial Terminal,FDH301042,fdh,,,,,
T3000086,terminal,MST,FDH301042,fdh,,,,,
T3000087,terminal,Aerial Terminal,FDH301042,fdh,,,,,
T3000128,terminal,Aerial Terminal,FDH302038,fdh,,,,,
T3000207,terminal,Aerial Terminal,FDH302027,fdh,,,,,
T3000125,terminal,Aerial Terminal,FDH302038,fdh,,,,,
T3000124,terminal,Aerial Terminal,FDH302040,fdh,,,,,
T3000124,terminal,Aerial Terminal,FDH302040,fdh,,,,,
T3000169,terminal,Aerial Terminal,FDH302026,fdh,,,,,
F3003390,splice closure,,FDH302040,fdh,,Full Splice,,TRUNK30183,
T3000197,terminal,Aerial Terminal,FDH302027,fdh,,,,,
T3000197,terminal,Aerial Terminal,FDH302027,fdh,,,,,
T3000191,terminal,Aerial Terminal,FDH302023,fdh,,,,,
T3000187,terminal,Aerial Terminal,FDH302023,fdh,,,,,
T3000184,terminal,Aerial Terminal,FDH302023,fdh,,,,,
T3000135,terminal,MST,FDH302024,fdh,,,,,
T3000145,terminal,MST,FDH302024,fdh,,,,,
T3000135,terminal,MST,FDH302024,fdh,,,,,
T3000138,terminal,Aerial Terminal,FDH302024,fdh,,,,,
T3000138,terminal,Aerial Terminal,FDH302024,fdh,,,,,
T3000137,terminal,Aerial Terminal,FDH302024,fdh,,,,,
T3000135,terminal,MST,FDH302024,fdh,,,,,
T3000137,terminal,Aerial Terminal,FDH302024,fdh,,,,,
T3000140,terminal,Aerial Terminal,FDH302024,fdh,,,,,
T3000172,terminal,MST,FDH302026,fdh,,,,,
T3000183,terminal,Aerial Terminal,FDH302023,fdh,,,,,
T3000182,terminal,Aerial Terminal,FDH302023,fdh,,,,,
T3000181,terminal,MST,FDH302023,fdh,,,,,
T3000179,terminal,Aerial Terminal,FDH302023,fdh,,,,,
T3000178,terminal,Aerial Terminal,FDH302023,fdh,,,,,
T3000178,terminal,Aerial Terminal,FDH302023,fdh,,,,,
T3000178,terminal,Aerial Terminal,FDH302023,fdh,,,,,
T3000175,terminal,Aerial Terminal,FDH302026,fdh,,,,,
T3000175,terminal,Aerial Terminal,FDH302026,fdh,,,,,
T3000174,terminal,Aerial Terminal,FDH302026,fdh,,,,,
T3000173,terminal,Aerial Terminal,FDH302026,fdh,,,,,
T3000172,terminal,MST,FDH302026,fdh,,,,,
T3000166,terminal,Aerial Terminal,FDH302026,fdh,,,,,
T3000171,terminal,Aerial Terminal,FDH302026,fdh,,,,,
T3000171,terminal,Aerial Terminal,FDH302026,fdh,,,,,
T3000171,terminal,Aerial Terminal,FDH302026,fdh,,,,,
T3000174,terminal,Aerial Terminal,FDH302026,fdh,,,,,
T3000179,terminal,Aerial Terminal,FDH302023,fdh,,,,,
T3000182,terminal,Aerial Terminal,FDH302023,fdh,,,,,
T3000141,terminal,Aerial Terminal,FDH302024,fdh,,,,,
T3000142,terminal,MST,FDH302024,fdh,,,,,
T3000727,terminal,Aerial Terminal,FDH302038,fdh,,,,,
T3000135,terminal,MST,FDH302024,fdh,,,,,
T3000135,terminal,MST,FDH302024,fdh,,,,,
T3000137,terminal,Aerial Terminal,FDH302024,fdh,,,,,
T3000137,terminal,Aerial Terminal,FDH302024,fdh,,,,,
T3000137,terminal,Aerial Terminal,FDH302024,fdh,,,,,
T3000135,terminal,MST,FDH302024,fdh,,,,,
T3000135,terminal,MST,FDH302024,fdh,,,,,
T3000139,terminal,Aerial Terminal,FDH302024,fdh,,,,,
T3000135,terminal,MST,FDH302024,fdh,,,,,
T3000135,terminal,MST,FDH302024,fdh,,,,,
T3000142,terminal,MST,FDH302024,fdh,,,,,
T3000170,terminal,Aerial Terminal,FDH302026,fdh,,,,,
T3000184,terminal,Aerial Terminal,FDH302023,fdh,,,,,
T3000184,terminal,Aerial Terminal,FDH302023,fdh,,,,,
T3000143,terminal,Aerial Terminal,FDH302024,fdh,,,,,
T3000192,terminal,Aerial Terminal,FDH302027,fdh,,,,,
T3000139,terminal,Aerial Terminal,FDH302024,fdh,,,,,
T3000144,terminal,MST,FDH302024,fdh,,,,,
T3000196,terminal,Aerial Terminal,FDH302027,fdh,,,,,
T3000139,terminal,Aerial Terminal,FDH302024,fdh,,,,,
T3000192,terminal,Aerial Terminal,FDH302027,fdh,,,,,
T3000195,terminal,Aerial Terminal,FDH302027,fdh,,,,,
T3000137,terminal,Aerial Terminal,FDH302024,fdh,,,,,
F3003396,splice closure,,FDH302040,fdh,,Partial Splice,,TRUNK30363,
F3003396,splice closure,,FDH302040,fdh,,Partial Splice,,TRUNK30363,
F3003396,splice closure,,FDH302040,fdh,,Partial Splice,,TRUNK30363,
T3000169,terminal,Aerial Terminal,FDH302026,fdh,,,,,
T3000170,terminal,Aerial Terminal,FDH302026,fdh,,,,,
T3000170,terminal,Aerial Terminal,FDH302026,fdh,,,,,
T3000169,terminal,Aerial Terminal,FDH302026,fdh,,,,,
T3000166,terminal,Aerial Terminal,FDH302026,fdh,,,,,
T3000166,terminal,Aerial Terminal,FDH302026,fdh,,,,,
T3000181,terminal,MST,FDH302023,fdh,,,,,
T3000165,terminal,Aerial Terminal,FDH302026,fdh,,,,,
T3000190,terminal,Aerial Terminal,FDH302023,fdh,,,,,
T3000189,terminal,Aerial Terminal,FDH302023,fdh,,,,,
T3000185,terminal,Aerial Terminal,FDH302023,fdh,,,,,
T3000183,terminal,Aerial Terminal,FDH302023,fdh,,,,,
F3003390,splice closure,,FDH302040,fdh,,Full Splice,,TRUNK30183,
T3000754,terminal,MST,FDH302038,fdh,,,,,
T3000134,terminal,Aerial Terminal,FDH302038,fdh,,,,,
T3000134,terminal,Aerial Terminal,FDH302038,fdh,,,,,
T3000134,terminal,Aerial Terminal,FDH302038,fdh,,,,,
T3000134,terminal,Aerial Terminal,FDH302038,fdh,,,,,
T3000162,terminal,Aerial Terminal,FDH302026,fdh,,,,,
T3000163,terminal,Aerial Terminal,FDH302026,fdh,,,,,
T3000163,terminal,Aerial Terminal,FDH302026,fdh,,,,,
T3000164,terminal,Aerial Terminal,FDH302026,fdh,,,,,
T3000133,terminal,Aerial Terminal,FDH302038,fdh,,,,,
T3000132,terminal,Aerial Terminal,FDH302038,fdh,,,,,
T3000132,terminal,Aerial Terminal,FDH302038,fdh,,,,,
T3000162,terminal,Aerial Terminal,FDH302026,fdh,,,,,
T3000131,terminal,Aerial Terminal,FDH302038,fdh,,,,,
F3003394,splice closure,,FDH302040,fdh,,Full Splice,,TRUNK30184,
T3000204,terminal,Aerial Terminal,FDH302027,fdh,,,,,
T3000204,terminal,Aerial Terminal,FDH302027,fdh,,,,,
T3000204,terminal,Aerial Terminal,FDH302027,fdh,,,,,
T3000205,terminal,Aerial Terminal,FDH302027,fdh,,,,,
T3000164,terminal,Aerial Terminal,FDH302026,fdh,,,,,
T3000164,terminal,Aerial Terminal,FDH302026,fdh,,,,,
T3000161,terminal,Aerial Terminal,FDH302025,fdh,,,,,
T3000161,terminal,Aerial Terminal,FDH302025,fdh,,,,,
T3000161,terminal,Aerial Terminal,FDH302025,fdh,,,,,
T3000159,terminal,Aerial Terminal,FDH302025,fdh,,,,,
T3000159,terminal,Aerial Terminal,FDH302025,fdh,,,,,
T3000156,terminal,Aerial Terminal,FDH302025,fdh,,,,,
T3000157,terminal,Aerial Terminal,FDH302025,fdh,,,,,
T3000155,terminal,Aerial Terminal,FDH302025,fdh,,,,,
T3000156,terminal,Aerial Terminal,FDH302025,fdh,,,,,
T3000159,terminal,Aerial Terminal,FDH302025,fdh,,,,,
T3000150,terminal,Aerial Terminal,FDH302025,fdh,,,,,
T3000164,terminal,Aerial Terminal,FDH302026,fdh,,,,,
T3000150,terminal,Aerial Terminal,FDH302025,fdh,,,,,
T3000150,terminal,Aerial Terminal,FDH302025,fdh,,,,,
T3000149,terminal,Aerial Terminal,FDH302025,fdh,,,,,
T3000148,terminal,Aerial Terminal,FDH302025,fdh,,,,,
T3000154,terminal,Aerial Terminal,FDH302025,fdh,,,,,
T3000148,terminal,Aerial Terminal,FDH302025,fdh,,,,,
T3000148,terminal,Aerial Terminal,FDH302025,fdh,,,,,
T3000149,terminal,Aerial Terminal,FDH302025,fdh,,,,,
T3000151,terminal,Aerial Terminal,FDH302025,fdh,,,,,
T3000153,terminal,Aerial Terminal,FDH302025,fdh,,,,,
T3000153,terminal,Aerial Terminal,FDH302025,fdh,,,,,
T3000153,terminal,Aerial Terminal,FDH302025,fdh,,,,,
T3000154,terminal,Aerial Terminal,FDH302025,fdh,,,,,
T3000158,terminal,Aerial Terminal,FDH302025,fdh,,,,,
T3000159,terminal,Aerial Terminal,FDH302025,fdh,,,,,
F3003394,splice closure,,FDH302040,fdh,,Full Splice,,TRUNK30184,
T3000188,terminal,Aerial Terminal,FDH302023,fdh,,,,,
F3003397,splice closure,,FDH302040,fdh,,Full Splice,,TRUNK30368,
F3003391,splice closure,,FDH302040,fdh,,Full Splice,,TRUNK30358,
F3003391,splice closure,,FDH302040,fdh,,Full Splice,,TRUNK30358,
F3003389,splice closure,,FDH302040,fdh,,Partial Splice,,TRUNK30183,
F3003389,splice closure,,FDH302040,fdh,,Partial Splice,,TRUNK30183,
F3003391,splice closure,,FDH302040,fdh,,Full Splice,,TRUNK30358,
F3003389,splice closure,,FDH302040,fdh,,Partial Splice,,TRUNK30183,
F3003389,splice closure,,FDH302040,fdh,,Partial Splice,,TRUNK30183,
F3003390,splice closure,,FDH302040,fdh,,Full Splice,,TRUNK30183,
F3003390,splice closure,,FDH302040,fdh,,Full Splice,,TRUNK30183,
F3003394,splice closure,,FDH302040,fdh,,Full Splice,,TRUNK30184,
F3003394,splice closure,,FDH302040,fdh,,Full Splice,,TRUNK30184,
F3003397,splice closure,,FDH302040,fdh,,Full Splice,,TRUNK30368,
F3003397,splice closure,,FDH302040,fdh,,Full Splice,,TRUNK30368,
F3003397,splice closure,,FDH302040,fdh,,Full Splice,,TRUNK30368,
F3003397,splice closure,,FDH302040,fdh,,Full Splice,,TRUNK30368,
F3003390,splice closure,,FDH302040,fdh,,Full Splice,,TRUNK30183,
F3003396,splice closure,,FDH302040,fdh,,Partial Splice,,TRUNK30363,
F3003396,splice closure,,FDH302040,fdh,,Partial Splice,,TRUNK30363,
F3003396,splice closure,,FDH302040,fdh,,Partial Splice,,TRUNK30363,
F3003396,splice closure,,FDH302040,fdh,,Partial Splice,,TRUNK30363,
F3003396,splice closure,,FDH302040,fdh,,Partial Splice,,TRUNK30363,
F3003396,splice closure,,FDH302040,fdh,,Partial Splice,,TRUNK30363,
F3003393,splice closure,,FDH302040,fdh,,Full Splice,,TRUNK30363,
F3003393,splice closure,,FDH302040,fdh,,Full Splice,,TRUNK30363,
F3003393,splice closure,,FDH302040,fdh,,Full Splice,,TRUNK30363,
T3000120,terminal,Aerial Terminal,FDH302040,fdh,,,,,
F3003396,splice closure,,FDH302040,fdh,,Partial Splice,,TRUNK30363,
F3003396,splice closure,,FDH302040,fdh,,Partial Splice,,TRUNK30363,
F3003393,splice closure,,FDH302040,fdh,,Full Splice,,TRUNK30363,
F3003393,splice closure,,FDH302040,fdh,,Full Splice,,TRUNK30363,
F3003390,splice closure,,FDH302040,fdh,,Full Splice,,TRUNK30183,
F3003390,splice closure,,FDH302040,fdh,,Full Splice,,TRUNK30183,
T3000125,terminal,Aerial Terminal,FDH302038,fdh,,,,,
T3000641,terminal,Aerial Terminal,FDH303007,fdh,,,,,
T3000188,terminal,Aerial Terminal,FDH302023,fdh,,,,,
T3000188,terminal,Aerial Terminal,FDH302023,fdh,,,,,
T3000216,terminal,Aerial Terminal,FDH302018,fdh,,,,,
T3000175,terminal,Aerial Terminal,FDH302026,fdh,,,,,
T3000173,terminal,Aerial Terminal,FDH302026,fdh,,,,,
T3000173,terminal,Aerial Terminal,FDH302026,fdh,,,,,
T3000223,terminal,Aerial Terminal,FDH302018,fdh,,,,,
T3000046,terminal,Aerial Terminal,FDH303041,fdh,,,,,
T3000695,terminal,Aerial Terminal,FDH303015,fdh,,,,,
T3000696,terminal,Aerial Terminal,FDH303015,fdh,,,,,
T3000696,terminal,Aerial Terminal,FDH303015,fdh,,,,,
T3000475,terminal,Aerial Terminal,FDH303008,fdh,,,,,
T3000475,terminal,Aerial Terminal,FDH303008,fdh,,,,,
T3000475,terminal,Aerial Terminal,FDH303008,fdh,,,,,
T3000474,terminal,Aerial Terminal,FDH303008,fdh,,,,,
T3000225,terminal,Aerial Terminal,FDH302019,fdh,,,,,
T3000477,terminal,Aerial Terminal,FDH303008,fdh,,,,,
T3000476,terminal,Aerial Terminal,FDH303008,fdh,,,,,
T3000238,terminal,Aerial Terminal,FDH302019,fdh,,,,,
T3000240,terminal,Aerial Terminal,FDH302019,fdh,,,,,
T3000468,terminal,Aerial Terminal,FDH303008,fdh,,,,,
T3000666,terminal,Aerial Terminal,FDH303004,fdh,,,,,
T3000668,terminal,Aerial Terminal,FDH303004,fdh,,,,,
T3000670,terminal,Aerial Terminal,FDH303004,fdh,,,,,
T3000669,terminal,Aerial Terminal,FDH303004,fdh,,,,,
T3000631,terminal,Aerial Terminal,FDH303010,fdh,,,,,
T3000631,terminal,Aerial Terminal,FDH303010,fdh,,,,,
T3000610,terminal,Aerial Terminal,FDH303039,fdh,,,,,
T3000663,terminal,Aerial Terminal,FDH303004,fdh,,,,,
T3000378,terminal,Aerial Terminal,FDH303014,fdh,,,,,
T3000292,terminal,MST,FDH302022,fdh,,,,,
T3000358,terminal,Aerial Terminal,FDH303035,fdh,,,,,
T3000358,terminal,Aerial Terminal,FDH303035,fdh,,,,,
T3000358,terminal,Aerial Terminal,FDH303035,fdh,,,,,
T3000546,terminal,Aerial Terminal,FDH301045,fdh,,,,,
T3000532,terminal,Aerial Terminal,FDH301044,fdh,,,,,
T3000531,terminal,Aerial Terminal,FDH301044,fdh,,,,,
T3000225,terminal,Aerial Terminal,FDH302019,fdh,,,,,
T3000529,terminal,Aerial Terminal,FDH301044,fdh,,,,,
T3000196,terminal,Aerial Terminal,FDH302027,fdh,,,,,
T3000131,terminal,Aerial Terminal,FDH302038,fdh,,,,,
T3000130,terminal,Aerial Terminal,FDH302038,fdh,,,,,
T3000129,terminal,Aerial Terminal,FDH302038,fdh,,,,,
T3000203,terminal,Aerial Terminal,FDH302027,fdh,,,,,
T3000704,terminal,Aerial Terminal,FDH303001,fdh,,,,,
T3000188,terminal,Aerial Terminal,FDH302023,fdh,,,,,
T3000166,terminal,Aerial Terminal,FDH302026,fdh,,,,,
T3000172,terminal,MST,FDH302026,fdh,,,,,
T3000166,terminal,Aerial Terminal,FDH302026,fdh,,,,,
T3000166,terminal,Aerial Terminal,FDH302026,fdh,,,,,
F3003396,splice closure,,FDH302040,fdh,,Partial Splice,,TRUNK30363,
T3000303,terminal,Aerial Terminal,FDH302020,fdh,,,,,
T3000435,terminal,Aerial Terminal,FDH303012,fdh,,,,,
T3000479,terminal,Aerial Terminal,FDH303001,fdh,,,,,
T3000698,terminal,Aerial Terminal,FDH303001,fdh,,,,,
T3000623,terminal,Aerial Terminal,FDH303039,fdh,,,,,
T3000621,terminal,Aerial Terminal,FDH303039,fdh,,,,,
T3000652,terminal,Aerial Terminal,FDH303006,fdh,,,,,
T3000317,terminal,Aerial Terminal,FDH303032,fdh,,,,,
T3000238,terminal,Aerial Terminal,FDH302019,fdh,,,,,
T3000213,terminal,Aerial Terminal,FDH302018,fdh,,,,,
T3000171,terminal,Aerial Terminal,FDH302026,fdh,,,,,
T3000774,terminal,MST,FDH301045,fdh,,,,,
T3000774,terminal,MST,FDH301045,fdh,,,,,
T3000006,terminal,Aerial Terminal,FDH301045,fdh,,,,,
T3000015,terminal,Aerial Terminal,FDH301045,fdh,,,,,
T3000012,terminal,Aerial Terminal,FDH301045,fdh,,,,,
F3003377,splice closure,,FDH301028,fdh,,Full Splice,,TRUNK30176,
F3003409,splice closure,,FDH301028,fdh,,Full Splice,,TRUNK30187,
F3003377,splice closure,,FDH301028,fdh,,Full Splice,,TRUNK30176,
F3003379,splice closure,,FDH301028,fdh,,Partial Splice,,TRUNK30177,
F3003377,splice closure,,FDH301028,fdh,,Full Splice,,TRUNK30176,
F3003409,splice closure,,FDH301028,fdh,,Full Splice,,TRUNK30187,
F3003379,splice closure,,FDH301028,fdh,,Partial Splice,,TRUNK30177,
F3003379,splice closure,,FDH301028,fdh,,Partial Splice,,TRUNK30177,
F3003379,splice closure,,FDH301028,fdh,,Partial Splice,,TRUNK30177,
F3003445,splice closure,,FDH301028,fdh,,Full Splice,,TRUNK30186,
F3003445,splice closure,,FDH301028,fdh,,Full Splice,,TRUNK30186,
F3003445,splice closure,,FDH301028,fdh,,Full Splice,,TRUNK30186,
F3003445,splice closure,,FDH301028,fdh,,Full Splice,,TRUNK30186,
F3003445,splice closure,,FDH301028,fdh,,Full Splice,,TRUNK30186,
T3000752,terminal,Aerial Terminal,FDH302018,fdh,,,,,
F3003421,splice closure,,FDH301037,fdh,,Full Splice,,TRUNK30194,
T3000244,terminal,Aerial Terminal,FDH302019,fdh,,,,,
T3000130,terminal,Aerial Terminal,FDH302038,fdh,,,,,
F3003421,splice closure,,FDH301037,fdh,,Full Splice,,TRUNK30194,
F3003421,splice closure,,FDH301037,fdh,,Full Splice,,TRUNK30194,
F3003423,splice closure,,FDH301036,fdh,,Partial Splice,,TRUNK30196,
F3003424,splice closure,,FDH301036,fdh,,Full Splice,,TRUNK30196,
T3000774,terminal,MST,FDH301045,fdh,,,,,
T3000450,terminal,Aerial Terminal,FDH303012,fdh,,,,,
T3000450,terminal,Aerial Terminal,FDH303012,fdh,,,,,
T3000450,terminal,Aerial Terminal,FDH303012,fdh,,,,,
T3000697,terminal,Aerial Terminal,FDH303015,fdh,,,,,
F3003445,splice closure,,FDH301028,fdh,,Full Splice,,TRUNK30186,
F3003424,splice closure,,FDH301036,fdh,,Full Splice,,TRUNK30196,
F3003424,splice closure,,FDH301036,fdh,,Full Splice,,TRUNK30196,
F3003424,splice closure,,FDH301036,fdh,,Full Splice,,TRUNK30196,
T3000014,terminal,Aerial Terminal,FDH301045,fdh,,,,,
T3000536,terminal,Aerial Terminal,FDH301044,fdh,,,,,
T3000217,terminal,Aerial Terminal,FDH302018,fdh,,,,,
T3000217,terminal,Aerial Terminal,FDH302018,fdh,,,,,
T3000742,terminal,Aerial Terminal,FDH302024,fdh,,,,,
T3000742,terminal,Aerial Terminal,FDH302024,fdh,,,,,
F3003445,splice closure,,FDH301028,fdh,,Full Splice,,TRUNK30186,
T3000219,terminal,Aerial Terminal,FDH302018,fdh,,,,,
T3000221,terminal,Aerial Terminal,FDH302018,fdh,,,,,
T3000213,terminal,Aerial Terminal,FDH302018,fdh,,,,,
T3000708,terminal,Aerial Terminal,FDH302018,fdh,,,,,
T5000504,terminal,Aerial Terminal,FDH502013,fdh,,,,,
T5000504,terminal,Aerial Terminal,FDH502013,fdh,,,,,
T5000506,terminal,Aerial Terminal,FDH502013,fdh,,,,,
T5000506,terminal,Aerial Terminal,FDH502013,fdh,,,,,
T5000452,terminal,Aerial Terminal,FDH501001,fdh,,,,,
T5000582,terminal,Aerial Terminal,FDH502001,fdh,,,,,
T5000582,terminal,Aerial Terminal,FDH502001,fdh,,,,,
T5000582,terminal,Aerial Terminal,FDH502001,fdh,,,,,
T5000582,terminal,Aerial Terminal,FDH502001,fdh,,,,,
T5000582,terminal,Aerial Terminal,FDH502001,fdh,,,,,
T5000439,terminal,MST,FDH501001,fdh,,,,,
T5000394,terminal,Aerial Terminal,FDH501007,fdh,,,,,
T5000254,terminal,Aerial Terminal,FDH502006,fdh,,,,,
T5000248,terminal,Aerial Terminal,FDH502006,fdh,,,,,
T5000394,terminal,Aerial Terminal,FDH501007,fdh,,,,,
T5000394,terminal,Aerial Terminal,FDH501007,fdh,,,,,
T5000377,terminal,Aerial Terminal,FDH501007,fdh,,,,,
T5000395,terminal,Aerial Terminal,FDH502001,fdh,,,,,
T5000377,terminal,Aerial Terminal,FDH501007,fdh,,,,,
T5000395,terminal,Aerial Terminal,FDH502001,fdh,,,,,
T5000395,terminal,Aerial Terminal,FDH502001,fdh,,,,,
T5000395,terminal,Aerial Terminal,FDH502001,fdh,,,,,
T5000023,terminal,Aerial Terminal,FDH502017,fdh,,,,,
T5000023,terminal,Aerial Terminal,FDH502017,fdh,,,,,
T5000023,terminal,Aerial Terminal,FDH502017,fdh,,,,,
T5000026,terminal,Aerial Terminal,FDH502017,fdh,,,,,
T5000026,terminal,Aerial Terminal,FDH502017,fdh,,,,,
T5000026,terminal,Aerial Terminal,FDH502017,fdh,,,,,
T5000026,terminal,Aerial Terminal,FDH502017,fdh,,,,,
T5000053,terminal,Aerial Terminal,FDH502017,fdh,,,,,
T5000055,terminal,Aerial Terminal,FDH502017,fdh,,,,,
T5000075,terminal,Aerial Terminal,FDH502017,fdh,,,,,
T5000377,terminal,Aerial Terminal,FDH501007,fdh,,,,,
T5000075,terminal,Aerial Terminal,FDH502017,fdh,,,,,
T5000395,terminal,Aerial Terminal,FDH502001,fdh,,,,,
T5000396,terminal,Aerial Terminal,FDH502001,fdh,,,,,
T5000581,terminal,Aerial Terminal,FDH502001,fdh,,,,,
T5000581,terminal,Aerial Terminal,FDH502001,fdh,,,,,
T5000378,terminal,Aerial Terminal,FDH501009,fdh,,,,,
T5000581,terminal,Aerial Terminal,FDH502001,fdh,,,,,
T5000581,terminal,Aerial Terminal,FDH502001,fdh,,,,,
T5000378,terminal,Aerial Terminal,FDH501009,fdh,,,,,
T5000581,terminal,Aerial Terminal,FDH502001,fdh,,,,,
T5000581,terminal,Aerial Terminal,FDH502001,fdh,,,,,
T5000388,terminal,Aerial Terminal,FDH501009,fdh,,,,,
T5000076,terminal,Aerial Terminal,FDH502017,fdh,,,,,
T5000581,terminal,Aerial Terminal,FDH502001,fdh,,,,,
T5000378,terminal,Aerial Terminal,FDH501009,fdh,,,,,
T5000204,terminal,Aerial Terminal,FDH502007,fdh,,,,,
T5000388,terminal,Aerial Terminal,FDH501009,fdh,,,,,
T5000070,terminal,Aerial Terminal,FDH502003,fdh,,,,,
T5000071,terminal,Aerial Terminal,FDH502003,fdh,,,,,
T5000388,terminal,Aerial Terminal,FDH501009,fdh,,,,,
T5000387,terminal,Aerial Terminal,FDH501009,fdh,,,,,
T5000387,terminal,Aerial Terminal,FDH501009,fdh,,,,,
T5000438,terminal,Aerial Terminal,FDH501001,fdh,,,,,
T5000437,terminal,Aerial Terminal,FDH501001,fdh,,,,,
T5000437,terminal,Aerial Terminal,FDH501001,fdh,,,,,
T5000605,terminal,Aerial Terminal,FDH501006,fdh,,,,,
T5000605,terminal,Aerial Terminal,FDH501006,fdh,,,,,
T5000605,terminal,Aerial Terminal,FDH501006,fdh,,,,,
T5000604,terminal,Aerial Terminal,FDH501006,fdh,,,,,
T5000604,terminal,Aerial Terminal,FDH501006,fdh,,,,,
T5000603,terminal,Aerial Terminal,FDH501006,fdh,,,,,
T5000602,terminal,Aerial Terminal,FDH501006,fdh,,,,,
T5000367,terminal,Aerial Terminal,FDH502020,fdh,,,,,
T5000363,terminal,Aerial Terminal,FDH502020,fdh,,,,,
T5000452,terminal,Aerial Terminal,FDH501001,fdh,,,,,
T5000452,terminal,Aerial Terminal,FDH501001,fdh,,,,,
T5000452,terminal,Aerial Terminal,FDH501001,fdh,,,,,
T5000452,terminal,Aerial Terminal,FDH501001,fdh,,,,,
T5000407,terminal,Aerial Terminal,FDH501009,fdh,,,,,
T5000083,terminal,Aerial Terminal,FDH502018,fdh,,,,,
T5000083,terminal,Aerial Terminal,FDH502018,fdh,,,,,
T5000114,terminal,Aerial Terminal,FDH502018,fdh,,,,,
T5000114,terminal,Aerial Terminal,FDH502018,fdh,,,,,
T5000407,terminal,Aerial Terminal,FDH501009,fdh,,,,,
T5000407,terminal,Aerial Terminal,FDH501009,fdh,,,,,
T5000126,terminal,Aerial Terminal,FDH501002,fdh,,,,,
T5000060,terminal,Aerial Terminal,FDH502002,fdh,,,,,
T5000060,terminal,Aerial Terminal,FDH502002,fdh,,,,,
T5000017,terminal,Aerial Terminal,FDH501003,fdh,,,,,
T5000337,terminal,Aerial Terminal,FDH502010,fdh,,,,,
T5000384,terminal,Aerial Terminal,FDH501009,fdh,,,,,
T5000106,terminal,Aerial Terminal,FDH501006,fdh,,,,,
T5000389,terminal,Aerial Terminal,FDH501009,fdh,,,,,
T5000167,terminal,Aerial Terminal,FDH501001,fdh,,,,,
T5000440,terminal,Aerial Terminal,FDH501001,fdh,,,,,
T5000233,terminal,Aerial Terminal,FDH502004,fdh,,,,,
T5000076,terminal,Aerial Terminal,FDH502017,fdh,,,,,
T5000599,terminal,Aerial Terminal,FDH501006,fdh,,,,,
T5000599,terminal,Aerial Terminal,FDH501006,fdh,,,,,
T5000231,terminal,Aerial Terminal,FDH502004,fdh,,,,,
T5000223,terminal,Aerial Terminal,FDH502004,fdh,,,,,
T5000403,terminal,Aerial Terminal,FDH502001,fdh,,,,,
T5000459,terminal,Aerial Terminal,FDH502016,fdh,,,,,
T5000557,terminal,Aerial Terminal,FDH502016,fdh,,,,,
T5000560,terminal,Aerial Terminal,FDH502016,fdh,,,,,
T5000165,terminal,Aerial Terminal,FDH501008,fdh,,,,,
T5000166,terminal,Aerial Terminal,FDH501008,fdh,,,,,
T5000436,terminal,Aerial Terminal,FDH501008,fdh,,,,,
T5000386,terminal,Aerial Terminal,FDH501009,fdh,,,,,
T5000385,terminal,Aerial Terminal,FDH501009,fdh,,,,,
T5000385,terminal,Aerial Terminal,FDH501009,fdh,,,,,
T5000439,terminal,MST,FDH501001,fdh,,,,,
T5000383,terminal,Aerial Terminal,FDH501009,fdh,,,,,
T5000076,terminal,Aerial Terminal,FDH502017,fdh,,,,,
T5000085,terminal,Aerial Terminal,FDH502017,fdh,,,,,
T5000383,terminal,Aerial Terminal,FDH501009,fdh,,,,,
T5000383,terminal,Aerial Terminal,FDH501009,fdh,,,,,
T5000383,terminal,Aerial Terminal,FDH501009,fdh,,,,,
T5000497,terminal,Aerial Terminal,FDH502013,fdh,,,,,
T5000088,terminal,Aerial Terminal,FDH502017,fdh,,,,,
T5000091,terminal,Aerial Terminal,FDH502017,fdh,,,,,
T5000031,terminal,Aerial Terminal,FDH501002,fdh,,,,,
T5000216,terminal,Aerial Terminal,FDH502004,fdh,,,,,
T5000216,terminal,Aerial Terminal,FDH502004,fdh,,,,,
T5000216,terminal,Aerial Terminal,FDH502004,fdh,,,,,
T5000214,terminal,Aerial Terminal,FDH502004,fdh,,,,,
T5000213,terminal,Aerial Terminal,FDH502004,fdh,,,,,
T5000213,terminal,Aerial Terminal,FDH502004,fdh,,,,,
T5000213,terminal,Aerial Terminal,FDH502004,fdh,,,,,
T5000148,terminal,Aerial Terminal,FDH502011,fdh,,,,,
T5000148,terminal,Aerial Terminal,FDH502011,fdh,,,,,
T5000427,terminal,Aerial Terminal,FDH501008,fdh,,,,,
T5000036,terminal,Aerial Terminal,FDH501003,fdh,,,,,
T5000036,terminal,Aerial Terminal,FDH501003,fdh,,,,,
T5000036,terminal,Aerial Terminal,FDH501003,fdh,,,,,
T5000036,terminal,Aerial Terminal,FDH501003,fdh,,,,,
T5000036,terminal,Aerial Terminal,FDH501003,fdh,,,,,
T5000036,terminal,Aerial Terminal,FDH501003,fdh,,,,,
T5000036,terminal,Aerial Terminal,FDH501003,fdh,,,,,
T5000377,terminal,Aerial Terminal,FDH501007,fdh,,,,,
T5000498,terminal,Aerial Terminal,FDH502015,fdh,,,,,
T5000500,terminal,Aerial Terminal,FDH502015,fdh,,,,,
T5000230,terminal,Aerial Terminal,FDH502004,fdh,,,,,
T5000498,terminal,Aerial Terminal,FDH502015,fdh,,,,,
T5000538,terminal,Aerial Terminal,FDH502011,fdh,,,,,
T5000629,terminal,MST,FDH502011,fdh,,,,,
T5000629,terminal,MST,FDH502011,fdh,,,,,
T5000629,terminal,MST,FDH502011,fdh,,,,,
T5000538,terminal,Aerial Terminal,FDH502011,fdh,,,,,
T5000269,terminal,Aerial Terminal,FDH502011,fdh,,,,,
T5000539,terminal,Aerial Terminal,FDH502011,fdh,,,,,
T5000539,terminal,Aerial Terminal,FDH502011,fdh,,,,,
T5000629,terminal,MST,FDH502011,fdh,,,,,
T5000537,terminal,Aerial Terminal,FDH502011,fdh,,,,,
T5000537,terminal,Aerial Terminal,FDH502011,fdh,,,,,
T5000537,terminal,Aerial Terminal,FDH502011,fdh,,,,,
T5000537,terminal,Aerial Terminal,FDH502011,fdh,,,,,
T5000535,terminal,Aerial Terminal,FDH502011,fdh,,,,,
T5000537,terminal,Aerial Terminal,FDH502011,fdh,,,,,
T5000269,terminal,Aerial Terminal,FDH502011,fdh,,,,,
T5000269,terminal,Aerial Terminal,FDH502011,fdh,,,,,
T5000269,terminal,Aerial Terminal,FDH502011,fdh,,,,,
T5000269,terminal,Aerial Terminal,FDH502011,fdh,,,,,
T5000536,terminal,Aerial Terminal,FDH502011,fdh,,,,,
T5000533,terminal,Aerial Terminal,FDH502011,fdh,,,,,
T5000533,terminal,Aerial Terminal,FDH502011,fdh,,,,,
T5000533,terminal,Aerial Terminal,FDH502011,fdh,,,,,
T5000528,terminal,Aerial Terminal,FDH502011,fdh,,,,,
T5000528,terminal,Aerial Terminal,FDH502011,fdh,,,,,
T5000533,terminal,Aerial Terminal,FDH502011,fdh,,,,,
T5000528,terminal,Aerial Terminal,FDH502011,fdh,,,,,
T5000528,terminal,Aerial Terminal,FDH502011,fdh,,,,,
T5000269,terminal,Aerial Terminal,FDH502011,fdh,,,,,
T5000517,terminal,Aerial Terminal,FDH502011,fdh,,,,,
T5000565,terminal,Aerial Terminal,FDH502016,fdh,,,,,
T5000396,terminal,Aerial Terminal,FDH502001,fdh,,,,,
T5000397,terminal,Aerial Terminal,FDH502001,fdh,,,,,
T5000398,terminal,Aerial Terminal,FDH502001,fdh,,,,,
T5000398,terminal,Aerial Terminal,FDH502001,fdh,,,,,
T5000620,terminal,MST,FDH502001,fdh,,,,,
T5000079,terminal,Aerial Terminal,FDH502001,fdh,,,,,
T5000471,terminal,Aerial Terminal,FDH502012,fdh,,,,,
T5000476,terminal,Aerial Terminal,FDH502012,fdh,,,,,
T5000420,terminal,Aerial Terminal,FDH501005,fdh,,,,,
T5000041,terminal,Aerial Terminal,FDH502002,fdh,,,,,
T5000041,terminal,Aerial Terminal,FDH502002,fdh,,,,,
T5000042,terminal,Aerial Terminal,FDH502002,fdh,,,,,
T5000044,terminal,Aerial Terminal,FDH502002,fdh,,,,,
T5000045,terminal,Aerial Terminal,FDH502002,fdh,,,,,
T5000045,terminal,Aerial Terminal,FDH502002,fdh,,,,,
T5000045,terminal,Aerial Terminal,FDH502002,fdh,,,,,
T5000627,terminal,MST,FDH502002,fdh,,,,,
T5000627,terminal,MST,FDH502002,fdh,,,,,
T5000627,terminal,MST,FDH502002,fdh,,,,,
T5000627,terminal,MST,FDH502002,fdh,,,,,
T5000627,terminal,MST,FDH502002,fdh,,,,,
T5000627,terminal,MST,FDH502002,fdh,,,,,
T5000045,terminal,Aerial Terminal,FDH502002,fdh,,,,,
T5000045,terminal,Aerial Terminal,FDH502002,fdh,,,,,
T5000045,terminal,Aerial Terminal,FDH502002,fdh,,,,,
T5000045,terminal,Aerial Terminal,FDH502002,fdh,,,,,
T5000627,terminal,MST,FDH502002,fdh,,,,,
T5000627,terminal,MST,FDH502002,fdh,,,,,
T5000045,terminal,Aerial Terminal,FDH502002,fdh,,,,,
T5000627,terminal,MST,FDH502002,fdh,,,,,
T5000627,terminal,MST,FDH502002,fdh,,,,,
T5000045,terminal,Aerial Terminal,FDH502002,fdh,,,,,
T5000045,terminal,Aerial Terminal,FDH502002,fdh,,,,,
T5000182,terminal,Aerial Terminal,FDH502002,fdh,,,,,
T5000180,terminal,Aerial Terminal,FDH502002,fdh,,,,,
T5000447,terminal,Aerial Terminal,FDH501001,fdh,,,,,
T5000447,terminal,Aerial Terminal,FDH501001,fdh,,,,,
T5000447,terminal,Aerial Terminal,FDH501001,fdh,,,,,
T5000437,terminal,Aerial Terminal,FDH501001,fdh,,,,,
T5000441,terminal,Aerial Terminal,FDH501001,fdh,,,,,
T5000441,terminal,Aerial Terminal,FDH501001,fdh,,,,,
T5000440,terminal,Aerial Terminal,FDH501001,fdh,,,,,
T5000442,terminal,Aerial Terminal,FDH501001,fdh,,,,,
T5000634,terminal,Aerial Terminal,FDH501001,fdh,,,,,
T5000446,terminal,Aerial Terminal,FDH501001,fdh,,,,,
T5000458,terminal,Aerial Terminal,FDH502014,fdh,,,,,
T5000458,terminal,Aerial Terminal,FDH502014,fdh,,,,,
T5000458,terminal,Aerial Terminal,FDH502014,fdh,,,,,
T5000040,terminal,Aerial Terminal,FDH501008,fdh,,,,,
T5000617,terminal,MST,FDH501006,fdh,,,,,
T5000385,terminal,Aerial Terminal,FDH501009,fdh,,,,,
T5000384,terminal,Aerial Terminal,FDH501009,fdh,,,,,
T5000545,terminal,Aerial Terminal,FDH501004,fdh,,,,,
T5000384,terminal,Aerial Terminal,FDH501009,fdh,,,,,
T5000381,terminal,Aerial Terminal,FDH501009,fdh,,,,,
T5000381,terminal,Aerial Terminal,FDH501009,fdh,,,,,
T5000381,terminal,Aerial Terminal,FDH501009,fdh,,,,,
T5000381,terminal,Aerial Terminal,FDH501009,fdh,,,,,
T5000381,terminal,Aerial Terminal,FDH501009,fdh,,,,,
T5000381,terminal,Aerial Terminal,FDH501009,fdh,,,,,
T5000379,terminal,Aerial Terminal,FDH501009,fdh,,,,,
T5000379,terminal,Aerial Terminal,FDH501009,fdh,,,,,
T5000379,terminal,Aerial Terminal,FDH501009,fdh,,,,,
T5000379,terminal,Aerial Terminal,FDH501009,fdh,,,,,
T5000379,terminal,Aerial Terminal,FDH501009,fdh,,,,,
T5000382,terminal,Aerial Terminal,FDH501009,fdh,,,,,
T5000382,terminal,Aerial Terminal,FDH501009,fdh,,,,,
T5000382,terminal,Aerial Terminal,FDH501009,fdh,,,,,
T5000445,terminal,Aerial Terminal,FDH501001,fdh,,,,,
T5000659,terminal,Aerial Terminal,FDH501009,fdh,,,,,
T5000382,terminal,Aerial Terminal,FDH501009,fdh,,,,,
T5000382,terminal,Aerial Terminal,FDH501009,fdh,,,,,
T5000380,terminal,Aerial Terminal,FDH501009,fdh,,,,,
T5000380,terminal,Aerial Terminal,FDH501009,fdh,,,,,
T5000380,terminal,Aerial Terminal,FDH501009,fdh,,,,,
T5000380,terminal,Aerial Terminal,FDH501009,fdh,,,,,
T5000392,terminal,Aerial Terminal,FDH501009,fdh,,,,,
T5000392,terminal,Aerial Terminal,FDH501009,fdh,,,,,
T5000445,terminal,Aerial Terminal,FDH501001,fdh,,,,,
T5000392,terminal,Aerial Terminal,FDH501009,fdh,,,,,
T5000392,terminal,Aerial Terminal,FDH501009,fdh,,,,,
T5000392,terminal,Aerial Terminal,FDH501009,fdh,,,,,
T5000392,terminal,Aerial Terminal,FDH501009,fdh,,,,,
T5000393,terminal,Aerial Terminal,FDH501009,fdh,,,,,
T5000393,terminal,Aerial Terminal,FDH501009,fdh,,,,,
T5000443,terminal,Aerial Terminal,FDH501001,fdh,,,,,
T5000451,terminal,Aerial Terminal,FDH501001,fdh,,,,,
T5000244,terminal,Aerial Terminal,FDH501008,fdh,,,,,
T5000044,terminal,Aerial Terminal,FDH502002,fdh,,,,,
T5000185,terminal,Aerial Terminal,FDH502019,fdh,,,,,
T5000351,terminal,Aerial Terminal,FDH502019,fdh,,,,,
T5000167,terminal,Aerial Terminal,FDH501001,fdh,,,,,
T5000442,terminal,Aerial Terminal,FDH501001,fdh,,,,,
T5000438,terminal,Aerial Terminal,FDH501001,fdh,,,,,
T5000438,terminal,Aerial Terminal,FDH501001,fdh,,,,,
T5000438,terminal,Aerial Terminal,FDH501001,fdh,,,,,
T5000180,terminal,Aerial Terminal,FDH502002,fdh,,,,,
T5000437,terminal,Aerial Terminal,FDH501001,fdh,,,,,
T5000437,terminal,Aerial Terminal,FDH501001,fdh,,,,,
T5000452,terminal,Aerial Terminal,FDH501001,fdh,,,,,
T5000452,terminal,Aerial Terminal,FDH501001,fdh,,,,,
T5000447,terminal,Aerial Terminal,FDH501001,fdh,,,,,
T5000447,terminal,Aerial Terminal,FDH501001,fdh,,,,,
T5000447,terminal,Aerial Terminal,FDH501001,fdh,,,,,
T5000443,terminal,Aerial Terminal,FDH501001,fdh,,,,,
T5000447,terminal,Aerial Terminal,FDH501001,fdh,,,,,
T5000444,terminal,Aerial Terminal,FDH501001,fdh,,,,,
T5000445,terminal,Aerial Terminal,FDH501001,fdh,,,,,
T5000447,terminal,Aerial Terminal,FDH501001,fdh,,,,,
T5000447,terminal,Aerial Terminal,FDH501001,fdh,,,,,
T5000447,terminal,Aerial Terminal,FDH501001,fdh,,,,,
T5000443,terminal,Aerial Terminal,FDH501001,fdh,,,,,
T5000447,terminal,Aerial Terminal,FDH501001,fdh,,,,,
T5000445,terminal,Aerial Terminal,FDH501001,fdh,,,,,
T5000633,terminal,Aerial Terminal,FDH501001,fdh,,,,,
T5000445,terminal,Aerial Terminal,FDH501001,fdh,,,,,
T5000452,terminal,Aerial Terminal,FDH501001,fdh,,,,,
T5000445,terminal,Aerial Terminal,FDH501001,fdh,,,,,
T5000444,terminal,Aerial Terminal,FDH501001,fdh,,,,,
T5000444,terminal,Aerial Terminal,FDH501001,fdh,,,,,
T5000444,terminal,Aerial Terminal,FDH501001,fdh,,,,,
T5000444,terminal,Aerial Terminal,FDH501001,fdh,,,,,
T5000446,terminal,Aerial Terminal,FDH501001,fdh,,,,,
T5000109,terminal,MST,FDH501006,fdh,,,,,
T5000002,terminal,Aerial Terminal,FDH501006,fdh,,,,,
T5000453,terminal,Aerial Terminal,FDH502014,fdh,,,,,
T5000512,terminal,Aerial Terminal,FDH502014,fdh,,,,,
T5000466,terminal,Aerial Terminal,FDH502014,fdh,,,,,
T5000457,terminal,Aerial Terminal,FDH502014,fdh,,,,,
T5000456,terminal,Aerial Terminal,FDH502014,fdh,,,,,
T5000456,terminal,Aerial Terminal,FDH502014,fdh,,,,,
T5000211,terminal,Aerial Terminal,FDH502020,fdh,,,,,
T5000300,terminal,Aerial Terminal,FDH502010,fdh,,,,,
T5000300,terminal,Aerial Terminal,FDH502010,fdh,,,,,
T5000300,terminal,Aerial Terminal,FDH502010,fdh,,,,,
T5000303,terminal,Aerial Terminal,FDH502010,fdh,,,,,
T5000301,terminal,Aerial Terminal,FDH502010,fdh,,,,,
T5000346,terminal,Aerial Terminal,FDH502010,fdh,,,,,
T5000346,terminal,Aerial Terminal,FDH502010,fdh,,,,,
T5000347,terminal,Aerial Terminal,FDH502010,fdh,,,,,
T5000347,terminal,Aerial Terminal,FDH502010,fdh,,,,,
T5000187,terminal,Aerial Terminal,FDH502019,fdh,,,,,
T5000354,terminal,Aerial Terminal,FDH502019,fdh,,,,,
T5000354,terminal,Aerial Terminal,FDH502019,fdh,,,,,
T5000354,terminal,Aerial Terminal,FDH502019,fdh,,,,,
T5000353,terminal,Aerial Terminal,FDH502019,fdh,,,,,
T5000353,terminal,Aerial Terminal,FDH502019,fdh,,,,,
T5000355,terminal,Aerial Terminal,FDH502019,fdh,,,,,
T5000049,terminal,Aerial Terminal,FDH502009,fdh,,,,,
T5000015,terminal,Aerial Terminal,FDH502009,fdh,,,,,
T5000050,terminal,Aerial Terminal,FDH502009,fdh,,,,,
T5000049,terminal,Aerial Terminal,FDH502009,fdh,,,,,
T5000049,terminal,Aerial Terminal,FDH502009,fdh,,,,,
T5000049,terminal,Aerial Terminal,FDH502009,fdh,,,,,
T5000633,terminal,Aerial Terminal,FDH501001,fdh,,,,,
T5000361,terminal,Aerial Terminal,FDH502019,fdh,,,,,
T5000316,terminal,Aerial Terminal,FDH502021,fdh,,,,,
T5000169,terminal,Aerial Terminal,FDH502009,fdh,,,,,
T5000169,terminal,Aerial Terminal,FDH502009,fdh,,,,,
T5000169,terminal,Aerial Terminal,FDH502009,fdh,,,,,
T5000357,terminal,Aerial Terminal,FDH502019,fdh,,,,,
T5000358,terminal,Aerial Terminal,FDH502019,fdh,,,,,
T5000359,terminal,Aerial Terminal,FDH502019,fdh,,,,,
T5000359,terminal,Aerial Terminal,FDH502019,fdh,,,,,
T5000359,terminal,Aerial Terminal,FDH502019,fdh,,,,,
T5000360,terminal,Aerial Terminal,FDH502019,fdh,,,,,
T5000360,terminal,Aerial Terminal,FDH502019,fdh,,,,,
T5000362,terminal,Aerial Terminal,FDH502019,fdh,,,,,
T5000601,terminal,Aerial Terminal,FDH501006,fdh,,,,,
T5000623,terminal,MST,FDH501006,fdh,,,,,
T5000610,terminal,Aerial Terminal,FDH501006,fdh,,,,,
T5000163,terminal,Aerial Terminal,FDH502010,fdh,,,,,
T5000183,terminal,Aerial Terminal,FDH502019,fdh,,,,,
T5000183,terminal,Aerial Terminal,FDH502019,fdh,,,,,
T5000183,terminal,Aerial Terminal,FDH502019,fdh,,,,,
T5000185,terminal,Aerial Terminal,FDH502019,fdh,,,,,
T5000185,terminal,Aerial Terminal,FDH502019,fdh,,,,,
T5000185,terminal,Aerial Terminal,FDH502019,fdh,,,,,
T5000351,terminal,Aerial Terminal,FDH502019,fdh,,,,,
T5000351,terminal,Aerial Terminal,FDH502019,fdh,,,,,
T5000351,terminal,Aerial Terminal,FDH502019,fdh,,,,,
T5000186,terminal,Aerial Terminal,FDH502019,fdh,,,,,
T5000186,terminal,Aerial Terminal,FDH502019,fdh,,,,,
T5000302,terminal,Aerial Terminal,FDH502021,fdh,,,,,
T5000308,terminal,Aerial Terminal,FDH502021,fdh,,,,,
T5000309,terminal,Aerial Terminal,FDH502021,fdh,,,,,
T5000310,terminal,Aerial Terminal,FDH502021,fdh,,,,,
T5000310,terminal,Aerial Terminal,FDH502021,fdh,,,,,
T5000638,terminal,Aerial Terminal,FDH502021,fdh,,,,,
T5000590,terminal,Aerial Terminal,FDH502021,fdh,,,,,
T5000590,terminal,Aerial Terminal,FDH502021,fdh,,,,,
T5000591,terminal,Aerial Terminal,FDH502021,fdh,,,,,
T5000591,terminal,Aerial Terminal,FDH502021,fdh,,,,,
T5000591,terminal,Aerial Terminal,FDH502021,fdh,,,,,
T5000311,terminal,Aerial Terminal,FDH502021,fdh,,,,,
T5000366,terminal,MST,FDH502021,fdh,,,,,
T5000531,terminal,Aerial Terminal,FDH502021,fdh,,,,,
T5000652,terminal,MST,FDH502021,fdh,,,,,
T5000652,terminal,MST,FDH502021,fdh,,,,,
T5000327,terminal,Aerial Terminal,FDH502021,fdh,,,,,
T5000327,terminal,Aerial Terminal,FDH502021,fdh,,,,,
T5000328,terminal,Aerial Terminal,FDH502021,fdh,,,,,
T5000328,terminal,Aerial Terminal,FDH502021,fdh,,,,,
T5000309,terminal,Aerial Terminal,FDH502021,fdh,,,,,
T5000366,terminal,MST,FDH502021,fdh,,,,,
T5000339,terminal,Aerial Terminal,FDH502010,fdh,,,,,
T5000339,terminal,Aerial Terminal,FDH502010,fdh,,,,,
T5000339,terminal,Aerial Terminal,FDH502010,fdh,,,,,
T5000300,terminal,Aerial Terminal,FDH502010,fdh,,,,,
T5000300,terminal,Aerial Terminal,FDH502010,fdh,,,,,
T5000300,terminal,Aerial Terminal,FDH502010,fdh,,,,,
T5000278,terminal,Aerial Terminal,FDH502008,fdh,,,,,
T5000279,terminal,Aerial Terminal,FDH502008,fdh,,,,,
T5000015,terminal,Aerial Terminal,FDH502009,fdh,,,,,
T5000355,terminal,Aerial Terminal,FDH502019,fdh,,,,,
T5000356,terminal,Aerial Terminal,FDH502019,fdh,,,,,
T5000356,terminal,Aerial Terminal,FDH502019,fdh,,,,,
T5000357,terminal,Aerial Terminal,FDH502019,fdh,,,,,
T5000337,terminal,Aerial Terminal,FDH502010,fdh,,,,,
T5000336,terminal,Aerial Terminal,FDH502010,fdh,,,,,
T5000336,terminal,Aerial Terminal,FDH502010,fdh,,,,,
T5000164,terminal,Aerial Terminal,FDH501002,fdh,,,,,
T5000445,terminal,Aerial Terminal,FDH501001,fdh,,,,,
T5000444,terminal,Aerial Terminal,FDH501001,fdh,,,,,
T5000445,terminal,Aerial Terminal,FDH501001,fdh,,,,,
T5000444,terminal,Aerial Terminal,FDH501001,fdh,,,,,
T5000445,terminal,Aerial Terminal,FDH501001,fdh,,,,,
T5000633,terminal,Aerial Terminal,FDH501001,fdh,,,,,
T5000633,terminal,Aerial Terminal,FDH501001,fdh,,,,,
T5000611,terminal,Aerial Terminal,FDH501006,fdh,,,,,
T5000611,terminal,Aerial Terminal,FDH501006,fdh,,,,,
T5000610,terminal,Aerial Terminal,FDH501006,fdh,,,,,
T5000633,terminal,Aerial Terminal,FDH501001,fdh,,,,,
T5000604,terminal,Aerial Terminal,FDH501006,fdh,,,,,
T5000304,terminal,Aerial Terminal,FDH502021,fdh,,,,,
T5000304,terminal,Aerial Terminal,FDH502021,fdh,,,,,
T5000305,terminal,Aerial Terminal,FDH502021,fdh,,,,,
T5000305,terminal,Aerial Terminal,FDH502021,fdh,,,,,
T5000305,terminal,Aerial Terminal,FDH502021,fdh,,,,,
T5000305,terminal,Aerial Terminal,FDH502021,fdh,,,,,
T5000306,terminal,Aerial Terminal,FDH502021,fdh,,,,,
T5000307,terminal,Aerial Terminal,FDH502021,fdh,,,,,
T5000359,terminal,Aerial Terminal,FDH502019,fdh,,,,,
T5000356,terminal,Aerial Terminal,FDH502019,fdh,,,,,
T5000187,terminal,Aerial Terminal,FDH502019,fdh,,,,,
T5000187,terminal,Aerial Terminal,FDH502019,fdh,,,,,
T5000352,terminal,Aerial Terminal,FDH502019,fdh,,,,,
T5000352,terminal,Aerial Terminal,FDH502019,fdh,,,,,
T5000618,terminal,MST,FDH502012,fdh,,,,,
T5000479,terminal,Aerial Terminal,FDH502012,fdh,,,,,
T5000618,terminal,MST,FDH502012,fdh,,,,,
T5000618,terminal,MST,FDH502012,fdh,,,,,
T5000479,terminal,Aerial Terminal,FDH502012,fdh,,,,,
T5000327,terminal,Aerial Terminal,FDH502021,fdh,,,,,
T5000326,terminal,Aerial Terminal,FDH502021,fdh,,,,,
T5000583,terminal,Aerial Terminal,FDH502001,fdh,,,,,
T5000583,terminal,Aerial Terminal,FDH502001,fdh,,,,,
T5000583,terminal,Aerial Terminal,FDH502001,fdh,,,,,
T5000079,terminal,Aerial Terminal,FDH502001,fdh,,,,,
T5000079,terminal,Aerial Terminal,FDH502001,fdh,,,,,
T5000351,terminal,Aerial Terminal,FDH502019,fdh,,,,,
T5000351,terminal,Aerial Terminal,FDH502019,fdh,,,,,
T5000351,terminal,Aerial Terminal,FDH502019,fdh,,,,,
T5000185,terminal,Aerial Terminal,FDH502019,fdh,,,,,
T5000362,terminal,Aerial Terminal,FDH502019,fdh,,,,,
T5000357,terminal,Aerial Terminal,FDH502019,fdh,,,,,
T5000357,terminal,Aerial Terminal,FDH502019,fdh,,,,,
T5000003,terminal,Aerial Terminal,FDH501008,fdh,,,,,
T5000003,terminal,Aerial Terminal,FDH501008,fdh,,,,,
T5000438,terminal,Aerial Terminal,FDH501001,fdh,,,,,
T5000195,terminal,Aerial Terminal,FDH502007,fdh,,,,,
T5000207,terminal,Aerial Terminal,FDH502007,fdh,,,,,
T5000170,terminal,Aerial Terminal,FDH502009,fdh,,,,,
T5000588,terminal,Aerial Terminal,FDH502021,fdh,,,,,
T5000301,terminal,Aerial Terminal,FDH502010,fdh,,,,,
T5000588,terminal,Aerial Terminal,FDH502021,fdh,,,,,
T5000315,terminal,Aerial Terminal,FDH502021,fdh,,,,,
T5000153,terminal,Aerial Terminal,FDH502021,fdh,,,,,
T5000153,terminal,Aerial Terminal,FDH502021,fdh,,,,,
T5000153,terminal,Aerial Terminal,FDH502021,fdh,,,,,
T5000304,terminal,Aerial Terminal,FDH502021,fdh,,,,,
T5000304,terminal,Aerial Terminal,FDH502021,fdh,,,,,
T5000301,terminal,Aerial Terminal,FDH502010,fdh,,,,,
T5000301,terminal,Aerial Terminal,FDH502010,fdh,,,,,
T5000301,terminal,Aerial Terminal,FDH502010,fdh,,,,,
T5000301,terminal,Aerial Terminal,FDH502010,fdh,,,,,
T5000301,terminal,Aerial Terminal,FDH502010,fdh,,,,,
T5000301,terminal,Aerial Terminal,FDH502010,fdh,,,,,
T5000301,terminal,Aerial Terminal,FDH502010,fdh,,,,,
T5000302,terminal,Aerial Terminal,FDH502021,fdh,,,,,
T5000327,terminal,Aerial Terminal,FDH502021,fdh,,,,,
T5000326,terminal,Aerial Terminal,FDH502021,fdh,,,,,
T5000326,terminal,Aerial Terminal,FDH502021,fdh,,,,,
T5000326,terminal,Aerial Terminal,FDH502021,fdh,,,,,
T5000325,terminal,Aerial Terminal,FDH502021,fdh,,,,,
T5000326,terminal,Aerial Terminal,FDH502021,fdh,,,,,
T5000325,terminal,Aerial Terminal,FDH502021,fdh,,,,,
T5000325,terminal,Aerial Terminal,FDH502021,fdh,,,,,
T5000325,terminal,Aerial Terminal,FDH502021,fdh,,,,,
T5000324,terminal,Aerial Terminal,FDH502021,fdh,,,,,
T5000324,terminal,Aerial Terminal,FDH502021,fdh,,,,,
T5000315,terminal,Aerial Terminal,FDH502021,fdh,,,,,
T5000313,terminal,Aerial Terminal,FDH502021,fdh,,,,,
T5000312,terminal,Aerial Terminal,FDH502021,fdh,,,,,
T5000323,terminal,Aerial Terminal,FDH502021,fdh,,,,,
T5000323,terminal,Aerial Terminal,FDH502021,fdh,,,,,
T5000323,terminal,Aerial Terminal,FDH502021,fdh,,,,,
T5000323,terminal,Aerial Terminal,FDH502021,fdh,,,,,
T5000322,terminal,Aerial Terminal,FDH502021,fdh,,,,,
T5000322,terminal,Aerial Terminal,FDH502021,fdh,,,,,
T5000322,terminal,Aerial Terminal,FDH502021,fdh,,,,,
T5000322,terminal,Aerial Terminal,FDH502021,fdh,,,,,
T5000318,terminal,Aerial Terminal,FDH502021,fdh,,,,,
T5000184,terminal,Aerial Terminal,FDH502019,fdh,,,,,
T5000183,terminal,Aerial Terminal,FDH502019,fdh,,,,,
T5000081,terminal,Aerial Terminal,FDH502003,fdh,,,,,
T5000081,terminal,Aerial Terminal,FDH502003,fdh,,,,,
T5000081,terminal,Aerial Terminal,FDH502003,fdh,,,,,
T5000100,terminal,Aerial Terminal,FDH502003,fdh,,,,,
T5000100,terminal,Aerial Terminal,FDH502003,fdh,,,,,
T5000100,terminal,Aerial Terminal,FDH502003,fdh,,,,,
T5000098,terminal,Aerial Terminal,FDH502003,fdh,,,,,
T5000098,terminal,Aerial Terminal,FDH502003,fdh,,,,,
T5000118,terminal,Aerial Terminal,FDH502003,fdh,,,,,
T5000118,terminal,Aerial Terminal,FDH502003,fdh,,,,,
T5000119,terminal,Aerial Terminal,FDH502003,fdh,,,,,
T5000119,terminal,Aerial Terminal,FDH502003,fdh,,,,,
T5000096,terminal,Aerial Terminal,FDH502003,fdh,,,,,
T5000047,terminal,Aerial Terminal,FDH502003,fdh,,,,,
T5000047,terminal,Aerial Terminal,FDH502003,fdh,,,,,
T5000055,terminal,Aerial Terminal,FDH502017,fdh,,,,,
T5000054,terminal,Aerial Terminal,FDH502018,fdh,,,,,
T5000159,terminal,Aerial Terminal,FDH502018,fdh,,,,,
T5000159,terminal,Aerial Terminal,FDH502018,fdh,,,,,
T5000159,terminal,Aerial Terminal,FDH502018,fdh,,,,,
T5000005,terminal,Aerial Terminal,FDH502018,fdh,,,,,
T5000303,terminal,Aerial Terminal,FDH502010,fdh,,,,,
T5000331,terminal,Aerial Terminal,FDH502010,fdh,,,,,
T5000009,terminal,Aerial Terminal,FDH502018,fdh,,,,,
T5000330,terminal,Aerial Terminal,FDH502010,fdh,,,,,
T5000330,terminal,Aerial Terminal,FDH502010,fdh,,,,,
T5000295,terminal,Aerial Terminal,FDH502008,fdh,,,,,
T5000295,terminal,Aerial Terminal,FDH502008,fdh,,,,,
T5000295,terminal,Aerial Terminal,FDH502008,fdh,,,,,
T5000295,terminal,Aerial Terminal,FDH502008,fdh,,,,,
T5000294,terminal,Aerial Terminal,FDH502008,fdh,,,,,
T5000282,terminal,Aerial Terminal,FDH502008,fdh,,,,,
T5000282,terminal,Aerial Terminal,FDH502008,fdh,,,,,
T5000282,terminal,Aerial Terminal,FDH502008,fdh,,,,,
T5000281,terminal,Aerial Terminal,FDH502008,fdh,,,,,
T5000281,terminal,Aerial Terminal,FDH502008,fdh,,,,,
T5000281,terminal,Aerial Terminal,FDH502008,fdh,,,,,
T5000280,terminal,Aerial Terminal,FDH502008,fdh,,,,,
T5000280,terminal,Aerial Terminal,FDH502008,fdh,,,,,
T5000280,terminal,Aerial Terminal,FDH502008,fdh,,,,,
T5000270,terminal,Aerial Terminal,FDH502008,fdh,,,,,
T5000265,terminal,Aerial Terminal,FDH502008,fdh,,,,,
T5000265,terminal,Aerial Terminal,FDH502008,fdh,,,,,
T5000265,terminal,Aerial Terminal,FDH502008,fdh,,,,,
T5000265,terminal,Aerial Terminal,FDH502008,fdh,,,,,
T5000284,terminal,Aerial Terminal,FDH502008,fdh,,,,,
T5000284,terminal,Aerial Terminal,FDH502008,fdh,,,,,
T5000284,terminal,Aerial Terminal,FDH502008,fdh,,,,,
T5000627,terminal,MST,FDH502002,fdh,,,,,
T5000284,terminal,Aerial Terminal,FDH502008,fdh,,,,,
T5000275,terminal,Aerial Terminal,FDH502008,fdh,,,,,
T5000275,terminal,Aerial Terminal,FDH502008,fdh,,,,,
T5000275,terminal,Aerial Terminal,FDH502008,fdh,,,,,
T5000275,terminal,Aerial Terminal,FDH502008,fdh,,,,,
T5000275,terminal,Aerial Terminal,FDH502008,fdh,,,,,
T5000270,terminal,Aerial Terminal,FDH502008,fdh,,,,,
T5000212,terminal,Aerial Terminal,FDH502007,fdh,,,,,
T5000212,terminal,Aerial Terminal,FDH502007,fdh,,,,,
T5000264,terminal,Aerial Terminal,FDH502007,fdh,,,,,
T5000278,terminal,Aerial Terminal,FDH502008,fdh,,,,,
T5000587,terminal,Aerial Terminal,FDH502021,fdh,,,,,
T5000316,terminal,Aerial Terminal,FDH502021,fdh,,,,,
T5000316,terminal,Aerial Terminal,FDH502021,fdh,,,,,
T5000311,terminal,Aerial Terminal,FDH502021,fdh,,,,,
T5000311,terminal,Aerial Terminal,FDH502021,fdh,,,,,
T5000316,terminal,Aerial Terminal,FDH502021,fdh,,,,,
T5000315,terminal,Aerial Terminal,FDH502021,fdh,,,,,
T5000316,terminal,Aerial Terminal,FDH502021,fdh,,,,,
T5000315,terminal,Aerial Terminal,FDH502021,fdh,,,,,
T5000048,terminal,Aerial Terminal,FDH502003,fdh,,,,,
T5000048,terminal,Aerial Terminal,FDH502003,fdh,,,,,
T5000048,terminal,Aerial Terminal,FDH502003,fdh,,,,,
T5000048,terminal,Aerial Terminal,FDH502003,fdh,,,,,
T5000212,terminal,Aerial Terminal,FDH502007,fdh,,,,,
T5000264,terminal,Aerial Terminal,FDH502007,fdh,,,,,
T5000264,terminal,Aerial Terminal,FDH502007,fdh,,,,,
T5000264,terminal,Aerial Terminal,FDH502007,fdh,,,,,
T5000263,terminal,Aerial Terminal,FDH502007,fdh,,,,,
T5000262,terminal,Aerial Terminal,FDH502007,fdh,,,,,
T5000260,terminal,Aerial Terminal,FDH502007,fdh,,,,,
T5000260,terminal,Aerial Terminal,FDH502007,fdh,,,,,
T5000261,terminal,Aerial Terminal,FDH502007,fdh,,,,,
T5000261,terminal,Aerial Terminal,FDH502007,fdh,,,,,
T5000262,terminal,Aerial Terminal,FDH502007,fdh,,,,,
T5000196,terminal,Aerial Terminal,FDH502007,fdh,,,,,
T5000198,terminal,Aerial Terminal,FDH502007,fdh,,,,,
T5000206,terminal,Aerial Terminal,FDH502007,fdh,,,,,
T5000209,terminal,Aerial Terminal,FDH502007,fdh,,,,,
T5000209,terminal,Aerial Terminal,FDH502007,fdh,,,,,
T5000209,terminal,Aerial Terminal,FDH502007,fdh,,,,,
T5000189,terminal,Aerial Terminal,FDH502007,fdh,,,,,
T5000190,terminal,Aerial Terminal,FDH502007,fdh,,,,,
T5000190,terminal,Aerial Terminal,FDH502007,fdh,,,,,
T5000197,terminal,Aerial Terminal,FDH502007,fdh,,,,,
T5000142,terminal,Aerial Terminal,FDH502018,fdh,,,,,
T5000142,terminal,Aerial Terminal,FDH502018,fdh,,,,,
T5000142,terminal,Aerial Terminal,FDH502018,fdh,,,,,
T5000141,terminal,Aerial Terminal,FDH502018,fdh,,,,,
T5000140,terminal,Aerial Terminal,FDH502018,fdh,,,,,
T5000140,terminal,Aerial Terminal,FDH502018,fdh,,,,,
T5000139,terminal,Aerial Terminal,FDH502018,fdh,,,,,
T5000138,terminal,Aerial Terminal,FDH502018,fdh,,,,,
T5000138,terminal,Aerial Terminal,FDH502018,fdh,,,,,
T5000138,terminal,Aerial Terminal,FDH502018,fdh,,,,,
T5000137,terminal,Aerial Terminal,FDH502018,fdh,,,,,
T5000135,terminal,Aerial Terminal,FDH502018,fdh,,,,,
T5000135,terminal,Aerial Terminal,FDH502018,fdh,,,,,
T5000135,terminal,Aerial Terminal,FDH502018,fdh,,,,,
T5000134,terminal,Aerial Terminal,FDH502018,fdh,,,,,
T5000134,terminal,Aerial Terminal,FDH502018,fdh,,,,,
T5000150,terminal,Aerial Terminal,FDH502018,fdh,,,,,
T5000329,terminal,Aerial Terminal,FDH502018,fdh,,,,,
T5000259,terminal,Aerial Terminal,FDH502004,fdh,,,,,
T5000014,terminal,Aerial Terminal,FDH502004,fdh,,,,,
T5000014,terminal,Aerial Terminal,FDH502004,fdh,,,,,
T5000246,terminal,Aerial Terminal,FDH502004,fdh,,,,,
T5000343,terminal,Aerial Terminal,FDH502010,fdh,,,,,
T5000009,terminal,Aerial Terminal,FDH502018,fdh,,,,,
T5000159,terminal,Aerial Terminal,FDH502018,fdh,,,,,
T5000004,terminal,Aerial Terminal,FDH502018,fdh,,,,,
T5000082,terminal,Aerial Terminal,FDH502018,fdh,,,,,
T5000157,terminal,Aerial Terminal,FDH502018,fdh,,,,,
T5000114,terminal,Aerial Terminal,FDH502018,fdh,,,,,
T5000054,terminal,Aerial Terminal,FDH502018,fdh,,,,,
T5000112,terminal,Aerial Terminal,FDH502003,fdh,,,,,
T5000364,terminal,Aerial Terminal,FDH502018,fdh,,,,,
T5000111,terminal,Aerial Terminal,FDH502003,fdh,,,,,
T5000100,terminal,Aerial Terminal,FDH502003,fdh,,,,,
T5000081,terminal,Aerial Terminal,FDH502003,fdh,,,,,
T5000097,terminal,Aerial Terminal,FDH502003,fdh,,,,,
T5000097,terminal,Aerial Terminal,FDH502003,fdh,,,,,
T5000097,terminal,Aerial Terminal,FDH502003,fdh,,,,,
T5000365,terminal,Aerial Terminal,FDH502018,fdh,,,,,
T5000056,terminal,Aerial Terminal,FDH502017,fdh,,,,,
T5000023,terminal,Aerial Terminal,FDH502017,fdh,,,,,
T5000090,terminal,Aerial Terminal,FDH502017,fdh,,,,,
T5000633,terminal,Aerial Terminal,FDH501001,fdh,,,,,
T5000340,terminal,Aerial Terminal,FDH502010,fdh,,,,,
T5000341,terminal,Aerial Terminal,FDH502010,fdh,,,,,
T5000633,terminal,Aerial Terminal,FDH501001,fdh,,,,,
T5000633,terminal,Aerial Terminal,FDH501001,fdh,,,,,
T5000633,terminal,Aerial Terminal,FDH501001,fdh,,,,,
T5000633,terminal,Aerial Terminal,FDH501001,fdh,,,,,
T5000422,terminal,Aerial Terminal,FDH501006,fdh,,,,,
T5000633,terminal,Aerial Terminal,FDH501001,fdh,,,,,
T5000489,terminal,Aerial Terminal,FDH502015,fdh,,,,,
T5000569,terminal,Aerial Terminal,FDH502014,fdh,,,,,
T5000569,terminal,Aerial Terminal,FDH502014,fdh,,,,,
T5000466,terminal,Aerial Terminal,FDH502014,fdh,,,,,
T5000245,terminal,Aerial Terminal,FDH502020,fdh,,,,,
T5000245,terminal,Aerial Terminal,FDH502020,fdh,,,,,
T5000219,terminal,Aerial Terminal,FDH502020,fdh,,,,,
T5000219,terminal,Aerial Terminal,FDH502020,fdh,,,,,
T5000220,terminal,Aerial Terminal,FDH502020,fdh,,,,,
T5000220,terminal,Aerial Terminal,FDH502020,fdh,,,,,
T5000635,terminal,Aerial Terminal,FDH502006,fdh,,,,,
T5000532,terminal,Aerial Terminal,FDH502006,fdh,,,,,
T5000454,terminal,Aerial Terminal,FDH502014,fdh,,,,,
T5000221,terminal,Aerial Terminal,FDH502006,fdh,,,,,
T5000221,terminal,Aerial Terminal,FDH502006,fdh,,,,,
T5000221,terminal,Aerial Terminal,FDH502006,fdh,,,,,
T5000221,terminal,Aerial Terminal,FDH502006,fdh,,,,,
T5000221,terminal,Aerial Terminal,FDH502006,fdh,,,,,
T5000258,terminal,Aerial Terminal,FDH502006,fdh,,,,,
T5000258,terminal,Aerial Terminal,FDH502006,fdh,,,,,
T5000256,terminal,Aerial Terminal,FDH502006,fdh,,,,,
T5000254,terminal,Aerial Terminal,FDH502006,fdh,,,,,
T5000256,terminal,Aerial Terminal,FDH502006,fdh,,,,,
T5000256,terminal,Aerial Terminal,FDH502006,fdh,,,,,
T5000296,terminal,Aerial Terminal,FDH502008,fdh,,,,,
T5000297,terminal,Aerial Terminal,FDH502008,fdh,,,,,
T5000669,terminal,Aerial Terminal,FDH502008,fdh,,,,,
T5000401,terminal,Aerial Terminal,FDH502001,fdh,,,,,
T5000399,terminal,Aerial Terminal,FDH502001,fdh,,,,,
T5000399,terminal,Aerial Terminal,FDH502001,fdh,,,,,
T5000397,terminal,Aerial Terminal,FDH502001,fdh,,,,,
T5000397,terminal,Aerial Terminal,FDH502001,fdh,,,,,
T5000397,terminal,Aerial Terminal,FDH502001,fdh,,,,,
T5000402,terminal,Aerial Terminal,FDH502001,fdh,,,,,
T5000444,terminal,Aerial Terminal,FDH501001,fdh,,,,,
T5000446,terminal,Aerial Terminal,FDH501001,fdh,,,,,
T5000446,terminal,Aerial Terminal,FDH501001,fdh,,,,,
T5000634,terminal,Aerial Terminal,FDH501001,fdh,,,,,
T5000634,terminal,Aerial Terminal,FDH501001,fdh,,,,,
T5000634,terminal,Aerial Terminal,FDH501001,fdh,,,,,
T5000634,terminal,Aerial Terminal,FDH501001,fdh,,,,,
T5000446,terminal,Aerial Terminal,FDH501001,fdh,,,,,
T5000446,terminal,Aerial Terminal,FDH501001,fdh,,,,,
T5000620,terminal,MST,FDH502001,fdh,,,,,
T5000620,terminal,MST,FDH502001,fdh,,,,,
T5000634,terminal,Aerial Terminal,FDH501001,fdh,,,,,
T5000424,terminal,Aerial Terminal,FDH501006,fdh,,,,,
T5000108,terminal,Aerial Terminal,FDH501006,fdh,,,,,
T5000108,terminal,Aerial Terminal,FDH501006,fdh,,,,,
T5000292,terminal,Aerial Terminal,FDH502005,fdh,,,,,
T5000292,terminal,Aerial Terminal,FDH502005,fdh,,,,,
T5000215,terminal,Aerial Terminal,FDH502020,fdh,,,,,
T5000245,terminal,Aerial Terminal,FDH502020,fdh,,,,,
T5000398,terminal,Aerial Terminal,FDH502001,fdh,,,,,
T5000398,terminal,Aerial Terminal,FDH502001,fdh,,,,,
T5000634,terminal,Aerial Terminal,FDH501001,fdh,,,,,
T5000446,terminal,Aerial Terminal,FDH501001,fdh,,,,,
T5000444,terminal,Aerial Terminal,FDH501001,fdh,,,,,
T5000398,terminal,Aerial Terminal,FDH502001,fdh,,,,,
T5000399,terminal,Aerial Terminal,FDH502001,fdh,,,,,
T5000399,terminal,Aerial Terminal,FDH502001,fdh,,,,,
T5000400,terminal,Aerial Terminal,FDH502001,fdh,,,,,
T5000402,terminal,Aerial Terminal,FDH502001,fdh,,,,,
T5000402,terminal,Aerial Terminal,FDH502001,fdh,,,,,
T5000402,terminal,Aerial Terminal,FDH502001,fdh,,,,,
T5000401,terminal,Aerial Terminal,FDH502001,fdh,,,,,
T5000401,terminal,Aerial Terminal,FDH502001,fdh,,,,,
T5000397,terminal,Aerial Terminal,FDH502001,fdh,,,,,
T5000397,terminal,Aerial Terminal,FDH502001,fdh,,,,,
T5000400,terminal,Aerial Terminal,FDH502001,fdh,,,,,
T5000401,terminal,Aerial Terminal,FDH502001,fdh,,,,,
T5000401,terminal,Aerial Terminal,FDH502001,fdh,,,,,
T5000402,terminal,Aerial Terminal,FDH502001,fdh,,,,,
T5000402,terminal,Aerial Terminal,FDH502001,fdh,,,,,
T5000400,terminal,Aerial Terminal,FDH502001,fdh,,,,,
T5000400,terminal,Aerial Terminal,FDH502001,fdh,,,,,
T5000400,terminal,Aerial Terminal,FDH502001,fdh,,,,,
T5000400,terminal,Aerial Terminal,FDH502001,fdh,,,,,
T5000046,terminal,Aerial Terminal,FDH502003,fdh,,,,,
T5000530,terminal,Aerial Terminal,FDH502017,fdh,,,,,
T5000024,terminal,Aerial Terminal,FDH502017,fdh,,,,,
T5000025,terminal,Aerial Terminal,FDH502017,fdh,,,,,
T5000025,terminal,Aerial Terminal,FDH502017,fdh,,,,,
T5000101,terminal,Aerial Terminal,FDH502017,fdh,,,,,
T5000022,terminal,Aerial Terminal,FDH502017,fdh,,,,,
T5000601,terminal,Aerial Terminal,FDH501006,fdh,,,,,
T5000506,terminal,Aerial Terminal,FDH502013,fdh,,,,,
T5000507,terminal,Aerial Terminal,FDH502013,fdh,,,,,
T5000575,terminal,Aerial Terminal,FDH501004,fdh,,,,,
T5000575,terminal,Aerial Terminal,FDH501004,fdh,,,,,
T5000575,terminal,Aerial Terminal,FDH501004,fdh,,,,,
T5000576,terminal,Aerial Terminal,FDH501004,fdh,,,,,
T5000576,terminal,Aerial Terminal,FDH501004,fdh,,,,,
T5000576,terminal,Aerial Terminal,FDH501004,fdh,,,,,
T5000606,terminal,Aerial Terminal,FDH501006,fdh,,,,,
T5000599,terminal,Aerial Terminal,FDH501006,fdh,,,,,
T5000599,terminal,Aerial Terminal,FDH501006,fdh,,,,,
T5000599,terminal,Aerial Terminal,FDH501006,fdh,,,,,
T5000029,terminal,Aerial Terminal,FDH502017,fdh,,,,,
T5000539,terminal,Aerial Terminal,FDH502011,fdh,,,,,
T5000599,terminal,Aerial Terminal,FDH501006,fdh,,,,,
T5000605,terminal,Aerial Terminal,FDH501006,fdh,,,,,
T5000603,terminal,Aerial Terminal,FDH501006,fdh,,,,,
T5000600,terminal,Aerial Terminal,FDH501006,fdh,,,,,
T5000105,terminal,Aerial Terminal,FDH501006,fdh,,,,,
T5000105,terminal,Aerial Terminal,FDH501006,fdh,,,,,
T5000426,terminal,Aerial Terminal,FDH501008,fdh,,,,,
T5000394,terminal,Aerial Terminal,FDH501007,fdh,,,,,
T5000384,terminal,Aerial Terminal,FDH501009,fdh,,,,,
T5000619,terminal,MST,FDH502001,fdh,,,,,
T5000617,terminal,MST,FDH501006,fdh,,,,,
T5000002,terminal,Aerial Terminal,FDH501006,fdh,,,,,
T5000424,terminal,Aerial Terminal,FDH501006,fdh,,,,,
T5000424,terminal,Aerial Terminal,FDH501006,fdh,,,,,
T5000108,terminal,Aerial Terminal,FDH501006,fdh,,,,,
T5000612,terminal,MST,FDH501006,fdh,,,,,
T5000612,terminal,MST,FDH501006,fdh,,,,,
T5000611,terminal,Aerial Terminal,FDH501006,fdh,,,,,
T5000613,terminal,Aerial Terminal,FDH501006,fdh,,,,,
T5000598,terminal,Aerial Terminal,FDH501006,fdh,,,,,
T5000248,terminal,Aerial Terminal,FDH502006,fdh,,,,,
T5000258,terminal,Aerial Terminal,FDH502006,fdh,,,,,
T5000258,terminal,Aerial Terminal,FDH502006,fdh,,,,,
T5000247,terminal,Aerial Terminal,FDH502006,fdh,,,,,
T5000243,terminal,Aerial Terminal,FDH502006,fdh,,,,,
T5000243,terminal,Aerial Terminal,FDH502006,fdh,,,,,
T5000243,terminal,Aerial Terminal,FDH502006,fdh,,,,,
T5000266,terminal,Aerial Terminal,FDH502006,fdh,,,,,
T5000377,terminal,Aerial Terminal,FDH501007,fdh,,,,,
T5000581,terminal,Aerial Terminal,FDH502001,fdh,,,,,
T5000581,terminal,Aerial Terminal,FDH502001,fdh,,,,,
T5000396,terminal,Aerial Terminal,FDH502001,fdh,,,,,
T5000396,terminal,Aerial Terminal,FDH502001,fdh,,,,,
T5000395,terminal,Aerial Terminal,FDH502001,fdh,,,,,
T5000133,terminal,Aerial Terminal,FDH502009,fdh,,,,,
T5000133,terminal,Aerial Terminal,FDH502009,fdh,,,,,
T5000113,terminal,Aerial Terminal,FDH501007,fdh,,,,,
T5000602,terminal,Aerial Terminal,FDH501006,fdh,,,,,
T5000266,terminal,Aerial Terminal,FDH502006,fdh,,,,,
T5000266,terminal,Aerial Terminal,FDH502006,fdh,,,,,
T5000238,terminal,Aerial Terminal,FDH502005,fdh,,,,,
T5000237,terminal,Aerial Terminal,FDH502005,fdh,,,,,
T5000236,terminal,Aerial Terminal,FDH502005,fdh,,,,,
T5000235,terminal,Aerial Terminal,FDH502005,fdh,,,,,
T5000386,terminal,Aerial Terminal,FDH501009,fdh,,,,,
T5000065,terminal,Aerial Terminal,FDH502003,fdh,,,,,
T5000065,terminal,Aerial Terminal,FDH502003,fdh,,,,,
T5000065,terminal,Aerial Terminal,FDH502003,fdh,,,,,
T5000065,terminal,Aerial Terminal,FDH502003,fdh,,,,,
T5000585,terminal,Aerial Terminal,FDH502003,fdh,,,,,
T5000048,terminal,Aerial Terminal,FDH502003,fdh,,,,,
T5000065,terminal,Aerial Terminal,FDH502003,fdh,,,,,
T5000386,terminal,Aerial Terminal,FDH501009,fdh,,,,,
T5000386,terminal,Aerial Terminal,FDH501009,fdh,,,,,
T5000376,terminal,Aerial Terminal,FDH501007,fdh,,,,,
T5000113,terminal,Aerial Terminal,FDH501007,fdh,,,,,
T5000115,terminal,Aerial Terminal,FDH501007,fdh,,,,,
T5000115,terminal,Aerial Terminal,FDH501007,fdh,,,,,
T5000113,terminal,Aerial Terminal,FDH501007,fdh,,,,,
T5000115,terminal,Aerial Terminal,FDH501007,fdh,,,,,
T5000113,terminal,Aerial Terminal,FDH501007,fdh,,,,,
T5000376,terminal,Aerial Terminal,FDH501007,fdh,,,,,
T5000376,terminal,Aerial Terminal,FDH501007,fdh,,,,,
T5000376,terminal,Aerial Terminal,FDH501007,fdh,,,,,
T5000376,terminal,Aerial Terminal,FDH501007,fdh,,,,,
T5000113,terminal,Aerial Terminal,FDH501007,fdh,,,,,
T5000113,terminal,Aerial Terminal,FDH501007,fdh,,,,,
T5000115,terminal,Aerial Terminal,FDH501007,fdh,,,,,
T5000391,terminal,Aerial Terminal,FDH501009,fdh,,,,,
T5000619,terminal,MST,FDH502001,fdh,,,,,
T5000409,terminal,Aerial Terminal,FDH502001,fdh,,,,,
T5000409,terminal,Aerial Terminal,FDH502001,fdh,,,,,
T5000636,terminal,Aerial Terminal,FDH502016,fdh,,,,,
T5000462,terminal,Aerial Terminal,FDH502016,fdh,,,,,
T5000462,terminal,Aerial Terminal,FDH502016,fdh,,,,,
T5000462,terminal,Aerial Terminal,FDH502016,fdh,,,,,
T5000462,terminal,Aerial Terminal,FDH502016,fdh,,,,,
T5000458,terminal,Aerial Terminal,FDH502014,fdh,,,,,
T5000659,terminal,Aerial Terminal,FDH501009,fdh,,,,,
T5000390,terminal,Aerial Terminal,FDH501009,fdh,,,,,
T5000390,terminal,Aerial Terminal,FDH501009,fdh,,,,,
T5000052,terminal,Aerial Terminal,FDH501009,fdh,,,,,
T5000458,terminal,Aerial Terminal,FDH502014,fdh,,,,,
T5000458,terminal,Aerial Terminal,FDH502014,fdh,,,,,
T5000458,terminal,Aerial Terminal,FDH502014,fdh,,,,,
T5000458,terminal,Aerial Terminal,FDH502014,fdh,,,,,
T5000380,terminal,Aerial Terminal,FDH501009,fdh,,,,,
T5000393,terminal,Aerial Terminal,FDH501009,fdh,,,,,
T5000391,terminal,Aerial Terminal,FDH501009,fdh,,,,,
T5000391,terminal,Aerial Terminal,FDH501009,fdh,,,,,
T5000391,terminal,Aerial Terminal,FDH501009,fdh,,,,,
T5000052,terminal,Aerial Terminal,FDH501009,fdh,,,,,
T5000391,terminal,Aerial Terminal,FDH501009,fdh,,,,,
T5000391,terminal,Aerial Terminal,FDH501009,fdh,,,,,
T5000391,terminal,Aerial Terminal,FDH501009,fdh,,,,,
T5000052,terminal,Aerial Terminal,FDH501009,fdh,,,,,
T5000378,terminal,Aerial Terminal,FDH501009,fdh,,,,,
T5000461,terminal,Aerial Terminal,FDH502016,fdh,,,,,
T5000460,terminal,Aerial Terminal,FDH502016,fdh,,,,,
T5000459,terminal,Aerial Terminal,FDH502016,fdh,,,,,
T5000550,terminal,Aerial Terminal,FDH502016,fdh,,,,,
T5000179,terminal,Aerial Terminal,FDH502002,fdh,,,,,
T5000060,terminal,Aerial Terminal,FDH502002,fdh,,,,,
T5000060,terminal,Aerial Terminal,FDH502002,fdh,,,,,
T5000060,terminal,Aerial Terminal,FDH502002,fdh,,,,,
T5000049,terminal,Aerial Terminal,FDH502009,fdh,,,,,
T5000124,terminal,Aerial Terminal,FDH501002,fdh,,,,,
T5000060,terminal,Aerial Terminal,FDH502002,fdh,,,,,
T5000013,terminal,Aerial Terminal,FDH501003,fdh,,,,,
T5000657,terminal,Aerial Terminal,FDH502009,fdh,,,,,
T5000626,terminal,MST,FDH502009,fdh,,,,,
T5000572,terminal,Aerial Terminal,FDH501004,fdh,,,,,
T5000573,terminal,Aerial Terminal,FDH501004,fdh,,,,,
T5000573,terminal,Aerial Terminal,FDH501004,fdh,,,,,
T5000573,terminal,Aerial Terminal,FDH501004,fdh,,,,,
T5000573,terminal,Aerial Terminal,FDH501004,fdh,,,,,
T5000064,terminal,Aerial Terminal,FDH502009,fdh,,,,,
T5000573,terminal,Aerial Terminal,FDH501004,fdh,,,,,
T5000574,terminal,Aerial Terminal,FDH501004,fdh,,,,,
T5000574,terminal,Aerial Terminal,FDH501004,fdh,,,,,
T5000574,terminal,Aerial Terminal,FDH501004,fdh,,,,,
T5000574,terminal,Aerial Terminal,FDH501004,fdh,,,,,
T5000495,terminal,Aerial Terminal,FDH502013,fdh,,,,,
T5000495,terminal,Aerial Terminal,FDH502013,fdh,,,,,
T5000495,terminal,Aerial Terminal,FDH502013,fdh,,,,,
T5000495,terminal,Aerial Terminal,FDH502013,fdh,,,,,
T5000495,terminal,Aerial Terminal,FDH502013,fdh,,,,,
T5000495,terminal,Aerial Terminal,FDH502013,fdh,,,,,
T5000495,terminal,Aerial Terminal,FDH502013,fdh,,,,,
T5000495,terminal,Aerial Terminal,FDH502013,fdh,,,,,
T5000495,terminal,Aerial Terminal,FDH502013,fdh,,,,,
T5000495,terminal,Aerial Terminal,FDH502013,fdh,,,,,
T5000494,terminal,Aerial Terminal,FDH502013,fdh,,,,,
T5000494,terminal,Aerial Terminal,FDH502013,fdh,,,,,
T5000494,terminal,Aerial Terminal,FDH502013,fdh,,,,,
T5000494,terminal,Aerial Terminal,FDH502013,fdh,,,,,
T5000494,terminal,Aerial Terminal,FDH502013,fdh,,,,,
T5000494,terminal,Aerial Terminal,FDH502013,fdh,,,,,
T5000494,terminal,Aerial Terminal,FDH502013,fdh,,,,,
T5000012,terminal,Aerial Terminal,FDH501002,fdh,,,,,
T5000012,terminal,Aerial Terminal,FDH501002,fdh,,,,,
T5000012,terminal,Aerial Terminal,FDH501002,fdh,,,,,
T5000155,terminal,Aerial Terminal,FDH501002,fdh,,,,,
T5000012,terminal,Aerial Terminal,FDH501002,fdh,,,,,
T5000012,terminal,Aerial Terminal,FDH501002,fdh,,,,,
T5000031,terminal,Aerial Terminal,FDH501002,fdh,,,,,
T5000031,terminal,Aerial Terminal,FDH501002,fdh,,,,,
T5000031,terminal,Aerial Terminal,FDH501002,fdh,,,,,
T5000031,terminal,Aerial Terminal,FDH501002,fdh,,,,,
T5000031,terminal,Aerial Terminal,FDH501002,fdh,,,,,
T5000494,terminal,Aerial Terminal,FDH502013,fdh,,,,,
T5000488,terminal,Aerial Terminal,FDH502013,fdh,,,,,
T5000488,terminal,Aerial Terminal,FDH502013,fdh,,,,,
T5000488,terminal,Aerial Terminal,FDH502013,fdh,,,,,
T5000488,terminal,Aerial Terminal,FDH502013,fdh,,,,,
T5000488,terminal,Aerial Terminal,FDH502013,fdh,,,,,
T5000488,terminal,Aerial Terminal,FDH502013,fdh,,,,,
T5000488,terminal,Aerial Terminal,FDH502013,fdh,,,,,
T5000488,terminal,Aerial Terminal,FDH502013,fdh,,,,,
T5000488,terminal,Aerial Terminal,FDH502013,fdh,,,,,
T5000488,terminal,Aerial Terminal,FDH502013,fdh,,,,,
T5000487,terminal,Aerial Terminal,FDH502013,fdh,,,,,
T5000487,terminal,Aerial Terminal,FDH502013,fdh,,,,,
T5000487,terminal,Aerial Terminal,FDH502013,fdh,,,,,
T5000487,terminal,Aerial Terminal,FDH502013,fdh,,,,,
T5000486,terminal,Aerial Terminal,FDH502013,fdh,,,,,
T5000487,terminal,Aerial Terminal,FDH502013,fdh,,,,,
T5000487,terminal,Aerial Terminal,FDH502013,fdh,,,,,
T5000487,terminal,Aerial Terminal,FDH502013,fdh,,,,,
T5000487,terminal,Aerial Terminal,FDH502013,fdh,,,,,
T5000487,terminal,Aerial Terminal,FDH502013,fdh,,,,,
T5000486,terminal,Aerial Terminal,FDH502013,fdh,,,,,
T5000486,terminal,Aerial Terminal,FDH502013,fdh,,,,,
T5000486,terminal,Aerial Terminal,FDH502013,fdh,,,,,
T5000486,terminal,Aerial Terminal,FDH502013,fdh,,,,,
T5000479,terminal,Aerial Terminal,FDH502012,fdh,,,,,
T5000479,terminal,Aerial Terminal,FDH502012,fdh,,,,,
T5000486,terminal,Aerial Terminal,FDH502013,fdh,,,,,
T5000486,terminal,Aerial Terminal,FDH502013,fdh,,,,,
T5000480,terminal,Aerial Terminal,FDH502012,fdh,,,,,
T5000480,terminal,Aerial Terminal,FDH502012,fdh,,,,,
T5000480,terminal,Aerial Terminal,FDH502012,fdh,,,,,
T5000480,terminal,Aerial Terminal,FDH502012,fdh,,,,,
T5000477,terminal,Aerial Terminal,FDH502012,fdh,,,,,
T5000477,terminal,Aerial Terminal,FDH502012,fdh,,,,,
T5000472,terminal,Aerial Terminal,FDH502012,fdh,,,,,
T5000472,terminal,Aerial Terminal,FDH502012,fdh,,,,,
T5000194,terminal,Aerial Terminal,FDH501003,fdh,,,,,
T5000133,terminal,Aerial Terminal,FDH502009,fdh,,,,,
T5000167,terminal,Aerial Terminal,FDH501001,fdh,,,,,
T5000438,terminal,Aerial Terminal,FDH501001,fdh,,,,,
T5000132,terminal,Aerial Terminal,FDH502009,fdh,,,,,
T5000618,terminal,MST,FDH502012,fdh,,,,,
T5000618,terminal,MST,FDH502012,fdh,,,,,
T5000469,terminal,Aerial Terminal,FDH502012,fdh,,,,,
T5000468,terminal,Aerial Terminal,FDH502012,fdh,,,,,
T5000146,terminal,Aerial Terminal,FDH502012,fdh,,,,,
T5000207,terminal,Aerial Terminal,FDH502007,fdh,,,,,
T5000097,terminal,Aerial Terminal,FDH502003,fdh,,,,,
T5000054,terminal,Aerial Terminal,FDH502018,fdh,,,,,
T5000480,terminal,Aerial Terminal,FDH502012,fdh,,,,,
T5000014,terminal,Aerial Terminal,FDH502004,fdh,,,,,
T5000218,terminal,Aerial Terminal,FDH502004,fdh,,,,,
T5000201,terminal,Aerial Terminal,FDH502007,fdh,,,,,
T5000200,terminal,Aerial Terminal,FDH502007,fdh,,,,,
T5000192,terminal,Aerial Terminal,FDH502007,fdh,,,,,
T5000361,terminal,Aerial Terminal,FDH502019,fdh,,,,,
T5000272,terminal,Aerial Terminal,FDH502008,fdh,,,,,
T5000435,terminal,Aerial Terminal,FDH501008,fdh,,,,,
T5000435,terminal,Aerial Terminal,FDH501008,fdh,,,,,
T5000167,terminal,Aerial Terminal,FDH501001,fdh,,,,,
T5000442,terminal,Aerial Terminal,FDH501001,fdh,,,,,
T5000440,terminal,Aerial Terminal,FDH501001,fdh,,,,,
T5000440,terminal,Aerial Terminal,FDH501001,fdh,,,,,
T5000435,terminal,Aerial Terminal,FDH501008,fdh,,,,,
T5000435,terminal,Aerial Terminal,FDH501008,fdh,,,,,
T5000218,terminal,Aerial Terminal,FDH502004,fdh,,,,,
T5000136,terminal,Aerial Terminal,FDH502018,fdh,,,,,
T5000441,terminal,Aerial Terminal,FDH501001,fdh,,,,,
T5000202,terminal,Aerial Terminal,FDH502007,fdh,,,,,
T5000077,terminal,Aerial Terminal,FDH502017,fdh,,,,,
T5000217,terminal,Aerial Terminal,FDH502004,fdh,,,,,
T5000135,terminal,Aerial Terminal,FDH502018,fdh,,,,,
T5000143,terminal,Aerial Terminal,FDH502018,fdh,,,,,
T5000143,terminal,Aerial Terminal,FDH502018,fdh,,,,,
T5000201,terminal,Aerial Terminal,FDH502007,fdh,,,,,
T5000202,terminal,Aerial Terminal,FDH502007,fdh,,,,,
T5000055,terminal,Aerial Terminal,FDH502017,fdh,,,,,
T5000164,terminal,Aerial Terminal,FDH501002,fdh,,,,,
T5000164,terminal,Aerial Terminal,FDH501002,fdh,,,,,
T5000164,terminal,Aerial Terminal,FDH501002,fdh,,,,,
T5000079,terminal,Aerial Terminal,FDH502001,fdh,,,,,
T5000084,terminal,Aerial Terminal,FDH502001,fdh,,,,,
T5000620,terminal,MST,FDH502001,fdh,,,,,
T5000104,terminal,Aerial Terminal,FDH502001,fdh,,,,,
T5000621,terminal,MST,FDH502001,fdh,,,,,
T5000621,terminal,MST,FDH502001,fdh,,,,,
T5000116,terminal,Aerial Terminal,FDH502001,fdh,,,,,
T5000409,terminal,Aerial Terminal,FDH502001,fdh,,,,,
T5000409,terminal,Aerial Terminal,FDH502001,fdh,,,,,
T5000620,terminal,MST,FDH502001,fdh,,,,,
T5000409,terminal,Aerial Terminal,FDH502001,fdh,,,,,
T5000410,terminal,Aerial Terminal,FDH501005,fdh,,,,,
T5000410,terminal,Aerial Terminal,FDH501005,fdh,,,,,
T5000410,terminal,Aerial Terminal,FDH501005,fdh,,,,,
T5000410,terminal,Aerial Terminal,FDH501005,fdh,,,,,
T5000410,terminal,Aerial Terminal,FDH501005,fdh,,,,,
T5000410,terminal,Aerial Terminal,FDH501005,fdh,,,,,
T5000411,terminal,Aerial Terminal,FDH501005,fdh,,,,,
T5000411,terminal,Aerial Terminal,FDH501005,fdh,,,,,
T5000412,terminal,Aerial Terminal,FDH501005,fdh,,,,,
T5000413,terminal,Aerial Terminal,FDH501005,fdh,,,,,
T5000413,terminal,Aerial Terminal,FDH501005,fdh,,,,,
T5000414,terminal,Aerial Terminal,FDH501005,fdh,,,,,
T5000415,terminal,Aerial Terminal,FDH501005,fdh,,,,,
T5000416,terminal,Aerial Terminal,FDH501005,fdh,,,,,
T5000417,terminal,Aerial Terminal,FDH501005,fdh,,,,,
T5000417,terminal,Aerial Terminal,FDH501005,fdh,,,,,
T5000529,terminal,Aerial Terminal,FDH501005,fdh,,,,,
T5000418,terminal,Aerial Terminal,FDH501005,fdh,,,,,
T5000419,terminal,Aerial Terminal,FDH501005,fdh,,,,,
T5000420,terminal,Aerial Terminal,FDH501005,fdh,,,,,
T5000421,terminal,Aerial Terminal,FDH501005,fdh,,,,,
T5000403,terminal,Aerial Terminal,FDH502001,fdh,,,,,
T5000405,terminal,Aerial Terminal,FDH501006,fdh,,,,,
T5000404,terminal,Aerial Terminal,FDH501006,fdh,,,,,
T5000404,terminal,Aerial Terminal,FDH501006,fdh,,,,,
T5000405,terminal,Aerial Terminal,FDH501006,fdh,,,,,
T5000405,terminal,Aerial Terminal,FDH501006,fdh,,,,,
T5000503,terminal,Aerial Terminal,FDH502013,fdh,,,,,
T5000503,terminal,Aerial Terminal,FDH502013,fdh,,,,,
T5000503,terminal,Aerial Terminal,FDH502013,fdh,,,,,
T5000503,terminal,Aerial Terminal,FDH502013,fdh,,,,,
T5000504,terminal,Aerial Terminal,FDH502013,fdh,,,,,
T5000504,terminal,Aerial Terminal,FDH502013,fdh,,,,,
T5000105,terminal,Aerial Terminal,FDH501006,fdh,,,,,
T5000105,terminal,Aerial Terminal,FDH501006,fdh,,,,,
T5000422,terminal,Aerial Terminal,FDH501006,fdh,,,,,
T5000422,terminal,Aerial Terminal,FDH501006,fdh,,,,,
T5000607,terminal,Aerial Terminal,FDH501006,fdh,,,,,
T5000607,terminal,Aerial Terminal,FDH501006,fdh,,,,,
T5000607,terminal,Aerial Terminal,FDH501006,fdh,,,,,
T5000608,terminal,Aerial Terminal,FDH501006,fdh,,,,,
T5000608,terminal,Aerial Terminal,FDH501006,fdh,,,,,
T5000608,terminal,Aerial Terminal,FDH501006,fdh,,,,,
T5000608,terminal,Aerial Terminal,FDH501006,fdh,,,,,
T5000610,terminal,Aerial Terminal,FDH501006,fdh,,,,,
T5000613,terminal,Aerial Terminal,FDH501006,fdh,,,,,
T5000613,terminal,Aerial Terminal,FDH501006,fdh,,,,,
T5000612,terminal,MST,FDH501006,fdh,,,,,
T5000406,terminal,Aerial Terminal,FDH501006,fdh,,,,,
T5000406,terminal,Aerial Terminal,FDH501006,fdh,,,,,
T5000108,terminal,Aerial Terminal,FDH501006,fdh,,,,,
T5000107,terminal,Aerial Terminal,FDH501006,fdh,,,,,
T5000110,terminal,Aerial Terminal,FDH501006,fdh,,,,,
T5000109,terminal,MST,FDH501006,fdh,,,,,
T5000109,terminal,MST,FDH501006,fdh,,,,,
T5000002,terminal,Aerial Terminal,FDH501006,fdh,,,,,
T5000011,terminal,Aerial Terminal,FDH501002,fdh,,,,,
T5000446,terminal,Aerial Terminal,FDH501001,fdh,,,,,
T5000446,terminal,Aerial Terminal,FDH501001,fdh,,,,,
T5000446,terminal,Aerial Terminal,FDH501001,fdh,,,,,
T5000634,terminal,Aerial Terminal,FDH501001,fdh,,,,,
T5000130,terminal,Aerial Terminal,FDH501002,fdh,,,,,
T5000035,terminal,Aerial Terminal,FDH501003,fdh,,,,,
T5000002,terminal,Aerial Terminal,FDH501006,fdh,,,,,
T5000002,terminal,Aerial Terminal,FDH501006,fdh,,,,,
T5000446,terminal,Aerial Terminal,FDH501001,fdh,,,,,
T5000002,terminal,Aerial Terminal,FDH501006,fdh,,,,,
T5000002,terminal,Aerial Terminal,FDH501006,fdh,,,,,
T5000606,terminal,Aerial Terminal,FDH501006,fdh,,,,,
T5000606,terminal,Aerial Terminal,FDH501006,fdh,,,,,
T5000093,terminal,Aerial Terminal,FDH501003,fdh,,,,,
T5000606,terminal,Aerial Terminal,FDH501006,fdh,,,,,
T5000599,terminal,Aerial Terminal,FDH501006,fdh,,,,,
T5000093,terminal,Aerial Terminal,FDH501003,fdh,,,,,
T5000615,terminal,MST,FDH502011,fdh,,,,,
T5000631,terminal,MST,FDH502014,fdh,,,,,
T5000631,terminal,MST,FDH502014,fdh,,,,,
T5000631,terminal,MST,FDH502014,fdh,,,,,
T5000465,terminal,Aerial Terminal,FDH502014,fdh,,,,,
T5000625,terminal,MST,FDH501008,fdh,,,,,
T5000011,terminal,Aerial Terminal,FDH501002,fdh,,,,,
T5000604,terminal,Aerial Terminal,FDH501006,fdh,,,,,
T5000603,terminal,Aerial Terminal,FDH501006,fdh,,,,,
T5000603,terminal,Aerial Terminal,FDH501006,fdh,,,,,
T5000631,terminal,MST,FDH502014,fdh,,,,,
T5000600,terminal,Aerial Terminal,FDH501006,fdh,,,,,
T5000653,terminal,Aerial Terminal,FDH502015,fdh,,,,,
T5000505,terminal,Aerial Terminal,FDH502015,fdh,,,,,
T5000505,terminal,Aerial Terminal,FDH502015,fdh,,,,,
T5000516,terminal,Aerial Terminal,FDH502011,fdh,,,,,
T5000514,terminal,Aerial Terminal,FDH502011,fdh,,,,,
T5000501,terminal,Aerial Terminal,FDH502015,fdh,,,,,
T5000534,terminal,Aerial Terminal,FDH502015,fdh,,,,,
T5000491,terminal,Aerial Terminal,FDH502015,fdh,,,,,
T5000491,terminal,Aerial Terminal,FDH502015,fdh,,,,,
T5000491,terminal,Aerial Terminal,FDH502015,fdh,,,,,
T5000088,terminal,Aerial Terminal,FDH502017,fdh,,,,,
T5000470,terminal,Aerial Terminal,FDH502014,fdh,,,,,
T5000064,terminal,Aerial Terminal,FDH502009,fdh,,,,,
T5000064,terminal,Aerial Terminal,FDH502009,fdh,,,,,
T5000147,terminal,Aerial Terminal,FDH502015,fdh,,,,,
T5000499,terminal,Aerial Terminal,FDH502015,fdh,,,,,
T5000485,terminal,Aerial Terminal,FDH502015,fdh,,,,,
T5000593,terminal,Aerial Terminal,FDH502014,fdh,,,,,
T5000516,terminal,Aerial Terminal,FDH502011,fdh,,,,,
T5000467,terminal,Aerial Terminal,FDH502014,fdh,,,,,
T5000473,terminal,Aerial Terminal,FDH502014,fdh,,,,,
T5000593,terminal,Aerial Terminal,FDH502014,fdh,,,,,
T5000482,terminal,Aerial Terminal,FDH502014,fdh,,,,,
T5000482,terminal,Aerial Terminal,FDH502014,fdh,,,,,
T5000478,terminal,Aerial Terminal,FDH502014,fdh,,,,,
T5000459,terminal,Aerial Terminal,FDH502016,fdh,,,,,
T5000459,terminal,Aerial Terminal,FDH502016,fdh,,,,,
T5000065,terminal,Aerial Terminal,FDH502003,fdh,,,,,
T5000078,terminal,Aerial Terminal,FDH502016,fdh,,,,,
T5000078,terminal,Aerial Terminal,FDH502016,fdh,,,,,
T5000498,terminal,Aerial Terminal,FDH502015,fdh,,,,,
T5000267,terminal,Aerial Terminal,FDH502004,fdh,,,,,
T5000299,terminal,Aerial Terminal,FDH502004,fdh,,,,,
T5000466,terminal,Aerial Terminal,FDH502014,fdh,,,,,
T5000465,terminal,Aerial Terminal,FDH502014,fdh,,,,,
T5000456,terminal,Aerial Terminal,FDH502014,fdh,,,,,
T5000556,terminal,Aerial Terminal,FDH502016,fdh,,,,,
T5000555,terminal,Aerial Terminal,FDH502020,fdh,,,,,
T5000559,terminal,Aerial Terminal,FDH502016,fdh,,,,,
T5000373,terminal,Aerial Terminal,FDH502020,fdh,,,,,
T5000372,terminal,Aerial Terminal,FDH502020,fdh,,,,,
T5000251,terminal,Aerial Terminal,FDH502005,fdh,,,,,
T5000573,terminal,Aerial Terminal,FDH501004,fdh,,,,,
T5000221,terminal,Aerial Terminal,FDH502006,fdh,,,,,
T5000222,terminal,Aerial Terminal,FDH502006,fdh,,,,,
T5000308,terminal,Aerial Terminal,FDH502021,fdh,,,,,
T5000366,terminal,MST,FDH502021,fdh,,,,,
T5000345,terminal,Aerial Terminal,FDH502010,fdh,,,,,
T5000344,terminal,Aerial Terminal,FDH502010,fdh,,,,,
T5000353,terminal,Aerial Terminal,FDH502019,fdh,,,,,
T5000007,terminal,MST,FDH501001,fdh,,,,,
T5000045,terminal,Aerial Terminal,FDH502002,fdh,,,,,
T5000158,terminal,Aerial Terminal,FDH502018,fdh,,,,,
T5000158,terminal,Aerial Terminal,FDH502018,fdh,,,,,
T5000160,terminal,Aerial Terminal,FDH502018,fdh,,,,,
T5000080,terminal,Aerial Terminal,FDH502018,fdh,,,,,
T5000010,terminal,Aerial Terminal,FDH502018,fdh,,,,,
T5000004,terminal,Aerial Terminal,FDH502018,fdh,,,,,
T5000161,terminal,Aerial Terminal,FDH502018,fdh,,,,,
T5000099,terminal,Aerial Terminal,FDH502018,fdh,,,,,
T5000054,terminal,Aerial Terminal,FDH502018,fdh,,,,,
T5000054,terminal,Aerial Terminal,FDH502018,fdh,,,,,
T5000053,terminal,Aerial Terminal,FDH502017,fdh,,,,,
T5000053,terminal,Aerial Terminal,FDH502017,fdh,,,,,
T5000056,terminal,Aerial Terminal,FDH502017,fdh,,,,,
T5000057,terminal,Aerial Terminal,FDH502017,fdh,,,,,
T5000530,terminal,Aerial Terminal,FDH502017,fdh,,,,,
T5000021,terminal,Aerial Terminal,FDH502017,fdh,,,,,
T5000058,terminal,Aerial Terminal,FDH502017,fdh,,,,,
T5000021,terminal,Aerial Terminal,FDH502017,fdh,,,,,
T5000333,terminal,Aerial Terminal,FDH502010,fdh,,,,,
T5000006,terminal,Aerial Terminal,FDH502009,fdh,,,,,
T5000050,terminal,Aerial Terminal,FDH502009,fdh,,,,,
T5000099,terminal,Aerial Terminal,FDH502018,fdh,,,,,
T5000171,terminal,Aerial Terminal,FDH502002,fdh,,,,,
T5000044,terminal,Aerial Terminal,FDH502002,fdh,,,,,
T5000089,terminal,Aerial Terminal,FDH502017,fdh,,,,,
T5000357,terminal,Aerial Terminal,FDH502019,fdh,,,,,
T5000356,terminal,Aerial Terminal,FDH502019,fdh,,,,,
T5000126,terminal,Aerial Terminal,FDH501002,fdh,,,,,
T5000019,terminal,Aerial Terminal,FDH501002,fdh,,,,,
T5000019,terminal,Aerial Terminal,FDH501002,fdh,,,,,
T5000019,terminal,Aerial Terminal,FDH501002,fdh,,,,,
T5000019,terminal,Aerial Terminal,FDH501002,fdh,,,,,
T5000012,terminal,Aerial Terminal,FDH501002,fdh,,,,,
T5000012,terminal,Aerial Terminal,FDH501002,fdh,,,,,
T5000031,terminal,Aerial Terminal,FDH501002,fdh,,,,,
T5000023,terminal,Aerial Terminal,FDH502017,fdh,,,,,
T5000306,terminal,Aerial Terminal,FDH502021,fdh,,,,,
T5000153,terminal,Aerial Terminal,FDH502021,fdh,,,,,
T5000153,terminal,Aerial Terminal,FDH502021,fdh,,,,,
T5000337,terminal,Aerial Terminal,FDH502010,fdh,,,,,
T5000336,terminal,Aerial Terminal,FDH502010,fdh,,,,,
T5000029,terminal,Aerial Terminal,FDH502017,fdh,,,,,
T5000029,terminal,Aerial Terminal,FDH502017,fdh,,,,,
T5000029,terminal,Aerial Terminal,FDH502017,fdh,,,,,
T5000076,terminal,Aerial Terminal,FDH502017,fdh,,,,,
T5000076,terminal,Aerial Terminal,FDH502017,fdh,,,,,
T5000077,terminal,Aerial Terminal,FDH502017,fdh,,,,,
T5000087,terminal,Aerial Terminal,FDH502017,fdh,,,,,
T5000085,terminal,Aerial Terminal,FDH502017,fdh,,,,,
T5000088,terminal,Aerial Terminal,FDH502017,fdh,,,,,
T5000089,terminal,Aerial Terminal,FDH502017,fdh,,,,,
T5000089,terminal,Aerial Terminal,FDH502017,fdh,,,,,
T5000090,terminal,Aerial Terminal,FDH502017,fdh,,,,,
T5000094,terminal,Aerial Terminal,FDH501003,fdh,,,,,
T5000025,terminal,Aerial Terminal,FDH502017,fdh,,,,,
T5000020,terminal,Aerial Terminal,FDH502009,fdh,,,,,
T5000493,terminal,Aerial Terminal,FDH502015,fdh,,,,,
T5000293,terminal,Aerial Terminal,FDH502006,fdh,,,,,
T5000289,terminal,Aerial Terminal,FDH502006,fdh,,,,,
T5000289,terminal,Aerial Terminal,FDH502006,fdh,,,,,
T5000289,terminal,Aerial Terminal,FDH502006,fdh,,,,,
T5000036,terminal,Aerial Terminal,FDH501003,fdh,,,,,
T5000286,terminal,Aerial Terminal,FDH502006,fdh,,,,,
T5000293,terminal,Aerial Terminal,FDH502006,fdh,,,,,
T5000293,terminal,Aerial Terminal,FDH502006,fdh,,,,,
T5000229,terminal,Aerial Terminal,FDH502006,fdh,,,,,
T5000228,terminal,Aerial Terminal,FDH502006,fdh,,,,,
T5000228,terminal,Aerial Terminal,FDH502006,fdh,,,,,
T5000235,terminal,Aerial Terminal,FDH502005,fdh,,,,,
T5000235,terminal,Aerial Terminal,FDH502005,fdh,,,,,
T5000236,terminal,Aerial Terminal,FDH502005,fdh,,,,,
T5000236,terminal,Aerial Terminal,FDH502005,fdh,,,,,
T5000234,terminal,Aerial Terminal,FDH502005,fdh,,,,,
T5000249,terminal,Aerial Terminal,FDH502005,fdh,,,,,
T5000234,terminal,Aerial Terminal,FDH502005,fdh,,,,,
T5000235,terminal,Aerial Terminal,FDH502005,fdh,,,,,
T5000233,terminal,Aerial Terminal,FDH502004,fdh,,,,,
T5000234,terminal,Aerial Terminal,FDH502005,fdh,,,,,
T5000252,terminal,Aerial Terminal,FDH502005,fdh,,,,,
T5000233,terminal,Aerial Terminal,FDH502004,fdh,,,,,
T5000231,terminal,Aerial Terminal,FDH502004,fdh,,,,,
T5000251,terminal,Aerial Terminal,FDH502005,fdh,,,,,
T5000232,terminal,Aerial Terminal,FDH502004,fdh,,,,,
T5000252,terminal,Aerial Terminal,FDH502005,fdh,,,,,
T5000231,terminal,Aerial Terminal,FDH502004,fdh,,,,,
T5000252,terminal,Aerial Terminal,FDH502005,fdh,,,,,
T5000252,terminal,Aerial Terminal,FDH502005,fdh,,,,,
T5000237,terminal,Aerial Terminal,FDH502005,fdh,,,,,
T5000237,terminal,Aerial Terminal,FDH502005,fdh,,,,,
T5000230,terminal,Aerial Terminal,FDH502004,fdh,,,,,
T5000230,terminal,Aerial Terminal,FDH502004,fdh,,,,,
T5000230,terminal,Aerial Terminal,FDH502004,fdh,,,,,
T5000257,terminal,Aerial Terminal,FDH502005,fdh,,,,,
T5000255,terminal,Aerial Terminal,FDH502005,fdh,,,,,
T5000257,terminal,Aerial Terminal,FDH502005,fdh,,,,,
T5000369,terminal,Aerial Terminal,FDH502020,fdh,,,,,
T5000322,terminal,Aerial Terminal,FDH502021,fdh,,,,,
T5000321,terminal,Aerial Terminal,FDH502021,fdh,,,,,
T5000321,terminal,Aerial Terminal,FDH502021,fdh,,,,,
T5000321,terminal,Aerial Terminal,FDH502021,fdh,,,,,
T5000321,terminal,Aerial Terminal,FDH502021,fdh,,,,,
T5000320,terminal,Aerial Terminal,FDH502021,fdh,,,,,
T5000320,terminal,Aerial Terminal,FDH502021,fdh,,,,,
T5000320,terminal,Aerial Terminal,FDH502021,fdh,,,,,
T5000319,terminal,Aerial Terminal,FDH502021,fdh,,,,,
T5000319,terminal,Aerial Terminal,FDH502021,fdh,,,,,
T5000318,terminal,Aerial Terminal,FDH502021,fdh,,,,,
T5000351,terminal,Aerial Terminal,FDH502019,fdh,,,,,
T5000431,terminal,Aerial Terminal,FDH501008,fdh,,,,,
T5000430,terminal,Aerial Terminal,FDH501008,fdh,,,,,
T5000585,terminal,Aerial Terminal,FDH502003,fdh,,,,,
T5000303,terminal,Aerial Terminal,FDH502010,fdh,,,,,
T5000303,terminal,Aerial Terminal,FDH502010,fdh,,,,,
T5000303,terminal,Aerial Terminal,FDH502010,fdh,,,,,
T5000585,terminal,Aerial Terminal,FDH502003,fdh,,,,,
T5000016,terminal,Aerial Terminal,FDH501001,fdh,,,,,
T5000336,terminal,Aerial Terminal,FDH502010,fdh,,,,,
T5000069,terminal,Aerial Terminal,FDH502003,fdh,,,,,
T5000069,terminal,Aerial Terminal,FDH502003,fdh,,,,,
T5000086,terminal,Aerial Terminal,FDH502003,fdh,,,,,
T5000086,terminal,Aerial Terminal,FDH502003,fdh,,,,,
T5000067,terminal,Aerial Terminal,FDH502003,fdh,,,,,
T5000067,terminal,Aerial Terminal,FDH502003,fdh,,,,,
T5000066,terminal,Aerial Terminal,FDH502003,fdh,,,,,
T5000642,terminal,MST,FDH502003,fdh,,,,,
T5000066,terminal,Aerial Terminal,FDH502003,fdh,,,,,
T5000168,terminal,Aerial Terminal,FDH501001,fdh,,,,,
T5000585,terminal,Aerial Terminal,FDH502003,fdh,,,,,
T5000430,terminal,Aerial Terminal,FDH501008,fdh,,,,,
T5000008,terminal,Aerial Terminal,FDH501008,fdh,,,,,
T5000429,terminal,Aerial Terminal,FDH501008,fdh,,,,,
T5000429,terminal,Aerial Terminal,FDH501008,fdh,,,,,
T5000121,terminal,Aerial Terminal,FDH501002,fdh,,,,,
T5000123,terminal,Aerial Terminal,FDH501002,fdh,,,,,
T5000123,terminal,Aerial Terminal,FDH501002,fdh,,,,,
T5000073,terminal,Aerial Terminal,FDH502002,fdh,,,,,
T5000074,terminal,Aerial Terminal,FDH502002,fdh,,,,,
T5000087,terminal,Aerial Terminal,FDH502017,fdh,,,,,
T5000565,terminal,Aerial Terminal,FDH502016,fdh,,,,,
T5000564,terminal,Aerial Terminal,FDH502016,fdh,,,,,
T5000564,terminal,Aerial Terminal,FDH502016,fdh,,,,,
T5000578,terminal,Aerial Terminal,FDH502016,fdh,,,,,
T5000563,terminal,Aerial Terminal,FDH502016,fdh,,,,,
T5000563,terminal,Aerial Terminal,FDH502016,fdh,,,,,
T5000556,terminal,Aerial Terminal,FDH502016,fdh,,,,,
T5000563,terminal,Aerial Terminal,FDH502016,fdh,,,,,
T5000556,terminal,Aerial Terminal,FDH502016,fdh,,,,,
T5000563,terminal,Aerial Terminal,FDH502016,fdh,,,,,
T5000563,terminal,Aerial Terminal,FDH502016,fdh,,,,,
T5000565,terminal,Aerial Terminal,FDH502016,fdh,,,,,
T5000565,terminal,Aerial Terminal,FDH502016,fdh,,,,,
T5000564,terminal,Aerial Terminal,FDH502016,fdh,,,,,
T5000564,terminal,Aerial Terminal,FDH502016,fdh,,,,,
T5000563,terminal,Aerial Terminal,FDH502016,fdh,,,,,
T5000579,terminal,Aerial Terminal,FDH502016,fdh,,,,,
T5000564,terminal,Aerial Terminal,FDH502016,fdh,,,,,
T5000564,terminal,Aerial Terminal,FDH502016,fdh,,,,,
T5000184,terminal,Aerial Terminal,FDH502019,fdh,,,,,
T5000183,terminal,Aerial Terminal,FDH502019,fdh,,,,,
T5000162,terminal,Aerial Terminal,FDH502010,fdh,,,,,
T5000350,terminal,Aerial Terminal,FDH502010,fdh,,,,,
T5000348,terminal,Aerial Terminal,FDH502010,fdh,,,,,
T5000348,terminal,Aerial Terminal,FDH502010,fdh,,,,,
T5000345,terminal,Aerial Terminal,FDH502010,fdh,,,,,
T5000342,terminal,Aerial Terminal,FDH502010,fdh,,,,,
T5000283,terminal,Aerial Terminal,FDH502008,fdh,,,,,
T5000296,terminal,Aerial Terminal,FDH502008,fdh,,,,,
T5000296,terminal,Aerial Terminal,FDH502008,fdh,,,,,
T5000136,terminal,Aerial Terminal,FDH502018,fdh,,,,,
T5000338,terminal,Aerial Terminal,FDH502010,fdh,,,,,
T5000334,terminal,Aerial Terminal,FDH502010,fdh,,,,,
T5000334,terminal,Aerial Terminal,FDH502010,fdh,,,,,
T5000317,terminal,Aerial Terminal,FDH502021,fdh,,,,,
T5000317,terminal,Aerial Terminal,FDH502021,fdh,,,,,
T5000317,terminal,Aerial Terminal,FDH502021,fdh,,,,,
T5000589,terminal,Aerial Terminal,FDH502021,fdh,,,,,
T5000589,terminal,Aerial Terminal,FDH502021,fdh,,,,,
T5000589,terminal,Aerial Terminal,FDH502021,fdh,,,,,
T5000589,terminal,Aerial Terminal,FDH502021,fdh,,,,,
T5000588,terminal,Aerial Terminal,FDH502021,fdh,,,,,
T5000587,terminal,Aerial Terminal,FDH502021,fdh,,,,,
T5000587,terminal,Aerial Terminal,FDH502021,fdh,,,,,
T5000397,terminal,Aerial Terminal,FDH502001,fdh,,,,,
T5000397,terminal,Aerial Terminal,FDH502001,fdh,,,,,
T5000397,terminal,Aerial Terminal,FDH502001,fdh,,,,,
T5000400,terminal,Aerial Terminal,FDH502001,fdh,,,,,
T5000157,terminal,Aerial Terminal,FDH502018,fdh,,,,,
T5000344,terminal,Aerial Terminal,FDH502010,fdh,,,,,
T5000343,terminal,Aerial Terminal,FDH502010,fdh,,,,,
T5000342,terminal,Aerial Terminal,FDH502010,fdh,,,,,
T5000341,terminal,Aerial Terminal,FDH502010,fdh,,,,,
T5000167,terminal,Aerial Terminal,FDH501001,fdh,,,,,
T5000120,terminal,Aerial Terminal,FDH501002,fdh,,,,,
T5000120,terminal,Aerial Terminal,FDH501002,fdh,,,,,
T5000120,terminal,Aerial Terminal,FDH501002,fdh,,,,,
T5000121,terminal,Aerial Terminal,FDH501002,fdh,,,,,
T5000208,terminal,Aerial Terminal,FDH502007,fdh,,,,,
T5000122,terminal,Aerial Terminal,FDH501002,fdh,,,,,
T5000075,terminal,Aerial Terminal,FDH502017,fdh,,,,,
T5000349,terminal,Aerial Terminal,FDH502010,fdh,,,,,
T5000196,terminal,Aerial Terminal,FDH502007,fdh,,,,,
T5000196,terminal,Aerial Terminal,FDH502007,fdh,,,,,
T5000019,terminal,Aerial Terminal,FDH501002,fdh,,,,,
T5000262,terminal,Aerial Terminal,FDH502007,fdh,,,,,
T5000263,terminal,Aerial Terminal,FDH502007,fdh,,,,,
T5000264,terminal,Aerial Terminal,FDH502007,fdh,,,,,
T5000275,terminal,Aerial Terminal,FDH502008,fdh,,,,,
T5000275,terminal,Aerial Terminal,FDH502008,fdh,,,,,
T5000270,terminal,Aerial Terminal,FDH502008,fdh,,,,,
T5000265,terminal,Aerial Terminal,FDH502008,fdh,,,,,
T5000564,terminal,Aerial Terminal,FDH502016,fdh,,,,,
T5000564,terminal,Aerial Terminal,FDH502016,fdh,,,,,
T5000579,terminal,Aerial Terminal,FDH502016,fdh,,,,,
T5000552,terminal,Aerial Terminal,FDH502016,fdh,,,,,
T5000551,terminal,Aerial Terminal,FDH502016,fdh,,,,,
T5000367,terminal,Aerial Terminal,FDH502020,fdh,,,,,
T5000552,terminal,Aerial Terminal,FDH502016,fdh,,,,,
T5000566,terminal,Aerial Terminal,FDH502016,fdh,,,,,
T5000552,terminal,Aerial Terminal,FDH502016,fdh,,,,,
T5000431,terminal,Aerial Terminal,FDH501008,fdh,,,,,
T5000577,terminal,Aerial Terminal,FDH502016,fdh,,,,,
T5000595,terminal,Aerial Terminal,FDH502016,fdh,,,,,
T5000578,terminal,Aerial Terminal,FDH502016,fdh,,,,,
T5000595,terminal,Aerial Terminal,FDH502016,fdh,,,,,
T5000551,terminal,Aerial Terminal,FDH502016,fdh,,,,,
T5000551,terminal,Aerial Terminal,FDH502016,fdh,,,,,
T5000577,terminal,Aerial Terminal,FDH502016,fdh,,,,,
T5000595,terminal,Aerial Terminal,FDH502016,fdh,,,,,
T5000578,terminal,Aerial Terminal,FDH502016,fdh,,,,,
T5000565,terminal,Aerial Terminal,FDH502016,fdh,,,,,
T5000565,terminal,Aerial Terminal,FDH502016,fdh,,,,,
T5000595,terminal,Aerial Terminal,FDH502016,fdh,,,,,
T5000566,terminal,Aerial Terminal,FDH502016,fdh,,,,,
T5000595,terminal,Aerial Terminal,FDH502016,fdh,,,,,
T5000595,terminal,Aerial Terminal,FDH502016,fdh,,,,,
T5000552,terminal,Aerial Terminal,FDH502016,fdh,,,,,
T5000562,terminal,Aerial Terminal,FDH502016,fdh,,,,,
T5000595,terminal,Aerial Terminal,FDH502016,fdh,,,,,
T5000552,terminal,Aerial Terminal,FDH502016,fdh,,,,,
T5000551,terminal,Aerial Terminal,FDH502016,fdh,,,,,
T5000566,terminal,Aerial Terminal,FDH502016,fdh,,,,,
T5000551,terminal,Aerial Terminal,FDH502016,fdh,,,,,
T5000550,terminal,Aerial Terminal,FDH502016,fdh,,,,,
T5000562,terminal,Aerial Terminal,FDH502016,fdh,,,,,
T5000551,terminal,Aerial Terminal,FDH502016,fdh,,,,,
T5000566,terminal,Aerial Terminal,FDH502016,fdh,,,,,
T5000215,terminal,Aerial Terminal,FDH502020,fdh,,,,,
T5000577,terminal,Aerial Terminal,FDH502016,fdh,,,,,
T5000245,terminal,Aerial Terminal,FDH502020,fdh,,,,,
T5000551,terminal,Aerial Terminal,FDH502016,fdh,,,,,
T5000566,terminal,Aerial Terminal,FDH502016,fdh,,,,,
T5000550,terminal,Aerial Terminal,FDH502016,fdh,,,,,
T5000215,terminal,Aerial Terminal,FDH502020,fdh,,,,,
T5000215,terminal,Aerial Terminal,FDH502020,fdh,,,,,
T5000245,terminal,Aerial Terminal,FDH502020,fdh,,,,,
T5000643,terminal,MST,FDH502016,fdh,,,,,
T5000643,terminal,MST,FDH502016,fdh,,,,,
T5000595,terminal,Aerial Terminal,FDH502016,fdh,,,,,
T5000595,terminal,Aerial Terminal,FDH502016,fdh,,,,,
T5000595,terminal,Aerial Terminal,FDH502016,fdh,,,,,
T5000370,terminal,Aerial Terminal,FDH502020,fdh,,,,,
T5000419,terminal,Aerial Terminal,FDH501005,fdh,,,,,
T5000418,terminal,Aerial Terminal,FDH501005,fdh,,,,,
T5000418,terminal,Aerial Terminal,FDH501005,fdh,,,,,
T5000132,terminal,Aerial Terminal,FDH502009,fdh,,,,,
T5000131,terminal,Aerial Terminal,FDH502009,fdh,,,,,
T5000132,terminal,Aerial Terminal,FDH502009,fdh,,,,,
T5000208,terminal,Aerial Terminal,FDH502007,fdh,,,,,
T5000207,terminal,Aerial Terminal,FDH502007,fdh,,,,,
T5000207,terminal,Aerial Terminal,FDH502007,fdh,,,,,
T5000032,terminal,Aerial Terminal,FDH501003,fdh,,,,,
T5000097,terminal,Aerial Terminal,FDH502003,fdh,,,,,
T5000347,terminal,Aerial Terminal,FDH502010,fdh,,,,,
T5000348,terminal,Aerial Terminal,FDH502010,fdh,,,,,
T5000348,terminal,Aerial Terminal,FDH502010,fdh,,,,,
T5000349,terminal,Aerial Terminal,FDH502010,fdh,,,,,
T5000350,terminal,Aerial Terminal,FDH502010,fdh,,,,,
T5000162,terminal,Aerial Terminal,FDH502010,fdh,,,,,
T5000119,terminal,Aerial Terminal,FDH502003,fdh,,,,,
T5000102,terminal,Aerial Terminal,FDH502003,fdh,,,,,
T5000102,terminal,Aerial Terminal,FDH502003,fdh,,,,,
T5000096,terminal,Aerial Terminal,FDH502003,fdh,,,,,
T5000370,terminal,Aerial Terminal,FDH502020,fdh,,,,,
T5000368,terminal,Aerial Terminal,FDH502020,fdh,,,,,
T5000368,terminal,Aerial Terminal,FDH502020,fdh,,,,,
T5000370,terminal,Aerial Terminal,FDH502020,fdh,,,,,
T5000370,terminal,Aerial Terminal,FDH502020,fdh,,,,,
T5000001,terminal,Aerial Terminal,FDH502020,fdh,,,,,
T5000367,terminal,Aerial Terminal,FDH502020,fdh,,,,,
T5000001,terminal,Aerial Terminal,FDH502020,fdh,,,,,
T5000001,terminal,Aerial Terminal,FDH502020,fdh,,,,,
T5000211,terminal,Aerial Terminal,FDH502020,fdh,,,,,
T5000001,terminal,Aerial Terminal,FDH502020,fdh,,,,,
T5000211,terminal,Aerial Terminal,FDH502020,fdh,,,,,
T5000210,terminal,Aerial Terminal,FDH502020,fdh,,,,,
T5000211,terminal,Aerial Terminal,FDH502020,fdh,,,,,
T5000580,terminal,Aerial Terminal,FDH502016,fdh,,,,,
T5000559,terminal,Aerial Terminal,FDH502016,fdh,,,,,
T5000563,terminal,Aerial Terminal,FDH502016,fdh,,,,,
T5000580,terminal,Aerial Terminal,FDH502016,fdh,,,,,
T5000373,terminal,Aerial Terminal,FDH502020,fdh,,,,,
T5000373,terminal,Aerial Terminal,FDH502020,fdh,,,,,
T5000373,terminal,Aerial Terminal,FDH502020,fdh,,,,,
T5000371,terminal,Aerial Terminal,FDH502020,fdh,,,,,
T5000372,terminal,Aerial Terminal,FDH502020,fdh,,,,,
T5000372,terminal,Aerial Terminal,FDH502020,fdh,,,,,
T5000371,terminal,Aerial Terminal,FDH502020,fdh,,,,,
T5000565,terminal,Aerial Terminal,FDH502016,fdh,,,,,
T5000558,terminal,Aerial Terminal,FDH502016,fdh,,,,,
T5000644,terminal,MST,FDH502016,fdh,,,,,
T5000558,terminal,Aerial Terminal,FDH502016,fdh,,,,,
T5000554,terminal,Aerial Terminal,FDH502016,fdh,,,,,
T5000558,terminal,Aerial Terminal,FDH502016,fdh,,,,,
T5000554,terminal,Aerial Terminal,FDH502016,fdh,,,,,
T5000554,terminal,Aerial Terminal,FDH502016,fdh,,,,,
T5000554,terminal,Aerial Terminal,FDH502016,fdh,,,,,
T5000554,terminal,Aerial Terminal,FDH502016,fdh,,,,,
T5000560,terminal,Aerial Terminal,FDH502016,fdh,,,,,
T5000560,terminal,Aerial Terminal,FDH502016,fdh,,,,,
T5000560,terminal,Aerial Terminal,FDH502016,fdh,,,,,
T5000560,terminal,Aerial Terminal,FDH502016,fdh,,,,,
T5000560,terminal,Aerial Terminal,FDH502016,fdh,,,,,
T5000557,terminal,Aerial Terminal,FDH502016,fdh,,,,,
T5000557,terminal,Aerial Terminal,FDH502016,fdh,,,,,
T5000557,terminal,Aerial Terminal,FDH502016,fdh,,,,,
T5000557,terminal,Aerial Terminal,FDH502016,fdh,,,,,
T5000644,terminal,MST,FDH502016,fdh,,,,,
T5000557,terminal,Aerial Terminal,FDH502016,fdh,,,,,
T5000557,terminal,Aerial Terminal,FDH502016,fdh,,,,,
T5000586,terminal,Aerial Terminal,FDH502016,fdh,,,,,
T5000558,terminal,Aerial Terminal,FDH502016,fdh,,,,,
T5000557,terminal,Aerial Terminal,FDH502016,fdh,,,,,
T5000553,terminal,Aerial Terminal,FDH502016,fdh,,,,,
T5000558,terminal,Aerial Terminal,FDH502016,fdh,,,,,
T5000554,terminal,Aerial Terminal,FDH502016,fdh,,,,,
T5000557,terminal,Aerial Terminal,FDH502016,fdh,,,,,
T5000421,terminal,Aerial Terminal,FDH501005,fdh,,,,,
T5000131,terminal,Aerial Terminal,FDH502009,fdh,,,,,
T5000131,terminal,Aerial Terminal,FDH502009,fdh,,,,,
T5000206,terminal,Aerial Terminal,FDH502007,fdh,,,,,
T5000208,terminal,Aerial Terminal,FDH502007,fdh,,,,,
T5000193,terminal,Aerial Terminal,FDH502007,fdh,,,,,
T5000070,terminal,Aerial Terminal,FDH502003,fdh,,,,,
T5000585,terminal,Aerial Terminal,FDH502003,fdh,,,,,
T5000069,terminal,Aerial Terminal,FDH502003,fdh,,,,,
T5000072,terminal,Aerial Terminal,FDH502003,fdh,,,,,
T5000172,terminal,Aerial Terminal,FDH502002,fdh,,,,,
T5000177,terminal,Aerial Terminal,FDH502002,fdh,,,,,
T5000171,terminal,Aerial Terminal,FDH502002,fdh,,,,,
T5000170,terminal,Aerial Terminal,FDH502009,fdh,,,,,
T5000170,terminal,Aerial Terminal,FDH502009,fdh,,,,,
T5000362,terminal,Aerial Terminal,FDH502019,fdh,,,,,
T5000362,terminal,Aerial Terminal,FDH502019,fdh,,,,,
T5000361,terminal,Aerial Terminal,FDH502019,fdh,,,,,
T5000361,terminal,Aerial Terminal,FDH502019,fdh,,,,,
T5000361,terminal,Aerial Terminal,FDH502019,fdh,,,,,
T5000334,terminal,Aerial Terminal,FDH502010,fdh,,,,,
T5000318,terminal,Aerial Terminal,FDH502021,fdh,,,,,
T5000318,terminal,Aerial Terminal,FDH502021,fdh,,,,,
T5000587,terminal,Aerial Terminal,FDH502021,fdh,,,,,
T5000557,terminal,Aerial Terminal,FDH502016,fdh,,,,,
T5000558,terminal,Aerial Terminal,FDH502016,fdh,,,,,
T5000558,terminal,Aerial Terminal,FDH502016,fdh,,,,,
T5000553,terminal,Aerial Terminal,FDH502016,fdh,,,,,
T5000558,terminal,Aerial Terminal,FDH502016,fdh,,,,,
T5000465,terminal,Aerial Terminal,FDH502014,fdh,,,,,
T5000465,terminal,Aerial Terminal,FDH502014,fdh,,,,,
T5000637,terminal,Aerial Terminal,FDH502014,fdh,,,,,
T5000637,terminal,Aerial Terminal,FDH502014,fdh,,,,,
T5000465,terminal,Aerial Terminal,FDH502014,fdh,,,,,
T5000456,terminal,Aerial Terminal,FDH502014,fdh,,,,,
T5000631,terminal,MST,FDH502014,fdh,,,,,
T5000456,terminal,Aerial Terminal,FDH502014,fdh,,,,,
T5000465,terminal,Aerial Terminal,FDH502014,fdh,,,,,
T5000456,terminal,Aerial Terminal,FDH502014,fdh,,,,,
T5000465,terminal,Aerial Terminal,FDH502014,fdh,,,,,
T5000465,terminal,Aerial Terminal,FDH502014,fdh,,,,,
T5000456,terminal,Aerial Terminal,FDH502014,fdh,,,,,
T5000465,terminal,Aerial Terminal,FDH502014,fdh,,,,,
T5000455,terminal,Aerial Terminal,FDH502014,fdh,,,,,
T5000457,terminal,Aerial Terminal,FDH502014,fdh,,,,,
T5000455,terminal,Aerial Terminal,FDH502014,fdh,,,,,
T5000465,terminal,Aerial Terminal,FDH502014,fdh,,,,,
T5000466,terminal,Aerial Terminal,FDH502014,fdh,,,,,
T5000465,terminal,Aerial Terminal,FDH502014,fdh,,,,,
T5000466,terminal,Aerial Terminal,FDH502014,fdh,,,,,
T5000637,terminal,Aerial Terminal,FDH502014,fdh,,,,,
T5000637,terminal,Aerial Terminal,FDH502014,fdh,,,,,
T5000455,terminal,Aerial Terminal,FDH502014,fdh,,,,,
T5000637,terminal,Aerial Terminal,FDH502014,fdh,,,,,
T5000455,terminal,Aerial Terminal,FDH502014,fdh,,,,,
T5000637,terminal,Aerial Terminal,FDH502014,fdh,,,,,
T5000637,terminal,Aerial Terminal,FDH502014,fdh,,,,,
T5000457,terminal,Aerial Terminal,FDH502014,fdh,,,,,
T5000637,terminal,Aerial Terminal,FDH502014,fdh,,,,,
T5000558,terminal,Aerial Terminal,FDH502016,fdh,,,,,
T5000293,terminal,Aerial Terminal,FDH502006,fdh,,,,,
T5000468,terminal,Aerial Terminal,FDH502012,fdh,,,,,
T5000274,terminal,Aerial Terminal,FDH502008,fdh,,,,,
T5000274,terminal,Aerial Terminal,FDH502008,fdh,,,,,
T5000273,terminal,Aerial Terminal,FDH502008,fdh,,,,,
T5000273,terminal,Aerial Terminal,FDH502008,fdh,,,,,
T5000272,terminal,Aerial Terminal,FDH502008,fdh,,,,,
T5000272,terminal,Aerial Terminal,FDH502008,fdh,,,,,
T5000272,terminal,Aerial Terminal,FDH502008,fdh,,,,,
T5000273,terminal,Aerial Terminal,FDH502008,fdh,,,,,
T5000271,terminal,Aerial Terminal,FDH502008,fdh,,,,,
T5000270,terminal,Aerial Terminal,FDH502008,fdh,,,,,
T5000270,terminal,Aerial Terminal,FDH502008,fdh,,,,,
T5000270,terminal,Aerial Terminal,FDH502008,fdh,,,,,
T5000260,terminal,Aerial Terminal,FDH502007,fdh,,,,,
T5000198,terminal,Aerial Terminal,FDH502007,fdh,,,,,
T5000198,terminal,Aerial Terminal,FDH502007,fdh,,,,,
T5000205,terminal,Aerial Terminal,FDH502007,fdh,,,,,
T5000203,terminal,Aerial Terminal,FDH502007,fdh,,,,,
T5000203,terminal,Aerial Terminal,FDH502007,fdh,,,,,
T5000206,terminal,Aerial Terminal,FDH502007,fdh,,,,,
T5000206,terminal,Aerial Terminal,FDH502007,fdh,,,,,
T5000206,terminal,Aerial Terminal,FDH502007,fdh,,,,,
T5000206,terminal,Aerial Terminal,FDH502007,fdh,,,,,
T5000190,terminal,Aerial Terminal,FDH502007,fdh,,,,,
T5000420,terminal,Aerial Terminal,FDH501005,fdh,,,,,
T5000420,terminal,Aerial Terminal,FDH501005,fdh,,,,,
T5000421,terminal,Aerial Terminal,FDH501005,fdh,,,,,
T5000421,terminal,Aerial Terminal,FDH501005,fdh,,,,,
T5000421,terminal,Aerial Terminal,FDH501005,fdh,,,,,
T5000123,terminal,Aerial Terminal,FDH501002,fdh,,,,,
T5000123,terminal,Aerial Terminal,FDH501002,fdh,,,,,
T5000124,terminal,Aerial Terminal,FDH501002,fdh,,,,,
T5000124,terminal,Aerial Terminal,FDH501002,fdh,,,,,
T5000125,terminal,Aerial Terminal,FDH501002,fdh,,,,,
T5000199,terminal,Aerial Terminal,FDH501002,fdh,,,,,
T5000419,terminal,Aerial Terminal,FDH501005,fdh,,,,,
T5000061,terminal,Aerial Terminal,FDH501008,fdh,,,,,
T5000062,terminal,Aerial Terminal,FDH501008,fdh,,,,,
T5000062,terminal,Aerial Terminal,FDH501008,fdh,,,,,
T5000062,terminal,Aerial Terminal,FDH501008,fdh,,,,,
T5000063,terminal,Aerial Terminal,FDH501008,fdh,,,,,
T5000146,terminal,Aerial Terminal,FDH502012,fdh,,,,,
T5000146,terminal,Aerial Terminal,FDH502012,fdh,,,,,
T5000146,terminal,Aerial Terminal,FDH502012,fdh,,,,,
T5000063,terminal,Aerial Terminal,FDH501008,fdh,,,,,
T5000146,terminal,Aerial Terminal,FDH502012,fdh,,,,,
T5000146,terminal,Aerial Terminal,FDH502012,fdh,,,,,
T5000146,terminal,Aerial Terminal,FDH502012,fdh,,,,,
T5000146,terminal,Aerial Terminal,FDH502012,fdh,,,,,
T5000146,terminal,Aerial Terminal,FDH502012,fdh,,,,,
T5000469,terminal,Aerial Terminal,FDH502012,fdh,,,,,
T5000469,terminal,Aerial Terminal,FDH502012,fdh,,,,,
T5000469,terminal,Aerial Terminal,FDH502012,fdh,,,,,
T5000469,terminal,Aerial Terminal,FDH502012,fdh,,,,,
T5000469,terminal,Aerial Terminal,FDH502012,fdh,,,,,
T5000469,terminal,Aerial Terminal,FDH502012,fdh,,,,,
T5000469,terminal,Aerial Terminal,FDH502012,fdh,,,,,
T5000469,terminal,Aerial Terminal,FDH502012,fdh,,,,,
T5000469,terminal,Aerial Terminal,FDH502012,fdh,,,,,
T5000468,terminal,Aerial Terminal,FDH502012,fdh,,,,,
T5000468,terminal,Aerial Terminal,FDH502012,fdh,,,,,
T5000468,terminal,Aerial Terminal,FDH502012,fdh,,,,,
T5000471,terminal,Aerial Terminal,FDH502012,fdh,,,,,
T5000472,terminal,Aerial Terminal,FDH502012,fdh,,,,,
T5000630,terminal,MST,FDH502012,fdh,,,,,
T5000471,terminal,Aerial Terminal,FDH502012,fdh,,,,,
T5000471,terminal,Aerial Terminal,FDH502012,fdh,,,,,
T5000471,terminal,Aerial Terminal,FDH502012,fdh,,,,,
T5000471,terminal,Aerial Terminal,FDH502012,fdh,,,,,
T5000471,terminal,Aerial Terminal,FDH502012,fdh,,,,,
T5000655,terminal,MST,FDH502012,fdh,,,,,
T5000655,terminal,MST,FDH502012,fdh,,,,,
T5000476,terminal,Aerial Terminal,FDH502012,fdh,,,,,
T5000471,terminal,Aerial Terminal,FDH502012,fdh,,,,,
T5000476,terminal,Aerial Terminal,FDH502012,fdh,,,,,
T5000472,terminal,Aerial Terminal,FDH502012,fdh,,,,,
T5000476,terminal,Aerial Terminal,FDH502012,fdh,,,,,
T5000474,terminal,Aerial Terminal,FDH502012,fdh,,,,,
T5000655,terminal,MST,FDH502012,fdh,,,,,
T5000655,terminal,MST,FDH502012,fdh,,,,,
T5000630,terminal,MST,FDH502012,fdh,,,,,
T5000474,terminal,Aerial Terminal,FDH502012,fdh,,,,,
T5000474,terminal,Aerial Terminal,FDH502012,fdh,,,,,
T5000474,terminal,Aerial Terminal,FDH502012,fdh,,,,,
T5000474,terminal,Aerial Terminal,FDH502012,fdh,,,,,
T5000474,terminal,Aerial Terminal,FDH502012,fdh,,,,,
T5000472,terminal,Aerial Terminal,FDH502012,fdh,,,,,
T5000474,terminal,Aerial Terminal,FDH502012,fdh,,,,,
T5000474,terminal,Aerial Terminal,FDH502012,fdh,,,,,
T5000630,terminal,MST,FDH502012,fdh,,,,,
T5000472,terminal,Aerial Terminal,FDH502012,fdh,,,,,
T5000472,terminal,Aerial Terminal,FDH502012,fdh,,,,,
T5000472,terminal,Aerial Terminal,FDH502012,fdh,,,,,
T5000526,terminal,Aerial Terminal,FDH502011,fdh,,,,,
T5000526,terminal,Aerial Terminal,FDH502011,fdh,,,,,
T5000527,terminal,Aerial Terminal,FDH502011,fdh,,,,,
T5000527,terminal,Aerial Terminal,FDH502011,fdh,,,,,
T5000179,terminal,Aerial Terminal,FDH502002,fdh,,,,,
T5000060,terminal,Aerial Terminal,FDH502002,fdh,,,,,
T5000209,terminal,Aerial Terminal,FDH502007,fdh,,,,,
T5000527,terminal,Aerial Terminal,FDH502011,fdh,,,,,
T5000527,terminal,Aerial Terminal,FDH502011,fdh,,,,,
T5000522,terminal,Aerial Terminal,FDH502011,fdh,,,,,
T5000520,terminal,Aerial Terminal,FDH502011,fdh,,,,,
T5000526,terminal,Aerial Terminal,FDH502011,fdh,,,,,
T5000656,terminal,Aerial Terminal,FDH502011,fdh,,,,,
T5000521,terminal,Aerial Terminal,FDH502011,fdh,,,,,
T5000521,terminal,Aerial Terminal,FDH502011,fdh,,,,,
T5000585,terminal,Aerial Terminal,FDH502003,fdh,,,,,
T5000514,terminal,Aerial Terminal,FDH502011,fdh,,,,,
T5000516,terminal,Aerial Terminal,FDH502011,fdh,,,,,
T5000523,terminal,Aerial Terminal,FDH502011,fdh,,,,,
T5000514,terminal,Aerial Terminal,FDH502011,fdh,,,,,
T5000523,terminal,Aerial Terminal,FDH502011,fdh,,,,,
T5000148,terminal,Aerial Terminal,FDH502011,fdh,,,,,
T5000148,terminal,Aerial Terminal,FDH502011,fdh,,,,,
T5000514,terminal,Aerial Terminal,FDH502011,fdh,,,,,
T5000527,terminal,Aerial Terminal,FDH502011,fdh,,,,,
T5000526,terminal,Aerial Terminal,FDH502011,fdh,,,,,
T5000148,terminal,Aerial Terminal,FDH502011,fdh,,,,,
T5000525,terminal,Aerial Terminal,FDH502011,fdh,,,,,
T5000526,terminal,Aerial Terminal,FDH502011,fdh,,,,,
T5000525,terminal,Aerial Terminal,FDH502011,fdh,,,,,
T5000514,terminal,Aerial Terminal,FDH502011,fdh,,,,,
T5000525,terminal,Aerial Terminal,FDH502011,fdh,,,,,
T5000570,terminal,Aerial Terminal,FDH502011,fdh,,,,,
T5000524,terminal,Aerial Terminal,FDH502011,fdh,,,,,
T5000525,terminal,Aerial Terminal,FDH502011,fdh,,,,,
T5000597,terminal,Aerial Terminal,FDH502011,fdh,,,,,
T5000524,terminal,Aerial Terminal,FDH502011,fdh,,,,,
T5000524,terminal,Aerial Terminal,FDH502011,fdh,,,,,
T5000570,terminal,Aerial Terminal,FDH502011,fdh,,,,,
T5000597,terminal,Aerial Terminal,FDH502011,fdh,,,,,
T5000570,terminal,Aerial Terminal,FDH502011,fdh,,,,,
T5000597,terminal,Aerial Terminal,FDH502011,fdh,,,,,
T5000519,terminal,Aerial Terminal,FDH502011,fdh,,,,,
T5000517,terminal,Aerial Terminal,FDH502011,fdh,,,,,
T5000522,terminal,Aerial Terminal,FDH502011,fdh,,,,,
T5000615,terminal,MST,FDH502011,fdh,,,,,
T5000523,terminal,Aerial Terminal,FDH502011,fdh,,,,,
T5000597,terminal,Aerial Terminal,FDH502011,fdh,,,,,
T5000490,terminal,Aerial Terminal,FDH502015,fdh,,,,,
T5000501,terminal,Aerial Terminal,FDH502015,fdh,,,,,
T5000490,terminal,Aerial Terminal,FDH502015,fdh,,,,,
T5000534,terminal,Aerial Terminal,FDH502015,fdh,,,,,
T5000570,terminal,Aerial Terminal,FDH502011,fdh,,,,,
T5000490,terminal,Aerial Terminal,FDH502015,fdh,,,,,
T5000490,terminal,Aerial Terminal,FDH502015,fdh,,,,,
T5000501,terminal,Aerial Terminal,FDH502015,fdh,,,,,
T5000490,terminal,Aerial Terminal,FDH502015,fdh,,,,,
T5000534,terminal,Aerial Terminal,FDH502015,fdh,,,,,
T5000490,terminal,Aerial Terminal,FDH502015,fdh,,,,,
T5000534,terminal,Aerial Terminal,FDH502015,fdh,,,,,
T5000490,terminal,Aerial Terminal,FDH502015,fdh,,,,,
T5000534,terminal,Aerial Terminal,FDH502015,fdh,,,,,
T5000501,terminal,Aerial Terminal,FDH502015,fdh,,,,,
T5000499,terminal,Aerial Terminal,FDH502015,fdh,,,,,
T5000493,terminal,Aerial Terminal,FDH502015,fdh,,,,,
T5000493,terminal,Aerial Terminal,FDH502015,fdh,,,,,
T5000493,terminal,Aerial Terminal,FDH502015,fdh,,,,,
T5000499,terminal,Aerial Terminal,FDH502015,fdh,,,,,
T5000499,terminal,Aerial Terminal,FDH502015,fdh,,,,,
T5000147,terminal,Aerial Terminal,FDH502015,fdh,,,,,
T5000147,terminal,Aerial Terminal,FDH502015,fdh,,,,,
T5000498,terminal,Aerial Terminal,FDH502015,fdh,,,,,
T5000147,terminal,Aerial Terminal,FDH502015,fdh,,,,,
T5000147,terminal,Aerial Terminal,FDH502015,fdh,,,,,
T5000500,terminal,Aerial Terminal,FDH502015,fdh,,,,,
T5000490,terminal,Aerial Terminal,FDH502015,fdh,,,,,
T5000147,terminal,Aerial Terminal,FDH502015,fdh,,,,,
T5000147,terminal,Aerial Terminal,FDH502015,fdh,,,,,
T5000489,terminal,Aerial Terminal,FDH502015,fdh,,,,,
T5000489,terminal,Aerial Terminal,FDH502015,fdh,,,,,
T5000489,terminal,Aerial Terminal,FDH502015,fdh,,,,,
T5000493,terminal,Aerial Terminal,FDH502015,fdh,,,,,
T5000493,terminal,Aerial Terminal,FDH502015,fdh,,,,,
T5000493,terminal,Aerial Terminal,FDH502015,fdh,,,,,
T5000492,terminal,Aerial Terminal,FDH502015,fdh,,,,,
T5000493,terminal,Aerial Terminal,FDH502015,fdh,,,,,
T5000498,terminal,Aerial Terminal,FDH502015,fdh,,,,,
T5000492,terminal,Aerial Terminal,FDH502015,fdh,,,,,
T5000498,terminal,Aerial Terminal,FDH502015,fdh,,,,,
T5000401,terminal,Aerial Terminal,FDH502001,fdh,,,,,
T5000401,terminal,Aerial Terminal,FDH502001,fdh,,,,,
T5000046,terminal,Aerial Terminal,FDH502003,fdh,,,,,
T5000046,terminal,Aerial Terminal,FDH502003,fdh,,,,,
T5000026,terminal,Aerial Terminal,FDH502017,fdh,,,,,
T5000027,terminal,Aerial Terminal,FDH502017,fdh,,,,,
T5000027,terminal,Aerial Terminal,FDH502017,fdh,,,,,
T5000028,terminal,Aerial Terminal,FDH502017,fdh,,,,,
T5000583,terminal,Aerial Terminal,FDH502001,fdh,,,,,
T5000200,terminal,Aerial Terminal,FDH502007,fdh,,,,,
T5000094,terminal,Aerial Terminal,FDH501003,fdh,,,,,
T5000284,terminal,Aerial Terminal,FDH502008,fdh,,,,,
T5000195,terminal,Aerial Terminal,FDH502007,fdh,,,,,
T5000498,terminal,Aerial Terminal,FDH502015,fdh,,,,,
T5000498,terminal,Aerial Terminal,FDH502015,fdh,,,,,
T5000500,terminal,Aerial Terminal,FDH502015,fdh,,,,,
T5000499,terminal,Aerial Terminal,FDH502015,fdh,,,,,
T5000499,terminal,Aerial Terminal,FDH502015,fdh,,,,,
T5000499,terminal,Aerial Terminal,FDH502015,fdh,,,,,
T5000491,terminal,Aerial Terminal,FDH502015,fdh,,,,,
T5000491,terminal,Aerial Terminal,FDH502015,fdh,,,,,
T5000534,terminal,Aerial Terminal,FDH502015,fdh,,,,,
T5000534,terminal,Aerial Terminal,FDH502015,fdh,,,,,
T5000501,terminal,Aerial Terminal,FDH502015,fdh,,,,,
T5000491,terminal,Aerial Terminal,FDH502015,fdh,,,,,
T5000538,terminal,Aerial Terminal,FDH502011,fdh,,,,,
T5000534,terminal,Aerial Terminal,FDH502015,fdh,,,,,
T5000489,terminal,Aerial Terminal,FDH502015,fdh,,,,,
T5000491,terminal,Aerial Terminal,FDH502015,fdh,,,,,
T5000491,terminal,Aerial Terminal,FDH502015,fdh,,,,,
T5000491,terminal,Aerial Terminal,FDH502015,fdh,,,,,
T5000492,terminal,Aerial Terminal,FDH502015,fdh,,,,,
T5000493,terminal,Aerial Terminal,FDH502015,fdh,,,,,
T5000493,terminal,Aerial Terminal,FDH502015,fdh,,,,,
T5000499,terminal,Aerial Terminal,FDH502015,fdh,,,,,
T5000499,terminal,Aerial Terminal,FDH502015,fdh,,,,,
T5000498,terminal,Aerial Terminal,FDH502015,fdh,,,,,
T5000534,terminal,Aerial Terminal,FDH502015,fdh,,,,,
T5000501,terminal,Aerial Terminal,FDH502015,fdh,,,,,
T5000484,terminal,Aerial Terminal,FDH502014,fdh,,,,,
T5000473,terminal,Aerial Terminal,FDH502014,fdh,,,,,
T5000511,terminal,Aerial Terminal,FDH502014,fdh,,,,,
T5000473,terminal,Aerial Terminal,FDH502014,fdh,,,,,
T5000490,terminal,Aerial Terminal,FDH502015,fdh,,,,,
T5000485,terminal,Aerial Terminal,FDH502015,fdh,,,,,
T5000485,terminal,Aerial Terminal,FDH502015,fdh,,,,,
T5000463,terminal,Aerial Terminal,FDH502014,fdh,,,,,
T5000490,terminal,Aerial Terminal,FDH502015,fdh,,,,,
T5000490,terminal,Aerial Terminal,FDH502015,fdh,,,,,
T5000485,terminal,Aerial Terminal,FDH502015,fdh,,,,,
T5000464,terminal,Aerial Terminal,FDH502014,fdh,,,,,
T5000485,terminal,Aerial Terminal,FDH502015,fdh,,,,,
T5000485,terminal,Aerial Terminal,FDH502015,fdh,,,,,
T5000470,terminal,Aerial Terminal,FDH502014,fdh,,,,,
T5000470,terminal,Aerial Terminal,FDH502014,fdh,,,,,
T5000473,terminal,Aerial Terminal,FDH502014,fdh,,,,,
T5000470,terminal,Aerial Terminal,FDH502014,fdh,,,,,
T5000483,terminal,Aerial Terminal,FDH502014,fdh,,,,,
T5000483,terminal,Aerial Terminal,FDH502014,fdh,,,,,
T5000483,terminal,Aerial Terminal,FDH502014,fdh,,,,,
T5000467,terminal,Aerial Terminal,FDH502014,fdh,,,,,
T5000463,terminal,Aerial Terminal,FDH502014,fdh,,,,,
T5000470,terminal,Aerial Terminal,FDH502014,fdh,,,,,
T5000467,terminal,Aerial Terminal,FDH502014,fdh,,,,,
T5000467,terminal,Aerial Terminal,FDH502014,fdh,,,,,
T5000467,terminal,Aerial Terminal,FDH502014,fdh,,,,,
T5000470,terminal,Aerial Terminal,FDH502014,fdh,,,,,
T5000482,terminal,Aerial Terminal,FDH502014,fdh,,,,,
T5000482,terminal,Aerial Terminal,FDH502014,fdh,,,,,
T5000482,terminal,Aerial Terminal,FDH502014,fdh,,,,,
T5000482,terminal,Aerial Terminal,FDH502014,fdh,,,,,
T5000482,terminal,Aerial Terminal,FDH502014,fdh,,,,,
T5000482,terminal,Aerial Terminal,FDH502014,fdh,,,,,
T5000464,terminal,Aerial Terminal,FDH502014,fdh,,,,,
T5000464,terminal,Aerial Terminal,FDH502014,fdh,,,,,
T5000478,terminal,Aerial Terminal,FDH502014,fdh,,,,,
T5000463,terminal,Aerial Terminal,FDH502014,fdh,,,,,
T5000463,terminal,Aerial Terminal,FDH502014,fdh,,,,,
T5000484,terminal,Aerial Terminal,FDH502014,fdh,,,,,
T5000483,terminal,Aerial Terminal,FDH502014,fdh,,,,,
T5000619,terminal,MST,FDH502001,fdh,,,,,
T5000620,terminal,MST,FDH502001,fdh,,,,,
T5000511,terminal,Aerial Terminal,FDH502014,fdh,,,,,
T5000484,terminal,Aerial Terminal,FDH502014,fdh,,,,,
T5000483,terminal,Aerial Terminal,FDH502014,fdh,,,,,
T5000483,terminal,Aerial Terminal,FDH502014,fdh,,,,,
T5000483,terminal,Aerial Terminal,FDH502014,fdh,,,,,
T5000483,terminal,Aerial Terminal,FDH502014,fdh,,,,,
T5000482,terminal,Aerial Terminal,FDH502014,fdh,,,,,
T5000482,terminal,Aerial Terminal,FDH502014,fdh,,,,,
T5000483,terminal,Aerial Terminal,FDH502014,fdh,,,,,
T5000482,terminal,Aerial Terminal,FDH502014,fdh,,,,,
T5000463,terminal,Aerial Terminal,FDH502014,fdh,,,,,
T5000463,terminal,Aerial Terminal,FDH502014,fdh,,,,,
T5000593,terminal,Aerial Terminal,FDH502014,fdh,,,,,
T5000593,terminal,Aerial Terminal,FDH502014,fdh,,,,,
T5000463,terminal,Aerial Terminal,FDH502014,fdh,,,,,
T5000593,terminal,Aerial Terminal,FDH502014,fdh,,,,,
T5000485,terminal,Aerial Terminal,FDH502015,fdh,,,,,
T5000463,terminal,Aerial Terminal,FDH502014,fdh,,,,,
T5000485,terminal,Aerial Terminal,FDH502015,fdh,,,,,
T5000463,terminal,Aerial Terminal,FDH502014,fdh,,,,,
T5000485,terminal,Aerial Terminal,FDH502015,fdh,,,,,
T5000485,terminal,Aerial Terminal,FDH502015,fdh,,,,,
T5000483,terminal,Aerial Terminal,FDH502014,fdh,,,,,
T5000485,terminal,Aerial Terminal,FDH502015,fdh,,,,,
T5000484,terminal,Aerial Terminal,FDH502014,fdh,,,,,
T5000473,terminal,Aerial Terminal,FDH502014,fdh,,,,,
T5000484,terminal,Aerial Terminal,FDH502014,fdh,,,,,
T5000453,terminal,Aerial Terminal,FDH502014,fdh,,,,,
T5000454,terminal,Aerial Terminal,FDH502014,fdh,,,,,
T5000454,terminal,Aerial Terminal,FDH502014,fdh,,,,,
T5000453,terminal,Aerial Terminal,FDH502014,fdh,,,,,
T5000454,terminal,Aerial Terminal,FDH502014,fdh,,,,,
T5000508,terminal,Aerial Terminal,FDH502014,fdh,,,,,
T5000466,terminal,Aerial Terminal,FDH502014,fdh,,,,,
T5000509,terminal,Aerial Terminal,FDH502014,fdh,,,,,
T5000508,terminal,Aerial Terminal,FDH502014,fdh,,,,,
T5000592,terminal,Aerial Terminal,FDH502014,fdh,,,,,
T5000592,terminal,Aerial Terminal,FDH502014,fdh,,,,,
T5000467,terminal,Aerial Terminal,FDH502014,fdh,,,,,
T5000592,terminal,Aerial Terminal,FDH502014,fdh,,,,,
T5000513,terminal,Aerial Terminal,FDH502014,fdh,,,,,
T5000513,terminal,Aerial Terminal,FDH502014,fdh,,,,,
T5000463,terminal,Aerial Terminal,FDH502014,fdh,,,,,
T5000513,terminal,Aerial Terminal,FDH502014,fdh,,,,,
T5000513,terminal,Aerial Terminal,FDH502014,fdh,,,,,
T5000515,terminal,Aerial Terminal,FDH502014,fdh,,,,,
T5000515,terminal,Aerial Terminal,FDH502014,fdh,,,,,
T5000509,terminal,Aerial Terminal,FDH502014,fdh,,,,,
T5000509,terminal,Aerial Terminal,FDH502014,fdh,,,,,
T5000515,terminal,Aerial Terminal,FDH502014,fdh,,,,,
T5000515,terminal,Aerial Terminal,FDH502014,fdh,,,,,
T5000515,terminal,Aerial Terminal,FDH502014,fdh,,,,,
T5000515,terminal,Aerial Terminal,FDH502014,fdh,,,,,
T5000515,terminal,Aerial Terminal,FDH502014,fdh,,,,,
T5000515,terminal,Aerial Terminal,FDH502014,fdh,,,,,
T5000513,terminal,Aerial Terminal,FDH502014,fdh,,,,,
T5000592,terminal,Aerial Terminal,FDH502014,fdh,,,,,
T5000513,terminal,Aerial Terminal,FDH502014,fdh,,,,,
T5000458,terminal,Aerial Terminal,FDH502014,fdh,,,,,
T5000509,terminal,Aerial Terminal,FDH502014,fdh,,,,,
T5000569,terminal,Aerial Terminal,FDH502014,fdh,,,,,
T5000510,terminal,Aerial Terminal,FDH502014,fdh,,,,,
T5000458,terminal,Aerial Terminal,FDH502014,fdh,,,,,
T5000510,terminal,Aerial Terminal,FDH502014,fdh,,,,,
T5000510,terminal,Aerial Terminal,FDH502014,fdh,,,,,
T5000510,terminal,Aerial Terminal,FDH502014,fdh,,,,,
T5000510,terminal,Aerial Terminal,FDH502014,fdh,,,,,
T5000509,terminal,Aerial Terminal,FDH502014,fdh,,,,,
T5000509,terminal,Aerial Terminal,FDH502014,fdh,,,,,
T5000458,terminal,Aerial Terminal,FDH502014,fdh,,,,,
T5000454,terminal,Aerial Terminal,FDH502014,fdh,,,,,
T5000569,terminal,Aerial Terminal,FDH502014,fdh,,,,,
T5000454,terminal,Aerial Terminal,FDH502014,fdh,,,,,
T5000453,terminal,Aerial Terminal,FDH502014,fdh,,,,,
T5000453,terminal,Aerial Terminal,FDH502014,fdh,,,,,
T5000454,terminal,Aerial Terminal,FDH502014,fdh,,,,,
T5000467,terminal,Aerial Terminal,FDH502014,fdh,,,,,
T5000496,terminal,Aerial Terminal,FDH502013,fdh,,,,,
T5000496,terminal,Aerial Terminal,FDH502013,fdh,,,,,
T5000496,terminal,Aerial Terminal,FDH502013,fdh,,,,,
T5000615,terminal,MST,FDH502011,fdh,,,,,
T5000502,terminal,MST,FDH502013,fdh,,,,,
T5000502,terminal,MST,FDH502013,fdh,,,,,
T5000502,terminal,MST,FDH502013,fdh,,,,,
T5000502,terminal,MST,FDH502013,fdh,,,,,
T5000502,terminal,MST,FDH502013,fdh,,,,,
T5000497,terminal,Aerial Terminal,FDH502013,fdh,,,,,
T5000525,terminal,Aerial Terminal,FDH502011,fdh,,,,,
T5000525,terminal,Aerial Terminal,FDH502011,fdh,,,,,
T5000527,terminal,Aerial Terminal,FDH502011,fdh,,,,,
T5000527,terminal,Aerial Terminal,FDH502011,fdh,,,,,
T5000454,terminal,Aerial Terminal,FDH502014,fdh,,,,,
T5000569,terminal,Aerial Terminal,FDH502014,fdh,,,,,
T5000569,terminal,Aerial Terminal,FDH502014,fdh,,,,,
T5000453,terminal,Aerial Terminal,FDH502014,fdh,,,,,
T5000456,terminal,Aerial Terminal,FDH502014,fdh,,,,,
T5000454,terminal,Aerial Terminal,FDH502014,fdh,,,,,
T5000508,terminal,Aerial Terminal,FDH502014,fdh,,,,,
T5000466,terminal,Aerial Terminal,FDH502014,fdh,,,,,
T5000417,terminal,Aerial Terminal,FDH501005,fdh,,,,,
T5000182,terminal,Aerial Terminal,FDH502002,fdh,,,,,
T5000043,terminal,Aerial Terminal,FDH502002,fdh,,,,,
T5000466,terminal,Aerial Terminal,FDH502014,fdh,,,,,
T5000454,terminal,Aerial Terminal,FDH502014,fdh,,,,,
T5000457,terminal,Aerial Terminal,FDH502014,fdh,,,,,
T5000457,terminal,Aerial Terminal,FDH502014,fdh,,,,,
T5000547,terminal,Aerial Terminal,FDH501004,fdh,,,,,
T5000547,terminal,Aerial Terminal,FDH501004,fdh,,,,,
T5000547,terminal,Aerial Terminal,FDH501004,fdh,,,,,
T5000547,terminal,Aerial Terminal,FDH501004,fdh,,,,,
T5000547,terminal,Aerial Terminal,FDH501004,fdh,,,,,
T5000546,terminal,Aerial Terminal,FDH501004,fdh,,,,,
T5000546,terminal,Aerial Terminal,FDH501004,fdh,,,,,
T5000546,terminal,Aerial Terminal,FDH501004,fdh,,,,,
T5000546,terminal,Aerial Terminal,FDH501004,fdh,,,,,
T5000546,terminal,Aerial Terminal,FDH501004,fdh,,,,,
T5000546,terminal,Aerial Terminal,FDH501004,fdh,,,,,
T5000545,terminal,Aerial Terminal,FDH501004,fdh,,,,,
T5000545,terminal,Aerial Terminal,FDH501004,fdh,,,,,
T5000545,terminal,Aerial Terminal,FDH501004,fdh,,,,,
T5000545,terminal,Aerial Terminal,FDH501004,fdh,,,,,
T5000544,terminal,Aerial Terminal,FDH501004,fdh,,,,,
T5000544,terminal,Aerial Terminal,FDH501004,fdh,,,,,
T5000544,terminal,Aerial Terminal,FDH501004,fdh,,,,,
T5000544,terminal,Aerial Terminal,FDH501004,fdh,,,,,
T5000545,terminal,Aerial Terminal,FDH501004,fdh,,,,,
T5000520,terminal,Aerial Terminal,FDH502011,fdh,,,,,
T5000517,terminal,Aerial Terminal,FDH502011,fdh,,,,,
T5000519,terminal,Aerial Terminal,FDH502011,fdh,,,,,
T5000615,terminal,MST,FDH502011,fdh,,,,,
T5000615,terminal,MST,FDH502011,fdh,,,,,
T5000616,terminal,MST,FDH502011,fdh,,,,,
T5000149,terminal,Aerial Terminal,FDH502011,fdh,,,,,
T5000616,terminal,MST,FDH502011,fdh,,,,,
T5000616,terminal,MST,FDH502011,fdh,,,,,
T5000616,terminal,MST,FDH502011,fdh,,,,,
T5000616,terminal,MST,FDH502011,fdh,,,,,
T5000616,terminal,MST,FDH502011,fdh,,,,,
T5000520,terminal,Aerial Terminal,FDH502011,fdh,,,,,
T5000616,terminal,MST,FDH502011,fdh,,,,,
T5000520,terminal,Aerial Terminal,FDH502011,fdh,,,,,
T5000522,terminal,Aerial Terminal,FDH502011,fdh,,,,,
T5000522,terminal,Aerial Terminal,FDH502011,fdh,,,,,
T5000517,terminal,Aerial Terminal,FDH502011,fdh,,,,,
T5000524,terminal,Aerial Terminal,FDH502011,fdh,,,,,
T5000524,terminal,Aerial Terminal,FDH502011,fdh,,,,,
T5000615,terminal,MST,FDH502011,fdh,,,,,
T5000519,terminal,Aerial Terminal,FDH502011,fdh,,,,,
T5000518,terminal,Aerial Terminal,FDH502011,fdh,,,,,
T5000523,terminal,Aerial Terminal,FDH502011,fdh,,,,,
T5000516,terminal,Aerial Terminal,FDH502011,fdh,,,,,
T5000605,terminal,Aerial Terminal,FDH501006,fdh,,,,,
T5000605,terminal,Aerial Terminal,FDH501006,fdh,,,,,
T5000518,terminal,Aerial Terminal,FDH502011,fdh,,,,,
T5000518,terminal,Aerial Terminal,FDH502011,fdh,,,,,
T5000518,terminal,Aerial Terminal,FDH502011,fdh,,,,,
T5000516,terminal,Aerial Terminal,FDH502011,fdh,,,,,
T5000518,terminal,Aerial Terminal,FDH502011,fdh,,,,,
T5000149,terminal,Aerial Terminal,FDH502011,fdh,,,,,
T5000149,terminal,Aerial Terminal,FDH502011,fdh,,,,,
T5000149,terminal,Aerial Terminal,FDH502011,fdh,,,,,
T5000517,terminal,Aerial Terminal,FDH502011,fdh,,,,,
T5000517,terminal,Aerial Terminal,FDH502011,fdh,,,,,
T5000519,terminal,Aerial Terminal,FDH502011,fdh,,,,,
T5000516,terminal,Aerial Terminal,FDH502011,fdh,,,,,
T5000517,terminal,Aerial Terminal,FDH502011,fdh,,,,,
T5000517,terminal,Aerial Terminal,FDH502011,fdh,,,,,
T5000517,terminal,Aerial Terminal,FDH502011,fdh,,,,,
T5000516,terminal,Aerial Terminal,FDH502011,fdh,,,,,
T5000518,terminal,Aerial Terminal,FDH502011,fdh,,,,,
T5000615,terminal,MST,FDH502011,fdh,,,,,
T5000615,terminal,MST,FDH502011,fdh,,,,,
T5000523,terminal,Aerial Terminal,FDH502011,fdh,,,,,
T5000524,terminal,Aerial Terminal,FDH502011,fdh,,,,,
T5000615,terminal,MST,FDH502011,fdh,,,,,
T5000524,terminal,Aerial Terminal,FDH502011,fdh,,,,,
T5000154,terminal,Aerial Terminal,FDH501003,fdh,,,,,
T5000154,terminal,Aerial Terminal,FDH501003,fdh,,,,,
T5000144,terminal,Aerial Terminal,FDH501003,fdh,,,,,
T5000144,terminal,Aerial Terminal,FDH501003,fdh,,,,,
T5000144,terminal,Aerial Terminal,FDH501003,fdh,,,,,
T5000144,terminal,Aerial Terminal,FDH501003,fdh,,,,,
T5000034,terminal,Aerial Terminal,FDH501003,fdh,,,,,
T5000034,terminal,Aerial Terminal,FDH501003,fdh,,,,,
T5000173,terminal,Aerial Terminal,FDH501003,fdh,,,,,
T5000032,terminal,Aerial Terminal,FDH501003,fdh,,,,,
T5000614,terminal,MST,FDH502011,fdh,,,,,
T5000614,terminal,MST,FDH502011,fdh,,,,,
T5000628,terminal,MST,FDH502011,fdh,,,,,
T5000520,terminal,Aerial Terminal,FDH502011,fdh,,,,,
T5000015,terminal,Aerial Terminal,FDH502009,fdh,,,,,
T5000169,terminal,Aerial Terminal,FDH502009,fdh,,,,,
T5000131,terminal,Aerial Terminal,FDH502009,fdh,,,,,
T5000176,terminal,Aerial Terminal,FDH502002,fdh,,,,,
T5000175,terminal,Aerial Terminal,FDH502002,fdh,,,,,
T5000181,terminal,Aerial Terminal,FDH502002,fdh,,,,,
T5000059,terminal,Aerial Terminal,FDH502002,fdh,,,,,
T5000042,terminal,Aerial Terminal,FDH502002,fdh,,,,,
T5000042,terminal,Aerial Terminal,FDH502002,fdh,,,,,
T5000042,terminal,Aerial Terminal,FDH502002,fdh,,,,,
T5000041,terminal,Aerial Terminal,FDH502002,fdh,,,,,
T5000042,terminal,Aerial Terminal,FDH502002,fdh,,,,,
T5000042,terminal,Aerial Terminal,FDH502002,fdh,,,,,
T5000182,terminal,Aerial Terminal,FDH502002,fdh,,,,,
T5000041,terminal,Aerial Terminal,FDH502002,fdh,,,,,
T5000522,terminal,Aerial Terminal,FDH502011,fdh,,,,,
T5000521,terminal,Aerial Terminal,FDH502011,fdh,,,,,
T5000521,terminal,Aerial Terminal,FDH502011,fdh,,,,,
T5000614,terminal,MST,FDH502011,fdh,,,,,
T5000522,terminal,Aerial Terminal,FDH502011,fdh,,,,,
T5000522,terminal,Aerial Terminal,FDH502011,fdh,,,,,
T5000614,terminal,MST,FDH502011,fdh,,,,,
T5000614,terminal,MST,FDH502011,fdh,,,,,
T5000628,terminal,MST,FDH502011,fdh,,,,,
T5000628,terminal,MST,FDH502011,fdh,,,,,
T5000628,terminal,MST,FDH502011,fdh,,,,,
T5000520,terminal,Aerial Terminal,FDH502011,fdh,,,,,
T5000520,terminal,Aerial Terminal,FDH502011,fdh,,,,,
T5000628,terminal,MST,FDH502011,fdh,,,,,
T5000628,terminal,MST,FDH502011,fdh,,,,,
T5000628,terminal,MST,FDH502011,fdh,,,,,
T5000418,terminal,Aerial Terminal,FDH501005,fdh,,,,,
T5000418,terminal,Aerial Terminal,FDH501005,fdh,,,,,
T5000155,terminal,Aerial Terminal,FDH501002,fdh,,,,,
T5000155,terminal,Aerial Terminal,FDH501002,fdh,,,,,
T5000011,terminal,Aerial Terminal,FDH501002,fdh,,,,,
T5000018,terminal,Aerial Terminal,FDH501003,fdh,,,,,
T5000127,terminal,Aerial Terminal,FDH501002,fdh,,,,,
T5000127,terminal,Aerial Terminal,FDH501002,fdh,,,,,
T5000129,terminal,Aerial Terminal,FDH501002,fdh,,,,,
T5000128,terminal,Aerial Terminal,FDH501002,fdh,,,,,
T5000094,terminal,Aerial Terminal,FDH501003,fdh,,,,,
T5000033,terminal,Aerial Terminal,FDH501003,fdh,,,,,
T5000033,terminal,Aerial Terminal,FDH501003,fdh,,,,,
T5000033,terminal,Aerial Terminal,FDH501003,fdh,,,,,
T5000033,terminal,Aerial Terminal,FDH501003,fdh,,,,,
T5000425,terminal,Aerial Terminal,FDH501008,fdh,,,,,
T5000481,terminal,Aerial Terminal,FDH501008,fdh,,,,,
T5000130,terminal,Aerial Terminal,FDH501002,fdh,,,,,
T5000130,terminal,Aerial Terminal,FDH501002,fdh,,,,,
T5000011,terminal,Aerial Terminal,FDH501002,fdh,,,,,
T5000037,terminal,Aerial Terminal,FDH501003,fdh,,,,,
T5000037,terminal,Aerial Terminal,FDH501003,fdh,,,,,
T5000018,terminal,Aerial Terminal,FDH501003,fdh,,,,,
T5000018,terminal,Aerial Terminal,FDH501003,fdh,,,,,
T5000335,terminal,Aerial Terminal,FDH501003,fdh,,,,,
T5000030,terminal,Aerial Terminal,FDH501003,fdh,,,,,
T5000030,terminal,Aerial Terminal,FDH501003,fdh,,,,,
T5000194,terminal,Aerial Terminal,FDH501003,fdh,,,,,
T5000030,terminal,Aerial Terminal,FDH501003,fdh,,,,,
T5000426,terminal,Aerial Terminal,FDH501008,fdh,,,,,
T5000544,terminal,Aerial Terminal,FDH501004,fdh,,,,,
T5000544,terminal,Aerial Terminal,FDH501004,fdh,,,,,
T5000544,terminal,Aerial Terminal,FDH501004,fdh,,,,,
T5000544,terminal,Aerial Terminal,FDH501004,fdh,,,,,
T5000543,terminal,Aerial Terminal,FDH501004,fdh,,,,,
T5000543,terminal,Aerial Terminal,FDH501004,fdh,,,,,
T5000130,terminal,Aerial Terminal,FDH501002,fdh,,,,,
T5000167,terminal,Aerial Terminal,FDH501001,fdh,,,,,
T5000035,terminal,Aerial Terminal,FDH501003,fdh,,,,,
T5000437,terminal,Aerial Terminal,FDH501001,fdh,,,,,
T5000437,terminal,Aerial Terminal,FDH501001,fdh,,,,,
T5000437,terminal,Aerial Terminal,FDH501001,fdh,,,,,
T5000450,terminal,Aerial Terminal,FDH501001,fdh,,,,,
T5000450,terminal,Aerial Terminal,FDH501001,fdh,,,,,
T5000450,terminal,Aerial Terminal,FDH501001,fdh,,,,,
T5000168,terminal,Aerial Terminal,FDH501001,fdh,,,,,
T5000443,terminal,Aerial Terminal,FDH501001,fdh,,,,,
T5000443,terminal,Aerial Terminal,FDH501001,fdh,,,,,
T5000443,terminal,Aerial Terminal,FDH501001,fdh,,,,,
T5000443,terminal,Aerial Terminal,FDH501001,fdh,,,,,
T5000450,terminal,Aerial Terminal,FDH501001,fdh,,,,,
T5000443,terminal,Aerial Terminal,FDH501001,fdh,,,,,
T5000443,terminal,Aerial Terminal,FDH501001,fdh,,,,,
T5000443,terminal,Aerial Terminal,FDH501001,fdh,,,,,
T5000145,terminal,Aerial Terminal,FDH501008,fdh,,,,,
T5000432,terminal,Aerial Terminal,FDH501008,fdh,,,,,
T5000428,terminal,Aerial Terminal,FDH501008,fdh,,,,,
T5000435,terminal,Aerial Terminal,FDH501008,fdh,,,,,
T5000428,terminal,Aerial Terminal,FDH501008,fdh,,,,,
T5000427,terminal,Aerial Terminal,FDH501008,fdh,,,,,
T5000426,terminal,Aerial Terminal,FDH501008,fdh,,,,,
T5000426,terminal,Aerial Terminal,FDH501008,fdh,,,,,
T5000437,terminal,Aerial Terminal,FDH501001,fdh,,,,,
T5000016,terminal,Aerial Terminal,FDH501001,fdh,,,,,
T5000657,terminal,Aerial Terminal,FDH502009,fdh,,,,,
T5000178,terminal,Aerial Terminal,FDH502009,fdh,,,,,
T5000178,terminal,Aerial Terminal,FDH502009,fdh,,,,,
T5000457,terminal,Aerial Terminal,FDH502014,fdh,,,,,
T5000456,terminal,Aerial Terminal,FDH502014,fdh,,,,,
T5000457,terminal,Aerial Terminal,FDH502014,fdh,,,,,
T5000466,terminal,Aerial Terminal,FDH502014,fdh,,,,,
T5000466,terminal,Aerial Terminal,FDH502014,fdh,,,,,
T5000512,terminal,Aerial Terminal,FDH502014,fdh,,,,,
T5000457,terminal,Aerial Terminal,FDH502014,fdh,,,,,
T5000453,terminal,Aerial Terminal,FDH502014,fdh,,,,,
T5000453,terminal,Aerial Terminal,FDH502014,fdh,,,,,
T5000453,terminal,Aerial Terminal,FDH502014,fdh,,,,,
T5000453,terminal,Aerial Terminal,FDH502014,fdh,,,,,
T5000512,terminal,Aerial Terminal,FDH502014,fdh,,,,,
T5000631,terminal,MST,FDH502014,fdh,,,,,
T5000631,terminal,MST,FDH502014,fdh,,,,,
T5000596,terminal,MST,FDH501001,fdh,,,,,
T5000068,terminal,Aerial Terminal,FDH502002,fdh,,,,,
T5000068,terminal,Aerial Terminal,FDH502002,fdh,,,,,
T5000436,terminal,Aerial Terminal,FDH501008,fdh,,,,,
T5000151,terminal,Aerial Terminal,FDH502020,fdh,,,,,
T5000288,terminal,Aerial Terminal,FDH502005,fdh,,,,,
T5000287,terminal,Aerial Terminal,FDH502005,fdh,,,,,
T5000290,terminal,Aerial Terminal,FDH502005,fdh,,,,,
T5000290,terminal,Aerial Terminal,FDH502005,fdh,,,,,
T5000291,terminal,Aerial Terminal,FDH502005,fdh,,,,,
T5000291,terminal,Aerial Terminal,FDH502005,fdh,,,,,
T5000355,terminal,Aerial Terminal,FDH502019,fdh,,,,,
T5000046,terminal,Aerial Terminal,FDH502003,fdh,,,,,
T5000332,terminal,Aerial Terminal,FDH502010,fdh,,,,,
T5000572,terminal,Aerial Terminal,FDH501004,fdh,,,,,
T5000572,terminal,Aerial Terminal,FDH501004,fdh,,,,,
T5000572,terminal,Aerial Terminal,FDH501004,fdh,,,,,
T5000572,terminal,Aerial Terminal,FDH501004,fdh,,,,,
T5000572,terminal,Aerial Terminal,FDH501004,fdh,,,,,
T5000571,terminal,Aerial Terminal,FDH501004,fdh,,,,,
T5000571,terminal,Aerial Terminal,FDH501004,fdh,,,,,
T5000571,terminal,Aerial Terminal,FDH501004,fdh,,,,,
T5000571,terminal,Aerial Terminal,FDH501004,fdh,,,,,
T5000571,terminal,Aerial Terminal,FDH501004,fdh,,,,,
T5000571,terminal,Aerial Terminal,FDH501004,fdh,,,,,
T5000571,terminal,Aerial Terminal,FDH501004,fdh,,,,,
T5000571,terminal,Aerial Terminal,FDH501004,fdh,,,,,
T5000571,terminal,Aerial Terminal,FDH501004,fdh,,,,,
T5000568,terminal,Aerial Terminal,FDH501004,fdh,,,,,
T5000568,terminal,Aerial Terminal,FDH501004,fdh,,,,,
T5000568,terminal,Aerial Terminal,FDH501004,fdh,,,,,
T5000568,terminal,Aerial Terminal,FDH501004,fdh,,,,,
T5000568,terminal,Aerial Terminal,FDH501004,fdh,,,,,
T5000548,terminal,Aerial Terminal,FDH501004,fdh,,,,,
T5000548,terminal,Aerial Terminal,FDH501004,fdh,,,,,
T5000548,terminal,Aerial Terminal,FDH501004,fdh,,,,,
T5000548,terminal,Aerial Terminal,FDH501004,fdh,,,,,
T5000548,terminal,Aerial Terminal,FDH501004,fdh,,,,,
T5000548,terminal,Aerial Terminal,FDH501004,fdh,,,,,
T5000548,terminal,Aerial Terminal,FDH501004,fdh,,,,,
T5000548,terminal,Aerial Terminal,FDH501004,fdh,,,,,
T5000547,terminal,Aerial Terminal,FDH501004,fdh,,,,,
T5000549,terminal,Aerial Terminal,FDH501004,fdh,,,,,
T5000542,terminal,Aerial Terminal,FDH501004,fdh,,,,,
T5000542,terminal,Aerial Terminal,FDH501004,fdh,,,,,
T5000541,terminal,Aerial Terminal,FDH501004,fdh,,,,,
T5000541,terminal,Aerial Terminal,FDH501004,fdh,,,,,
T5000541,terminal,Aerial Terminal,FDH501004,fdh,,,,,
T5000541,terminal,Aerial Terminal,FDH501004,fdh,,,,,
T5000541,terminal,Aerial Terminal,FDH501004,fdh,,,,,
T5000541,terminal,Aerial Terminal,FDH501004,fdh,,,,,
T5000540,terminal,Aerial Terminal,FDH501004,fdh,,,,,
T5000156,terminal,Aerial Terminal,FDH501002,fdh,,,,,
T5000437,terminal,Aerial Terminal,FDH501001,fdh,,,,,
T5000016,terminal,Aerial Terminal,FDH501001,fdh,,,,,
T5000168,terminal,Aerial Terminal,FDH501001,fdh,,,,,
T5000451,terminal,Aerial Terminal,FDH501001,fdh,,,,,
T5000451,terminal,Aerial Terminal,FDH501001,fdh,,,,,
T5000451,terminal,Aerial Terminal,FDH501001,fdh,,,,,
T5000451,terminal,Aerial Terminal,FDH501001,fdh,,,,,
T5000451,terminal,Aerial Terminal,FDH501001,fdh,,,,,
T5000449,terminal,Aerial Terminal,FDH501001,fdh,,,,,
T5000035,terminal,Aerial Terminal,FDH501003,fdh,,,,,
T5000063,terminal,Aerial Terminal,FDH501008,fdh,,,,,
T5000624,terminal,MST,FDH501008,fdh,,,,,
T5000035,terminal,Aerial Terminal,FDH501003,fdh,,,,,
T5000035,terminal,Aerial Terminal,FDH501003,fdh,,,,,
T5000063,terminal,Aerial Terminal,FDH501008,fdh,,,,,
T5000285,terminal,Aerial Terminal,FDH502006,fdh,,,,,
T5000268,terminal,Aerial Terminal,FDH502006,fdh,,,,,
T5000224,terminal,Aerial Terminal,FDH502006,fdh,,,,,
T5000034,terminal,Aerial Terminal,FDH501003,fdh,,,,,
T5000035,terminal,Aerial Terminal,FDH501003,fdh,,,,,
T5000440,terminal,Aerial Terminal,FDH501001,fdh,,,,,
T5000451,terminal,Aerial Terminal,FDH501001,fdh,,,,,
T5000226,terminal,Aerial Terminal,FDH502006,fdh,,,,,
T5000459,terminal,Aerial Terminal,FDH502016,fdh,,,,,
T5000459,terminal,Aerial Terminal,FDH502016,fdh,,,,,
T5000375,terminal,Aerial Terminal,FDH502016,fdh,,,,,
T5000375,terminal,Aerial Terminal,FDH502016,fdh,,,,,
T5000051,terminal,Aerial Terminal,FDH502016,fdh,,,,,
T5000051,terminal,Aerial Terminal,FDH502016,fdh,,,,,
T5000558,terminal,Aerial Terminal,FDH502016,fdh,,,,,
T5000644,terminal,MST,FDH502016,fdh,,,,,
T5000561,terminal,Aerial Terminal,FDH502016,fdh,,,,,
T5000567,terminal,Aerial Terminal,FDH502016,fdh,,,,,
T5000566,terminal,Aerial Terminal,FDH502016,fdh,,,,,
T5000567,terminal,Aerial Terminal,FDH502016,fdh,,,,,
T5000577,terminal,Aerial Terminal,FDH502016,fdh,,,,,
T5000261,terminal,Aerial Terminal,FDH502007,fdh,,,,,
T5000556,terminal,Aerial Terminal,FDH502016,fdh,,,,,
T5000093,terminal,Aerial Terminal,FDH501003,fdh,,,,,
T5000252,terminal,Aerial Terminal,FDH502005,fdh,,,,,
T5000229,terminal,Aerial Terminal,FDH502006,fdh,,,,,
T5000229,terminal,Aerial Terminal,FDH502006,fdh,,,,,
T5000643,terminal,MST,FDH502016,fdh,,,,,
T5000566,terminal,Aerial Terminal,FDH502016,fdh,,,,,
T5000566,terminal,Aerial Terminal,FDH502016,fdh,,,,,
T5000498,terminal,Aerial Terminal,FDH502015,fdh,,,,,
T5000622,terminal,MST,FDH502014,fdh,,,,,
T5000515,terminal,Aerial Terminal,FDH502014,fdh,,,,,
T5000515,terminal,Aerial Terminal,FDH502014,fdh,,,,,
T5000509,terminal,Aerial Terminal,FDH502014,fdh,,,,,
T5000566,terminal,Aerial Terminal,FDH502016,fdh,,,,,
T5000561,terminal,Aerial Terminal,FDH502016,fdh,,,,,
T5000293,terminal,Aerial Terminal,FDH502006,fdh,,,,,
T5000289,terminal,Aerial Terminal,FDH502006,fdh,,,,,
T5000225,terminal,Aerial Terminal,FDH502004,fdh,,,,,
T5000223,terminal,Aerial Terminal,FDH502004,fdh,,,,,
T5000298,terminal,Aerial Terminal,FDH502004,fdh,,,,,
T5000277,terminal,Aerial Terminal,FDH502004,fdh,,,,,
T5000594,terminal,Aerial Terminal,FDH502004,fdh,,,,,
T5000594,terminal,Aerial Terminal,FDH502004,fdh,,,,,
T5000594,terminal,Aerial Terminal,FDH502004,fdh,,,,,
T5000594,terminal,Aerial Terminal,FDH502004,fdh,,,,,
T5000240,terminal,Aerial Terminal,FDH502005,fdh,,,,,
T5000241,terminal,Aerial Terminal,FDH502005,fdh,,,,,
T5000242,terminal,Aerial Terminal,FDH502005,fdh,,,,,
T5000250,terminal,Aerial Terminal,FDH502005,fdh,,,,,
T5000242,terminal,Aerial Terminal,FDH502005,fdh,,,,,
T5000242,terminal,Aerial Terminal,FDH502005,fdh,,,,,
T5000249,terminal,Aerial Terminal,FDH502005,fdh,,,,,
T5000250,terminal,Aerial Terminal,FDH502005,fdh,,,,,
T5000250,terminal,Aerial Terminal,FDH502005,fdh,,,,,
T5000240,terminal,Aerial Terminal,FDH502005,fdh,,,,,
T5000240,terminal,Aerial Terminal,FDH502005,fdh,,,,,
T5000240,terminal,Aerial Terminal,FDH502005,fdh,,,,,
T5000240,terminal,Aerial Terminal,FDH502005,fdh,,,,,
T5000241,terminal,Aerial Terminal,FDH502005,fdh,,,,,
T5000241,terminal,Aerial Terminal,FDH502005,fdh,,,,,
T5000241,terminal,Aerial Terminal,FDH502005,fdh,,,,,
T5000241,terminal,Aerial Terminal,FDH502005,fdh,,,,,
T5000241,terminal,Aerial Terminal,FDH502005,fdh,,,,,
T5000241,terminal,Aerial Terminal,FDH502005,fdh,,,,,
T5000241,terminal,Aerial Terminal,FDH502005,fdh,,,,,
T5000242,terminal,Aerial Terminal,FDH502005,fdh,,,,,
T5000242,terminal,Aerial Terminal,FDH502005,fdh,,,,,
T5000240,terminal,Aerial Terminal,FDH502005,fdh,,,,,
T5000239,terminal,Aerial Terminal,FDH502005,fdh,,,,,
T5000239,terminal,Aerial Terminal,FDH502005,fdh,,,,,
T5000242,terminal,Aerial Terminal,FDH502005,fdh,,,,,
T5000035,terminal,Aerial Terminal,FDH501003,fdh,,,,,
T5000035,terminal,Aerial Terminal,FDH501003,fdh,,,,,
T5000257,terminal,Aerial Terminal,FDH502005,fdh,,,,,
T5000255,terminal,Aerial Terminal,FDH502005,fdh,,,,,
T5000573,terminal,Aerial Terminal,FDH501004,fdh,,,,,
T5000574,terminal,Aerial Terminal,FDH501004,fdh,,,,,
T5000574,terminal,Aerial Terminal,FDH501004,fdh,,,,,
T5000574,terminal,Aerial Terminal,FDH501004,fdh,,,,,
T5000573,terminal,Aerial Terminal,FDH501004,fdh,,,,,
T5000572,terminal,Aerial Terminal,FDH501004,fdh,,,,,
T5000574,terminal,Aerial Terminal,FDH501004,fdh,,,,,
T5000572,terminal,Aerial Terminal,FDH501004,fdh,,,,,
T5000255,terminal,Aerial Terminal,FDH502005,fdh,,,,,
T5000253,terminal,Aerial Terminal,FDH502005,fdh,,,,,
T5000255,terminal,Aerial Terminal,FDH502005,fdh,,,,,
T5000257,terminal,Aerial Terminal,FDH502005,fdh,,,,,
T5000257,terminal,Aerial Terminal,FDH502005,fdh,,,,,
T5000252,terminal,Aerial Terminal,FDH502005,fdh,,,,,
T5000152,terminal,Aerial Terminal,FDH502005,fdh,,,,,
T5000257,terminal,Aerial Terminal,FDH502005,fdh,,,,,
T5000257,terminal,Aerial Terminal,FDH502005,fdh,,,,,
T5000257,terminal,Aerial Terminal,FDH502005,fdh,,,,,
T5000255,terminal,Aerial Terminal,FDH502005,fdh,,,,,
T5000255,terminal,Aerial Terminal,FDH502005,fdh,,,,,
T5000255,terminal,Aerial Terminal,FDH502005,fdh,,,,,
T5000253,terminal,Aerial Terminal,FDH502005,fdh,,,,,
T5000255,terminal,Aerial Terminal,FDH502005,fdh,,,,,
T5000371,terminal,Aerial Terminal,FDH502020,fdh,,,,,
T5000371,terminal,Aerial Terminal,FDH502020,fdh,,,,,
T5000371,terminal,Aerial Terminal,FDH502020,fdh,,,,,
T5000479,terminal,Aerial Terminal,FDH502012,fdh,,,,,
T5000494,terminal,Aerial Terminal,FDH502013,fdh,,,,,
T5000020,terminal,Aerial Terminal,FDH502009,fdh,,,,,
T5000467,terminal,Aerial Terminal,FDH502014,fdh,,,,,
T5000429,terminal,Aerial Terminal,FDH501008,fdh,,,,,
T5000020,terminal,Aerial Terminal,FDH502009,fdh,,,,,
T5000020,terminal,Aerial Terminal,FDH502009,fdh,,,,,
T5000020,terminal,Aerial Terminal,FDH502009,fdh,,,,,
T5000020,terminal,Aerial Terminal,FDH502009,fdh,,,,,
T5000559,terminal,Aerial Terminal,FDH502016,fdh,,,,,
T5000559,terminal,Aerial Terminal,FDH502016,fdh,,,,,
T5000374,terminal,Aerial Terminal,FDH502020,fdh,,,,,
T5000580,terminal,Aerial Terminal,FDH502016,fdh,,,,,
T5000580,terminal,Aerial Terminal,FDH502016,fdh,,,,,
T5000559,terminal,Aerial Terminal,FDH502016,fdh,,,,,
T5000559,terminal,Aerial Terminal,FDH502016,fdh,,,,,
T5000467,terminal,Aerial Terminal,FDH502014,fdh,,,,,
T5000607,terminal,Aerial Terminal,FDH501006,fdh,,,,,
T5000604,terminal,Aerial Terminal,FDH501006,fdh,,,,,
T5000603,terminal,Aerial Terminal,FDH501006,fdh,,,,,
T5000602,terminal,Aerial Terminal,FDH501006,fdh,,,,,
T5000609,terminal,Aerial Terminal,FDH501006,fdh,,,,,
T5000609,terminal,Aerial Terminal,FDH501006,fdh,,,,,
T5000609,terminal,Aerial Terminal,FDH501006,fdh,,,,,
T5000610,terminal,Aerial Terminal,FDH501006,fdh,,,,,
T5000612,terminal,MST,FDH501006,fdh,,,,,
T5000623,terminal,MST,FDH501006,fdh,,,,,
T5000623,terminal,MST,FDH501006,fdh,,,,,
T5000636,terminal,Aerial Terminal,FDH502016,fdh,,,,,
T5000052,terminal,Aerial Terminal,FDH501009,fdh,,,,,
T5000378,terminal,Aerial Terminal,FDH501009,fdh,,,,,
T5000380,terminal,Aerial Terminal,FDH501009,fdh,,,,,
T5000632,terminal,Aerial Terminal,FDH501007,fdh,,,,,
T5000391,terminal,Aerial Terminal,FDH501009,fdh,,,,,
T5000390,terminal,Aerial Terminal,FDH501009,fdh,,,,,
T5000390,terminal,Aerial Terminal,FDH501009,fdh,,,,,
T5000390,terminal,Aerial Terminal,FDH501009,fdh,,,,,
T5000389,terminal,Aerial Terminal,FDH501009,fdh,,,,,
T5000392,terminal,Aerial Terminal,FDH501009,fdh,,,,,
T5000393,terminal,Aerial Terminal,FDH501009,fdh,,,,,
T5000393,terminal,Aerial Terminal,FDH501009,fdh,,,,,
T5000378,terminal,Aerial Terminal,FDH501009,fdh,,,,,
T5000391,terminal,Aerial Terminal,FDH501009,fdh,,,,,
T5000391,terminal,Aerial Terminal,FDH501009,fdh,,,,,
T5000154,terminal,Aerial Terminal,FDH501003,fdh,,,,,
T5000395,terminal,Aerial Terminal,FDH502001,fdh,,,,,
T5000079,terminal,Aerial Terminal,FDH502001,fdh,,,,,
T5000132,terminal,Aerial Terminal,FDH502009,fdh,,,,,
T5000132,terminal,Aerial Terminal,FDH502009,fdh,,,,,
T5000170,terminal,Aerial Terminal,FDH502009,fdh,,,,,
T5000169,terminal,Aerial Terminal,FDH502009,fdh,,,,,
T5000291,terminal,Aerial Terminal,FDH502005,fdh,,,,,
T5000288,terminal,Aerial Terminal,FDH502005,fdh,,,,,
T5000234,terminal,Aerial Terminal,FDH502005,fdh,,,,,
T5000635,terminal,Aerial Terminal,FDH502006,fdh,,,,,
T5000151,terminal,Aerial Terminal,FDH502020,fdh,,,,,
T5000265,terminal,Aerial Terminal,FDH502008,fdh,,,,,
T5000271,terminal,Aerial Terminal,FDH502008,fdh,,,,,
T5000273,terminal,Aerial Terminal,FDH502008,fdh,,,,,
T5000646,terminal,Aerial Terminal,FDH502006,fdh,,,,,
T5000646,terminal,Aerial Terminal,FDH502006,fdh,,,,,
T5000646,terminal,Aerial Terminal,FDH502006,fdh,,,,,
T5000647,terminal,Aerial Terminal,FDH502006,fdh,,,,,
T5000647,terminal,Aerial Terminal,FDH502006,fdh,,,,,
T5000648,terminal,Aerial Terminal,FDH502006,fdh,,,,,
T5000648,terminal,Aerial Terminal,FDH502006,fdh,,,,,
T5000649,terminal,Aerial Terminal,FDH502006,fdh,,,,,
T5000651,terminal,Aerial Terminal,FDH502006,fdh,,,,,
T5000650,terminal,Aerial Terminal,FDH502006,fdh,,,,,
T5000208,terminal,Aerial Terminal,FDH502007,fdh,,,,,
T5000208,terminal,Aerial Terminal,FDH502007,fdh,,,,,
T5000338,terminal,Aerial Terminal,FDH502010,fdh,,,,,
T5000362,terminal,Aerial Terminal,FDH502019,fdh,,,,,
T5000353,terminal,Aerial Terminal,FDH502019,fdh,,,,,
T5000348,terminal,Aerial Terminal,FDH502010,fdh,,,,,
T5000505,terminal,Aerial Terminal,FDH502015,fdh,,,,,
T5000654,terminal,Aerial Terminal,FDH502003,fdh,,,,,
T5000658,terminal,Aerial Terminal,FDH502017,fdh,,,,,
T5000387,terminal,Aerial Terminal,FDH501009,fdh,,,,,
T5000639,terminal,Aerial Terminal,FDH501009,fdh,,,,,
T5000639,terminal,Aerial Terminal,FDH501009,fdh,,,,,
T5000639,terminal,Aerial Terminal,FDH501009,fdh,,,,,
T5000379,terminal,Aerial Terminal,FDH501009,fdh,,,,,
T5000659,terminal,Aerial Terminal,FDH501009,fdh,,,,,
T5000380,terminal,Aerial Terminal,FDH501009,fdh,,,,,
T5000391,terminal,Aerial Terminal,FDH501009,fdh,,,,,
T5000052,terminal,Aerial Terminal,FDH501009,fdh,,,,,
T5000660,terminal,Aerial Terminal,FDH501007,fdh,,,,,
T5000641,terminal,Aerial Terminal,FDH501007,fdh,,,,,
T5000641,terminal,Aerial Terminal,FDH501007,fdh,,,,,
T5000640,terminal,Aerial Terminal,FDH501007,fdh,,,,,
T5000640,terminal,Aerial Terminal,FDH501007,fdh,,,,,
T5000376,terminal,Aerial Terminal,FDH501007,fdh,,,,,
T5000640,terminal,Aerial Terminal,FDH501007,fdh,,,,,
T5000376,terminal,Aerial Terminal,FDH501007,fdh,,,,,
T5000394,terminal,Aerial Terminal,FDH501007,fdh,,,,,
T5000640,terminal,Aerial Terminal,FDH501007,fdh,,,,,
T5000066,terminal,Aerial Terminal,FDH502003,fdh,,,,,
T5000661,terminal,Aerial Terminal,FDH501002,fdh,,,,,
T5000661,terminal,Aerial Terminal,FDH501002,fdh,,,,,
T5000663,terminal,Aerial Terminal,FDH501002,fdh,,,,,
T5000662,terminal,Aerial Terminal,FDH501002,fdh,,,,,
T5000662,terminal,Aerial Terminal,FDH501002,fdh,,,,,
T5000662,terminal,Aerial Terminal,FDH501002,fdh,,,,,
T5000664,terminal,Aerial Terminal,FDH501002,fdh,,,,,
T5000664,terminal,Aerial Terminal,FDH501002,fdh,,,,,
T5000664,terminal,Aerial Terminal,FDH501002,fdh,,,,,
T5000664,terminal,Aerial Terminal,FDH501002,fdh,,,,,
T5000665,terminal,Aerial Terminal,FDH501002,fdh,,,,,
T5000665,terminal,Aerial Terminal,FDH501002,fdh,,,,,
T5000623,terminal,MST,FDH501006,fdh,,,,,
T5000599,terminal,Aerial Terminal,FDH501006,fdh,,,,,
T5000571,terminal,Aerial Terminal,FDH501004,fdh,,,,,
T5000571,terminal,Aerial Terminal,FDH501004,fdh,,,,,
T5000575,terminal,Aerial Terminal,FDH501004,fdh,,,,,
T5000112,terminal,Aerial Terminal,FDH502003,fdh,,,,,
T5000111,terminal,Aerial Terminal,FDH502003,fdh,,,,,
T5000081,terminal,Aerial Terminal,FDH502003,fdh,,,,,
T5000081,terminal,Aerial Terminal,FDH502003,fdh,,,,,
T5000666,terminal,Aerial Terminal,FDH502001,fdh,,,,,
T5000666,terminal,Aerial Terminal,FDH502001,fdh,,,,,
T5000403,terminal,Aerial Terminal,FDH502001,fdh,,,,,
T5000605,terminal,Aerial Terminal,FDH501006,fdh,,,,,
T5000154,terminal,Aerial Terminal,FDH501003,fdh,,,,,
T5000154,terminal,Aerial Terminal,FDH501003,fdh,,,,,
T5000154,terminal,Aerial Terminal,FDH501003,fdh,,,,,
T5000144,terminal,Aerial Terminal,FDH501003,fdh,,,,,
T5000144,terminal,Aerial Terminal,FDH501003,fdh,,,,,
T5000403,terminal,Aerial Terminal,FDH502001,fdh,,,,,
T5000496,terminal,Aerial Terminal,FDH502013,fdh,,,,,
T5000497,terminal,Aerial Terminal,FDH502013,fdh,,,,,
T5000284,terminal,Aerial Terminal,FDH502008,fdh,,,,,
T5000439,terminal,MST,FDH501001,fdh,,,,,
T5000562,terminal,Aerial Terminal,FDH502016,fdh,,,,,
T5000389,terminal,Aerial Terminal,FDH501009,fdh,,,,,
T5000039,terminal,Aerial Terminal,FDH501008,fdh,,,,,
T5000440,terminal,Aerial Terminal,FDH501001,fdh,,,,,
T5000389,terminal,Aerial Terminal,FDH501009,fdh,,,,,
T5000440,terminal,Aerial Terminal,FDH501001,fdh,,,,,
T5000440,terminal,Aerial Terminal,FDH501001,fdh,,,,,
T5000438,terminal,Aerial Terminal,FDH501001,fdh,,,,,
T5000188,terminal,Aerial Terminal,FDH501008,fdh,,,,,
T5000188,terminal,Aerial Terminal,FDH501008,fdh,,,,,
T5000038,terminal,Aerial Terminal,FDH501008,fdh,,,,,
T5000389,terminal,Aerial Terminal,FDH501009,fdh,,,,,
T5000040,terminal,Aerial Terminal,FDH501008,fdh,,,,,
T5000040,terminal,Aerial Terminal,FDH501008,fdh,,,,,
T5000389,terminal,Aerial Terminal,FDH501009,fdh,,,,,
T5000011,terminal,Aerial Terminal,FDH501002,fdh,,,,,
T5000444,terminal,Aerial Terminal,FDH501001,fdh,,,,,
T5000093,terminal,Aerial Terminal,FDH501003,fdh,,,,,
T5000038,terminal,Aerial Terminal,FDH501008,fdh,,,,,
T5000040,terminal,Aerial Terminal,FDH501008,fdh,,,,,
T5000191,terminal,Aerial Terminal,FDH501008,fdh,,,,,
T5000445,terminal,Aerial Terminal,FDH501001,fdh,,,,,
T5000445,terminal,Aerial Terminal,FDH501001,fdh,,,,,
T5000456,terminal,Aerial Terminal,FDH502014,fdh,,,,,
T5000001,terminal,Aerial Terminal,FDH502020,fdh,,,,,
T5000211,terminal,Aerial Terminal,FDH502020,fdh,,,,,
T5000211,terminal,Aerial Terminal,FDH502020,fdh,,,,,
T5000049,terminal,Aerial Terminal,FDH502009,fdh,,,,,
T5000163,terminal,Aerial Terminal,FDH502010,fdh,,,,,
T5000184,terminal,Aerial Terminal,FDH502019,fdh,,,,,
T5000184,terminal,Aerial Terminal,FDH502019,fdh,,,,,
T5000296,terminal,Aerial Terminal,FDH502008,fdh,,,,,
T5000306,terminal,Aerial Terminal,FDH502021,fdh,,,,,
T5000312,terminal,Aerial Terminal,FDH502021,fdh,,,,,
T5000098,terminal,Aerial Terminal,FDH502003,fdh,,,,,
T5000275,terminal,Aerial Terminal,FDH502008,fdh,,,,,
T5000275,terminal,Aerial Terminal,FDH502008,fdh,,,,,
T5000142,terminal,Aerial Terminal,FDH502018,fdh,,,,,
T5000005,terminal,Aerial Terminal,FDH502018,fdh,,,,,
T5000005,terminal,Aerial Terminal,FDH502018,fdh,,,,,
T5000091,terminal,Aerial Terminal,FDH502017,fdh,,,,,
T5000333,terminal,Aerial Terminal,FDH502010,fdh,,,,,
T5000532,terminal,Aerial Terminal,FDH502006,fdh,,,,,
T5000634,terminal,Aerial Terminal,FDH501001,fdh,,,,,
T5000400,terminal,Aerial Terminal,FDH502001,fdh,,,,,
T5000609,terminal,Aerial Terminal,FDH501006,fdh,,,,,
T5000598,terminal,Aerial Terminal,FDH501006,fdh,,,,,
T5000046,terminal,Aerial Terminal,FDH502003,fdh,,,,,
T5000575,terminal,Aerial Terminal,FDH501004,fdh,,,,,
T5000584,terminal,Aerial Terminal,FDH501007,fdh,,,,,
T5000113,terminal,Aerial Terminal,FDH501007,fdh,,,,,
T5000133,terminal,Aerial Terminal,FDH502009,fdh,,,,,
T5000525,terminal,Aerial Terminal,FDH502011,fdh,,,,,
T5000617,terminal,MST,FDH501006,fdh,,,,,
T5000422,terminal,Aerial Terminal,FDH501006,fdh,,,,,
T5000423,terminal,Aerial Terminal,FDH501006,fdh,,,,,
T5000423,terminal,Aerial Terminal,FDH501006,fdh,,,,,
T5000423,terminal,Aerial Terminal,FDH501006,fdh,,,,,
T5000424,terminal,Aerial Terminal,FDH501006,fdh,,,,,
T5000408,terminal,Aerial Terminal,FDH501006,fdh,,,,,
T5000406,terminal,Aerial Terminal,FDH501006,fdh,,,,,
T5000108,terminal,Aerial Terminal,FDH501006,fdh,,,,,
T5000107,terminal,Aerial Terminal,FDH501006,fdh,,,,,
T5000107,terminal,Aerial Terminal,FDH501006,fdh,,,,,
T5000002,terminal,Aerial Terminal,FDH501006,fdh,,,,,
T5000105,terminal,Aerial Terminal,FDH501006,fdh,,,,,
T5000148,terminal,Aerial Terminal,FDH502011,fdh,,,,,
T5000457,terminal,Aerial Terminal,FDH502014,fdh,,,,,
T5000635,terminal,Aerial Terminal,FDH502006,fdh,,,,,
T5000006,terminal,Aerial Terminal,FDH502009,fdh,,,,,
T5000252,terminal,Aerial Terminal,FDH502005,fdh,,,,,
T5000319,terminal,Aerial Terminal,FDH502021,fdh,,,,,
T5000430,terminal,Aerial Terminal,FDH501008,fdh,,,,,
T5000559,terminal,Aerial Terminal,FDH502016,fdh,,,,,
T5000559,terminal,Aerial Terminal,FDH502016,fdh,,,,,
T5000578,terminal,Aerial Terminal,FDH502016,fdh,,,,,
T5000579,terminal,Aerial Terminal,FDH502016,fdh,,,,,
T5000578,terminal,Aerial Terminal,FDH502016,fdh,,,,,
T5000578,terminal,Aerial Terminal,FDH502016,fdh,,,,,
T5000004,terminal,Aerial Terminal,FDH502018,fdh,,,,,
T5000279,terminal,Aerial Terminal,FDH502008,fdh,,,,,
T5000279,terminal,Aerial Terminal,FDH502008,fdh,,,,,
T5000278,terminal,Aerial Terminal,FDH502008,fdh,,,,,
T5000103,terminal,Aerial Terminal,FDH501002,fdh,,,,,
T5000305,terminal,Aerial Terminal,FDH502021,fdh,,,,,
T5000307,terminal,Aerial Terminal,FDH502021,fdh,,,,,
T5000117,terminal,Aerial Terminal,FDH502003,fdh,,,,,
T5000136,terminal,Aerial Terminal,FDH502018,fdh,,,,,
T5000117,terminal,Aerial Terminal,FDH502003,fdh,,,,,
T5000097,terminal,Aerial Terminal,FDH502003,fdh,,,,,
T5000125,terminal,Aerial Terminal,FDH501002,fdh,,,,,
T5000471,terminal,Aerial Terminal,FDH502012,fdh,,,,,
T5000472,terminal,Aerial Terminal,FDH502012,fdh,,,,,
T5000527,terminal,Aerial Terminal,FDH502011,fdh,,,,,
T5000527,terminal,Aerial Terminal,FDH502011,fdh,,,,,
T5000471,terminal,Aerial Terminal,FDH502012,fdh,,,,,
T5000526,terminal,Aerial Terminal,FDH502011,fdh,,,,,
T5000526,terminal,Aerial Terminal,FDH502011,fdh,,,,,
T5000526,terminal,Aerial Terminal,FDH502011,fdh,,,,,
T5000526,terminal,Aerial Terminal,FDH502011,fdh,,,,,
T5000527,terminal,Aerial Terminal,FDH502011,fdh,,,,,
T5000525,terminal,Aerial Terminal,FDH502011,fdh,,,,,
T5000614,terminal,MST,FDH502011,fdh,,,,,
T5000401,terminal,Aerial Terminal,FDH502001,fdh,,,,,
T5000401,terminal,Aerial Terminal,FDH502001,fdh,,,,,
T5000583,terminal,Aerial Terminal,FDH502001,fdh,,,,,
T5000467,terminal,Aerial Terminal,FDH502014,fdh,,,,,
T5000637,terminal,Aerial Terminal,FDH502014,fdh,,,,,
T5000637,terminal,Aerial Terminal,FDH502014,fdh,,,,,
T5000631,terminal,MST,FDH502014,fdh,,,,,
T5000467,terminal,Aerial Terminal,FDH502014,fdh,,,,,
T5000454,terminal,Aerial Terminal,FDH502014,fdh,,,,,
T5000417,terminal,Aerial Terminal,FDH501005,fdh,,,,,
T5000519,terminal,Aerial Terminal,FDH502011,fdh,,,,,
T5000614,terminal,MST,FDH502011,fdh,,,,,
T5000453,terminal,Aerial Terminal,FDH502014,fdh,,,,,
T5000151,terminal,Aerial Terminal,FDH502020,fdh,,,,,
T5000285,terminal,Aerial Terminal,FDH502006,fdh,,,,,
T5000090,terminal,Aerial Terminal,FDH502017,fdh,,,,,
T5000425,terminal,Aerial Terminal,FDH501008,fdh,,,,,
T5000666,terminal,Aerial Terminal,FDH502001,fdh,,,,,
T5000666,terminal,Aerial Terminal,FDH502001,fdh,,,,,
T5000668,terminal,MST,FDH502021,fdh,,,,,
T5000645,terminal,MST,FDH502006,fdh,,,,,
T5000645,terminal,MST,FDH502006,fdh,,,,,
